# This file uses centimeters as units for non-parametric coordinates.

mtllib SpikeTrap.mtl
g default
v -1.013851 -0.500000 6.006394
v 25.346468 -0.500000 -2.846606
v -1.013851 0.500000 6.006394
v 25.346468 0.500000 -2.846606
v -2.068540 0.500000 2.865996
v 24.291779 0.500000 -5.987004
v -2.068540 -0.500000 2.865996
v 24.291779 -0.500000 -5.987004
v 3.809437 -0.516574 1.037928
v 3.669320 -0.056216 3.173465
v 5.843423 0.070963 3.319327
v 5.976017 -0.228887 1.161393
v 3.910239 0.081799 1.102140
v 3.848932 0.294043 2.950941
v 5.698053 0.423559 3.122412
v 5.762195 0.150823 1.282052
v 4.008144 0.672874 1.163657
v 3.977236 0.456451 2.798087
v 5.555189 0.573729 2.945742
v 5.608038 0.334375 1.375580
v 4.023259 1.055311 1.148165
v 3.994586 0.647614 2.546537
v 5.317167 0.718195 2.660468
v 5.373518 0.544392 1.343730
v 4.117322 1.416290 1.225024
v 4.067545 1.165761 2.367774
v 5.162792 1.229129 2.439641
v 5.231242 1.078651 1.352711
v 4.398789 2.083107 1.490480
v 4.334971 2.143471 2.303605
v 5.151493 2.141327 2.348405
v 5.215378 2.077567 1.535649
v 4.590365 3.002766 1.631185
v 4.556320 3.070828 2.178206
v 5.105838 3.092129 2.214469
v 5.140868 3.027071 1.668321
v 4.581610 3.685299 1.562575
v 4.563096 3.722324 1.834118
v 4.836855 3.737471 1.850718
v 4.855370 3.700446 1.579176
v 4.616050 4.270452 1.551841
v 23.317979 -0.188920 -4.575878
v 21.466517 0.358473 -4.658207
v 20.671660 -0.007879 -2.945407
v 22.553165 -0.384504 -2.812037
v 23.257710 0.419949 -4.295369
v 21.627502 0.683426 -4.384700
v 20.909925 0.395009 -2.923510
v 22.528810 0.067173 -2.853415
v 23.200404 1.021750 -4.019449
v 21.732854 0.823011 -4.220034
v 21.119635 0.584035 -2.970872
v 22.501099 0.297737 -2.914817
v 23.227814 1.421517 -3.874699
v 21.962336 1.017225 -4.124910
v 21.455862 0.787547 -3.086872
v 22.611929 0.573077 -3.021278
v 23.146995 1.781665 -3.682191
v 22.124891 1.544554 -3.878448
v 21.725881 1.359235 -3.015733
v 22.673090 1.169732 -2.947080
v 22.853697 2.423747 -3.251156
v 22.146502 2.513349 -3.330283
v 21.854567 2.322968 -2.703631
v 22.561248 2.229774 -2.625648
v 22.712064 3.351643 -2.794368
v 22.234872 3.438829 -2.831256
v 22.033995 3.334783 -2.402045
v 22.510242 3.250550 -2.363412
v 22.808752 4.072800 -2.561054
v 22.572524 4.119870 -2.579493
v 22.473981 4.072800 -2.364010
v 22.710209 4.025730 -2.345571
v 22.835565 4.682032 -2.331656
v 21.238951 -0.464801 -3.935936
v 19.317144 -0.480402 -4.137780
v 18.543729 -0.276151 -2.388549
v 20.449452 -0.082606 -2.214034
v 21.014214 0.169653 -3.934850
v 19.377132 -0.041846 -4.035863
v 18.673166 0.143665 -2.551546
v 20.316311 0.288101 -2.440234
v 20.794351 0.796742 -3.935110
v 19.435286 0.175362 -3.951382
v 18.831816 0.340635 -2.685656
v 20.235813 0.456597 -2.591320
v 20.713775 1.213307 -3.973822
v 19.603844 0.441721 -3.959767
v 19.113071 0.552698 -2.895052
v 20.280732 0.679522 -2.809761
v 20.535674 1.588588 -3.946594
v 19.616723 1.045887 -3.967596
v 19.228667 1.148408 -3.086273
v 20.187958 1.246569 -2.997092
v 20.068937 2.257651 -3.810224
v 19.367126 2.127358 -3.880206
v 19.097030 2.152637 -3.216449
v 19.799299 2.279186 -3.145962
v 19.676661 3.224536 -3.779267
v 19.195562 3.166888 -3.822793
v 19.003147 3.206968 -3.379206
v 19.482504 3.267694 -3.335291
v 19.578552 3.975996 -3.876908
v 19.339431 3.950795 -3.900261
v 19.243781 3.975996 -3.679863
v 19.482901 4.001198 -3.656510
v 19.440799 4.610828 -3.927099
v 10.976719 0.365443 -1.026765
v 10.451533 0.083417 0.640261
v 11.866329 -0.309672 1.622103
v 12.401670 0.083417 -0.014684
v 11.067857 0.711881 -0.755395
v 10.640936 0.335966 0.653170
v 11.835362 0.001908 1.529896
v 12.258455 0.335966 0.109934
v 11.157194 1.054967 -0.489388
v 10.769288 0.458187 0.639727
v 11.788700 0.177084 1.390957
v 12.148008 0.458187 0.176690
v 11.195054 1.302258 -0.376660
v 10.847436 0.649026 0.519644
v 11.702219 0.398382 1.133454
v 12.013219 0.649026 0.128121
v 11.263785 1.493805 -0.172009
v 10.967579 1.018374 0.575915
v 11.680615 0.820355 1.069127
v 11.951397 1.018375 0.245504
v 11.435285 1.791127 0.338642
v 11.221026 1.611935 0.933787
v 11.751338 1.435044 1.279710
v 11.965343 1.611935 0.683812
v 11.590513 2.304348 0.800844
v 11.454012 2.199678 1.213131
v 11.811046 2.093521 1.457494
v 11.948203 2.199678 1.047159
v 11.643306 2.764433 0.958038
v 11.574686 2.714879 1.163081
v 11.753161 2.665325 1.285139
v 11.821781 2.714879 1.080095
v 11.705911 3.136868 1.144448
v 16.933037 0.363286 -0.074515
v 17.420462 0.076100 -1.853976
v 15.967271 -0.322703 -2.950140
v 15.470325 0.076100 -1.199031
v 16.839358 0.710979 -0.353448
v 17.232501 0.329906 -1.862590
v 16.004536 -0.009101 -2.839180
v 15.614982 0.329906 -1.319353
v 16.747575 1.055316 -0.626738
v 17.105016 0.452754 -1.846565
v 16.056962 0.167442 -2.683078
v 15.726296 0.452754 -1.383528
v 16.709970 1.303718 -0.738711
v 17.031437 0.644904 -1.712879
v 16.152818 0.390684 -2.397663
v 15.865654 0.644904 -1.321356
v 16.638440 1.495815 -0.951694
v 16.913754 1.016128 -1.761825
v 16.181406 0.815234 -2.312541
v 15.929935 1.016128 -1.431414
v 16.457671 1.793477 -1.489945
v 16.657661 1.612016 -2.127576
v 16.113090 1.432868 -2.515955
v 15.913343 1.612016 -1.877600
v 16.297143 2.308398 -1.967926
v 16.423914 2.202259 -2.409185
v 16.057181 2.094628 -2.682427
v 15.929723 2.202259 -2.243213
v 16.246163 2.770689 -2.119722
v 16.309981 2.720419 -2.339063
v 16.126704 2.670149 -2.475418
v 16.062886 2.720419 -2.256077
v 16.183515 3.144753 -2.306259
v 8.895904 -0.471606 1.519091
v 7.979833 0.387058 0.050133
v 6.141830 0.623686 0.565347
v 7.094044 -0.066086 2.087582
v 8.850246 0.187842 1.645907
v 7.986479 0.732465 0.345035
v 6.401625 0.964885 0.754179
v 7.251771 0.356610 2.034973
v 8.807479 0.838861 1.772106
v 7.977944 0.885621 0.529881
v 6.625613 1.091468 0.879712
v 7.351703 0.565255 1.970329
v 8.847338 1.248922 1.880635
v 8.113622 1.048998 0.762967
v 6.981923 1.189966 1.056526
v 7.584102 0.778111 1.980944
v 8.773236 1.654440 1.938609
v 8.204784 1.579234 1.038252
v 7.279592 1.697407 1.298797
v 7.757915 1.350630 2.066118
v 8.485547 2.428459 1.985683
v 8.131978 2.631177 1.395508
v 7.440962 2.664536 1.584050
v 7.793895 2.458224 2.173149
v 8.364059 3.450467 2.160167
v 8.122112 3.616738 1.772237
v 7.656595 3.664754 1.900253
v 7.897641 3.501905 2.288553
v 8.485222 4.174031 2.373769
v 8.366815 4.260005 2.181551
v 8.136173 4.288561 2.247491
v 8.254580 4.202588 2.439709
v 8.530370 4.804069 2.533523
v 14.132450 0.061460 -2.250566
v 12.326882 0.247645 -1.024160
v 13.528692 0.253082 0.797872
v 15.334261 0.247645 -0.428534
v 14.094715 0.705909 -2.060038
v 12.583354 0.658651 -0.973364
v 13.566427 0.679512 0.607345
v 15.077789 0.658651 -0.479330
v 14.057929 1.342878 -1.874299
v 12.768895 0.854541 -0.944023
v 13.606207 0.879585 0.406494
v 14.895070 0.854541 -0.522924
v 14.048253 1.766005 -1.825445
v 12.962132 1.103037 -1.058171
v 13.673933 1.094989 0.064535
v 14.759929 1.103037 -0.702109
v 14.015750 2.147199 -1.661334
v 13.105368 1.697870 -1.045167
v 13.712132 1.700084 -0.128336
v 14.622550 1.697870 -0.744682
v 13.924164 2.826802 -1.198908
v 13.239637 2.771566 -0.754103
v 13.702921 2.720134 -0.081826
v 14.387475 2.771566 -0.526768
v 13.855435 3.808920 -0.851884
v 13.398118 3.801561 -0.542302
v 13.703242 3.791075 -0.083445
v 14.160228 3.801561 -0.391362
v 13.848630 4.572219 -0.817529
v 13.620368 4.572219 -0.664737
v 13.773161 4.572219 -0.436475
v 14.001423 4.572219 -0.589267
v 13.830512 5.217052 -0.726050
v 19.318757 -0.140526 -1.291069
v 18.556420 -0.414754 -2.973383
v 16.694173 -0.463406 -2.928081
v 17.452743 -0.076392 -1.270621
v 19.141539 0.233956 -1.480350
v 18.453732 -0.129431 -2.884685
v 16.849073 -0.169661 -2.886051
v 17.538300 0.151219 -1.472349
v 18.968595 0.604464 -1.666073
v 18.388202 0.014555 -2.803602
v 17.017564 -0.015665 -2.807441
v 17.607918 0.253772 -1.599774
v 18.917779 0.861404 -1.750068
v 18.448849 0.209376 -2.667316
v 17.307041 0.168379 -2.656384
v 17.789077 0.411647 -1.649414
v 18.768756 1.075449 -1.889193
v 18.397671 0.598482 -2.661856
v 17.460231 0.573951 -2.637683
v 17.840881 0.769181 -1.802836
v 18.357068 1.432404 -2.226968
v 18.088750 1.252308 -2.839396
v 17.398991 1.203709 -2.802518
v 17.667506 1.381452 -2.189496
v 18.038281 1.994876 -2.545366
v 17.847267 1.891525 -2.963551
v 17.378064 1.872209 -2.948923
v 17.567581 1.977270 -2.532048
v 17.992840 2.466187 -2.668475
v 17.898975 2.417097 -2.877018
v 17.665266 2.410881 -2.869808
v 17.759132 2.459970 -2.661266
v 17.900761 2.855284 -2.805477
v 9.017274 -0.363898 1.561494
v 10.818334 -0.076774 1.161140
v 11.198549 -0.266203 -0.653229
v 9.383661 -0.439588 -0.267869
v 9.105215 0.040204 1.370606
v 10.664539 0.150919 1.005178
v 11.028679 0.003568 -0.551178
v 9.474567 -0.150013 -0.180098
v 9.190279 0.439634 1.183793
v 10.556579 0.252026 0.906575
v 10.868689 0.130975 -0.422902
v 9.542286 -0.004478 -0.103715
v 9.193099 0.705529 1.113453
v 10.353590 0.389691 0.913733
v 10.605880 0.269089 -0.194117
v 9.495949 0.172802 0.059478
v 9.282152 0.944171 0.963458
v 10.230497 0.747185 0.808383
v 10.420652 0.651306 -0.105197
v 9.506724 0.564150 0.087466
v 9.563265 1.368352 0.573535
v 10.243574 1.398640 0.448001
v 10.376113 1.292843 -0.223363
v 9.695997 1.260163 -0.097415
v 9.738104 1.983764 0.241755
v 10.197821 2.022213 0.145694
v 10.293013 1.966766 -0.311037
v 9.834256 1.930271 -0.216436
v 9.704454 2.463827 0.153655
v 9.932591 2.485382 0.106760
v 9.978946 2.460966 -0.121199
v 9.750808 2.439411 -0.074305
v 9.721016 2.868914 0.034178
v 2.876958 -0.559458 1.720615
v 1.554808 -0.423222 3.123357
v 2.490817 -0.224818 4.791954
v 3.794803 -0.181533 3.378644
v 2.789260 0.089640 1.875597
v 1.704529 0.005609 3.121100
v 2.470890 0.189701 4.574365
v 3.562467 0.206075 3.332845
v 2.702889 0.731082 2.026175
v 1.822846 0.214630 3.118072
v 2.474955 0.378908 4.359571
v 3.406490 0.385501 3.298557
v 2.654483 1.153652 2.050840
v 1.937815 0.467693 2.969174
v 2.494462 0.576662 4.001193
v 3.276874 0.612173 3.121784
v 2.596422 1.540030 2.194501
v 1.984319 1.069067 2.931359
v 2.456860 1.168522 3.770789
v 3.114366 1.190996 3.060149
v 2.472467 2.236916 2.622369
v 1.983331 2.162371 3.141601
v 2.348745 2.183856 3.758185
v 2.838279 2.254617 3.239038
v 2.331997 3.228801 2.915859
v 2.002573 3.209097 3.273303
v 2.241308 3.247457 3.693938
v 2.570217 3.270344 3.337996
v 2.251148 3.988550 2.905974
v 2.086307 3.982258 3.082460
v 2.205289 4.006589 3.291292
v 2.370129 4.012881 3.114806
v 2.175331 4.633340 2.960779
v 4.638850 -0.464801 1.639136
v 2.717043 -0.480402 1.437293
v 1.943628 -0.276151 3.186523
v 3.849351 -0.082606 3.361038
v 4.414114 0.169653 1.640222
v 2.777030 -0.041846 1.539210
v 2.073065 0.143665 3.023527
v 3.716210 0.288101 3.134838
v 4.194249 0.796742 1.639962
v 2.835185 0.175362 1.623691
v 2.231715 0.340635 2.889417
v 3.635711 0.456597 2.983752
v 4.113674 1.213307 1.601250
v 3.003743 0.441721 1.615305
v 2.512970 0.552698 2.680020
v 3.680631 0.679522 2.765311
v 3.935573 1.588588 1.628479
v 3.016622 1.045887 1.607476
v 2.628565 1.148408 2.488799
v 3.587857 1.246569 2.577980
v 3.468835 2.257651 1.764849
v 2.767024 2.127358 1.694867
v 2.496928 2.152637 2.358624
v 3.199198 2.279186 2.429110
v 3.076560 3.224536 1.795806
v 2.595461 3.166888 1.752279
v 2.403045 3.206968 2.195866
v 2.882403 3.267694 2.239782
v 2.978451 3.975996 1.698164
v 2.739329 3.950795 1.674811
v 2.643679 3.975996 1.895209
v 2.882800 4.001198 1.918563
v 2.840698 4.610828 1.647974
v -0.175169 0.061460 2.338306
v -1.133612 0.247645 4.299309
v 0.814215 0.253082 5.284255
v 1.772658 0.247645 3.323251
v -0.113333 0.705909 2.522428
v -0.885763 0.658651 4.216070
v 0.752378 0.679512 5.100133
v 1.524808 0.658651 3.406491
v -0.053051 1.342878 2.701922
v -0.710137 0.854541 4.149424
v 0.687191 0.879585 4.906035
v 1.344556 0.854541 3.459364
v -0.037195 1.766005 2.749134
v -0.599069 1.103037 3.954399
v 0.576207 1.094989 4.575573
v 1.138286 1.103037 3.370916
v 0.016068 2.147199 2.907728
v -0.468277 1.697870 3.894575
v 0.513610 1.700084 4.389187
v 0.997897 1.697870 3.402167
v 0.166151 2.826802 3.354607
v -0.207218 2.771566 4.080571
v 0.528705 2.720134 4.434132
v 0.902029 2.771566 3.708036
v 0.278779 3.808920 3.689964
v 0.035506 3.801561 4.185743
v 0.528179 3.791075 4.432568
v 0.771993 3.801561 3.938397
v 0.289929 4.572219 3.723164
v 0.167644 4.572219 3.969122
v 0.413602 4.572219 4.091407
v 0.535887 4.572219 3.845449
v 0.319619 5.217052 3.811567
v 25.122686 0.837269 -3.128044
v 25.104530 0.837269 -3.005625
v 25.049434 0.837269 -2.894807
v 24.962790 0.837269 -2.806439
v 24.853080 0.837269 -2.749171
v 24.731042 0.837269 -2.728607
v 24.608623 0.837269 -2.746763
v 24.497805 0.837269 -2.801859
v 24.409438 0.837269 -2.888503
v 24.352169 0.837269 -2.998213
v 24.331606 0.837269 -3.120251
v 24.349761 0.837269 -3.242670
v 24.404857 0.837269 -3.353487
v 24.491501 0.837269 -3.441855
v 24.601211 0.837269 -3.499123
v 24.723249 0.837269 -3.519687
v 24.845668 0.837269 -3.501532
v 24.956486 0.837269 -3.446436
v 25.044853 0.837269 -3.359792
v 25.102122 0.837269 -3.250081
v 25.115032 0.789072 -3.127968
v 25.097228 0.789072 -3.007918
v 25.043199 0.789072 -2.899245
v 24.958231 0.789072 -2.812587
v 24.850643 0.789072 -2.756426
v 24.730967 0.789072 -2.736261
v 24.610916 0.789072 -2.754064
v 24.502243 0.789072 -2.808095
v 24.415585 0.789072 -2.893062
v 24.359425 0.789072 -3.000650
v 24.339260 0.789072 -3.120326
v 24.357063 0.789072 -3.240377
v 24.411092 0.789072 -3.349050
v 24.496060 0.789072 -3.435708
v 24.603648 0.789072 -3.491869
v 24.723324 0.789072 -3.512033
v 24.843374 0.789072 -3.494230
v 24.952048 0.789072 -3.440200
v 25.038706 0.789072 -3.355232
v 25.094867 0.789072 -3.247645
v 24.799102 0.761486 -3.124856
v 24.795799 0.761486 -3.102586
v 24.785776 0.761486 -3.082426
v 24.770014 0.761486 -3.066350
v 24.750055 0.761486 -3.055932
v 24.727854 0.761486 -3.052191
v 24.705584 0.761486 -3.055494
v 24.685424 0.761486 -3.065517
v 24.669349 0.761486 -3.081279
v 24.658930 0.761486 -3.101238
v 24.655189 0.761486 -3.123439
v 24.658492 0.761486 -3.145709
v 24.668515 0.761486 -3.165869
v 24.684277 0.761486 -3.181944
v 24.704236 0.761486 -3.192362
v 24.726437 0.761486 -3.196103
v 24.748707 0.761486 -3.192801
v 24.768867 0.761486 -3.182778
v 24.784943 0.761486 -3.167016
v 24.795361 0.761486 -3.147057
v 24.801047 0.605046 -3.124875
v 24.797655 0.605046 -3.102003
v 24.787362 0.605046 -3.081298
v 24.771173 0.605046 -3.064787
v 24.750675 0.605046 -3.054087
v 24.727874 0.605046 -3.050246
v 24.705001 0.605046 -3.053637
v 24.684296 0.605046 -3.063932
v 24.667786 0.605046 -3.080120
v 24.657085 0.605046 -3.100618
v 24.653244 0.605046 -3.123420
v 24.656636 0.605046 -3.146292
v 24.666929 0.605046 -3.166997
v 24.683119 0.605046 -3.183507
v 24.703616 0.605046 -3.194207
v 24.726417 0.605046 -3.198049
v 24.749290 0.605046 -3.194657
v 24.769995 0.605046 -3.184363
v 24.786505 0.605046 -3.168175
v 24.797205 0.605046 -3.147677
v 24.826719 -0.294602 -3.125128
v 24.822149 -0.294602 -3.094311
v 24.808279 -0.294602 -3.066413
v 24.786467 -0.294602 -3.044167
v 24.758848 -0.294602 -3.029751
v 24.728127 -0.294602 -3.024574
v 24.697308 -0.294602 -3.029144
v 24.669411 -0.294602 -3.043014
v 24.647165 -0.294602 -3.064826
v 24.632749 -0.294602 -3.092445
v 24.627572 -0.294602 -3.123166
v 24.632142 -0.294602 -3.153984
v 24.646012 -0.294602 -3.181882
v 24.667824 -0.294602 -3.204127
v 24.695443 -0.294602 -3.218544
v 24.726165 -0.294602 -3.223721
v 24.756983 -0.294602 -3.219150
v 24.784880 -0.294602 -3.205281
v 24.807126 -0.294602 -3.183469
v 24.821542 -0.294602 -3.155850
v 24.727146 -0.582507 -3.124147
v 24.324608 0.837269 -5.504367
v 24.306453 0.837269 -5.381947
v 24.251357 0.837269 -5.271130
v 24.164713 0.837269 -5.182762
v 24.055002 0.837269 -5.125494
v 23.932964 0.837269 -5.104930
v 23.810545 0.837269 -5.123085
v 23.699728 0.837269 -5.178182
v 23.611360 0.837269 -5.264825
v 23.554092 0.837269 -5.374536
v 23.533528 0.837269 -5.496574
v 23.551683 0.837269 -5.618992
v 23.606779 0.837269 -5.729810
v 23.693423 0.837269 -5.818178
v 23.803134 0.837269 -5.875446
v 23.925171 0.837269 -5.896010
v 24.047590 0.837269 -5.877854
v 24.158408 0.837269 -5.822758
v 24.246776 0.837269 -5.736115
v 24.304044 0.837269 -5.626404
v 24.316954 0.789072 -5.504291
v 24.299150 0.789072 -5.384240
v 24.245121 0.789072 -5.275567
v 24.160153 0.789072 -5.188909
v 24.052565 0.789072 -5.132749
v 23.932889 0.789072 -5.112584
v 23.812838 0.789072 -5.130387
v 23.704165 0.789072 -5.184417
v 23.617508 0.789072 -5.269385
v 23.561347 0.789072 -5.376972
v 23.541182 0.789072 -5.496649
v 23.558985 0.789072 -5.616699
v 23.613015 0.789072 -5.725372
v 23.697983 0.789072 -5.812030
v 23.805570 0.789072 -5.868191
v 23.925247 0.789072 -5.888356
v 24.045297 0.789072 -5.870552
v 24.153970 0.789072 -5.816522
v 24.240628 0.789072 -5.731555
v 24.296789 0.789072 -5.623967
v 24.001024 0.761486 -5.501179
v 23.997722 0.761486 -5.478908
v 23.987698 0.761486 -5.458748
v 23.971936 0.761486 -5.442673
v 23.951978 0.761486 -5.432255
v 23.929777 0.761486 -5.428514
v 23.907507 0.761486 -5.431816
v 23.887346 0.761486 -5.441839
v 23.871271 0.761486 -5.457602
v 23.860853 0.761486 -5.477560
v 23.857112 0.761486 -5.499761
v 23.860414 0.761486 -5.522031
v 23.870438 0.761486 -5.542191
v 23.886200 0.761486 -5.558267
v 23.906158 0.761486 -5.568685
v 23.928359 0.761486 -5.572426
v 23.950629 0.761486 -5.569123
v 23.970790 0.761486 -5.559100
v 23.986865 0.761486 -5.543338
v 23.997283 0.761486 -5.523380
v 24.002969 0.605046 -5.501198
v 23.999577 0.605046 -5.478325
v 23.989284 0.605046 -5.457620
v 23.973095 0.605046 -5.441110
v 23.952597 0.605046 -5.430410
v 23.929796 0.605046 -5.426568
v 23.906923 0.605046 -5.429960
v 23.886219 0.605046 -5.440254
v 23.869708 0.605046 -5.456443
v 23.859007 0.605046 -5.476940
v 23.855167 0.605046 -5.499742
v 23.858558 0.605046 -5.522614
v 23.868852 0.605046 -5.543319
v 23.885041 0.605046 -5.559830
v 23.905539 0.605046 -5.570530
v 23.928340 0.605046 -5.574371
v 23.951213 0.605046 -5.570980
v 23.971917 0.605046 -5.560686
v 23.988427 0.605046 -5.544497
v 23.999127 0.605046 -5.523999
v 24.028641 -0.294602 -5.501451
v 24.024071 -0.294602 -5.470633
v 24.010201 -0.294602 -5.442736
v 23.988389 -0.294602 -5.420490
v 23.960771 -0.294602 -5.406073
v 23.930049 -0.294602 -5.400897
v 23.899231 -0.294602 -5.405467
v 23.871333 -0.294602 -5.419337
v 23.849088 -0.294602 -5.441149
v 23.834671 -0.294602 -5.468767
v 23.829494 -0.294602 -5.499489
v 23.834065 -0.294602 -5.530307
v 23.847935 -0.294602 -5.558204
v 23.869747 -0.294602 -5.580450
v 23.897365 -0.294602 -5.594867
v 23.928087 -0.294602 -5.600043
v 23.958905 -0.294602 -5.595473
v 23.986802 -0.294602 -5.581603
v 24.009048 -0.294602 -5.559791
v 24.023464 -0.294602 -5.532173
v 23.929068 -0.582507 -5.500470
v 10.735974 0.837269 -0.940682
v 10.717818 0.837269 -0.818263
v 10.662722 0.837269 -0.707445
v 10.576078 0.837269 -0.619077
v 10.466368 0.837269 -0.561809
v 10.344330 0.837269 -0.541246
v 10.221911 0.837269 -0.559401
v 10.111093 0.837269 -0.614497
v 10.022725 0.837269 -0.701141
v 9.965457 0.837269 -0.810852
v 9.944894 0.837269 -0.932889
v 9.963049 0.837269 -1.055308
v 10.018145 0.837269 -1.166126
v 10.104789 0.837269 -1.254494
v 10.214499 0.837269 -1.311762
v 10.336537 0.837269 -1.332325
v 10.458956 0.837269 -1.314170
v 10.569773 0.837269 -1.259074
v 10.658142 0.837269 -1.172430
v 10.715410 0.837269 -1.062720
v 10.728320 0.789072 -0.940607
v 10.710516 0.789072 -0.820556
v 10.656486 0.789072 -0.711883
v 10.571519 0.789072 -0.625225
v 10.463931 0.789072 -0.569064
v 10.344254 0.789072 -0.548899
v 10.224204 0.789072 -0.566703
v 10.115531 0.789072 -0.620733
v 10.028873 0.789072 -0.705700
v 9.972712 0.789072 -0.813288
v 9.952547 0.789072 -0.932965
v 9.970351 0.789072 -1.053015
v 10.024381 0.789072 -1.161688
v 10.109348 0.789072 -1.248346
v 10.216936 0.789072 -1.304507
v 10.336612 0.789072 -1.324672
v 10.456663 0.789072 -1.306868
v 10.565336 0.789072 -1.252838
v 10.651994 0.789072 -1.167871
v 10.708155 0.789072 -1.060283
v 10.412390 0.761486 -0.937494
v 10.409087 0.761486 -0.915224
v 10.399064 0.761486 -0.895064
v 10.383302 0.761486 -0.878989
v 10.363343 0.761486 -0.868570
v 10.341142 0.761486 -0.864829
v 10.318872 0.761486 -0.868132
v 10.298712 0.761486 -0.878155
v 10.282637 0.761486 -0.893917
v 10.272218 0.761486 -0.913876
v 10.268477 0.761486 -0.936077
v 10.271780 0.761486 -0.958347
v 10.281803 0.761486 -0.978507
v 10.297565 0.761486 -0.994583
v 10.317524 0.761486 -1.005001
v 10.339725 0.761486 -1.008742
v 10.361995 0.761486 -1.005439
v 10.382155 0.761486 -0.995416
v 10.398230 0.761486 -0.979654
v 10.408649 0.761486 -0.959695
v 10.414335 0.605046 -0.937514
v 10.410943 0.605046 -0.914641
v 10.400649 0.605046 -0.893936
v 10.384461 0.605046 -0.877426
v 10.363963 0.605046 -0.866726
v 10.341161 0.605046 -0.862884
v 10.318289 0.605046 -0.866276
v 10.297584 0.605046 -0.876570
v 10.281074 0.605046 -0.892758
v 10.270374 0.605046 -0.913256
v 10.266532 0.605046 -0.936058
v 10.269924 0.605046 -0.958930
v 10.280218 0.605046 -0.979635
v 10.296406 0.605046 -0.996145
v 10.316904 0.605046 -1.006846
v 10.339706 0.605046 -1.010687
v 10.362578 0.605046 -1.007295
v 10.383283 0.605046 -0.997001
v 10.399793 0.605046 -0.980813
v 10.410493 0.605046 -0.960315
v 10.440007 -0.294602 -0.937767
v 10.435437 -0.294602 -0.906949
v 10.421567 -0.294602 -0.879052
v 10.399755 -0.294602 -0.856806
v 10.372136 -0.294602 -0.842389
v 10.341414 -0.294602 -0.837212
v 10.310597 -0.294602 -0.841783
v 10.282699 -0.294602 -0.855653
v 10.260454 -0.294602 -0.877464
v 10.246037 -0.294602 -0.905083
v 10.240860 -0.294602 -0.935805
v 10.245431 -0.294602 -0.966623
v 10.259300 -0.294602 -0.994520
v 10.281112 -0.294602 -1.016766
v 10.308731 -0.294602 -1.031182
v 10.339453 -0.294602 -1.036359
v 10.370270 -0.294602 -1.031789
v 10.398168 -0.294602 -1.017919
v 10.420414 -0.294602 -0.996107
v 10.434830 -0.294602 -0.968488
v 10.340434 -0.582507 -0.936786
v 11.534051 0.837269 1.435640
v 11.515896 0.837269 1.558059
v 11.460800 0.837269 1.668877
v 11.374156 0.837269 1.757245
v 11.264445 0.837269 1.814513
v 11.142408 0.837269 1.835077
v 11.019989 0.837269 1.816921
v 10.909171 0.837269 1.761825
v 10.820803 0.837269 1.675182
v 10.763535 0.837269 1.565471
v 10.742971 0.837269 1.443433
v 10.761127 0.837269 1.321014
v 10.816223 0.837269 1.210197
v 10.902866 0.837269 1.121829
v 11.012577 0.837269 1.064561
v 11.134615 0.837269 1.043997
v 11.257034 0.837269 1.062152
v 11.367851 0.837269 1.117249
v 11.456219 0.837269 1.203892
v 11.513487 0.837269 1.313603
v 11.526397 0.789072 1.435716
v 11.508594 0.789072 1.555766
v 11.454564 0.789072 1.664440
v 11.369596 0.789072 1.751098
v 11.262009 0.789072 1.807258
v 11.142332 0.789072 1.827423
v 11.022282 0.789072 1.809620
v 10.913608 0.789072 1.755590
v 10.826951 0.789072 1.670622
v 10.770790 0.789072 1.563035
v 10.750625 0.789072 1.443358
v 10.768428 0.789072 1.323308
v 10.822458 0.789072 1.214634
v 10.907426 0.789072 1.127976
v 11.015014 0.789072 1.071816
v 11.134690 0.789072 1.051651
v 11.254740 0.789072 1.069454
v 11.363414 0.789072 1.123484
v 11.450072 0.789072 1.208452
v 11.506232 0.789072 1.316039
v 11.210467 0.761486 1.438828
v 11.207165 0.761486 1.461098
v 11.197142 0.761486 1.481258
v 11.181379 0.761486 1.497334
v 11.161421 0.761486 1.507752
v 11.139220 0.761486 1.511493
v 11.116950 0.761486 1.508190
v 11.096790 0.761486 1.498167
v 11.080714 0.761486 1.482405
v 11.070296 0.761486 1.462447
v 11.066555 0.761486 1.440246
v 11.069858 0.761486 1.417975
v 11.079881 0.761486 1.397815
v 11.095643 0.761486 1.381740
v 11.115601 0.761486 1.371322
v 11.137802 0.761486 1.367581
v 11.160073 0.761486 1.370883
v 11.180233 0.761486 1.380906
v 11.196308 0.761486 1.396669
v 11.206726 0.761486 1.416627
v 11.212413 0.605046 1.438809
v 11.209021 0.605046 1.461681
v 11.198727 0.605046 1.482386
v 11.182539 0.605046 1.498897
v 11.162041 0.605046 1.509597
v 11.139239 0.605046 1.513439
v 11.116367 0.605046 1.510047
v 11.095662 0.605046 1.499753
v 11.079151 0.605046 1.483564
v 11.068451 0.605046 1.463066
v 11.064610 0.605046 1.440265
v 11.068001 0.605046 1.417392
v 11.078295 0.605046 1.396687
v 11.094484 0.605046 1.380177
v 11.114982 0.605046 1.369477
v 11.137783 0.605046 1.365635
v 11.160656 0.605046 1.369027
v 11.181361 0.605046 1.379321
v 11.197871 0.605046 1.395510
v 11.208571 0.605046 1.416008
v 11.238085 -0.294602 1.438556
v 11.233514 -0.294602 1.469374
v 11.219644 -0.294602 1.497271
v 11.197833 -0.294602 1.519517
v 11.170214 -0.294602 1.533934
v 11.139492 -0.294602 1.539110
v 11.108674 -0.294602 1.534540
v 11.080777 -0.294602 1.520670
v 11.058531 -0.294602 1.498858
v 11.044114 -0.294602 1.471240
v 11.038938 -0.294602 1.440518
v 11.043508 -0.294602 1.409700
v 11.057378 -0.294602 1.381803
v 11.079190 -0.294602 1.359557
v 11.106808 -0.294602 1.345140
v 11.137530 -0.294602 1.339963
v 11.168348 -0.294602 1.344534
v 11.196245 -0.294602 1.358404
v 11.218491 -0.294602 1.380216
v 11.232908 -0.294602 1.407834
v 11.138511 -0.582507 1.439537
v -0.946907 0.837269 2.982963
v -0.965063 0.837269 3.105382
v -1.020159 0.837269 3.216200
v -1.106803 0.837269 3.304568
v -1.216513 0.837269 3.361836
v -1.338551 0.837269 3.382399
v -1.460970 0.837269 3.364244
v -1.571788 0.837269 3.309148
v -1.660155 0.837269 3.222504
v -1.717424 0.837269 3.112794
v -1.737987 0.837269 2.990756
v -1.719832 0.837269 2.868337
v -1.664736 0.837269 2.757520
v -1.578092 0.837269 2.669151
v -1.468382 0.837269 2.611884
v -1.346344 0.837269 2.591320
v -1.223925 0.837269 2.609475
v -1.113107 0.837269 2.664571
v -1.024740 0.837269 2.751215
v -0.967472 0.837269 2.860925
v -0.954562 0.789072 2.983039
v -0.972365 0.789072 3.103089
v -1.026394 0.789072 3.211762
v -1.111362 0.789072 3.298420
v -1.218950 0.789072 3.354581
v -1.338626 0.789072 3.374746
v -1.458677 0.789072 3.356943
v -1.567350 0.789072 3.302912
v -1.654008 0.789072 3.217945
v -1.710169 0.789072 3.110357
v -1.730334 0.789072 2.990681
v -1.712530 0.789072 2.870630
v -1.658501 0.789072 2.761957
v -1.573533 0.789072 2.675299
v -1.465945 0.789072 2.619138
v -1.346269 0.789072 2.598973
v -1.226219 0.789072 2.616777
v -1.117545 0.789072 2.670807
v -1.030887 0.789072 2.755775
v -0.974726 0.789072 2.863362
v -1.270491 0.761486 2.986151
v -1.273794 0.761486 3.008421
v -1.283817 0.761486 3.028581
v -1.299579 0.761486 3.044657
v -1.319538 0.761486 3.055075
v -1.341739 0.761486 3.058816
v -1.364009 0.761486 3.055513
v -1.384169 0.761486 3.045490
v -1.400245 0.761486 3.029728
v -1.410663 0.761486 3.009769
v -1.414404 0.761486 2.987568
v -1.411101 0.761486 2.965298
v -1.401078 0.761486 2.945138
v -1.385316 0.761486 2.929063
v -1.365357 0.761486 2.918644
v -1.343156 0.761486 2.914903
v -1.320886 0.761486 2.918206
v -1.300726 0.761486 2.928229
v -1.284651 0.761486 2.943991
v -1.274232 0.761486 2.963950
v -1.268546 0.605046 2.986132
v -1.271938 0.605046 3.009004
v -1.282231 0.605046 3.029709
v -1.298421 0.605046 3.046220
v -1.318918 0.605046 3.056919
v -1.341719 0.605046 3.060761
v -1.364592 0.605046 3.057370
v -1.385297 0.605046 3.047075
v -1.401807 0.605046 3.030887
v -1.412508 0.605046 3.010389
v -1.416349 0.605046 2.987587
v -1.412957 0.605046 2.964715
v -1.402664 0.605046 2.944010
v -1.386474 0.605046 2.927500
v -1.365977 0.605046 2.916800
v -1.343176 0.605046 2.912958
v -1.320303 0.605046 2.916350
v -1.299598 0.605046 2.926644
v -1.283088 0.605046 2.942832
v -1.272388 0.605046 2.963330
v -1.242874 -0.294602 2.985879
v -1.247444 -0.294602 3.016696
v -1.261314 -0.294602 3.044594
v -1.283126 -0.294602 3.066840
v -1.310745 -0.294602 3.081256
v -1.341467 -0.294602 3.086433
v -1.372285 -0.294602 3.081863
v -1.400182 -0.294602 3.067993
v -1.422428 -0.294602 3.046181
v -1.436844 -0.294602 3.018562
v -1.442021 -0.294602 2.987840
v -1.437451 -0.294602 2.957023
v -1.423581 -0.294602 2.929125
v -1.401769 -0.294602 2.906880
v -1.374150 -0.294602 2.892463
v -1.343429 -0.294602 2.887286
v -1.312610 -0.294602 2.891856
v -1.284713 -0.294602 2.905726
v -1.262467 -0.294602 2.927538
v -1.248051 -0.294602 2.955157
v -1.342448 -0.582507 2.986860
v -0.148829 0.837269 5.359285
v -0.166985 0.837269 5.481705
v -0.222081 0.837269 5.592522
v -0.308725 0.837269 5.680891
v -0.418436 0.837269 5.738158
v -0.540473 0.837269 5.758722
v -0.662893 0.837269 5.740567
v -0.773710 0.837269 5.685470
v -0.862078 0.837269 5.598827
v -0.919346 0.837269 5.489116
v -0.939909 0.837269 5.367078
v -0.921755 0.837269 5.244660
v -0.866659 0.837269 5.133842
v -0.780015 0.837269 5.045474
v -0.670304 0.837269 4.988206
v -0.548266 0.837269 4.967642
v -0.425848 0.837269 4.985798
v -0.315030 0.837269 5.040894
v -0.226662 0.837269 5.127537
v -0.169394 0.837269 5.237248
v -0.156484 0.789072 5.359361
v -0.174287 0.789072 5.479412
v -0.228317 0.789072 5.588085
v -0.313285 0.789072 5.674743
v -0.420872 0.789072 5.730903
v -0.540549 0.789072 5.751069
v -0.660600 0.789072 5.733265
v -0.769272 0.789072 5.679235
v -0.855930 0.789072 5.594267
v -0.912091 0.789072 5.486680
v -0.932256 0.789072 5.367003
v -0.914452 0.789072 5.246953
v -0.860423 0.789072 5.138280
v -0.775455 0.789072 5.051622
v -0.667867 0.789072 4.995461
v -0.548191 0.789072 4.975296
v -0.428141 0.789072 4.993100
v -0.319467 0.789072 5.047130
v -0.232810 0.789072 5.132097
v -0.176649 0.789072 5.239685
v -0.472414 0.761486 5.362473
v -0.475716 0.761486 5.384744
v -0.485740 0.761486 5.404904
v -0.501502 0.761486 5.420979
v -0.521460 0.761486 5.431397
v -0.543661 0.761486 5.435138
v -0.565931 0.761486 5.431836
v -0.586092 0.761486 5.421813
v -0.602167 0.761486 5.406050
v -0.612585 0.761486 5.386092
v -0.616326 0.761486 5.363891
v -0.613024 0.761486 5.341621
v -0.603000 0.761486 5.321461
v -0.587238 0.761486 5.305385
v -0.567280 0.761486 5.294967
v -0.545079 0.761486 5.291226
v -0.522809 0.761486 5.294529
v -0.502648 0.761486 5.304552
v -0.486573 0.761486 5.320314
v -0.476155 0.761486 5.340272
v -0.470469 0.605046 5.362454
v -0.473860 0.605046 5.385327
v -0.484154 0.605046 5.406032
v -0.500343 0.605046 5.422542
v -0.520841 0.605046 5.433242
v -0.543642 0.605046 5.437084
v -0.566515 0.605046 5.433692
v -0.587219 0.605046 5.423398
v -0.603729 0.605046 5.407209
v -0.614430 0.605046 5.386712
v -0.618271 0.605046 5.363910
v -0.614880 0.605046 5.341038
v -0.604586 0.605046 5.320333
v -0.588397 0.605046 5.303822
v -0.567899 0.605046 5.293122
v -0.545098 0.605046 5.289281
v -0.522225 0.605046 5.292672
v -0.501521 0.605046 5.302966
v -0.485010 0.605046 5.319155
v -0.474310 0.605046 5.339653
v -0.444796 -0.294602 5.362201
v -0.449367 -0.294602 5.393019
v -0.463237 -0.294602 5.420916
v -0.485049 -0.294602 5.443162
v -0.512667 -0.294602 5.457579
v -0.543389 -0.294602 5.462755
v -0.574207 -0.294602 5.458185
v -0.602104 -0.294602 5.444315
v -0.624350 -0.294602 5.422503
v -0.638766 -0.294602 5.394885
v -0.643943 -0.294602 5.364163
v -0.639373 -0.294602 5.333345
v -0.625503 -0.294602 5.305448
v -0.603691 -0.294602 5.283202
v -0.576073 -0.294602 5.268785
v -0.545351 -0.294602 5.263609
v -0.514533 -0.294602 5.268179
v -0.486635 -0.294602 5.282049
v -0.464390 -0.294602 5.303861
v -0.449973 -0.294602 5.331479
v -0.544370 -0.582507 5.363182
vt 0.375000 0.000000
vt 0.625000 0.000000
vt 0.375000 0.250000
vt 0.625000 0.250000
vt 0.375000 0.500000
vt 0.625000 0.500000
vt 0.375000 0.750000
vt 0.625000 0.750000
vt 0.375000 1.000000
vt 0.625000 1.000000
vt 0.875000 0.000000
vt 0.875000 0.250000
vt 0.125000 0.000000
vt 0.125000 0.250000
vt 0.250000 0.500000
vt 0.375000 0.500000
vt 0.390625 0.562500
vt 0.281250 0.562500
vt 0.500000 0.500000
vt 0.500000 0.562500
vt 0.625000 0.500000
vt 0.609375 0.562500
vt 0.750000 0.500000
vt 0.718750 0.562500
vt 0.406250 0.625000
vt 0.312500 0.625000
vt 0.500000 0.625000
vt 0.593750 0.625000
vt 0.687500 0.625000
vt 0.421875 0.687500
vt 0.343750 0.687500
vt 0.500000 0.687500
vt 0.578125 0.687500
vt 0.656250 0.687500
vt 0.437500 0.750000
vt 0.375000 0.750000
vt 0.500000 0.750000
vt 0.562500 0.750000
vt 0.625000 0.750000
vt 0.453125 0.812500
vt 0.406250 0.812500
vt 0.500000 0.812500
vt 0.546875 0.812500
vt 0.593750 0.812500
vt 0.468750 0.875000
vt 0.437500 0.875000
vt 0.500000 0.875000
vt 0.531250 0.875000
vt 0.562500 0.875000
vt 0.484375 0.937500
vt 0.468750 0.937500
vt 0.500000 0.937500
vt 0.515625 0.937500
vt 0.531250 0.937500
vt 0.500000 0.000000
vt 0.750000 0.250000
vt 0.500000 0.500000
vt 0.250000 0.250000
vt 0.500000 1.000000
vt 0.250000 0.500000
vt 0.375000 0.500000
vt 0.390625 0.562500
vt 0.281250 0.562500
vt 0.500000 0.500000
vt 0.500000 0.562500
vt 0.625000 0.500000
vt 0.609375 0.562500
vt 0.750000 0.500000
vt 0.718750 0.562500
vt 0.406250 0.625000
vt 0.312500 0.625000
vt 0.500000 0.625000
vt 0.593750 0.625000
vt 0.687500 0.625000
vt 0.421875 0.687500
vt 0.343750 0.687500
vt 0.500000 0.687500
vt 0.578125 0.687500
vt 0.656250 0.687500
vt 0.437500 0.750000
vt 0.375000 0.750000
vt 0.500000 0.750000
vt 0.562500 0.750000
vt 0.625000 0.750000
vt 0.453125 0.812500
vt 0.406250 0.812500
vt 0.500000 0.812500
vt 0.546875 0.812500
vt 0.593750 0.812500
vt 0.468750 0.875000
vt 0.437500 0.875000
vt 0.500000 0.875000
vt 0.531250 0.875000
vt 0.562500 0.875000
vt 0.484375 0.937500
vt 0.468750 0.937500
vt 0.500000 0.937500
vt 0.515625 0.937500
vt 0.531250 0.937500
vt 0.500000 0.000000
vt 0.750000 0.250000
vt 0.500000 0.500000
vt 0.250000 0.250000
vt 0.500000 1.000000
vt 0.250000 0.500000
vt 0.375000 0.500000
vt 0.390625 0.562500
vt 0.281250 0.562500
vt 0.500000 0.500000
vt 0.500000 0.562500
vt 0.625000 0.500000
vt 0.609375 0.562500
vt 0.750000 0.500000
vt 0.718750 0.562500
vt 0.406250 0.625000
vt 0.312500 0.625000
vt 0.500000 0.625000
vt 0.593750 0.625000
vt 0.687500 0.625000
vt 0.421875 0.687500
vt 0.343750 0.687500
vt 0.500000 0.687500
vt 0.578125 0.687500
vt 0.656250 0.687500
vt 0.437500 0.750000
vt 0.375000 0.750000
vt 0.500000 0.750000
vt 0.562500 0.750000
vt 0.625000 0.750000
vt 0.453125 0.812500
vt 0.406250 0.812500
vt 0.500000 0.812500
vt 0.546875 0.812500
vt 0.593750 0.812500
vt 0.468750 0.875000
vt 0.437500 0.875000
vt 0.500000 0.875000
vt 0.531250 0.875000
vt 0.562500 0.875000
vt 0.484375 0.937500
vt 0.468750 0.937500
vt 0.500000 0.937500
vt 0.515625 0.937500
vt 0.531250 0.937500
vt 0.500000 0.000000
vt 0.750000 0.250000
vt 0.500000 0.500000
vt 0.250000 0.250000
vt 0.500000 1.000000
vt 0.250000 0.500000
vt 0.375000 0.500000
vt 0.390625 0.562500
vt 0.281250 0.562500
vt 0.500000 0.500000
vt 0.500000 0.562500
vt 0.625000 0.500000
vt 0.609375 0.562500
vt 0.750000 0.500000
vt 0.718750 0.562500
vt 0.406250 0.625000
vt 0.312500 0.625000
vt 0.500000 0.625000
vt 0.593750 0.625000
vt 0.687500 0.625000
vt 0.421875 0.687500
vt 0.343750 0.687500
vt 0.500000 0.687500
vt 0.578125 0.687500
vt 0.656250 0.687500
vt 0.437500 0.750000
vt 0.375000 0.750000
vt 0.500000 0.750000
vt 0.562500 0.750000
vt 0.625000 0.750000
vt 0.453125 0.812500
vt 0.406250 0.812500
vt 0.500000 0.812500
vt 0.546875 0.812500
vt 0.593750 0.812500
vt 0.468750 0.875000
vt 0.437500 0.875000
vt 0.500000 0.875000
vt 0.531250 0.875000
vt 0.562500 0.875000
vt 0.484375 0.937500
vt 0.468750 0.937500
vt 0.500000 0.937500
vt 0.515625 0.937500
vt 0.531250 0.937500
vt 0.500000 0.000000
vt 0.750000 0.250000
vt 0.500000 0.500000
vt 0.250000 0.250000
vt 0.500000 1.000000
vt 0.250000 0.500000
vt 0.375000 0.500000
vt 0.390625 0.562500
vt 0.281250 0.562500
vt 0.500000 0.500000
vt 0.500000 0.562500
vt 0.625000 0.500000
vt 0.609375 0.562500
vt 0.750000 0.500000
vt 0.718750 0.562500
vt 0.406250 0.625000
vt 0.312500 0.625000
vt 0.500000 0.625000
vt 0.593750 0.625000
vt 0.687500 0.625000
vt 0.421875 0.687500
vt 0.343750 0.687500
vt 0.500000 0.687500
vt 0.578125 0.687500
vt 0.656250 0.687500
vt 0.437500 0.750000
vt 0.375000 0.750000
vt 0.500000 0.750000
vt 0.562500 0.750000
vt 0.625000 0.750000
vt 0.453125 0.812500
vt 0.406250 0.812500
vt 0.500000 0.812500
vt 0.546875 0.812500
vt 0.593750 0.812500
vt 0.468750 0.875000
vt 0.437500 0.875000
vt 0.500000 0.875000
vt 0.531250 0.875000
vt 0.562500 0.875000
vt 0.484375 0.937500
vt 0.468750 0.937500
vt 0.500000 0.937500
vt 0.515625 0.937500
vt 0.531250 0.937500
vt 0.500000 0.000000
vt 0.750000 0.250000
vt 0.500000 0.500000
vt 0.250000 0.250000
vt 0.500000 1.000000
vt 0.250000 0.500000
vt 0.375000 0.500000
vt 0.390625 0.562500
vt 0.281250 0.562500
vt 0.500000 0.500000
vt 0.500000 0.562500
vt 0.625000 0.500000
vt 0.609375 0.562500
vt 0.750000 0.500000
vt 0.718750 0.562500
vt 0.406250 0.625000
vt 0.312500 0.625000
vt 0.500000 0.625000
vt 0.593750 0.625000
vt 0.687500 0.625000
vt 0.421875 0.687500
vt 0.343750 0.687500
vt 0.500000 0.687500
vt 0.578125 0.687500
vt 0.656250 0.687500
vt 0.437500 0.750000
vt 0.375000 0.750000
vt 0.500000 0.750000
vt 0.562500 0.750000
vt 0.625000 0.750000
vt 0.453125 0.812500
vt 0.406250 0.812500
vt 0.500000 0.812500
vt 0.546875 0.812500
vt 0.593750 0.812500
vt 0.468750 0.875000
vt 0.437500 0.875000
vt 0.500000 0.875000
vt 0.531250 0.875000
vt 0.562500 0.875000
vt 0.484375 0.937500
vt 0.468750 0.937500
vt 0.500000 0.937500
vt 0.515625 0.937500
vt 0.531250 0.937500
vt 0.500000 0.000000
vt 0.750000 0.250000
vt 0.500000 0.500000
vt 0.250000 0.250000
vt 0.500000 1.000000
vt 0.250000 0.500000
vt 0.375000 0.500000
vt 0.390625 0.562500
vt 0.281250 0.562500
vt 0.500000 0.500000
vt 0.500000 0.562500
vt 0.625000 0.500000
vt 0.609375 0.562500
vt 0.750000 0.500000
vt 0.718750 0.562500
vt 0.406250 0.625000
vt 0.312500 0.625000
vt 0.500000 0.625000
vt 0.593750 0.625000
vt 0.687500 0.625000
vt 0.421875 0.687500
vt 0.343750 0.687500
vt 0.500000 0.687500
vt 0.578125 0.687500
vt 0.656250 0.687500
vt 0.437500 0.750000
vt 0.375000 0.750000
vt 0.500000 0.750000
vt 0.562500 0.750000
vt 0.625000 0.750000
vt 0.453125 0.812500
vt 0.406250 0.812500
vt 0.500000 0.812500
vt 0.546875 0.812500
vt 0.593750 0.812500
vt 0.468750 0.875000
vt 0.437500 0.875000
vt 0.500000 0.875000
vt 0.531250 0.875000
vt 0.562500 0.875000
vt 0.484375 0.937500
vt 0.468750 0.937500
vt 0.500000 0.937500
vt 0.515625 0.937500
vt 0.531250 0.937500
vt 0.500000 0.000000
vt 0.750000 0.250000
vt 0.500000 0.500000
vt 0.250000 0.250000
vt 0.500000 1.000000
vt 0.250000 0.500000
vt 0.375000 0.500000
vt 0.390625 0.562500
vt 0.281250 0.562500
vt 0.500000 0.500000
vt 0.500000 0.562500
vt 0.625000 0.500000
vt 0.609375 0.562500
vt 0.750000 0.500000
vt 0.718750 0.562500
vt 0.406250 0.625000
vt 0.312500 0.625000
vt 0.500000 0.625000
vt 0.593750 0.625000
vt 0.687500 0.625000
vt 0.421875 0.687500
vt 0.343750 0.687500
vt 0.500000 0.687500
vt 0.578125 0.687500
vt 0.656250 0.687500
vt 0.437500 0.750000
vt 0.375000 0.750000
vt 0.500000 0.750000
vt 0.562500 0.750000
vt 0.625000 0.750000
vt 0.453125 0.812500
vt 0.406250 0.812500
vt 0.500000 0.812500
vt 0.546875 0.812500
vt 0.593750 0.812500
vt 0.468750 0.875000
vt 0.437500 0.875000
vt 0.500000 0.875000
vt 0.531250 0.875000
vt 0.562500 0.875000
vt 0.484375 0.937500
vt 0.468750 0.937500
vt 0.500000 0.937500
vt 0.515625 0.937500
vt 0.531250 0.937500
vt 0.500000 0.000000
vt 0.750000 0.250000
vt 0.500000 0.500000
vt 0.250000 0.250000
vt 0.500000 1.000000
vt 0.250000 0.500000
vt 0.375000 0.500000
vt 0.390625 0.562500
vt 0.281250 0.562500
vt 0.500000 0.500000
vt 0.500000 0.562500
vt 0.625000 0.500000
vt 0.609375 0.562500
vt 0.750000 0.500000
vt 0.718750 0.562500
vt 0.406250 0.625000
vt 0.312500 0.625000
vt 0.500000 0.625000
vt 0.593750 0.625000
vt 0.687500 0.625000
vt 0.421875 0.687500
vt 0.343750 0.687500
vt 0.500000 0.687500
vt 0.578125 0.687500
vt 0.656250 0.687500
vt 0.437500 0.750000
vt 0.375000 0.750000
vt 0.500000 0.750000
vt 0.562500 0.750000
vt 0.625000 0.750000
vt 0.453125 0.812500
vt 0.406250 0.812500
vt 0.500000 0.812500
vt 0.546875 0.812500
vt 0.593750 0.812500
vt 0.468750 0.875000
vt 0.437500 0.875000
vt 0.500000 0.875000
vt 0.531250 0.875000
vt 0.562500 0.875000
vt 0.484375 0.937500
vt 0.468750 0.937500
vt 0.500000 0.937500
vt 0.515625 0.937500
vt 0.531250 0.937500
vt 0.500000 0.000000
vt 0.750000 0.250000
vt 0.500000 0.500000
vt 0.250000 0.250000
vt 0.500000 1.000000
vt 0.250000 0.500000
vt 0.375000 0.500000
vt 0.390625 0.562500
vt 0.281250 0.562500
vt 0.500000 0.500000
vt 0.500000 0.562500
vt 0.625000 0.500000
vt 0.609375 0.562500
vt 0.750000 0.500000
vt 0.718750 0.562500
vt 0.406250 0.625000
vt 0.312500 0.625000
vt 0.500000 0.625000
vt 0.593750 0.625000
vt 0.687500 0.625000
vt 0.421875 0.687500
vt 0.343750 0.687500
vt 0.500000 0.687500
vt 0.578125 0.687500
vt 0.656250 0.687500
vt 0.437500 0.750000
vt 0.375000 0.750000
vt 0.500000 0.750000
vt 0.562500 0.750000
vt 0.625000 0.750000
vt 0.453125 0.812500
vt 0.406250 0.812500
vt 0.500000 0.812500
vt 0.546875 0.812500
vt 0.593750 0.812500
vt 0.468750 0.875000
vt 0.437500 0.875000
vt 0.500000 0.875000
vt 0.531250 0.875000
vt 0.562500 0.875000
vt 0.484375 0.937500
vt 0.468750 0.937500
vt 0.500000 0.937500
vt 0.515625 0.937500
vt 0.531250 0.937500
vt 0.500000 0.000000
vt 0.750000 0.250000
vt 0.500000 0.500000
vt 0.250000 0.250000
vt 0.500000 1.000000
vt 0.250000 0.500000
vt 0.375000 0.500000
vt 0.390625 0.562500
vt 0.281250 0.562500
vt 0.500000 0.500000
vt 0.500000 0.562500
vt 0.625000 0.500000
vt 0.609375 0.562500
vt 0.750000 0.500000
vt 0.718750 0.562500
vt 0.406250 0.625000
vt 0.312500 0.625000
vt 0.500000 0.625000
vt 0.593750 0.625000
vt 0.687500 0.625000
vt 0.421875 0.687500
vt 0.343750 0.687500
vt 0.500000 0.687500
vt 0.578125 0.687500
vt 0.656250 0.687500
vt 0.437500 0.750000
vt 0.375000 0.750000
vt 0.500000 0.750000
vt 0.562500 0.750000
vt 0.625000 0.750000
vt 0.453125 0.812500
vt 0.406250 0.812500
vt 0.500000 0.812500
vt 0.546875 0.812500
vt 0.593750 0.812500
vt 0.468750 0.875000
vt 0.437500 0.875000
vt 0.500000 0.875000
vt 0.531250 0.875000
vt 0.562500 0.875000
vt 0.484375 0.937500
vt 0.468750 0.937500
vt 0.500000 0.937500
vt 0.515625 0.937500
vt 0.531250 0.937500
vt 0.500000 0.000000
vt 0.750000 0.250000
vt 0.500000 0.500000
vt 0.250000 0.250000
vt 0.500000 1.000000
vt 0.250000 0.500000
vt 0.375000 0.500000
vt 0.390625 0.562500
vt 0.281250 0.562500
vt 0.500000 0.500000
vt 0.500000 0.562500
vt 0.625000 0.500000
vt 0.609375 0.562500
vt 0.750000 0.500000
vt 0.718750 0.562500
vt 0.406250 0.625000
vt 0.312500 0.625000
vt 0.500000 0.625000
vt 0.593750 0.625000
vt 0.687500 0.625000
vt 0.421875 0.687500
vt 0.343750 0.687500
vt 0.500000 0.687500
vt 0.578125 0.687500
vt 0.656250 0.687500
vt 0.437500 0.750000
vt 0.375000 0.750000
vt 0.500000 0.750000
vt 0.562500 0.750000
vt 0.625000 0.750000
vt 0.453125 0.812500
vt 0.406250 0.812500
vt 0.500000 0.812500
vt 0.546875 0.812500
vt 0.593750 0.812500
vt 0.468750 0.875000
vt 0.437500 0.875000
vt 0.500000 0.875000
vt 0.531250 0.875000
vt 0.562500 0.875000
vt 0.484375 0.937500
vt 0.468750 0.937500
vt 0.500000 0.937500
vt 0.515625 0.937500
vt 0.531250 0.937500
vt 0.500000 0.000000
vt 0.750000 0.250000
vt 0.500000 0.500000
vt 0.250000 0.250000
vt 0.500000 1.000000
vt 0.250000 0.500000
vt 0.275000 0.500000
vt 0.320000 0.600000
vt 0.300000 0.600000
vt 0.300000 0.500000
vt 0.340000 0.600000
vt 0.325000 0.500000
vt 0.360000 0.600000
vt 0.350000 0.500000
vt 0.380000 0.600000
vt 0.375000 0.500000
vt 0.400000 0.600000
vt 0.400000 0.500000
vt 0.420000 0.600000
vt 0.425000 0.500000
vt 0.440000 0.600000
vt 0.450000 0.500000
vt 0.460000 0.600000
vt 0.475000 0.500000
vt 0.480000 0.600000
vt 0.500000 0.500000
vt 0.500000 0.600000
vt 0.525000 0.500000
vt 0.520000 0.600000
vt 0.550000 0.500000
vt 0.540000 0.600000
vt 0.575000 0.500000
vt 0.560000 0.600000
vt 0.600000 0.500000
vt 0.580000 0.600000
vt 0.625000 0.500000
vt 0.600000 0.600000
vt 0.650000 0.500000
vt 0.620000 0.600000
vt 0.675000 0.500000
vt 0.640000 0.600000
vt 0.700000 0.500000
vt 0.660000 0.600000
vt 0.725000 0.500000
vt 0.680000 0.600000
vt 0.750000 0.500000
vt 0.700000 0.600000
vt 0.365000 0.700000
vt 0.350000 0.700000
vt 0.380000 0.700000
vt 0.395000 0.700000
vt 0.410000 0.700000
vt 0.425000 0.700000
vt 0.440000 0.700000
vt 0.455000 0.700000
vt 0.470000 0.700000
vt 0.485000 0.700000
vt 0.500000 0.700000
vt 0.515000 0.700000
vt 0.530000 0.700000
vt 0.545000 0.700000
vt 0.560000 0.700000
vt 0.575000 0.700000
vt 0.590000 0.700000
vt 0.605000 0.700000
vt 0.620000 0.700000
vt 0.635000 0.700000
vt 0.650000 0.700000
vt 0.410000 0.800000
vt 0.400000 0.800000
vt 0.420000 0.800000
vt 0.430000 0.800000
vt 0.440000 0.800000
vt 0.450000 0.800000
vt 0.460000 0.800000
vt 0.470000 0.800000
vt 0.480000 0.800000
vt 0.490000 0.800000
vt 0.500000 0.800000
vt 0.510000 0.800000
vt 0.520000 0.800000
vt 0.530000 0.800000
vt 0.540000 0.800000
vt 0.550000 0.800000
vt 0.560000 0.800000
vt 0.570000 0.800000
vt 0.580000 0.800000
vt 0.590000 0.800000
vt 0.600000 0.800000
vt 0.455000 0.900000
vt 0.450000 0.900000
vt 0.460000 0.900000
vt 0.465000 0.900000
vt 0.470000 0.900000
vt 0.475000 0.900000
vt 0.480000 0.900000
vt 0.485000 0.900000
vt 0.490000 0.900000
vt 0.495000 0.900000
vt 0.500000 0.900000
vt 0.505000 0.900000
vt 0.510000 0.900000
vt 0.515000 0.900000
vt 0.520000 0.900000
vt 0.525000 0.900000
vt 0.530000 0.900000
vt 0.535000 0.900000
vt 0.540000 0.900000
vt 0.545000 0.900000
vt 0.550000 0.900000
vt 0.737764 0.172746
vt 0.750000 0.250000
vt 0.737764 0.327254
vt 0.702254 0.396946
vt 0.646946 0.452254
vt 0.577254 0.487764
vt 0.500000 0.500000
vt 0.422746 0.487764
vt 0.353054 0.452254
vt 0.297746 0.396946
vt 0.262236 0.327254
vt 0.250000 0.250000
vt 0.262236 0.172746
vt 0.297746 0.103054
vt 0.353054 0.047746
vt 0.422746 0.012236
vt 0.500000 -0.000000
vt 0.577254 0.012236
vt 0.646946 0.047746
vt 0.702254 0.103054
vt 0.500000 1.000000
vt 0.250000 0.500000
vt 0.275000 0.500000
vt 0.320000 0.600000
vt 0.300000 0.600000
vt 0.300000 0.500000
vt 0.340000 0.600000
vt 0.325000 0.500000
vt 0.360000 0.600000
vt 0.350000 0.500000
vt 0.380000 0.600000
vt 0.375000 0.500000
vt 0.400000 0.600000
vt 0.400000 0.500000
vt 0.420000 0.600000
vt 0.425000 0.500000
vt 0.440000 0.600000
vt 0.450000 0.500000
vt 0.460000 0.600000
vt 0.475000 0.500000
vt 0.480000 0.600000
vt 0.500000 0.500000
vt 0.500000 0.600000
vt 0.525000 0.500000
vt 0.520000 0.600000
vt 0.550000 0.500000
vt 0.540000 0.600000
vt 0.575000 0.500000
vt 0.560000 0.600000
vt 0.600000 0.500000
vt 0.580000 0.600000
vt 0.625000 0.500000
vt 0.600000 0.600000
vt 0.650000 0.500000
vt 0.620000 0.600000
vt 0.675000 0.500000
vt 0.640000 0.600000
vt 0.700000 0.500000
vt 0.660000 0.600000
vt 0.725000 0.500000
vt 0.680000 0.600000
vt 0.750000 0.500000
vt 0.700000 0.600000
vt 0.365000 0.700000
vt 0.350000 0.700000
vt 0.380000 0.700000
vt 0.395000 0.700000
vt 0.410000 0.700000
vt 0.425000 0.700000
vt 0.440000 0.700000
vt 0.455000 0.700000
vt 0.470000 0.700000
vt 0.485000 0.700000
vt 0.500000 0.700000
vt 0.515000 0.700000
vt 0.530000 0.700000
vt 0.545000 0.700000
vt 0.560000 0.700000
vt 0.575000 0.700000
vt 0.590000 0.700000
vt 0.605000 0.700000
vt 0.620000 0.700000
vt 0.635000 0.700000
vt 0.650000 0.700000
vt 0.410000 0.800000
vt 0.400000 0.800000
vt 0.420000 0.800000
vt 0.430000 0.800000
vt 0.440000 0.800000
vt 0.450000 0.800000
vt 0.460000 0.800000
vt 0.470000 0.800000
vt 0.480000 0.800000
vt 0.490000 0.800000
vt 0.500000 0.800000
vt 0.510000 0.800000
vt 0.520000 0.800000
vt 0.530000 0.800000
vt 0.540000 0.800000
vt 0.550000 0.800000
vt 0.560000 0.800000
vt 0.570000 0.800000
vt 0.580000 0.800000
vt 0.590000 0.800000
vt 0.600000 0.800000
vt 0.455000 0.900000
vt 0.450000 0.900000
vt 0.460000 0.900000
vt 0.465000 0.900000
vt 0.470000 0.900000
vt 0.475000 0.900000
vt 0.480000 0.900000
vt 0.485000 0.900000
vt 0.490000 0.900000
vt 0.495000 0.900000
vt 0.500000 0.900000
vt 0.505000 0.900000
vt 0.510000 0.900000
vt 0.515000 0.900000
vt 0.520000 0.900000
vt 0.525000 0.900000
vt 0.530000 0.900000
vt 0.535000 0.900000
vt 0.540000 0.900000
vt 0.545000 0.900000
vt 0.550000 0.900000
vt 0.737764 0.172746
vt 0.750000 0.250000
vt 0.737764 0.327254
vt 0.702254 0.396946
vt 0.646946 0.452254
vt 0.577254 0.487764
vt 0.500000 0.500000
vt 0.422746 0.487764
vt 0.353054 0.452254
vt 0.297746 0.396946
vt 0.262236 0.327254
vt 0.250000 0.250000
vt 0.262236 0.172746
vt 0.297746 0.103054
vt 0.353054 0.047746
vt 0.422746 0.012236
vt 0.500000 -0.000000
vt 0.577254 0.012236
vt 0.646946 0.047746
vt 0.702254 0.103054
vt 0.500000 1.000000
vt 0.250000 0.500000
vt 0.275000 0.500000
vt 0.320000 0.600000
vt 0.300000 0.600000
vt 0.300000 0.500000
vt 0.340000 0.600000
vt 0.325000 0.500000
vt 0.360000 0.600000
vt 0.350000 0.500000
vt 0.380000 0.600000
vt 0.375000 0.500000
vt 0.400000 0.600000
vt 0.400000 0.500000
vt 0.420000 0.600000
vt 0.425000 0.500000
vt 0.440000 0.600000
vt 0.450000 0.500000
vt 0.460000 0.600000
vt 0.475000 0.500000
vt 0.480000 0.600000
vt 0.500000 0.500000
vt 0.500000 0.600000
vt 0.525000 0.500000
vt 0.520000 0.600000
vt 0.550000 0.500000
vt 0.540000 0.600000
vt 0.575000 0.500000
vt 0.560000 0.600000
vt 0.600000 0.500000
vt 0.580000 0.600000
vt 0.625000 0.500000
vt 0.600000 0.600000
vt 0.650000 0.500000
vt 0.620000 0.600000
vt 0.675000 0.500000
vt 0.640000 0.600000
vt 0.700000 0.500000
vt 0.660000 0.600000
vt 0.725000 0.500000
vt 0.680000 0.600000
vt 0.750000 0.500000
vt 0.700000 0.600000
vt 0.365000 0.700000
vt 0.350000 0.700000
vt 0.380000 0.700000
vt 0.395000 0.700000
vt 0.410000 0.700000
vt 0.425000 0.700000
vt 0.440000 0.700000
vt 0.455000 0.700000
vt 0.470000 0.700000
vt 0.485000 0.700000
vt 0.500000 0.700000
vt 0.515000 0.700000
vt 0.530000 0.700000
vt 0.545000 0.700000
vt 0.560000 0.700000
vt 0.575000 0.700000
vt 0.590000 0.700000
vt 0.605000 0.700000
vt 0.620000 0.700000
vt 0.635000 0.700000
vt 0.650000 0.700000
vt 0.410000 0.800000
vt 0.400000 0.800000
vt 0.420000 0.800000
vt 0.430000 0.800000
vt 0.440000 0.800000
vt 0.450000 0.800000
vt 0.460000 0.800000
vt 0.470000 0.800000
vt 0.480000 0.800000
vt 0.490000 0.800000
vt 0.500000 0.800000
vt 0.510000 0.800000
vt 0.520000 0.800000
vt 0.530000 0.800000
vt 0.540000 0.800000
vt 0.550000 0.800000
vt 0.560000 0.800000
vt 0.570000 0.800000
vt 0.580000 0.800000
vt 0.590000 0.800000
vt 0.600000 0.800000
vt 0.455000 0.900000
vt 0.450000 0.900000
vt 0.460000 0.900000
vt 0.465000 0.900000
vt 0.470000 0.900000
vt 0.475000 0.900000
vt 0.480000 0.900000
vt 0.485000 0.900000
vt 0.490000 0.900000
vt 0.495000 0.900000
vt 0.500000 0.900000
vt 0.505000 0.900000
vt 0.510000 0.900000
vt 0.515000 0.900000
vt 0.520000 0.900000
vt 0.525000 0.900000
vt 0.530000 0.900000
vt 0.535000 0.900000
vt 0.540000 0.900000
vt 0.545000 0.900000
vt 0.550000 0.900000
vt 0.737764 0.172746
vt 0.750000 0.250000
vt 0.737764 0.327254
vt 0.702254 0.396946
vt 0.646946 0.452254
vt 0.577254 0.487764
vt 0.500000 0.500000
vt 0.422746 0.487764
vt 0.353054 0.452254
vt 0.297746 0.396946
vt 0.262236 0.327254
vt 0.250000 0.250000
vt 0.262236 0.172746
vt 0.297746 0.103054
vt 0.353054 0.047746
vt 0.422746 0.012236
vt 0.500000 -0.000000
vt 0.577254 0.012236
vt 0.646946 0.047746
vt 0.702254 0.103054
vt 0.500000 1.000000
vt 0.250000 0.500000
vt 0.275000 0.500000
vt 0.320000 0.600000
vt 0.300000 0.600000
vt 0.300000 0.500000
vt 0.340000 0.600000
vt 0.325000 0.500000
vt 0.360000 0.600000
vt 0.350000 0.500000
vt 0.380000 0.600000
vt 0.375000 0.500000
vt 0.400000 0.600000
vt 0.400000 0.500000
vt 0.420000 0.600000
vt 0.425000 0.500000
vt 0.440000 0.600000
vt 0.450000 0.500000
vt 0.460000 0.600000
vt 0.475000 0.500000
vt 0.480000 0.600000
vt 0.500000 0.500000
vt 0.500000 0.600000
vt 0.525000 0.500000
vt 0.520000 0.600000
vt 0.550000 0.500000
vt 0.540000 0.600000
vt 0.575000 0.500000
vt 0.560000 0.600000
vt 0.600000 0.500000
vt 0.580000 0.600000
vt 0.625000 0.500000
vt 0.600000 0.600000
vt 0.650000 0.500000
vt 0.620000 0.600000
vt 0.675000 0.500000
vt 0.640000 0.600000
vt 0.700000 0.500000
vt 0.660000 0.600000
vt 0.725000 0.500000
vt 0.680000 0.600000
vt 0.750000 0.500000
vt 0.700000 0.600000
vt 0.365000 0.700000
vt 0.350000 0.700000
vt 0.380000 0.700000
vt 0.395000 0.700000
vt 0.410000 0.700000
vt 0.425000 0.700000
vt 0.440000 0.700000
vt 0.455000 0.700000
vt 0.470000 0.700000
vt 0.485000 0.700000
vt 0.500000 0.700000
vt 0.515000 0.700000
vt 0.530000 0.700000
vt 0.545000 0.700000
vt 0.560000 0.700000
vt 0.575000 0.700000
vt 0.590000 0.700000
vt 0.605000 0.700000
vt 0.620000 0.700000
vt 0.635000 0.700000
vt 0.650000 0.700000
vt 0.410000 0.800000
vt 0.400000 0.800000
vt 0.420000 0.800000
vt 0.430000 0.800000
vt 0.440000 0.800000
vt 0.450000 0.800000
vt 0.460000 0.800000
vt 0.470000 0.800000
vt 0.480000 0.800000
vt 0.490000 0.800000
vt 0.500000 0.800000
vt 0.510000 0.800000
vt 0.520000 0.800000
vt 0.530000 0.800000
vt 0.540000 0.800000
vt 0.550000 0.800000
vt 0.560000 0.800000
vt 0.570000 0.800000
vt 0.580000 0.800000
vt 0.590000 0.800000
vt 0.600000 0.800000
vt 0.455000 0.900000
vt 0.450000 0.900000
vt 0.460000 0.900000
vt 0.465000 0.900000
vt 0.470000 0.900000
vt 0.475000 0.900000
vt 0.480000 0.900000
vt 0.485000 0.900000
vt 0.490000 0.900000
vt 0.495000 0.900000
vt 0.500000 0.900000
vt 0.505000 0.900000
vt 0.510000 0.900000
vt 0.515000 0.900000
vt 0.520000 0.900000
vt 0.525000 0.900000
vt 0.530000 0.900000
vt 0.535000 0.900000
vt 0.540000 0.900000
vt 0.545000 0.900000
vt 0.550000 0.900000
vt 0.737764 0.172746
vt 0.750000 0.250000
vt 0.737764 0.327254
vt 0.702254 0.396946
vt 0.646946 0.452254
vt 0.577254 0.487764
vt 0.500000 0.500000
vt 0.422746 0.487764
vt 0.353054 0.452254
vt 0.297746 0.396946
vt 0.262236 0.327254
vt 0.250000 0.250000
vt 0.262236 0.172746
vt 0.297746 0.103054
vt 0.353054 0.047746
vt 0.422746 0.012236
vt 0.500000 -0.000000
vt 0.577254 0.012236
vt 0.646946 0.047746
vt 0.702254 0.103054
vt 0.500000 1.000000
vt 0.250000 0.500000
vt 0.275000 0.500000
vt 0.320000 0.600000
vt 0.300000 0.600000
vt 0.300000 0.500000
vt 0.340000 0.600000
vt 0.325000 0.500000
vt 0.360000 0.600000
vt 0.350000 0.500000
vt 0.380000 0.600000
vt 0.375000 0.500000
vt 0.400000 0.600000
vt 0.400000 0.500000
vt 0.420000 0.600000
vt 0.425000 0.500000
vt 0.440000 0.600000
vt 0.450000 0.500000
vt 0.460000 0.600000
vt 0.475000 0.500000
vt 0.480000 0.600000
vt 0.500000 0.500000
vt 0.500000 0.600000
vt 0.525000 0.500000
vt 0.520000 0.600000
vt 0.550000 0.500000
vt 0.540000 0.600000
vt 0.575000 0.500000
vt 0.560000 0.600000
vt 0.600000 0.500000
vt 0.580000 0.600000
vt 0.625000 0.500000
vt 0.600000 0.600000
vt 0.650000 0.500000
vt 0.620000 0.600000
vt 0.675000 0.500000
vt 0.640000 0.600000
vt 0.700000 0.500000
vt 0.660000 0.600000
vt 0.725000 0.500000
vt 0.680000 0.600000
vt 0.750000 0.500000
vt 0.700000 0.600000
vt 0.365000 0.700000
vt 0.350000 0.700000
vt 0.380000 0.700000
vt 0.395000 0.700000
vt 0.410000 0.700000
vt 0.425000 0.700000
vt 0.440000 0.700000
vt 0.455000 0.700000
vt 0.470000 0.700000
vt 0.485000 0.700000
vt 0.500000 0.700000
vt 0.515000 0.700000
vt 0.530000 0.700000
vt 0.545000 0.700000
vt 0.560000 0.700000
vt 0.575000 0.700000
vt 0.590000 0.700000
vt 0.605000 0.700000
vt 0.620000 0.700000
vt 0.635000 0.700000
vt 0.650000 0.700000
vt 0.410000 0.800000
vt 0.400000 0.800000
vt 0.420000 0.800000
vt 0.430000 0.800000
vt 0.440000 0.800000
vt 0.450000 0.800000
vt 0.460000 0.800000
vt 0.470000 0.800000
vt 0.480000 0.800000
vt 0.490000 0.800000
vt 0.500000 0.800000
vt 0.510000 0.800000
vt 0.520000 0.800000
vt 0.530000 0.800000
vt 0.540000 0.800000
vt 0.550000 0.800000
vt 0.560000 0.800000
vt 0.570000 0.800000
vt 0.580000 0.800000
vt 0.590000 0.800000
vt 0.600000 0.800000
vt 0.455000 0.900000
vt 0.450000 0.900000
vt 0.460000 0.900000
vt 0.465000 0.900000
vt 0.470000 0.900000
vt 0.475000 0.900000
vt 0.480000 0.900000
vt 0.485000 0.900000
vt 0.490000 0.900000
vt 0.495000 0.900000
vt 0.500000 0.900000
vt 0.505000 0.900000
vt 0.510000 0.900000
vt 0.515000 0.900000
vt 0.520000 0.900000
vt 0.525000 0.900000
vt 0.530000 0.900000
vt 0.535000 0.900000
vt 0.540000 0.900000
vt 0.545000 0.900000
vt 0.550000 0.900000
vt 0.737764 0.172746
vt 0.750000 0.250000
vt 0.737764 0.327254
vt 0.702254 0.396946
vt 0.646946 0.452254
vt 0.577254 0.487764
vt 0.500000 0.500000
vt 0.422746 0.487764
vt 0.353054 0.452254
vt 0.297746 0.396946
vt 0.262236 0.327254
vt 0.250000 0.250000
vt 0.262236 0.172746
vt 0.297746 0.103054
vt 0.353054 0.047746
vt 0.422746 0.012236
vt 0.500000 -0.000000
vt 0.577254 0.012236
vt 0.646946 0.047746
vt 0.702254 0.103054
vt 0.500000 1.000000
vt 0.250000 0.500000
vt 0.275000 0.500000
vt 0.320000 0.600000
vt 0.300000 0.600000
vt 0.300000 0.500000
vt 0.340000 0.600000
vt 0.325000 0.500000
vt 0.360000 0.600000
vt 0.350000 0.500000
vt 0.380000 0.600000
vt 0.375000 0.500000
vt 0.400000 0.600000
vt 0.400000 0.500000
vt 0.420000 0.600000
vt 0.425000 0.500000
vt 0.440000 0.600000
vt 0.450000 0.500000
vt 0.460000 0.600000
vt 0.475000 0.500000
vt 0.480000 0.600000
vt 0.500000 0.500000
vt 0.500000 0.600000
vt 0.525000 0.500000
vt 0.520000 0.600000
vt 0.550000 0.500000
vt 0.540000 0.600000
vt 0.575000 0.500000
vt 0.560000 0.600000
vt 0.600000 0.500000
vt 0.580000 0.600000
vt 0.625000 0.500000
vt 0.600000 0.600000
vt 0.650000 0.500000
vt 0.620000 0.600000
vt 0.675000 0.500000
vt 0.640000 0.600000
vt 0.700000 0.500000
vt 0.660000 0.600000
vt 0.725000 0.500000
vt 0.680000 0.600000
vt 0.750000 0.500000
vt 0.700000 0.600000
vt 0.365000 0.700000
vt 0.350000 0.700000
vt 0.380000 0.700000
vt 0.395000 0.700000
vt 0.410000 0.700000
vt 0.425000 0.700000
vt 0.440000 0.700000
vt 0.455000 0.700000
vt 0.470000 0.700000
vt 0.485000 0.700000
vt 0.500000 0.700000
vt 0.515000 0.700000
vt 0.530000 0.700000
vt 0.545000 0.700000
vt 0.560000 0.700000
vt 0.575000 0.700000
vt 0.590000 0.700000
vt 0.605000 0.700000
vt 0.620000 0.700000
vt 0.635000 0.700000
vt 0.650000 0.700000
vt 0.410000 0.800000
vt 0.400000 0.800000
vt 0.420000 0.800000
vt 0.430000 0.800000
vt 0.440000 0.800000
vt 0.450000 0.800000
vt 0.460000 0.800000
vt 0.470000 0.800000
vt 0.480000 0.800000
vt 0.490000 0.800000
vt 0.500000 0.800000
vt 0.510000 0.800000
vt 0.520000 0.800000
vt 0.530000 0.800000
vt 0.540000 0.800000
vt 0.550000 0.800000
vt 0.560000 0.800000
vt 0.570000 0.800000
vt 0.580000 0.800000
vt 0.590000 0.800000
vt 0.600000 0.800000
vt 0.455000 0.900000
vt 0.450000 0.900000
vt 0.460000 0.900000
vt 0.465000 0.900000
vt 0.470000 0.900000
vt 0.475000 0.900000
vt 0.480000 0.900000
vt 0.485000 0.900000
vt 0.490000 0.900000
vt 0.495000 0.900000
vt 0.500000 0.900000
vt 0.505000 0.900000
vt 0.510000 0.900000
vt 0.515000 0.900000
vt 0.520000 0.900000
vt 0.525000 0.900000
vt 0.530000 0.900000
vt 0.535000 0.900000
vt 0.540000 0.900000
vt 0.545000 0.900000
vt 0.550000 0.900000
vt 0.737764 0.172746
vt 0.750000 0.250000
vt 0.737764 0.327254
vt 0.702254 0.396946
vt 0.646946 0.452254
vt 0.577254 0.487764
vt 0.500000 0.500000
vt 0.422746 0.487764
vt 0.353054 0.452254
vt 0.297746 0.396946
vt 0.262236 0.327254
vt 0.250000 0.250000
vt 0.262236 0.172746
vt 0.297746 0.103054
vt 0.353054 0.047746
vt 0.422746 0.012236
vt 0.500000 -0.000000
vt 0.577254 0.012236
vt 0.646946 0.047746
vt 0.702254 0.103054
vt 0.500000 1.000000
vn 0.318370 0.000000 0.947966
vn 0.318370 0.000000 0.947966
vn 0.318370 0.000000 0.947966
vn 0.318370 0.000000 0.947966
vn 0.000000 1.000000 0.000000
vn 0.000000 1.000000 0.000000
vn 0.000000 1.000000 0.000000
vn 0.000000 1.000000 0.000000
vn -0.318370 0.000000 -0.947966
vn -0.318370 0.000000 -0.947966
vn -0.318370 0.000000 -0.947966
vn -0.318370 0.000000 -0.947966
vn 0.000000 -1.000000 0.000000
vn 0.000000 -1.000000 0.000000
vn 0.000000 -1.000000 0.000000
vn 0.000000 -1.000000 0.000000
vn 0.947966 0.000000 -0.318370
vn 0.947966 0.000000 -0.318370
vn 0.947966 0.000000 -0.318370
vn 0.947966 0.000000 -0.318370
vn -0.947966 0.000000 0.318370
vn -0.947966 0.000000 0.318370
vn -0.947966 0.000000 0.318370
vn -0.947966 0.000000 0.318370
vn -0.611291 0.311479 -0.727533
vn -0.766183 0.490203 0.415528
vn -0.761780 0.509262 0.400429
vn -0.607780 0.324789 -0.724649
vn 0.533581 0.636338 0.557104
vn 0.507191 0.685270 0.522649
vn 0.553212 0.391438 -0.735346
vn 0.539333 0.411865 -0.734498
vn -0.712646 0.612358 0.342277
vn -0.630664 0.226034 -0.742409
vn 0.362606 0.867206 0.341280
vn 0.484145 0.522771 -0.701651
vn -0.724054 0.445343 0.526703
vn -0.643333 0.151185 -0.750510
vn 0.456816 0.762431 0.458277
vn 0.653635 0.342213 -0.675020
vn -0.694574 0.318477 0.645089
vn -0.605809 0.332041 -0.723011
vn 0.647702 0.244642 0.721549
vn 0.755902 0.209899 -0.620124
vn -0.681432 0.262438 0.683211
vn -0.601935 0.345868 -0.719757
vn 0.658263 0.100962 0.745987
vn 0.787064 0.152512 -0.597721
vn -0.672552 0.281389 0.684466
vn -0.642056 0.159914 -0.749795
vn 0.644605 0.268027 0.715993
vn 0.788737 0.172002 -0.590178
vn -0.770058 0.311429 0.556797
vn -0.658709 -0.063166 -0.749742
vn 0.563262 0.571575 0.596689
vn 0.678088 0.203025 -0.706383
vn 0.082607 -0.980404 0.178839
vn 0.082607 -0.980404 0.178839
vn 0.082607 -0.980404 0.178839
vn 0.082607 -0.980404 0.178839
vn -0.995491 0.057200 -0.075675
vn -0.079135 0.462436 0.883114
vn 0.921812 0.387507 0.010014
vn 0.061722 -0.021937 -0.997852
vn 0.856403 0.377617 -0.352106
vn -0.304289 0.618268 -0.724674
vn -0.290466 0.634732 -0.716063
vn 0.853806 0.388961 -0.346012
vn -0.671610 0.460319 0.580558
vn -0.636516 0.508969 0.579481
vn 0.595221 0.003245 0.803556
vn 0.601144 0.025109 0.798746
vn -0.263968 0.712160 -0.650499
vn 0.869984 0.299942 -0.391360
vn -0.435764 0.716440 0.544814
vn 0.588621 0.129217 0.798015
vn -0.403348 0.568327 -0.717158
vn 0.875284 0.246952 -0.415804
vn -0.560179 0.599969 0.571171
vn 0.520113 -0.063073 0.851765
vn -0.486885 0.484568 -0.726730
vn 0.851522 0.398390 -0.340874
vn -0.840533 0.095688 0.533243
vn 0.456113 -0.160190 0.875386
vn -0.511785 0.449186 -0.732331
vn 0.849344 0.406973 -0.336137
vn -0.866466 -0.028806 0.498405
vn 0.435909 -0.198784 0.877763
vn -0.516718 0.461303 -0.721250
vn 0.875111 0.249350 -0.414737
vn -0.835314 0.114462 0.537726
vn 0.428400 -0.184906 0.884468
vn -0.405208 0.492942 -0.769945
vn 0.870695 0.060679 -0.488067
vn -0.712981 0.395661 0.578887
vn 0.536627 -0.151022 0.830195
vn -0.218937 -0.942999 -0.250637
vn -0.218937 -0.942999 -0.250637
vn -0.218937 -0.942999 -0.250637
vn -0.218937 -0.942999 -0.250637
vn 0.140907 0.343432 -0.928547
vn -0.822583 0.502361 -0.266440
vn -0.079013 -0.006044 0.996855
vn 0.908702 -0.181537 0.375905
vn 0.754402 0.393484 -0.525403
vn -0.407129 0.159169 -0.899395
vn -0.398316 0.180584 -0.899296
vn 0.748740 0.405305 -0.524515
vn -0.795951 0.479660 0.369308
vn -0.773999 0.530354 0.345904
vn 0.530178 0.488459 0.693051
vn 0.530759 0.506982 0.679164
vn -0.395518 0.282311 -0.873995
vn 0.788964 0.312546 -0.529009
vn -0.629289 0.746545 0.216024
vn 0.492897 0.594422 0.635385
vn -0.490989 0.094213 -0.866057
vn 0.808577 0.257328 -0.529136
vn -0.722242 0.625180 0.295833
vn 0.471276 0.432270 0.768792
vn -0.550508 -0.003600 -0.834822
vn 0.743909 0.415130 -0.523704
vn -0.866380 0.099709 0.489330
vn 0.432115 0.341609 0.834614
vn -0.565515 -0.043002 -0.823616
vn 0.739412 0.424074 -0.522906
vn -0.858684 -0.030016 0.511625
vn 0.422001 0.303926 0.854133
vn -0.573906 -0.028987 -0.818408
vn 0.807756 0.259828 -0.529169
vn -0.866232 0.119271 0.485198
vn 0.410927 0.316998 0.854782
vn -0.471175 0.005753 -0.882021
vn 0.854304 0.063230 -0.515914
vn -0.819856 0.412287 0.397310
vn 0.510235 0.350536 0.785356
vn 0.035785 -0.982624 0.182126
vn 0.035785 -0.982624 0.182126
vn 0.035785 -0.982624 0.182126
vn 0.035785 -0.982624 0.182126
vn 0.102912 -0.056186 -0.993102
vn -0.905239 0.122485 -0.406867
vn -0.130423 0.394686 0.909513
vn 0.902967 0.224887 0.366165
vn -0.212000 0.746048 -0.631243
vn -0.834125 0.451997 0.316125
vn -0.822997 0.476412 0.309366
vn -0.208498 0.755722 -0.620816
vn 0.293361 0.388510 0.873498
vn 0.285864 0.440205 0.851177
vn 0.855847 0.451997 -0.251445
vn 0.842896 0.476412 -0.250117
vn -0.737172 0.583535 0.340682
vn -0.232870 0.681901 -0.693385
vn 0.233125 0.681043 0.694143
vn 0.793372 0.583535 -0.173344
vn -0.862674 0.355896 0.359349
vn -0.256515 0.592306 -0.763789
vn 0.260750 0.573772 0.776399
vn 0.904700 0.355896 -0.234216
vn -0.887547 0.236626 0.395307
vn -0.209185 0.753849 -0.622859
vn 0.315762 -0.127733 0.940201
vn 0.946235 0.236626 -0.220561
vn -0.889941 0.152329 0.429884
vn -0.200180 0.777596 -0.596047
vn 0.301919 -0.317301 0.898980
vn 0.969015 0.152329 -0.194438
vn -0.873234 0.165178 0.458453
vn -0.251095 0.614793 -0.747650
vn 0.316219 -0.116070 0.941559
vn 0.972939 0.165178 -0.161576
vn -0.912953 0.252977 0.320187
vn -0.296664 0.362924 -0.883333
vn 0.303351 0.303526 0.903244
vn 0.921147 0.252977 -0.295787
vn -0.074769 -0.972032 -0.222630
vn -0.074769 -0.972032 -0.222630
vn -0.074769 -0.972032 -0.222630
vn -0.074769 -0.972032 -0.222630
vn -0.929103 0.278160 -0.243709
vn -0.515545 0.197138 0.833876
vn 0.914369 0.197138 0.353646
vn 0.593651 0.278160 -0.755119
vn 0.207630 0.758076 0.618231
vn 0.834810 0.450859 -0.315940
vn 0.823669 0.475852 -0.308439
vn 0.204077 0.767536 0.607652
vn -0.285879 0.440108 -0.851222
vn -0.277941 0.487699 -0.827586
vn -0.856281 0.450860 0.252006
vn -0.842871 0.475853 0.251262
vn 0.734722 0.586020 -0.341709
vn 0.228730 0.695590 0.681056
vn -0.222028 0.716691 -0.661103
vn -0.792038 0.586019 0.171047
vn 0.867816 0.352027 -0.350674
vn 0.255730 0.595646 0.761451
vn -0.248628 0.624605 -0.740306
vn -0.903563 0.352027 0.244236
vn 0.890885 0.243394 -0.383514
vn 0.205768 0.763071 0.612685
vn -0.316903 -0.095903 -0.943597
vn -0.941778 0.243394 0.231978
vn 0.892487 0.153673 -0.424089
vn 0.194729 0.791133 0.579818
vn -0.303354 -0.303490 -0.903255
vn -0.967547 0.153673 0.200595
vn 0.873895 0.167180 -0.456463
vn 0.248715 0.624262 0.740566
vn -0.317084 -0.089785 -0.944138
vn -0.972265 0.167180 0.163562
vn 0.915461 0.251731 -0.313948
vn 0.297896 0.352822 0.887003
vn -0.297598 0.355291 -0.886117
vn -0.919381 0.251731 0.302276
vn 0.070223 -0.975371 0.209094
vn 0.070223 -0.975371 0.209094
vn 0.070223 -0.975371 0.209094
vn 0.070223 -0.975371 0.209094
vn 0.940695 0.263875 0.213222
vn 0.541441 0.224013 -0.810346
vn -0.920812 0.224013 -0.319254
vn -0.621295 0.263874 0.737809
vn 0.903584 0.103210 0.415792
vn 0.527060 0.463834 -0.712085
vn 0.534676 0.478916 -0.696248
vn 0.901196 0.116002 0.417599
vn -0.687264 0.712736 -0.140274
vn -0.649301 0.751774 -0.115086
vn -0.206182 0.088729 0.974483
vn -0.192127 0.107105 0.975508
vn 0.528618 0.563625 -0.634736
vn 0.915552 0.017069 0.401836
vn -0.434132 0.900775 0.011598
vn -0.166377 0.208086 0.963856
vn 0.444385 0.437630 -0.781666
vn 0.919583 -0.040344 0.390820
vn -0.567139 0.821136 -0.063939
vn -0.308382 0.052537 0.949811
vn 0.372881 0.372054 -0.850021
vn 0.899082 0.126676 0.419053
vn -0.873681 0.387954 -0.293553
vn -0.395812 -0.021187 0.918087
vn 0.350238 0.341940 -0.872015
vn 0.897052 0.136427 0.420339
vn -0.904233 0.266206 -0.333913
vn -0.422283 -0.053259 0.904898
vn 0.343068 0.357168 -0.868755
vn 0.919470 -0.037768 0.391343
vn -0.867709 0.405866 -0.286973
vn -0.427353 -0.036956 0.903329
vn 0.457209 0.353270 -0.816187
vn 0.909541 -0.234211 0.343336
vn -0.732223 0.659051 -0.171759
vn -0.310535 -0.039486 0.949741
vn -0.254886 -0.914499 -0.314204
vn -0.254886 -0.914499 -0.314204
vn -0.254886 -0.914499 -0.314204
vn -0.254886 -0.914499 -0.314204
vn 0.862409 0.065479 -0.501959
vn -0.159957 0.569631 -0.806185
vn -0.766085 0.259553 0.588002
vn 0.236536 -0.254701 0.937645
vn 0.178089 0.399683 -0.899187
vn -0.852171 0.424390 -0.306100
vn -0.840559 0.444994 -0.308934
vn 0.177031 0.411940 -0.893849
vn -0.169662 0.487217 0.856641
vn -0.163164 0.542845 0.823830
vn 0.904513 0.424390 0.041819
vn 0.894858 0.444994 0.034773
vn -0.781120 0.548109 -0.299047
vn 0.184137 0.318911 -0.929726
vn -0.125849 0.761840 0.635422
vn 0.836137 0.548108 0.021259
vn -0.908932 0.366514 -0.198770
vn 0.187619 0.259632 -0.947307
vn -0.151548 0.625721 0.765184
vn 0.916080 0.366514 0.162682
vn -0.966263 0.229931 -0.116050
vn 0.176169 0.421618 -0.889496
vn -0.193305 0.100082 0.976021
vn 0.937553 0.229931 0.261010
vn -0.978738 0.178716 -0.100657
vn 0.175462 0.429354 -0.885928
vn -0.194192 -0.030352 0.980494
vn 0.943220 0.178716 0.279996
vn -0.976123 0.194892 -0.095918
vn 0.187452 0.262811 -0.946463
vn -0.192772 0.124386 0.973328
vn 0.938996 0.194892 0.283380
vn -0.941555 0.242607 -0.233701
vn 0.193877 0.064425 -0.978908
vn -0.176426 0.418760 0.890794
vn 0.959554 0.242607 0.142822
vn -0.011957 -0.998104 0.060372
vn -0.011957 -0.998104 0.060372
vn -0.011957 -0.998104 0.060372
vn -0.011957 -0.998104 0.060372
vn -0.553370 0.101732 -0.826699
vn -0.790620 0.307975 0.529218
vn 0.529219 0.307975 0.790619
vn 0.826700 0.101732 -0.553370
vn 0.678298 0.667582 0.306995
vn 0.534989 0.298855 -0.790236
vn 0.535642 0.325059 -0.779374
vn 0.670880 0.678134 0.300089
vn -0.656789 0.534498 -0.531922
vn -0.627380 0.578251 -0.521555
vn -0.422081 0.592271 0.686340
vn -0.407533 0.614215 0.675764
vn 0.467402 0.451999 -0.759758
vn 0.721169 0.598741 0.348460
vn -0.440080 0.782370 -0.440712
vn -0.396664 0.716902 0.573331
vn 0.520799 0.197649 -0.830484
vn 0.772299 0.491068 0.402997
vn -0.526039 0.701773 -0.480414
vn -0.481710 0.504994 0.716196
vn 0.498277 0.088648 -0.862474
vn 0.674417 0.673147 0.303373
vn -0.837092 0.020616 -0.546673
vn -0.538916 0.406627 0.737715
vn 0.458029 0.002749 -0.888933
vn 0.651124 0.704629 0.282019
vn -0.840840 -0.187642 -0.507719
vn -0.594653 0.325477 0.735155
vn 0.426498 0.021397 -0.904235
vn 0.759511 0.521638 0.388634
vn -0.836419 0.026675 -0.547441
vn -0.618332 0.341718 0.707739
vn 0.561161 0.088137 -0.823001
vn 0.835944 0.237945 0.494550
vn -0.702923 0.455646 -0.546155
vn -0.477264 0.406494 0.779090
vn -0.000643 -0.980902 0.194502
vn -0.000643 -0.980902 0.194502
vn -0.000643 -0.980902 0.194502
vn -0.000643 -0.980902 0.194502
vn 0.904104 0.065264 -0.422300
vn -0.034712 0.161172 -0.986316
vn -0.862271 0.414883 0.290450
vn 0.020098 0.336277 0.941549
vn -0.651204 0.560690 0.511430
vn 0.509448 0.595179 0.621470
vn 0.490635 0.615822 0.616474
vn -0.646756 0.572466 0.503974
vn 0.453711 0.641643 -0.618418
vn 0.423261 0.680807 -0.597789
vn -0.734650 0.280559 -0.617718
vn -0.735401 0.305770 -0.604723
vn 0.445336 0.722595 0.528708
vn -0.675735 0.484750 0.555338
vn 0.240480 0.855469 -0.458630
vn -0.677866 0.438549 -0.590061
vn 0.583088 0.514044 0.629100
vn -0.701162 0.368533 0.610373
vn 0.322406 0.788432 -0.523860
vn -0.720076 0.184487 -0.668921
vn 0.653554 0.422145 0.628220
vn -0.648883 0.566896 0.507524
vn 0.677193 0.155137 -0.719265
vn -0.694695 0.081186 -0.714708
vn 0.715132 0.348617 0.605849
vn -0.634668 0.602216 0.484286
vn 0.711426 -0.053163 -0.700747
vn -0.653253 0.002566 -0.757135
vn 0.729850 0.369259 0.575297
vn -0.695348 0.401252 0.596229
vn 0.675739 0.161106 -0.719320
vn -0.628329 0.025790 -0.777520
vn 0.603800 0.412022 0.682395
vn -0.714980 0.104405 0.691306
vn 0.503012 0.569957 -0.649714
vn -0.746052 0.070658 -0.662129
vn 0.147413 -0.983824 0.101788
vn 0.147413 -0.983824 0.101788
vn 0.147413 -0.983824 0.101788
vn 0.147413 -0.983824 0.101788
vn 0.168959 0.272464 0.947215
vn 0.859217 0.496977 0.121490
vn -0.216530 0.224931 -0.950011
vn -0.980161 -0.018137 -0.197370
vn 0.068048 0.354403 -0.932613
vn -0.947735 0.221758 -0.229395
vn -0.940740 0.242433 -0.237137
vn 0.066213 0.366577 -0.928029
vn -0.152064 0.524466 0.837742
vn -0.153605 0.574180 0.804191
vn 0.906497 0.421826 -0.018072
vn 0.897207 0.440742 -0.027670
vn -0.911408 0.342679 -0.227832
vn 0.080045 0.271281 -0.959166
vn -0.153173 0.783437 0.602300
vn 0.846102 0.532309 -0.027532
vn -0.976766 0.162127 -0.140151
vn 0.087683 0.214783 -0.972718
vn -0.155020 0.666596 0.729121
vn 0.926838 0.367522 0.076800
vn -0.995209 0.068000 -0.070255
vn 0.064670 0.376702 -0.924075
vn -0.127630 0.146792 0.980899
vn 0.948670 0.277737 0.151285
vn -0.998312 0.029458 -0.050051
vn 0.063252 0.385924 -0.920360
vn -0.114939 0.016136 0.993242
vn 0.955247 0.240241 0.172592
vn -0.998206 0.043867 -0.040760
vn 0.087348 0.217338 -0.972180
vn -0.129364 0.166427 0.977531
vn 0.950044 0.254076 0.181278
vn -0.984045 0.073062 -0.162225
vn 0.111358 0.017447 -0.993627
vn -0.149295 0.458112 0.876267
vn 0.957436 0.282544 0.059040
vn 0.093046 -0.988477 0.119398
vn 0.093046 -0.988477 0.119398
vn 0.093046 -0.988477 0.119398
vn 0.093046 -0.988477 0.119398
vn -0.730027 -0.027799 -0.682852
vn -0.860524 0.204828 0.466417
vn 0.672259 0.370214 0.641100
vn 0.852691 0.142973 -0.502472
vn 0.754402 0.393484 -0.525403
vn -0.407129 0.159170 -0.899395
vn -0.398316 0.180585 -0.899296
vn 0.748740 0.405305 -0.524515
vn -0.795950 0.479662 0.369307
vn -0.773998 0.530356 0.345904
vn 0.530178 0.488459 0.693051
vn 0.530759 0.506982 0.679164
vn -0.395518 0.282310 -0.873995
vn 0.788964 0.312546 -0.529010
vn -0.629289 0.746545 0.216025
vn 0.492897 0.594422 0.635385
vn -0.490989 0.094213 -0.866057
vn 0.808578 0.257328 -0.529136
vn -0.722242 0.625179 0.295832
vn 0.471276 0.432271 0.768792
vn -0.550508 -0.003601 -0.834822
vn 0.743909 0.415130 -0.523704
vn -0.866380 0.099709 0.489330
vn 0.432115 0.341608 0.834614
vn -0.565515 -0.043002 -0.823616
vn 0.739412 0.424074 -0.522906
vn -0.858684 -0.030016 0.511625
vn 0.422001 0.303926 0.854133
vn -0.573906 -0.028988 -0.818408
vn 0.807756 0.259828 -0.529169
vn -0.866232 0.119271 0.485198
vn 0.410927 0.316998 0.854782
vn -0.471175 0.005753 -0.882021
vn 0.854304 0.063230 -0.515914
vn -0.819856 0.412287 0.397310
vn 0.510235 0.350536 0.785356
vn 0.035785 -0.982624 0.182126
vn 0.035785 -0.982624 0.182126
vn 0.035785 -0.982624 0.182126
vn 0.035785 -0.982624 0.182126
vn 0.102911 -0.056186 -0.993102
vn -0.905239 0.122485 -0.406867
vn -0.130423 0.394686 0.909513
vn 0.902968 0.224884 0.366165
vn -0.291835 0.399682 -0.868957
vn -0.891700 0.424389 0.157372
vn -0.883027 0.444993 0.149147
vn -0.290103 0.411939 -0.863798
vn 0.278027 0.487216 0.827842
vn 0.267378 0.542844 0.796134
vn 0.805926 0.424389 -0.412768
vn 0.794047 0.444994 -0.414090
vn -0.826522 0.548107 0.128220
vn -0.301747 0.318911 -0.898468
vn 0.206229 0.761840 0.614060
vn 0.736363 0.548109 -0.396668
vn -0.887684 0.366515 0.278720
vn -0.307453 0.259632 -0.915458
vn 0.248343 0.625722 0.739458
vn 0.875970 0.366516 -0.313595
vn -0.896381 0.229931 0.378989
vn -0.288690 0.421619 -0.859591
vn 0.316772 0.100082 0.943207
vn 0.943428 0.229931 -0.238903
vn -0.899568 0.178716 0.398544
vn -0.287532 0.429354 -0.856143
vn 0.318224 -0.030352 0.947530
vn 0.957773 0.178716 -0.225236
vn -0.894946 0.194892 0.401360
vn -0.307179 0.262810 -0.914643
vn 0.315898 0.124386 0.940605
vn 0.955787 0.194891 -0.220201
vn -0.933345 0.242605 0.264595
vn -0.317709 0.064424 -0.945997
vn 0.289111 0.418760 0.860846
vn 0.903849 0.242606 -0.352419
vn 0.019594 -0.998104 0.058342
vn 0.019594 -0.998104 0.058342
vn 0.019594 -0.998104 0.058342
vn 0.019594 -0.998104 0.058342
vn -0.890790 0.101731 -0.442881
vn -0.423554 0.307973 0.851912
vn 0.851913 0.307973 0.423552
vn 0.442883 0.101733 -0.890789
vn 0.987575 -0.156850 -0.009730
vn 0.942248 -0.156832 0.295925
vn 0.325968 -0.939821 0.102374
vn 0.341649 -0.939822 -0.003366
vn 0.804686 -0.156829 0.572613
vn 0.278378 -0.939822 0.198093
vn 0.588352 -0.156835 0.793249
vn 0.203539 -0.939821 0.274423
vn 0.314431 -0.156835 0.936235
vn 0.108777 -0.939821 0.323890
vn 0.009729 -0.156834 0.987577
vn 0.003366 -0.939821 0.341651
vn -0.295927 -0.156822 0.942249
vn -0.102376 -0.939821 0.325970
vn -0.572614 -0.156837 0.804683
vn -0.198094 -0.939821 0.278378
vn -0.793247 -0.156852 0.588351
vn -0.274422 -0.939822 0.203539
vn -0.936235 -0.156839 0.314430
vn -0.323888 -0.939821 0.108777
vn -0.987576 -0.156844 0.009730
vn -0.341650 -0.939821 0.003366
vn -0.942249 -0.156834 -0.295924
vn -0.325970 -0.939821 -0.102375
vn -0.804686 -0.156827 -0.572613
vn -0.278379 -0.939821 -0.198094
vn -0.588352 -0.156837 -0.793249
vn -0.203538 -0.939822 -0.274420
vn -0.314430 -0.156835 -0.936235
vn -0.108777 -0.939820 -0.323891
vn -0.009729 -0.156831 -0.987577
vn -0.003366 -0.939821 -0.341651
vn 0.295926 -0.156825 -0.942249
vn 0.102375 -0.939822 -0.325967
vn 0.572611 -0.156838 -0.804685
vn 0.198094 -0.939821 -0.278380
vn 0.793248 -0.156844 -0.588352
vn 0.274423 -0.939821 -0.203539
vn 0.936233 -0.156847 -0.314432
vn 0.323888 -0.939821 -0.108777
vn 0.214491 -0.974400 0.067363
vn 0.224812 -0.974400 -0.002216
vn 0.183178 -0.974400 0.130350
vn 0.133932 -0.974400 0.180575
vn 0.071577 -0.974400 0.213125
vn 0.002215 -0.974400 0.224812
vn -0.067364 -0.974399 0.214494
vn -0.130349 -0.974400 0.183176
vn -0.180576 -0.974399 0.133933
vn -0.213125 -0.974400 0.071577
vn -0.224813 -0.974399 0.002215
vn -0.214492 -0.974400 -0.067363
vn -0.183178 -0.974400 -0.130350
vn -0.133931 -0.974400 -0.180573
vn -0.071577 -0.974399 -0.213126
vn -0.002215 -0.974400 -0.224812
vn 0.067364 -0.974400 -0.214493
vn 0.130349 -0.974400 -0.183176
vn 0.180577 -0.974400 -0.133932
vn 0.213125 -0.974400 -0.071577
vn 0.953722 0.026481 0.299522
vn 0.999601 0.026482 -0.009855
vn 0.814480 0.026481 0.579587
vn 0.595516 0.026481 0.802907
vn 0.318259 0.026481 0.947634
vn 0.009848 0.026481 0.999601
vn -0.299525 0.026481 0.953721
vn -0.579589 0.026481 0.814478
vn -0.802906 0.026481 0.595518
vn -0.947634 0.026481 0.318259
vn -0.999601 0.026481 0.009846
vn -0.953722 0.026481 -0.299521
vn -0.814480 0.026482 -0.579587
vn -0.595515 0.026481 -0.802908
vn -0.318259 0.026481 -0.947634
vn -0.009850 0.026482 -0.999601
vn 0.299525 0.026481 -0.953721
vn 0.579591 0.026480 -0.814477
vn 0.802911 0.026481 -0.595511
vn 0.947634 0.026482 -0.318259
vn 0.953680 -0.028083 0.299510
vn 0.999557 -0.028083 -0.009854
vn 0.814444 -0.028084 0.579562
vn 0.595491 -0.028085 0.802871
vn 0.318245 -0.028085 0.947592
vn 0.009847 -0.028082 0.999557
vn -0.299512 -0.028082 0.953679
vn -0.579564 -0.028084 0.814443
vn -0.802871 -0.028084 0.595490
vn -0.947592 -0.028085 0.318245
vn -0.999557 -0.028084 0.009847
vn -0.953680 -0.028084 -0.299508
vn -0.814444 -0.028082 -0.579562
vn -0.595489 -0.028082 -0.802873
vn -0.318245 -0.028085 -0.947592
vn -0.009850 -0.028084 -0.999557
vn 0.299512 -0.028084 -0.953679
vn 0.579565 -0.028084 -0.814442
vn 0.802875 -0.028084 -0.595485
vn 0.947592 -0.028084 -0.318245
vn 0.000000 1.000000 0.000000
vn 0.000000 1.000000 0.000000
vn 0.000000 1.000000 0.000000
vn 0.000000 1.000000 0.000000
vn 0.000000 1.000000 0.000000
vn 0.000000 1.000000 0.000000
vn 0.000000 1.000000 0.000000
vn 0.000000 1.000000 0.000000
vn 0.000000 1.000000 0.000000
vn 0.000000 1.000000 0.000000
vn 0.000000 1.000000 0.000000
vn 0.000000 1.000000 0.000000
vn 0.000000 1.000000 0.000000
vn 0.000000 1.000000 0.000000
vn 0.000000 1.000000 0.000000
vn 0.000000 1.000000 0.000000
vn 0.000000 1.000000 0.000000
vn 0.000000 1.000000 0.000000
vn 0.000000 1.000000 0.000000
vn 0.000000 1.000000 0.000000
vn -0.000001 -1.000000 -0.000002
vn 0.987575 -0.156850 -0.009730
vn 0.942248 -0.156832 0.295925
vn 0.325968 -0.939821 0.102375
vn 0.341649 -0.939821 -0.003366
vn 0.804686 -0.156829 0.572613
vn 0.278378 -0.939822 0.198093
vn 0.588353 -0.156834 0.793249
vn 0.203539 -0.939821 0.274422
vn 0.314431 -0.156834 0.936235
vn 0.108777 -0.939820 0.323891
vn 0.009730 -0.156834 0.987577
vn 0.003366 -0.939821 0.341650
vn -0.295926 -0.156830 0.942249
vn -0.102375 -0.939822 0.325967
vn -0.572614 -0.156843 0.804682
vn -0.198094 -0.939822 0.278378
vn -0.793247 -0.156852 0.588351
vn -0.274422 -0.939822 0.203539
vn -0.936235 -0.156839 0.314430
vn -0.323888 -0.939821 0.108777
vn -0.987576 -0.156844 0.009730
vn -0.341650 -0.939821 0.003366
vn -0.942249 -0.156829 -0.295924
vn -0.325968 -0.939822 -0.102374
vn -0.804687 -0.156822 -0.572614
vn -0.278377 -0.939822 -0.198092
vn -0.588352 -0.156836 -0.793249
vn -0.203538 -0.939822 -0.274420
vn -0.314431 -0.156835 -0.936235
vn -0.108778 -0.939820 -0.323891
vn -0.009729 -0.156832 -0.987577
vn -0.003366 -0.939821 -0.341651
vn 0.295926 -0.156835 -0.942248
vn 0.102374 -0.939822 -0.325966
vn 0.572610 -0.156848 -0.804684
vn 0.198094 -0.939821 -0.278379
vn 0.793248 -0.156844 -0.588352
vn 0.274423 -0.939821 -0.203540
vn 0.936233 -0.156847 -0.314432
vn 0.323888 -0.939821 -0.108777
vn 0.214491 -0.974400 0.067363
vn 0.224812 -0.974400 -0.002216
vn 0.183178 -0.974400 0.130350
vn 0.133932 -0.974400 0.180575
vn 0.071577 -0.974399 0.213125
vn 0.002215 -0.974400 0.224811
vn -0.067364 -0.974400 0.214493
vn -0.130349 -0.974400 0.183176
vn -0.180576 -0.974399 0.133934
vn -0.213124 -0.974400 0.071577
vn -0.224813 -0.974399 0.002215
vn -0.214490 -0.974400 -0.067362
vn -0.183176 -0.974400 -0.130349
vn -0.133931 -0.974400 -0.180573
vn -0.071577 -0.974399 -0.213126
vn -0.002215 -0.974400 -0.224812
vn 0.067364 -0.974400 -0.214493
vn 0.130349 -0.974400 -0.183176
vn 0.180577 -0.974400 -0.133932
vn 0.213124 -0.974400 -0.071577
vn 0.953722 0.026481 0.299521
vn 0.999601 0.026482 -0.009854
vn 0.814481 0.026481 0.579586
vn 0.595516 0.026481 0.802907
vn 0.318259 0.026481 0.947634
vn 0.009848 0.026481 0.999601
vn -0.299526 0.026481 0.953721
vn -0.579591 0.026481 0.814477
vn -0.802905 0.026481 0.595518
vn -0.947634 0.026481 0.318259
vn -0.999601 0.026481 0.009846
vn -0.953722 0.026481 -0.299522
vn -0.814479 0.026482 -0.579589
vn -0.595515 0.026481 -0.802908
vn -0.318259 0.026481 -0.947634
vn -0.009850 0.026482 -0.999601
vn 0.299523 0.026481 -0.953722
vn 0.579590 0.026481 -0.814478
vn 0.802911 0.026481 -0.595511
vn 0.947634 0.026482 -0.318259
vn 0.953680 -0.028083 0.299509
vn 0.999557 -0.028083 -0.009854
vn 0.814445 -0.028084 0.579561
vn 0.595491 -0.028085 0.802871
vn 0.318245 -0.028085 0.947592
vn 0.009847 -0.028082 0.999557
vn -0.299513 -0.028082 0.953679
vn -0.579565 -0.028084 0.814442
vn -0.802871 -0.028084 0.595491
vn -0.947592 -0.028085 0.318245
vn -0.999557 -0.028084 0.009847
vn -0.953680 -0.028084 -0.299509
vn -0.814443 -0.028082 -0.579563
vn -0.595489 -0.028082 -0.802873
vn -0.318245 -0.028085 -0.947592
vn -0.009850 -0.028084 -0.999557
vn 0.299510 -0.028084 -0.953680
vn 0.579564 -0.028084 -0.814443
vn 0.802876 -0.028084 -0.595485
vn 0.947592 -0.028084 -0.318245
vn 0.000000 1.000000 0.000000
vn 0.000000 1.000000 0.000000
vn 0.000000 1.000000 0.000000
vn 0.000000 1.000000 0.000000
vn 0.000000 1.000000 0.000000
vn 0.000000 1.000000 0.000000
vn 0.000000 1.000000 0.000000
vn 0.000000 1.000000 0.000000
vn 0.000000 1.000000 0.000000
vn 0.000000 1.000000 0.000000
vn 0.000000 1.000000 0.000000
vn 0.000000 1.000000 0.000000
vn 0.000000 1.000000 0.000000
vn 0.000000 1.000000 0.000000
vn 0.000000 1.000000 0.000000
vn 0.000000 1.000000 0.000000
vn 0.000000 1.000000 0.000000
vn 0.000000 1.000000 0.000000
vn 0.000000 1.000000 0.000000
vn 0.000000 1.000000 0.000000
vn -0.000001 -1.000000 -0.000002
vn 0.987576 -0.156839 -0.009730
vn 0.942247 -0.156837 0.295926
vn 0.325968 -0.939821 0.102375
vn 0.341650 -0.939821 -0.003366
vn 0.804686 -0.156834 0.572612
vn 0.278379 -0.939821 0.198094
vn 0.588353 -0.156835 0.793249
vn 0.203539 -0.939821 0.274423
vn 0.314431 -0.156833 0.936235
vn 0.108777 -0.939821 0.323888
vn 0.009729 -0.156834 0.987577
vn 0.003366 -0.939821 0.341650
vn -0.295927 -0.156830 0.942248
vn -0.102375 -0.939821 0.325969
vn -0.572613 -0.156831 0.804686
vn -0.198094 -0.939821 0.278380
vn -0.793249 -0.156834 0.588353
vn -0.274422 -0.939821 0.203539
vn -0.936236 -0.156831 0.314430
vn -0.323889 -0.939821 0.108777
vn -0.987577 -0.156834 0.009729
vn -0.341650 -0.939821 0.003366
vn -0.942248 -0.156833 -0.295927
vn -0.325969 -0.939821 -0.102375
vn -0.804685 -0.156832 -0.572613
vn -0.278379 -0.939821 -0.198094
vn -0.588353 -0.156835 -0.793249
vn -0.203539 -0.939821 -0.274422
vn -0.314431 -0.156834 -0.936235
vn -0.108777 -0.939821 -0.323889
vn -0.009729 -0.156835 -0.987577
vn -0.003366 -0.939821 -0.341650
vn 0.295927 -0.156834 -0.942248
vn 0.102375 -0.939821 -0.325969
vn 0.572611 -0.156833 -0.804686
vn 0.198094 -0.939821 -0.278379
vn 0.793248 -0.156834 -0.588354
vn 0.274423 -0.939821 -0.203539
vn 0.936235 -0.156834 -0.314431
vn 0.323889 -0.939821 -0.108777
vn 0.214493 -0.974400 0.067364
vn 0.224812 -0.974400 -0.002216
vn 0.183178 -0.974400 0.130349
vn 0.133932 -0.974400 0.180575
vn 0.071577 -0.974400 0.213124
vn 0.002215 -0.974400 0.224811
vn -0.067364 -0.974400 0.214493
vn -0.130349 -0.974400 0.183178
vn -0.180575 -0.974400 0.133932
vn -0.213124 -0.974400 0.071577
vn -0.224812 -0.974400 0.002215
vn -0.214493 -0.974400 -0.067364
vn -0.183178 -0.974400 -0.130349
vn -0.133932 -0.974400 -0.180575
vn -0.071577 -0.974400 -0.213125
vn -0.002215 -0.974400 -0.224811
vn 0.067364 -0.974400 -0.214493
vn 0.130349 -0.974400 -0.183178
vn 0.180575 -0.974400 -0.133932
vn 0.213124 -0.974400 -0.071577
vn 0.953721 0.026481 0.299527
vn 0.999601 0.026481 -0.009849
vn 0.814482 0.026481 0.579584
vn 0.595517 0.026481 0.802906
vn 0.318259 0.026481 0.947634
vn 0.009847 0.026481 0.999601
vn -0.299529 0.026481 0.953720
vn -0.579586 0.026481 0.814481
vn -0.802906 0.026481 0.595517
vn -0.947634 0.026481 0.318259
vn -0.999601 0.026481 0.009847
vn -0.953720 0.026481 -0.299527
vn -0.814481 0.026481 -0.579586
vn -0.595516 0.026481 -0.802907
vn -0.318259 0.026481 -0.947634
vn -0.009849 0.026481 -0.999601
vn 0.299526 0.026481 -0.953721
vn 0.579585 0.026481 -0.814482
vn 0.802907 0.026481 -0.595516
vn 0.947634 0.026481 -0.318260
vn 0.953679 -0.028084 0.299514
vn 0.999557 -0.028084 -0.009849
vn 0.814447 -0.028084 0.579558
vn 0.595492 -0.028084 0.802870
vn 0.318245 -0.028084 0.947592
vn 0.009845 -0.028084 0.999557
vn -0.299516 -0.028084 0.953678
vn -0.579561 -0.028084 0.814445
vn -0.802871 -0.028084 0.595492
vn -0.947592 -0.028084 0.318245
vn -0.999557 -0.028084 0.009846
vn -0.953678 -0.028084 -0.299514
vn -0.814445 -0.028084 -0.579560
vn -0.595490 -0.028084 -0.802872
vn -0.318245 -0.028084 -0.947592
vn -0.009848 -0.028084 -0.999557
vn 0.299514 -0.028084 -0.953679
vn 0.579559 -0.028084 -0.814446
vn 0.802871 -0.028084 -0.595490
vn 0.947592 -0.028084 -0.318245
vn -0.000000 1.000000 -0.000000
vn -0.000000 1.000000 -0.000000
vn -0.000000 1.000000 -0.000000
vn -0.000000 1.000000 -0.000000
vn -0.000000 1.000000 -0.000000
vn -0.000000 1.000000 -0.000000
vn -0.000000 1.000000 -0.000000
vn -0.000000 1.000000 -0.000000
vn -0.000000 1.000000 -0.000000
vn -0.000000 1.000000 -0.000000
vn -0.000000 1.000000 -0.000000
vn -0.000000 1.000000 -0.000000
vn -0.000000 1.000000 -0.000000
vn -0.000000 1.000000 -0.000000
vn -0.000000 1.000000 -0.000000
vn -0.000000 1.000000 -0.000000
vn -0.000000 1.000000 -0.000000
vn -0.000000 1.000000 -0.000000
vn -0.000000 1.000000 -0.000000
vn -0.000000 1.000000 -0.000000
vn 0.000004 -1.000000 0.000001
vn 0.987576 -0.156839 -0.009730
vn 0.942248 -0.156837 0.295926
vn 0.325968 -0.939821 0.102375
vn 0.341650 -0.939821 -0.003366
vn 0.804686 -0.156834 0.572611
vn 0.278379 -0.939821 0.198094
vn 0.588353 -0.156836 0.793249
vn 0.203539 -0.939821 0.274423
vn 0.314431 -0.156834 0.936235
vn 0.108776 -0.939821 0.323888
vn 0.009729 -0.156833 0.987577
vn 0.003366 -0.939821 0.341650
vn -0.295927 -0.156829 0.942248
vn -0.102375 -0.939821 0.325969
vn -0.572613 -0.156830 0.804686
vn -0.198094 -0.939821 0.278380
vn -0.793249 -0.156834 0.588353
vn -0.274422 -0.939821 0.203539
vn -0.936236 -0.156831 0.314430
vn -0.323888 -0.939821 0.108777
vn -0.987577 -0.156833 0.009729
vn -0.341650 -0.939821 0.003366
vn -0.942248 -0.156832 -0.295926
vn -0.325969 -0.939821 -0.102375
vn -0.804685 -0.156832 -0.572613
vn -0.278379 -0.939821 -0.198094
vn -0.588353 -0.156834 -0.793249
vn -0.203539 -0.939821 -0.274422
vn -0.314431 -0.156833 -0.936235
vn -0.108777 -0.939821 -0.323889
vn -0.009729 -0.156835 -0.987577
vn -0.003366 -0.939821 -0.341650
vn 0.295927 -0.156834 -0.942248
vn 0.102375 -0.939821 -0.325969
vn 0.572611 -0.156834 -0.804686
vn 0.198094 -0.939821 -0.278379
vn 0.793248 -0.156834 -0.588354
vn 0.274423 -0.939821 -0.203539
vn 0.936235 -0.156834 -0.314431
vn 0.323889 -0.939821 -0.108777
vn 0.214493 -0.974400 0.067364
vn 0.224811 -0.974400 -0.002215
vn 0.183178 -0.974400 0.130349
vn 0.133932 -0.974400 0.180576
vn 0.071577 -0.974400 0.213124
vn 0.002215 -0.974400 0.224811
vn -0.067364 -0.974400 0.214493
vn -0.130349 -0.974400 0.183178
vn -0.180575 -0.974400 0.133932
vn -0.213124 -0.974400 0.071577
vn -0.224812 -0.974400 0.002215
vn -0.214493 -0.974400 -0.067364
vn -0.183178 -0.974400 -0.130349
vn -0.133932 -0.974400 -0.180575
vn -0.071577 -0.974400 -0.213125
vn -0.002215 -0.974400 -0.224811
vn 0.067364 -0.974400 -0.214493
vn 0.130349 -0.974400 -0.183178
vn 0.180576 -0.974400 -0.133932
vn 0.213124 -0.974400 -0.071577
vn 0.953720 0.026481 0.299528
vn 0.999601 0.026481 -0.009850
vn 0.814481 0.026481 0.579585
vn 0.595517 0.026481 0.802906
vn 0.318259 0.026481 0.947634
vn 0.009847 0.026481 0.999601
vn -0.299528 0.026481 0.953720
vn -0.579585 0.026481 0.814481
vn -0.802906 0.026481 0.595517
vn -0.947634 0.026481 0.318259
vn -0.999601 0.026481 0.009847
vn -0.953721 0.026481 -0.299526
vn -0.814482 0.026481 -0.579585
vn -0.595516 0.026481 -0.802907
vn -0.318259 0.026481 -0.947634
vn -0.009849 0.026481 -0.999601
vn 0.299528 0.026481 -0.953720
vn 0.579586 0.026481 -0.814481
vn 0.802906 0.026481 -0.595517
vn 0.947634 0.026481 -0.318260
vn 0.953678 -0.028084 0.299515
vn 0.999557 -0.028084 -0.009849
vn 0.814446 -0.028084 0.579559
vn 0.595492 -0.028084 0.802870
vn 0.318245 -0.028084 0.947592
vn 0.009845 -0.028084 0.999557
vn -0.299515 -0.028084 0.953678
vn -0.579560 -0.028084 0.814446
vn -0.802871 -0.028084 0.595491
vn -0.947592 -0.028084 0.318245
vn -0.999557 -0.028084 0.009846
vn -0.953679 -0.028084 -0.299513
vn -0.814446 -0.028084 -0.579559
vn -0.595490 -0.028084 -0.802872
vn -0.318245 -0.028084 -0.947592
vn -0.009848 -0.028084 -0.999557
vn 0.299515 -0.028084 -0.953678
vn 0.579560 -0.028084 -0.814445
vn 0.802871 -0.028084 -0.595491
vn 0.947592 -0.028084 -0.318245
vn -0.000000 1.000000 -0.000000
vn -0.000000 1.000000 -0.000000
vn -0.000000 1.000000 -0.000000
vn -0.000000 1.000000 -0.000000
vn -0.000000 1.000000 -0.000000
vn -0.000000 1.000000 -0.000000
vn -0.000000 1.000000 -0.000000
vn -0.000000 1.000000 -0.000000
vn -0.000000 1.000000 -0.000000
vn -0.000000 1.000000 -0.000000
vn -0.000000 1.000000 -0.000000
vn -0.000000 1.000000 -0.000000
vn -0.000000 1.000000 -0.000000
vn -0.000000 1.000000 -0.000000
vn -0.000000 1.000000 -0.000000
vn -0.000000 1.000000 -0.000000
vn -0.000000 1.000000 -0.000000
vn -0.000000 1.000000 -0.000000
vn -0.000000 1.000000 -0.000000
vn -0.000000 1.000000 -0.000000
vn 0.000004 -1.000000 0.000001
vn 0.987576 -0.156842 -0.009730
vn 0.942246 -0.156848 0.295924
vn 0.325968 -0.939822 0.102375
vn 0.341649 -0.939822 -0.003366
vn 0.804684 -0.156840 0.572612
vn 0.278381 -0.939820 0.198095
vn 0.588353 -0.156835 0.793249
vn 0.203540 -0.939821 0.274424
vn 0.314431 -0.156833 0.936235
vn 0.108776 -0.939821 0.323889
vn 0.009730 -0.156825 0.987578
vn 0.003366 -0.939821 0.341649
vn -0.295926 -0.156837 0.942247
vn -0.102375 -0.939821 0.325970
vn -0.572613 -0.156855 0.804681
vn -0.198094 -0.939822 0.278378
vn -0.793248 -0.156840 0.588352
vn -0.274422 -0.939822 0.203539
vn -0.936237 -0.156827 0.314431
vn -0.323890 -0.939821 0.108777
vn -0.987577 -0.156836 0.009730
vn -0.341650 -0.939821 0.003366
vn -0.942248 -0.156837 -0.295924
vn -0.325968 -0.939822 -0.102374
vn -0.804685 -0.156832 -0.572613
vn -0.278379 -0.939821 -0.198094
vn -0.588353 -0.156833 -0.793249
vn -0.203539 -0.939821 -0.274422
vn -0.314431 -0.156831 -0.936236
vn -0.108776 -0.939822 -0.323887
vn -0.009729 -0.156839 -0.987576
vn -0.003366 -0.939821 -0.341650
vn 0.295925 -0.156844 -0.942246
vn 0.102375 -0.939821 -0.325970
vn 0.572611 -0.156842 -0.804685
vn 0.198093 -0.939822 -0.278378
vn 0.793248 -0.156844 -0.588352
vn 0.274421 -0.939822 -0.203538
vn 0.936234 -0.156839 -0.314432
vn 0.323888 -0.939821 -0.108777
vn 0.214492 -0.974400 0.067363
vn 0.224812 -0.974400 -0.002216
vn 0.183180 -0.974399 0.130351
vn 0.133932 -0.974400 0.180575
vn 0.071576 -0.974400 0.213123
vn 0.002215 -0.974400 0.224810
vn -0.067364 -0.974399 0.214495
vn -0.130350 -0.974400 0.183177
vn -0.180576 -0.974400 0.133933
vn -0.213125 -0.974400 0.071577
vn -0.224813 -0.974400 0.002215
vn -0.214491 -0.974400 -0.067363
vn -0.183179 -0.974399 -0.130351
vn -0.133932 -0.974400 -0.180574
vn -0.071576 -0.974400 -0.213122
vn -0.002215 -0.974400 -0.224811
vn 0.067365 -0.974399 -0.214496
vn 0.130348 -0.974401 -0.183175
vn 0.180575 -0.974400 -0.133931
vn 0.213124 -0.974400 -0.071577
vn 0.953722 0.026481 0.299521
vn 0.999601 0.026482 -0.009854
vn 0.814481 0.026481 0.579586
vn 0.595516 0.026480 0.802907
vn 0.318259 0.026481 0.947634
vn 0.009848 0.026481 0.999601
vn -0.299526 0.026481 0.953721
vn -0.579591 0.026480 0.814477
vn -0.802905 0.026481 0.595518
vn -0.947634 0.026481 0.318259
vn -0.999601 0.026480 0.009846
vn -0.953722 0.026480 -0.299522
vn -0.814479 0.026481 -0.579589
vn -0.595515 0.026481 -0.802908
vn -0.318259 0.026481 -0.947634
vn -0.009850 0.026481 -0.999601
vn 0.299523 0.026481 -0.953722
vn 0.579590 0.026480 -0.814478
vn 0.802911 0.026481 -0.595511
vn 0.947634 0.026481 -0.318259
vn 0.953680 -0.028085 0.299509
vn 0.999557 -0.028085 -0.009854
vn 0.814445 -0.028084 0.579561
vn 0.595491 -0.028085 0.802871
vn 0.318245 -0.028084 0.947592
vn 0.009847 -0.028084 0.999557
vn -0.299513 -0.028086 0.953679
vn -0.579565 -0.028086 0.814442
vn -0.802871 -0.028083 0.595491
vn -0.947593 -0.028083 0.318245
vn -0.999557 -0.028084 0.009847
vn -0.953680 -0.028086 -0.299510
vn -0.814444 -0.028085 -0.579563
vn -0.595489 -0.028082 -0.802873
vn -0.318245 -0.028085 -0.947592
vn -0.009850 -0.028086 -0.999557
vn 0.299510 -0.028084 -0.953680
vn 0.579564 -0.028085 -0.814443
vn 0.802876 -0.028085 -0.595485
vn 0.947592 -0.028084 -0.318245
vn 0.000000 1.000000 0.000000
vn 0.000000 1.000000 0.000000
vn 0.000000 1.000000 0.000000
vn 0.000000 1.000000 0.000000
vn 0.000000 1.000000 0.000000
vn 0.000000 1.000000 0.000000
vn 0.000000 1.000000 0.000000
vn 0.000000 1.000000 0.000000
vn 0.000000 1.000000 0.000000
vn 0.000000 1.000000 0.000000
vn 0.000000 1.000000 0.000000
vn 0.000000 1.000000 0.000000
vn 0.000000 1.000000 0.000000
vn 0.000000 1.000000 0.000000
vn 0.000000 1.000000 0.000000
vn 0.000000 1.000000 0.000000
vn 0.000000 1.000000 0.000000
vn 0.000000 1.000000 0.000000
vn 0.000000 1.000000 0.000000
vn 0.000000 1.000000 0.000000
vn -0.000001 -1.000000 -0.000004
vn 0.987576 -0.156842 -0.009730
vn 0.942246 -0.156848 0.295924
vn 0.325968 -0.939821 0.102374
vn 0.341649 -0.939822 -0.003366
vn 0.804685 -0.156840 0.572611
vn 0.278382 -0.939820 0.198096
vn 0.588352 -0.156835 0.793249
vn 0.203539 -0.939821 0.274422
vn 0.314431 -0.156835 0.936235
vn 0.108776 -0.939822 0.323886
vn 0.009729 -0.156835 0.987577
vn 0.003366 -0.939821 0.341651
vn -0.295926 -0.156841 0.942247
vn -0.102376 -0.939820 0.325971
vn -0.572613 -0.156852 0.804681
vn -0.198094 -0.939821 0.278378
vn -0.793248 -0.156840 0.588352
vn -0.274422 -0.939822 0.203539
vn -0.936237 -0.156827 0.314431
vn -0.323890 -0.939821 0.108777
vn -0.987577 -0.156836 0.009730
vn -0.341649 -0.939822 0.003366
vn -0.942248 -0.156839 -0.295924
vn -0.325967 -0.939822 -0.102374
vn -0.804685 -0.156835 -0.572613
vn -0.278380 -0.939821 -0.198095
vn -0.588353 -0.156832 -0.793249
vn -0.203539 -0.939821 -0.274422
vn -0.314431 -0.156829 -0.936236
vn -0.108776 -0.939822 -0.323887
vn -0.009729 -0.156838 -0.987576
vn -0.003366 -0.939821 -0.341650
vn 0.295925 -0.156844 -0.942246
vn 0.102375 -0.939821 -0.325970
vn 0.572610 -0.156852 -0.804684
vn 0.198093 -0.939822 -0.278378
vn 0.793246 -0.156854 -0.588351
vn 0.274421 -0.939822 -0.203538
vn 0.936234 -0.156839 -0.314432
vn 0.323888 -0.939821 -0.108777
vn 0.214492 -0.974400 0.067363
vn 0.224811 -0.974400 -0.002216
vn 0.183181 -0.974399 0.130352
vn 0.133931 -0.974400 0.180574
vn 0.071576 -0.974400 0.213122
vn 0.002215 -0.974400 0.224812
vn -0.067365 -0.974399 0.214496
vn -0.130349 -0.974400 0.183176
vn -0.180575 -0.974400 0.133933
vn -0.213125 -0.974400 0.071577
vn -0.224812 -0.974400 0.002215
vn -0.214491 -0.974400 -0.067363
vn -0.183179 -0.974399 -0.130351
vn -0.133932 -0.974400 -0.180574
vn -0.071576 -0.974400 -0.213122
vn -0.002215 -0.974400 -0.224811
vn 0.067365 -0.974399 -0.214496
vn 0.130349 -0.974400 -0.183175
vn 0.180576 -0.974400 -0.133931
vn 0.213124 -0.974400 -0.071577
vn 0.953722 0.026481 0.299522
vn 0.999601 0.026482 -0.009855
vn 0.814480 0.026481 0.579587
vn 0.595516 0.026480 0.802907
vn 0.318259 0.026481 0.947634
vn 0.009848 0.026481 0.999601
vn -0.299525 0.026481 0.953721
vn -0.579589 0.026481 0.814478
vn -0.802906 0.026481 0.595518
vn -0.947634 0.026481 0.318259
vn -0.999601 0.026480 0.009846
vn -0.953722 0.026480 -0.299521
vn -0.814480 0.026481 -0.579587
vn -0.595515 0.026481 -0.802908
vn -0.318259 0.026481 -0.947634
vn -0.009850 0.026481 -0.999601
vn 0.299525 0.026481 -0.953721
vn 0.579591 0.026480 -0.814477
vn 0.802911 0.026481 -0.595511
vn 0.947634 0.026481 -0.318259
vn 0.953680 -0.028085 0.299510
vn 0.999557 -0.028085 -0.009854
vn 0.814444 -0.028084 0.579562
vn 0.595491 -0.028085 0.802871
vn 0.318245 -0.028084 0.947592
vn 0.009847 -0.028084 0.999557
vn -0.299512 -0.028086 0.953679
vn -0.579564 -0.028086 0.814443
vn -0.802871 -0.028083 0.595491
vn -0.947593 -0.028083 0.318245
vn -0.999557 -0.028084 0.009847
vn -0.953680 -0.028086 -0.299509
vn -0.814444 -0.028085 -0.579562
vn -0.595489 -0.028082 -0.802873
vn -0.318245 -0.028085 -0.947592
vn -0.009850 -0.028086 -0.999557
vn 0.299512 -0.028084 -0.953679
vn 0.579565 -0.028085 -0.814442
vn 0.802875 -0.028085 -0.595485
vn 0.947592 -0.028084 -0.318245
vn 0.000000 1.000000 0.000000
vn 0.000000 1.000000 0.000000
vn 0.000000 1.000000 0.000000
vn 0.000000 1.000000 0.000000
vn 0.000000 1.000000 0.000000
vn 0.000000 1.000000 0.000000
vn 0.000000 1.000000 0.000000
vn 0.000000 1.000000 0.000000
vn 0.000000 1.000000 0.000000
vn 0.000000 1.000000 0.000000
vn 0.000000 1.000000 0.000000
vn 0.000000 1.000000 0.000000
vn 0.000000 1.000000 0.000000
vn 0.000000 1.000000 0.000000
vn 0.000000 1.000000 0.000000
vn 0.000000 1.000000 0.000000
vn 0.000000 1.000000 0.000000
vn 0.000000 1.000000 0.000000
vn 0.000000 1.000000 0.000000
vn 0.000000 1.000000 0.000000
vn -0.000001 -1.000000 -0.000004
s off
g Board
usemtl initialShadingGroup
f 1/1/1 2/2/2 4/4/3 3/3/4
f 3/3/5 4/4/6 6/6/7 5/5/8
f 5/5/9 6/6/10 8/8/11 7/7/12
f 7/7/13 8/8/14 2/10/15 1/9/16
f 2/2/17 8/11/18 6/12/19 4/4/20
f 7/13/21 1/1/22 3/3/23 5/14/24
s 1
f 9/15/25 10/16/26 14/17/27 13/18/28
f 10/16/26 11/19/29 15/20/30 14/17/27
f 11/19/29 12/21/31 16/22/32 15/20/30
f 12/21/31 9/23/25 13/24/28 16/22/32
f 13/18/28 14/17/27 18/25/33 17/26/34
f 14/17/27 15/20/30 19/27/35 18/25/33
f 15/20/30 16/22/32 20/28/36 19/27/35
f 16/22/32 13/24/28 17/29/34 20/28/36
f 17/26/34 18/25/33 22/30/37 21/31/38
f 18/25/33 19/27/35 23/32/39 22/30/37
f 19/27/35 20/28/36 24/33/40 23/32/39
f 20/28/36 17/29/34 21/34/38 24/33/40
f 21/31/38 22/30/37 26/35/41 25/36/42
f 22/30/37 23/32/39 27/37/43 26/35/41
f 23/32/39 24/33/40 28/38/44 27/37/43
f 24/33/40 21/34/38 25/39/42 28/38/44
f 25/36/42 26/35/41 30/40/45 29/41/46
f 26/35/41 27/37/43 31/42/47 30/40/45
f 27/37/43 28/38/44 32/43/48 31/42/47
f 28/38/44 25/39/42 29/44/46 32/43/48
f 29/41/46 30/40/45 34/45/49 33/46/50
f 30/40/45 31/42/47 35/47/51 34/45/49
f 31/42/47 32/43/48 36/48/52 35/47/51
f 32/43/48 29/44/46 33/49/50 36/48/52
f 33/46/50 34/45/49 38/50/53 37/51/54
f 34/45/49 35/47/51 39/52/55 38/50/53
f 35/47/51 36/48/52 40/53/56 39/52/55
f 36/48/52 33/49/50 37/54/54 40/53/56
s off
f 9/55/57 12/56/58 11/57/59 10/58/60
s 1
f 37/51/54 38/50/53 41/59/61
f 38/50/53 39/52/55 41/59/62
f 39/52/55 40/53/56 41/59/63
f 40/53/56 37/54/54 41/59/64
s 2
f 42/60/65 43/61/66 47/62/67 46/63/68
f 43/61/66 44/64/69 48/65/70 47/62/67
f 44/64/69 45/66/71 49/67/72 48/65/70
f 45/66/71 42/68/65 46/69/68 49/67/72
f 46/63/68 47/62/67 51/70/73 50/71/74
f 47/62/67 48/65/70 52/72/75 51/70/73
f 48/65/70 49/67/72 53/73/76 52/72/75
f 49/67/72 46/69/68 50/74/74 53/73/76
f 50/71/74 51/70/73 55/75/77 54/76/78
f 51/70/73 52/72/75 56/77/79 55/75/77
f 52/72/75 53/73/76 57/78/80 56/77/79
f 53/73/76 50/74/74 54/79/78 57/78/80
f 54/76/78 55/75/77 59/80/81 58/81/82
f 55/75/77 56/77/79 60/82/83 59/80/81
f 56/77/79 57/78/80 61/83/84 60/82/83
f 57/78/80 54/79/78 58/84/82 61/83/84
f 58/81/82 59/80/81 63/85/85 62/86/86
f 59/80/81 60/82/83 64/87/87 63/85/85
f 60/82/83 61/83/84 65/88/88 64/87/87
f 61/83/84 58/84/82 62/89/86 65/88/88
f 62/86/86 63/85/85 67/90/89 66/91/90
f 63/85/85 64/87/87 68/92/91 67/90/89
f 64/87/87 65/88/88 69/93/92 68/92/91
f 65/88/88 62/89/86 66/94/90 69/93/92
f 66/91/90 67/90/89 71/95/93 70/96/94
f 67/90/89 68/92/91 72/97/95 71/95/93
f 68/92/91 69/93/92 73/98/96 72/97/95
f 69/93/92 66/94/90 70/99/94 73/98/96
s off
f 42/100/97 45/101/98 44/102/99 43/103/100
s 2
f 70/96/94 71/95/93 74/104/101
f 71/95/93 72/97/95 74/104/102
f 72/97/95 73/98/96 74/104/103
f 73/98/96 70/99/94 74/104/104
s 3
f 75/105/105 76/106/106 80/107/107 79/108/108
f 76/106/106 77/109/109 81/110/110 80/107/107
f 77/109/109 78/111/111 82/112/112 81/110/110
f 78/111/111 75/113/105 79/114/108 82/112/112
f 79/108/108 80/107/107 84/115/113 83/116/114
f 80/107/107 81/110/110 85/117/115 84/115/113
f 81/110/110 82/112/112 86/118/116 85/117/115
f 82/112/112 79/114/108 83/119/114 86/118/116
f 83/116/114 84/115/113 88/120/117 87/121/118
f 84/115/113 85/117/115 89/122/119 88/120/117
f 85/117/115 86/118/116 90/123/120 89/122/119
f 86/118/116 83/119/114 87/124/118 90/123/120
f 87/121/118 88/120/117 92/125/121 91/126/122
f 88/120/117 89/122/119 93/127/123 92/125/121
f 89/122/119 90/123/120 94/128/124 93/127/123
f 90/123/120 87/124/118 91/129/122 94/128/124
f 91/126/122 92/125/121 96/130/125 95/131/126
f 92/125/121 93/127/123 97/132/127 96/130/125
f 93/127/123 94/128/124 98/133/128 97/132/127
f 94/128/124 91/129/122 95/134/126 98/133/128
f 95/131/126 96/130/125 100/135/129 99/136/130
f 96/130/125 97/132/127 101/137/131 100/135/129
f 97/132/127 98/133/128 102/138/132 101/137/131
f 98/133/128 95/134/126 99/139/130 102/138/132
f 99/136/130 100/135/129 104/140/133 103/141/134
f 100/135/129 101/137/131 105/142/135 104/140/133
f 101/137/131 102/138/132 106/143/136 105/142/135
f 102/138/132 99/139/130 103/144/134 106/143/136
s off
f 75/145/137 78/146/138 77/147/139 76/148/140
s 3
f 103/141/134 104/140/133 107/149/141
f 104/140/133 105/142/135 107/149/142
f 105/142/135 106/143/136 107/149/143
f 106/143/136 103/144/134 107/149/144
s 4
f 108/150/145 109/151/146 113/152/147 112/153/148
f 109/151/146 110/154/149 114/155/150 113/152/147
f 110/154/149 111/156/151 115/157/152 114/155/150
f 111/156/151 108/158/145 112/159/148 115/157/152
f 112/153/148 113/152/147 117/160/153 116/161/154
f 113/152/147 114/155/150 118/162/155 117/160/153
f 114/155/150 115/157/152 119/163/156 118/162/155
f 115/157/152 112/159/148 116/164/154 119/163/156
f 116/161/154 117/160/153 121/165/157 120/166/158
f 117/160/153 118/162/155 122/167/159 121/165/157
f 118/162/155 119/163/156 123/168/160 122/167/159
f 119/163/156 116/164/154 120/169/158 123/168/160
f 120/166/158 121/165/157 125/170/161 124/171/162
f 121/165/157 122/167/159 126/172/163 125/170/161
f 122/167/159 123/168/160 127/173/164 126/172/163
f 123/168/160 120/169/158 124/174/162 127/173/164
f 124/171/162 125/170/161 129/175/165 128/176/166
f 125/170/161 126/172/163 130/177/167 129/175/165
f 126/172/163 127/173/164 131/178/168 130/177/167
f 127/173/164 124/174/162 128/179/166 131/178/168
f 128/176/166 129/175/165 133/180/169 132/181/170
f 129/175/165 130/177/167 134/182/171 133/180/169
f 130/177/167 131/178/168 135/183/172 134/182/171
f 131/178/168 128/179/166 132/184/170 135/183/172
f 132/181/170 133/180/169 137/185/173 136/186/174
f 133/180/169 134/182/171 138/187/175 137/185/173
f 134/182/171 135/183/172 139/188/176 138/187/175
f 135/183/172 132/184/170 136/189/174 139/188/176
s off
f 108/190/177 111/191/178 110/192/179 109/193/180
s 4
f 136/186/174 137/185/173 140/194/181
f 137/185/173 138/187/175 140/194/182
f 138/187/175 139/188/176 140/194/183
f 139/188/176 136/189/174 140/194/184
s 5
f 141/195/185 142/196/186 146/197/187 145/198/188
f 142/196/186 143/199/189 147/200/190 146/197/187
f 143/199/189 144/201/191 148/202/192 147/200/190
f 144/201/191 141/203/185 145/204/188 148/202/192
f 145/198/188 146/197/187 150/205/193 149/206/194
f 146/197/187 147/200/190 151/207/195 150/205/193
f 147/200/190 148/202/192 152/208/196 151/207/195
f 148/202/192 145/204/188 149/209/194 152/208/196
f 149/206/194 150/205/193 154/210/197 153/211/198
f 150/205/193 151/207/195 155/212/199 154/210/197
f 151/207/195 152/208/196 156/213/200 155/212/199
f 152/208/196 149/209/194 153/214/198 156/213/200
f 153/211/198 154/210/197 158/215/201 157/216/202
f 154/210/197 155/212/199 159/217/203 158/215/201
f 155/212/199 156/213/200 160/218/204 159/217/203
f 156/213/200 153/214/198 157/219/202 160/218/204
f 157/216/202 158/215/201 162/220/205 161/221/206
f 158/215/201 159/217/203 163/222/207 162/220/205
f 159/217/203 160/218/204 164/223/208 163/222/207
f 160/218/204 157/219/202 161/224/206 164/223/208
f 161/221/206 162/220/205 166/225/209 165/226/210
f 162/220/205 163/222/207 167/227/211 166/225/209
f 163/222/207 164/223/208 168/228/212 167/227/211
f 164/223/208 161/224/206 165/229/210 168/228/212
f 165/226/210 166/225/209 170/230/213 169/231/214
f 166/225/209 167/227/211 171/232/215 170/230/213
f 167/227/211 168/228/212 172/233/216 171/232/215
f 168/228/212 165/229/210 169/234/214 172/233/216
s off
f 141/235/217 144/236/218 143/237/219 142/238/220
s 5
f 169/231/214 170/230/213 173/239/221
f 170/230/213 171/232/215 173/239/222
f 171/232/215 172/233/216 173/239/223
f 172/233/216 169/234/214 173/239/224
s 6
f 174/240/225 175/241/226 179/242/227 178/243/228
f 175/241/226 176/244/229 180/245/230 179/242/227
f 176/244/229 177/246/231 181/247/232 180/245/230
f 177/246/231 174/248/225 178/249/228 181/247/232
f 178/243/228 179/242/227 183/250/233 182/251/234
f 179/242/227 180/245/230 184/252/235 183/250/233
f 180/245/230 181/247/232 185/253/236 184/252/235
f 181/247/232 178/249/228 182/254/234 185/253/236
f 182/251/234 183/250/233 187/255/237 186/256/238
f 183/250/233 184/252/235 188/257/239 187/255/237
f 184/252/235 185/253/236 189/258/240 188/257/239
f 185/253/236 182/254/234 186/259/238 189/258/240
f 186/256/238 187/255/237 191/260/241 190/261/242
f 187/255/237 188/257/239 192/262/243 191/260/241
f 188/257/239 189/258/240 193/263/244 192/262/243
f 189/258/240 186/259/238 190/264/242 193/263/244
f 190/261/242 191/260/241 195/265/245 194/266/246
f 191/260/241 192/262/243 196/267/247 195/265/245
f 192/262/243 193/263/244 197/268/248 196/267/247
f 193/263/244 190/264/242 194/269/246 197/268/248
f 194/266/246 195/265/245 199/270/249 198/271/250
f 195/265/245 196/267/247 200/272/251 199/270/249
f 196/267/247 197/268/248 201/273/252 200/272/251
f 197/268/248 194/269/246 198/274/250 201/273/252
f 198/271/250 199/270/249 203/275/253 202/276/254
f 199/270/249 200/272/251 204/277/255 203/275/253
f 200/272/251 201/273/252 205/278/256 204/277/255
f 201/273/252 198/274/250 202/279/254 205/278/256
s off
f 174/280/257 177/281/258 176/282/259 175/283/260
s 6
f 202/276/254 203/275/253 206/284/261
f 203/275/253 204/277/255 206/284/262
f 204/277/255 205/278/256 206/284/263
f 205/278/256 202/279/254 206/284/264
s 7
f 207/285/265 208/286/266 212/287/267 211/288/268
f 208/286/266 209/289/269 213/290/270 212/287/267
f 209/289/269 210/291/271 214/292/272 213/290/270
f 210/291/271 207/293/265 211/294/268 214/292/272
f 211/288/268 212/287/267 216/295/273 215/296/274
f 212/287/267 213/290/270 217/297/275 216/295/273
f 213/290/270 214/292/272 218/298/276 217/297/275
f 214/292/272 211/294/268 215/299/274 218/298/276
f 215/296/274 216/295/273 220/300/277 219/301/278
f 216/295/273 217/297/275 221/302/279 220/300/277
f 217/297/275 218/298/276 222/303/280 221/302/279
f 218/298/276 215/299/274 219/304/278 222/303/280
f 219/301/278 220/300/277 224/305/281 223/306/282
f 220/300/277 221/302/279 225/307/283 224/305/281
f 221/302/279 222/303/280 226/308/284 225/307/283
f 222/303/280 219/304/278 223/309/282 226/308/284
f 223/306/282 224/305/281 228/310/285 227/311/286
f 224/305/281 225/307/283 229/312/287 228/310/285
f 225/307/283 226/308/284 230/313/288 229/312/287
f 226/308/284 223/309/282 227/314/286 230/313/288
f 227/311/286 228/310/285 232/315/289 231/316/290
f 228/310/285 229/312/287 233/317/291 232/315/289
f 229/312/287 230/313/288 234/318/292 233/317/291
f 230/313/288 227/314/286 231/319/290 234/318/292
f 231/316/290 232/315/289 236/320/293 235/321/294
f 232/315/289 233/317/291 237/322/295 236/320/293
f 233/317/291 234/318/292 238/323/296 237/322/295
f 234/318/292 231/319/290 235/324/294 238/323/296
s off
f 207/325/297 210/326/298 209/327/299 208/328/300
s 7
f 235/321/294 236/320/293 239/329/301
f 236/320/293 237/322/295 239/329/302
f 237/322/295 238/323/296 239/329/303
f 238/323/296 235/324/294 239/329/304
s 8
f 240/330/305 241/331/306 245/332/307 244/333/308
f 241/331/306 242/334/309 246/335/310 245/332/307
f 242/334/309 243/336/311 247/337/312 246/335/310
f 243/336/311 240/338/305 244/339/308 247/337/312
f 244/333/308 245/332/307 249/340/313 248/341/314
f 245/332/307 246/335/310 250/342/315 249/340/313
f 246/335/310 247/337/312 251/343/316 250/342/315
f 247/337/312 244/339/308 248/344/314 251/343/316
f 248/341/314 249/340/313 253/345/317 252/346/318
f 249/340/313 250/342/315 254/347/319 253/345/317
f 250/342/315 251/343/316 255/348/320 254/347/319
f 251/343/316 248/344/314 252/349/318 255/348/320
f 252/346/318 253/345/317 257/350/321 256/351/322
f 253/345/317 254/347/319 258/352/323 257/350/321
f 254/347/319 255/348/320 259/353/324 258/352/323
f 255/348/320 252/349/318 256/354/322 259/353/324
f 256/351/322 257/350/321 261/355/325 260/356/326
f 257/350/321 258/352/323 262/357/327 261/355/325
f 258/352/323 259/353/324 263/358/328 262/357/327
f 259/353/324 256/354/322 260/359/326 263/358/328
f 260/356/326 261/355/325 265/360/329 264/361/330
f 261/355/325 262/357/327 266/362/331 265/360/329
f 262/357/327 263/358/328 267/363/332 266/362/331
f 263/358/328 260/359/326 264/364/330 267/363/332
f 264/361/330 265/360/329 269/365/333 268/366/334
f 265/360/329 266/362/331 270/367/335 269/365/333
f 266/362/331 267/363/332 271/368/336 270/367/335
f 267/363/332 264/364/330 268/369/334 271/368/336
s off
f 240/370/337 243/371/338 242/372/339 241/373/340
s 8
f 268/366/334 269/365/333 272/374/341
f 269/365/333 270/367/335 272/374/342
f 270/367/335 271/368/336 272/374/343
f 271/368/336 268/369/334 272/374/344
s 9
f 273/375/345 274/376/346 278/377/347 277/378/348
f 274/376/346 275/379/349 279/380/350 278/377/347
f 275/379/349 276/381/351 280/382/352 279/380/350
f 276/381/351 273/383/345 277/384/348 280/382/352
f 277/378/348 278/377/347 282/385/353 281/386/354
f 278/377/347 279/380/350 283/387/355 282/385/353
f 279/380/350 280/382/352 284/388/356 283/387/355
f 280/382/352 277/384/348 281/389/354 284/388/356
f 281/386/354 282/385/353 286/390/357 285/391/358
f 282/385/353 283/387/355 287/392/359 286/390/357
f 283/387/355 284/388/356 288/393/360 287/392/359
f 284/388/356 281/389/354 285/394/358 288/393/360
f 285/391/358 286/390/357 290/395/361 289/396/362
f 286/390/357 287/392/359 291/397/363 290/395/361
f 287/392/359 288/393/360 292/398/364 291/397/363
f 288/393/360 285/394/358 289/399/362 292/398/364
f 289/396/362 290/395/361 294/400/365 293/401/366
f 290/395/361 291/397/363 295/402/367 294/400/365
f 291/397/363 292/398/364 296/403/368 295/402/367
f 292/398/364 289/399/362 293/404/366 296/403/368
f 293/401/366 294/400/365 298/405/369 297/406/370
f 294/400/365 295/402/367 299/407/371 298/405/369
f 295/402/367 296/403/368 300/408/372 299/407/371
f 296/403/368 293/404/366 297/409/370 300/408/372
f 297/406/370 298/405/369 302/410/373 301/411/374
f 298/405/369 299/407/371 303/412/375 302/410/373
f 299/407/371 300/408/372 304/413/376 303/412/375
f 300/408/372 297/409/370 301/414/374 304/413/376
s off
f 273/415/377 276/416/378 275/417/379 274/418/380
s 9
f 301/411/374 302/410/373 305/419/381
f 302/410/373 303/412/375 305/419/382
f 303/412/375 304/413/376 305/419/383
f 304/413/376 301/414/374 305/419/384
s 10
f 306/420/385 307/421/386 311/422/387 310/423/388
f 307/421/386 308/424/389 312/425/390 311/422/387
f 308/424/389 309/426/391 313/427/392 312/425/390
f 309/426/391 306/428/385 310/429/388 313/427/392
f 310/423/388 311/422/387 315/430/393 314/431/394
f 311/422/387 312/425/390 316/432/395 315/430/393
f 312/425/390 313/427/392 317/433/396 316/432/395
f 313/427/392 310/429/388 314/434/394 317/433/396
f 314/431/394 315/430/393 319/435/397 318/436/398
f 315/430/393 316/432/395 320/437/399 319/435/397
f 316/432/395 317/433/396 321/438/400 320/437/399
f 317/433/396 314/434/394 318/439/398 321/438/400
f 318/436/398 319/435/397 323/440/401 322/441/402
f 319/435/397 320/437/399 324/442/403 323/440/401
f 320/437/399 321/438/400 325/443/404 324/442/403
f 321/438/400 318/439/398 322/444/402 325/443/404
f 322/441/402 323/440/401 327/445/405 326/446/406
f 323/440/401 324/442/403 328/447/407 327/445/405
f 324/442/403 325/443/404 329/448/408 328/447/407
f 325/443/404 322/444/402 326/449/406 329/448/408
f 326/446/406 327/445/405 331/450/409 330/451/410
f 327/445/405 328/447/407 332/452/411 331/450/409
f 328/447/407 329/448/408 333/453/412 332/452/411
f 329/448/408 326/449/406 330/454/410 333/453/412
f 330/451/410 331/450/409 335/455/413 334/456/414
f 331/450/409 332/452/411 336/457/415 335/455/413
f 332/452/411 333/453/412 337/458/416 336/457/415
f 333/453/412 330/454/410 334/459/414 337/458/416
s off
f 306/460/417 309/461/418 308/462/419 307/463/420
s 10
f 334/456/414 335/455/413 338/464/421
f 335/455/413 336/457/415 338/464/422
f 336/457/415 337/458/416 338/464/423
f 337/458/416 334/459/414 338/464/424
s 11
f 339/465/425 340/466/426 344/467/427 343/468/428
f 340/466/426 341/469/429 345/470/430 344/467/427
f 341/469/429 342/471/431 346/472/432 345/470/430
f 342/471/431 339/473/425 343/474/428 346/472/432
f 343/468/428 344/467/427 348/475/433 347/476/434
f 344/467/427 345/470/430 349/477/435 348/475/433
f 345/470/430 346/472/432 350/478/436 349/477/435
f 346/472/432 343/474/428 347/479/434 350/478/436
f 347/476/434 348/475/433 352/480/437 351/481/438
f 348/475/433 349/477/435 353/482/439 352/480/437
f 349/477/435 350/478/436 354/483/440 353/482/439
f 350/478/436 347/479/434 351/484/438 354/483/440
f 351/481/438 352/480/437 356/485/441 355/486/442
f 352/480/437 353/482/439 357/487/443 356/485/441
f 353/482/439 354/483/440 358/488/444 357/487/443
f 354/483/440 351/484/438 355/489/442 358/488/444
f 355/486/442 356/485/441 360/490/445 359/491/446
f 356/485/441 357/487/443 361/492/447 360/490/445
f 357/487/443 358/488/444 362/493/448 361/492/447
f 358/488/444 355/489/442 359/494/446 362/493/448
f 359/491/446 360/490/445 364/495/449 363/496/450
f 360/490/445 361/492/447 365/497/451 364/495/449
f 361/492/447 362/493/448 366/498/452 365/497/451
f 362/493/448 359/494/446 363/499/450 366/498/452
f 363/496/450 364/495/449 368/500/453 367/501/454
f 364/495/449 365/497/451 369/502/455 368/500/453
f 365/497/451 366/498/452 370/503/456 369/502/455
f 366/498/452 363/499/450 367/504/454 370/503/456
s off
f 339/505/457 342/506/458 341/507/459 340/508/460
s 11
f 367/501/454 368/500/453 371/509/461
f 368/500/453 369/502/455 371/509/462
f 369/502/455 370/503/456 371/509/463
f 370/503/456 367/504/454 371/509/464
s 12
f 372/510/465 373/511/466 377/512/467 376/513/468
f 373/511/466 374/514/469 378/515/470 377/512/467
f 374/514/469 375/516/471 379/517/472 378/515/470
f 375/516/471 372/518/465 376/519/468 379/517/472
f 376/513/468 377/512/467 381/520/473 380/521/474
f 377/512/467 378/515/470 382/522/475 381/520/473
f 378/515/470 379/517/472 383/523/476 382/522/475
f 379/517/472 376/519/468 380/524/474 383/523/476
f 380/521/474 381/520/473 385/525/477 384/526/478
f 381/520/473 382/522/475 386/527/479 385/525/477
f 382/522/475 383/523/476 387/528/480 386/527/479
f 383/523/476 380/524/474 384/529/478 387/528/480
f 384/526/478 385/525/477 389/530/481 388/531/482
f 385/525/477 386/527/479 390/532/483 389/530/481
f 386/527/479 387/528/480 391/533/484 390/532/483
f 387/528/480 384/529/478 388/534/482 391/533/484
f 388/531/482 389/530/481 393/535/485 392/536/486
f 389/530/481 390/532/483 394/537/487 393/535/485
f 390/532/483 391/533/484 395/538/488 394/537/487
f 391/533/484 388/534/482 392/539/486 395/538/488
f 392/536/486 393/535/485 397/540/489 396/541/490
f 393/535/485 394/537/487 398/542/491 397/540/489
f 394/537/487 395/538/488 399/543/492 398/542/491
f 395/538/488 392/539/486 396/544/490 399/543/492
f 396/541/490 397/540/489 401/545/493 400/546/494
f 397/540/489 398/542/491 402/547/495 401/545/493
f 398/542/491 399/543/492 403/548/496 402/547/495
f 399/543/492 396/544/490 400/549/494 403/548/496
s off
f 372/550/497 375/551/498 374/552/499 373/553/500
s 12
f 400/546/494 401/545/493 404/554/501
f 401/545/493 402/547/495 404/554/502
f 402/547/495 403/548/496 404/554/503
f 403/548/496 400/549/494 404/554/504
s 13
f 405/555/505 406/556/506 426/557/507 425/558/508
f 406/556/506 407/559/509 427/560/510 426/557/507
f 407/559/509 408/561/511 428/562/512 427/560/510
f 408/561/511 409/563/513 429/564/514 428/562/512
f 409/563/513 410/565/515 430/566/516 429/564/514
f 410/565/515 411/567/517 431/568/518 430/566/516
f 411/567/517 412/569/519 432/570/520 431/568/518
f 412/569/519 413/571/521 433/572/522 432/570/520
f 413/571/521 414/573/523 434/574/524 433/572/522
f 414/573/523 415/575/525 435/576/526 434/574/524
f 415/575/525 416/577/527 436/578/528 435/576/526
f 416/577/527 417/579/529 437/580/530 436/578/528
f 417/579/529 418/581/531 438/582/532 437/580/530
f 418/581/531 419/583/533 439/584/534 438/582/532
f 419/583/533 420/585/535 440/586/536 439/584/534
f 420/585/535 421/587/537 441/588/538 440/586/536
f 421/587/537 422/589/539 442/590/540 441/588/538
f 422/589/539 423/591/541 443/592/542 442/590/540
f 423/591/541 424/593/543 444/594/544 443/592/542
f 424/593/543 405/595/505 425/596/508 444/594/544
f 425/558/508 426/557/507 446/597/545 445/598/546
f 426/557/507 427/560/510 447/599/547 446/597/545
f 427/560/510 428/562/512 448/600/548 447/599/547
f 428/562/512 429/564/514 449/601/549 448/600/548
f 429/564/514 430/566/516 450/602/550 449/601/549
f 430/566/516 431/568/518 451/603/551 450/602/550
f 431/568/518 432/570/520 452/604/552 451/603/551
f 432/570/520 433/572/522 453/605/553 452/604/552
f 433/572/522 434/574/524 454/606/554 453/605/553
f 434/574/524 435/576/526 455/607/555 454/606/554
f 435/576/526 436/578/528 456/608/556 455/607/555
f 436/578/528 437/580/530 457/609/557 456/608/556
f 437/580/530 438/582/532 458/610/558 457/609/557
f 438/582/532 439/584/534 459/611/559 458/610/558
f 439/584/534 440/586/536 460/612/560 459/611/559
f 440/586/536 441/588/538 461/613/561 460/612/560
f 441/588/538 442/590/540 462/614/562 461/613/561
f 442/590/540 443/592/542 463/615/563 462/614/562
f 443/592/542 444/594/544 464/616/564 463/615/563
f 444/594/544 425/596/508 445/617/546 464/616/564
f 445/598/546 446/597/545 466/618/565 465/619/566
f 446/597/545 447/599/547 467/620/567 466/618/565
f 447/599/547 448/600/548 468/621/568 467/620/567
f 448/600/548 449/601/549 469/622/569 468/621/568
f 449/601/549 450/602/550 470/623/570 469/622/569
f 450/602/550 451/603/551 471/624/571 470/623/570
f 451/603/551 452/604/552 472/625/572 471/624/571
f 452/604/552 453/605/553 473/626/573 472/625/572
f 453/605/553 454/606/554 474/627/574 473/626/573
f 454/606/554 455/607/555 475/628/575 474/627/574
f 455/607/555 456/608/556 476/629/576 475/628/575
f 456/608/556 457/609/557 477/630/577 476/629/576
f 457/609/557 458/610/558 478/631/578 477/630/577
f 458/610/558 459/611/559 479/632/579 478/631/578
f 459/611/559 460/612/560 480/633/580 479/632/579
f 460/612/560 461/613/561 481/634/581 480/633/580
f 461/613/561 462/614/562 482/635/582 481/634/581
f 462/614/562 463/615/563 483/636/583 482/635/582
f 463/615/563 464/616/564 484/637/584 483/636/583
f 464/616/564 445/617/546 465/638/566 484/637/584
f 465/619/566 466/618/565 486/639/585 485/640/586
f 466/618/565 467/620/567 487/641/587 486/639/585
f 467/620/567 468/621/568 488/642/588 487/641/587
f 468/621/568 469/622/569 489/643/589 488/642/588
f 469/622/569 470/623/570 490/644/590 489/643/589
f 470/623/570 471/624/571 491/645/591 490/644/590
f 471/624/571 472/625/572 492/646/592 491/645/591
f 472/625/572 473/626/573 493/647/593 492/646/592
f 473/626/573 474/627/574 494/648/594 493/647/593
f 474/627/574 475/628/575 495/649/595 494/648/594
f 475/628/575 476/629/576 496/650/596 495/649/595
f 476/629/576 477/630/577 497/651/597 496/650/596
f 477/630/577 478/631/578 498/652/598 497/651/597
f 478/631/578 479/632/579 499/653/599 498/652/598
f 479/632/579 480/633/580 500/654/600 499/653/599
f 480/633/580 481/634/581 501/655/601 500/654/600
f 481/634/581 482/635/582 502/656/602 501/655/601
f 482/635/582 483/636/583 503/657/603 502/656/602
f 483/636/583 484/637/584 504/658/604 503/657/603
f 484/637/584 465/638/566 485/659/586 504/658/604
s off
f 405/660/605 424/661/606 423/662/607 422/663/608 421/664/609 420/665/610 419/666/611 418/667/612 417/668/613 416/669/614 415/670/615 414/671/616 413/672/617 412/673/618 411/674/619 410/675/620 409/676/621 408/677/622 407/678/623 406/679/624
s 13
f 485/640/586 486/639/585 505/680/625
f 486/639/585 487/641/587 505/680/625
f 487/641/587 488/642/588 505/680/625
f 488/642/588 489/643/589 505/680/625
f 489/643/589 490/644/590 505/680/625
f 490/644/590 491/645/591 505/680/625
f 491/645/591 492/646/592 505/680/625
f 492/646/592 493/647/593 505/680/625
f 493/647/593 494/648/594 505/680/625
f 494/648/594 495/649/595 505/680/625
f 495/649/595 496/650/596 505/680/625
f 496/650/596 497/651/597 505/680/625
f 497/651/597 498/652/598 505/680/625
f 498/652/598 499/653/599 505/680/625
f 499/653/599 500/654/600 505/680/625
f 500/654/600 501/655/601 505/680/625
f 501/655/601 502/656/602 505/680/625
f 502/656/602 503/657/603 505/680/625
f 503/657/603 504/658/604 505/680/625
f 504/658/604 485/659/586 505/680/625
s 14
f 506/681/626 507/682/627 527/683/628 526/684/629
f 507/682/627 508/685/630 528/686/631 527/683/628
f 508/685/630 509/687/632 529/688/633 528/686/631
f 509/687/632 510/689/634 530/690/635 529/688/633
f 510/689/634 511/691/636 531/692/637 530/690/635
f 511/691/636 512/693/638 532/694/639 531/692/637
f 512/693/638 513/695/640 533/696/641 532/694/639
f 513/695/640 514/697/642 534/698/643 533/696/641
f 514/697/642 515/699/644 535/700/645 534/698/643
f 515/699/644 516/701/646 536/702/647 535/700/645
f 516/701/646 517/703/648 537/704/649 536/702/647
f 517/703/648 518/705/650 538/706/651 537/704/649
f 518/705/650 519/707/652 539/708/653 538/706/651
f 519/707/652 520/709/654 540/710/655 539/708/653
f 520/709/654 521/711/656 541/712/657 540/710/655
f 521/711/656 522/713/658 542/714/659 541/712/657
f 522/713/658 523/715/660 543/716/661 542/714/659
f 523/715/660 524/717/662 544/718/663 543/716/661
f 524/717/662 525/719/664 545/720/665 544/718/663
f 525/719/664 506/721/626 526/722/629 545/720/665
f 526/684/629 527/683/628 547/723/666 546/724/667
f 527/683/628 528/686/631 548/725/668 547/723/666
f 528/686/631 529/688/633 549/726/669 548/725/668
f 529/688/633 530/690/635 550/727/670 549/726/669
f 530/690/635 531/692/637 551/728/671 550/727/670
f 531/692/637 532/694/639 552/729/672 551/728/671
f 532/694/639 533/696/641 553/730/673 552/729/672
f 533/696/641 534/698/643 554/731/674 553/730/673
f 534/698/643 535/700/645 555/732/675 554/731/674
f 535/700/645 536/702/647 556/733/676 555/732/675
f 536/702/647 537/704/649 557/734/677 556/733/676
f 537/704/649 538/706/651 558/735/678 557/734/677
f 538/706/651 539/708/653 559/736/679 558/735/678
f 539/708/653 540/710/655 560/737/680 559/736/679
f 540/710/655 541/712/657 561/738/681 560/737/680
f 541/712/657 542/714/659 562/739/682 561/738/681
f 542/714/659 543/716/661 563/740/683 562/739/682
f 543/716/661 544/718/663 564/741/684 563/740/683
f 544/718/663 545/720/665 565/742/685 564/741/684
f 545/720/665 526/722/629 546/743/667 565/742/685
f 546/724/667 547/723/666 567/744/686 566/745/687
f 547/723/666 548/725/668 568/746/688 567/744/686
f 548/725/668 549/726/669 569/747/689 568/746/688
f 549/726/669 550/727/670 570/748/690 569/747/689
f 550/727/670 551/728/671 571/749/691 570/748/690
f 551/728/671 552/729/672 572/750/692 571/749/691
f 552/729/672 553/730/673 573/751/693 572/750/692
f 553/730/673 554/731/674 574/752/694 573/751/693
f 554/731/674 555/732/675 575/753/695 574/752/694
f 555/732/675 556/733/676 576/754/696 575/753/695
f 556/733/676 557/734/677 577/755/697 576/754/696
f 557/734/677 558/735/678 578/756/698 577/755/697
f 558/735/678 559/736/679 579/757/699 578/756/698
f 559/736/679 560/737/680 580/758/700 579/757/699
f 560/737/680 561/738/681 581/759/701 580/758/700
f 561/738/681 562/739/682 582/760/702 581/759/701
f 562/739/682 563/740/683 583/761/703 582/760/702
f 563/740/683 564/741/684 584/762/704 583/761/703
f 564/741/684 565/742/685 585/763/705 584/762/704
f 565/742/685 546/743/667 566/764/687 585/763/705
f 566/745/687 567/744/686 587/765/706 586/766/707
f 567/744/686 568/746/688 588/767/708 587/765/706
f 568/746/688 569/747/689 589/768/709 588/767/708
f 569/747/689 570/748/690 590/769/710 589/768/709
f 570/748/690 571/749/691 591/770/711 590/769/710
f 571/749/691 572/750/692 592/771/712 591/770/711
f 572/750/692 573/751/693 593/772/713 592/771/712
f 573/751/693 574/752/694 594/773/714 593/772/713
f 574/752/694 575/753/695 595/774/715 594/773/714
f 575/753/695 576/754/696 596/775/716 595/774/715
f 576/754/696 577/755/697 597/776/717 596/775/716
f 577/755/697 578/756/698 598/777/718 597/776/717
f 578/756/698 579/757/699 599/778/719 598/777/718
f 579/757/699 580/758/700 600/779/720 599/778/719
f 580/758/700 581/759/701 601/780/721 600/779/720
f 581/759/701 582/760/702 602/781/722 601/780/721
f 582/760/702 583/761/703 603/782/723 602/781/722
f 583/761/703 584/762/704 604/783/724 603/782/723
f 584/762/704 585/763/705 605/784/725 604/783/724
f 585/763/705 566/764/687 586/785/707 605/784/725
s off
f 506/786/726 525/787/727 524/788/728 523/789/729 522/790/730 521/791/731 520/792/732 519/793/733 518/794/734 517/795/735 516/796/736 515/797/737 514/798/738 513/799/739 512/800/740 511/801/741 510/802/742 509/803/743 508/804/744 507/805/745
s 14
f 586/766/707 587/765/706 606/806/746
f 587/765/706 588/767/708 606/806/746
f 588/767/708 589/768/709 606/806/746
f 589/768/709 590/769/710 606/806/746
f 590/769/710 591/770/711 606/806/746
f 591/770/711 592/771/712 606/806/746
f 592/771/712 593/772/713 606/806/746
f 593/772/713 594/773/714 606/806/746
f 594/773/714 595/774/715 606/806/746
f 595/774/715 596/775/716 606/806/746
f 596/775/716 597/776/717 606/806/746
f 597/776/717 598/777/718 606/806/746
f 598/777/718 599/778/719 606/806/746
f 599/778/719 600/779/720 606/806/746
f 600/779/720 601/780/721 606/806/746
f 601/780/721 602/781/722 606/806/746
f 602/781/722 603/782/723 606/806/746
f 603/782/723 604/783/724 606/806/746
f 604/783/724 605/784/725 606/806/746
f 605/784/725 586/785/707 606/806/746
s 15
f 607/807/747 608/808/748 628/809/749 627/810/750
f 608/808/748 609/811/751 629/812/752 628/809/749
f 609/811/751 610/813/753 630/814/754 629/812/752
f 610/813/753 611/815/755 631/816/756 630/814/754
f 611/815/755 612/817/757 632/818/758 631/816/756
f 612/817/757 613/819/759 633/820/760 632/818/758
f 613/819/759 614/821/761 634/822/762 633/820/760
f 614/821/761 615/823/763 635/824/764 634/822/762
f 615/823/763 616/825/765 636/826/766 635/824/764
f 616/825/765 617/827/767 637/828/768 636/826/766
f 617/827/767 618/829/769 638/830/770 637/828/768
f 618/829/769 619/831/771 639/832/772 638/830/770
f 619/831/771 620/833/773 640/834/774 639/832/772
f 620/833/773 621/835/775 641/836/776 640/834/774
f 621/835/775 622/837/777 642/838/778 641/836/776
f 622/837/777 623/839/779 643/840/780 642/838/778
f 623/839/779 624/841/781 644/842/782 643/840/780
f 624/841/781 625/843/783 645/844/784 644/842/782
f 625/843/783 626/845/785 646/846/786 645/844/784
f 626/845/785 607/847/747 627/848/750 646/846/786
f 627/810/750 628/809/749 648/849/787 647/850/788
f 628/809/749 629/812/752 649/851/789 648/849/787
f 629/812/752 630/814/754 650/852/790 649/851/789
f 630/814/754 631/816/756 651/853/791 650/852/790
f 631/816/756 632/818/758 652/854/792 651/853/791
f 632/818/758 633/820/760 653/855/793 652/854/792
f 633/820/760 634/822/762 654/856/794 653/855/793
f 634/822/762 635/824/764 655/857/795 654/856/794
f 635/824/764 636/826/766 656/858/796 655/857/795
f 636/826/766 637/828/768 657/859/797 656/858/796
f 637/828/768 638/830/770 658/860/798 657/859/797
f 638/830/770 639/832/772 659/861/799 658/860/798
f 639/832/772 640/834/774 660/862/800 659/861/799
f 640/834/774 641/836/776 661/863/801 660/862/800
f 641/836/776 642/838/778 662/864/802 661/863/801
f 642/838/778 643/840/780 663/865/803 662/864/802
f 643/840/780 644/842/782 664/866/804 663/865/803
f 644/842/782 645/844/784 665/867/805 664/866/804
f 645/844/784 646/846/786 666/868/806 665/867/805
f 646/846/786 627/848/750 647/869/788 666/868/806
f 647/850/788 648/849/787 668/870/807 667/871/808
f 648/849/787 649/851/789 669/872/809 668/870/807
f 649/851/789 650/852/790 670/873/810 669/872/809
f 650/852/790 651/853/791 671/874/811 670/873/810
f 651/853/791 652/854/792 672/875/812 671/874/811
f 652/854/792 653/855/793 673/876/813 672/875/812
f 653/855/793 654/856/794 674/877/814 673/876/813
f 654/856/794 655/857/795 675/878/815 674/877/814
f 655/857/795 656/858/796 676/879/816 675/878/815
f 656/858/796 657/859/797 677/880/817 676/879/816
f 657/859/797 658/860/798 678/881/818 677/880/817
f 658/860/798 659/861/799 679/882/819 678/881/818
f 659/861/799 660/862/800 680/883/820 679/882/819
f 660/862/800 661/863/801 681/884/821 680/883/820
f 661/863/801 662/864/802 682/885/822 681/884/821
f 662/864/802 663/865/803 683/886/823 682/885/822
f 663/865/803 664/866/804 684/887/824 683/886/823
f 664/866/804 665/867/805 685/888/825 684/887/824
f 665/867/805 666/868/806 686/889/826 685/888/825
f 666/868/806 647/869/788 667/890/808 686/889/826
f 667/871/808 668/870/807 688/891/827 687/892/828
f 668/870/807 669/872/809 689/893/829 688/891/827
f 669/872/809 670/873/810 690/894/830 689/893/829
f 670/873/810 671/874/811 691/895/831 690/894/830
f 671/874/811 672/875/812 692/896/832 691/895/831
f 672/875/812 673/876/813 693/897/833 692/896/832
f 673/876/813 674/877/814 694/898/834 693/897/833
f 674/877/814 675/878/815 695/899/835 694/898/834
f 675/878/815 676/879/816 696/900/836 695/899/835
f 676/879/816 677/880/817 697/901/837 696/900/836
f 677/880/817 678/881/818 698/902/838 697/901/837
f 678/881/818 679/882/819 699/903/839 698/902/838
f 679/882/819 680/883/820 700/904/840 699/903/839
f 680/883/820 681/884/821 701/905/841 700/904/840
f 681/884/821 682/885/822 702/906/842 701/905/841
f 682/885/822 683/886/823 703/907/843 702/906/842
f 683/886/823 684/887/824 704/908/844 703/907/843
f 684/887/824 685/888/825 705/909/845 704/908/844
f 685/888/825 686/889/826 706/910/846 705/909/845
f 686/889/826 667/890/808 687/911/828 706/910/846
s off
f 607/912/847 626/913/848 625/914/849 624/915/850 623/916/851 622/917/852 621/918/853 620/919/854 619/920/855 618/921/856 617/922/857 616/923/858 615/924/859 614/925/860 613/926/861 612/927/862 611/928/863 610/929/864 609/930/865 608/931/866
s 15
f 687/892/828 688/891/827 707/932/867
f 688/891/827 689/893/829 707/932/867
f 689/893/829 690/894/830 707/932/867
f 690/894/830 691/895/831 707/932/867
f 691/895/831 692/896/832 707/932/867
f 692/896/832 693/897/833 707/932/867
f 693/897/833 694/898/834 707/932/867
f 694/898/834 695/899/835 707/932/867
f 695/899/835 696/900/836 707/932/867
f 696/900/836 697/901/837 707/932/867
f 697/901/837 698/902/838 707/932/867
f 698/902/838 699/903/839 707/932/867
f 699/903/839 700/904/840 707/932/867
f 700/904/840 701/905/841 707/932/867
f 701/905/841 702/906/842 707/932/867
f 702/906/842 703/907/843 707/932/867
f 703/907/843 704/908/844 707/932/867
f 704/908/844 705/909/845 707/932/867
f 705/909/845 706/910/846 707/932/867
f 706/910/846 687/911/828 707/932/867
s 16
f 708/933/868 709/934/869 729/935/870 728/936/871
f 709/934/869 710/937/872 730/938/873 729/935/870
f 710/937/872 711/939/874 731/940/875 730/938/873
f 711/939/874 712/941/876 732/942/877 731/940/875
f 712/941/876 713/943/878 733/944/879 732/942/877
f 713/943/878 714/945/880 734/946/881 733/944/879
f 714/945/880 715/947/882 735/948/883 734/946/881
f 715/947/882 716/949/884 736/950/885 735/948/883
f 716/949/884 717/951/886 737/952/887 736/950/885
f 717/951/886 718/953/888 738/954/889 737/952/887
f 718/953/888 719/955/890 739/956/891 738/954/889
f 719/955/890 720/957/892 740/958/893 739/956/891
f 720/957/892 721/959/894 741/960/895 740/958/893
f 721/959/894 722/961/896 742/962/897 741/960/895
f 722/961/896 723/963/898 743/964/899 742/962/897
f 723/963/898 724/965/900 744/966/901 743/964/899
f 724/965/900 725/967/902 745/968/903 744/966/901
f 725/967/902 726/969/904 746/970/905 745/968/903
f 726/969/904 727/971/906 747/972/907 746/970/905
f 727/971/906 708/973/868 728/974/871 747/972/907
f 728/936/871 729/935/870 749/975/908 748/976/909
f 729/935/870 730/938/873 750/977/910 749/975/908
f 730/938/873 731/940/875 751/978/911 750/977/910
f 731/940/875 732/942/877 752/979/912 751/978/911
f 732/942/877 733/944/879 753/980/913 752/979/912
f 733/944/879 734/946/881 754/981/914 753/980/913
f 734/946/881 735/948/883 755/982/915 754/981/914
f 735/948/883 736/950/885 756/983/916 755/982/915
f 736/950/885 737/952/887 757/984/917 756/983/916
f 737/952/887 738/954/889 758/985/918 757/984/917
f 738/954/889 739/956/891 759/986/919 758/985/918
f 739/956/891 740/958/893 760/987/920 759/986/919
f 740/958/893 741/960/895 761/988/921 760/987/920
f 741/960/895 742/962/897 762/989/922 761/988/921
f 742/962/897 743/964/899 763/990/923 762/989/922
f 743/964/899 744/966/901 764/991/924 763/990/923
f 744/966/901 745/968/903 765/992/925 764/991/924
f 745/968/903 746/970/905 766/993/926 765/992/925
f 746/970/905 747/972/907 767/994/927 766/993/926
f 747/972/907 728/974/871 748/995/909 767/994/927
f 748/976/909 749/975/908 769/996/928 768/997/929
f 749/975/908 750/977/910 770/998/930 769/996/928
f 750/977/910 751/978/911 771/999/931 770/998/930
f 751/978/911 752/979/912 772/1000/932 771/999/931
f 752/979/912 753/980/913 773/1001/933 772/1000/932
f 753/980/913 754/981/914 774/1002/934 773/1001/933
f 754/981/914 755/982/915 775/1003/935 774/1002/934
f 755/982/915 756/983/916 776/1004/936 775/1003/935
f 756/983/916 757/984/917 777/1005/937 776/1004/936
f 757/984/917 758/985/918 778/1006/938 777/1005/937
f 758/985/918 759/986/919 779/1007/939 778/1006/938
f 759/986/919 760/987/920 780/1008/940 779/1007/939
f 760/987/920 761/988/921 781/1009/941 780/1008/940
f 761/988/921 762/989/922 782/1010/942 781/1009/941
f 762/989/922 763/990/923 783/1011/943 782/1010/942
f 763/990/923 764/991/924 784/1012/944 783/1011/943
f 764/991/924 765/992/925 785/1013/945 784/1012/944
f 765/992/925 766/993/926 786/1014/946 785/1013/945
f 766/993/926 767/994/927 787/1015/947 786/1014/946
f 767/994/927 748/995/909 768/1016/929 787/1015/947
f 768/997/929 769/996/928 789/1017/948 788/1018/949
f 769/996/928 770/998/930 790/1019/950 789/1017/948
f 770/998/930 771/999/931 791/1020/951 790/1019/950
f 771/999/931 772/1000/932 792/1021/952 791/1020/951
f 772/1000/932 773/1001/933 793/1022/953 792/1021/952
f 773/1001/933 774/1002/934 794/1023/954 793/1022/953
f 774/1002/934 775/1003/935 795/1024/955 794/1023/954
f 775/1003/935 776/1004/936 796/1025/956 795/1024/955
f 776/1004/936 777/1005/937 797/1026/957 796/1025/956
f 777/1005/937 778/1006/938 798/1027/958 797/1026/957
f 778/1006/938 779/1007/939 799/1028/959 798/1027/958
f 779/1007/939 780/1008/940 800/1029/960 799/1028/959
f 780/1008/940 781/1009/941 801/1030/961 800/1029/960
f 781/1009/941 782/1010/942 802/1031/962 801/1030/961
f 782/1010/942 783/1011/943 803/1032/963 802/1031/962
f 783/1011/943 784/1012/944 804/1033/964 803/1032/963
f 784/1012/944 785/1013/945 805/1034/965 804/1033/964
f 785/1013/945 786/1014/946 806/1035/966 805/1034/965
f 786/1014/946 787/1015/947 807/1036/967 806/1035/966
f 787/1015/947 768/1016/929 788/1037/949 807/1036/967
s off
f 708/1038/968 727/1039/969 726/1040/970 725/1041/971 724/1042/972 723/1043/973 722/1044/974 721/1045/975 720/1046/976 719/1047/977 718/1048/978 717/1049/979 716/1050/980 715/1051/981 714/1052/982 713/1053/983 712/1054/984 711/1055/985 710/1056/986 709/1057/987
s 16
f 788/1018/949 789/1017/948 808/1058/988
f 789/1017/948 790/1019/950 808/1058/988
f 790/1019/950 791/1020/951 808/1058/988
f 791/1020/951 792/1021/952 808/1058/988
f 792/1021/952 793/1022/953 808/1058/988
f 793/1022/953 794/1023/954 808/1058/988
f 794/1023/954 795/1024/955 808/1058/988
f 795/1024/955 796/1025/956 808/1058/988
f 796/1025/956 797/1026/957 808/1058/988
f 797/1026/957 798/1027/958 808/1058/988
f 798/1027/958 799/1028/959 808/1058/988
f 799/1028/959 800/1029/960 808/1058/988
f 800/1029/960 801/1030/961 808/1058/988
f 801/1030/961 802/1031/962 808/1058/988
f 802/1031/962 803/1032/963 808/1058/988
f 803/1032/963 804/1033/964 808/1058/988
f 804/1033/964 805/1034/965 808/1058/988
f 805/1034/965 806/1035/966 808/1058/988
f 806/1035/966 807/1036/967 808/1058/988
f 807/1036/967 788/1037/949 808/1058/988
s 17
f 809/1059/989 810/1060/990 830/1061/991 829/1062/992
f 810/1060/990 811/1063/993 831/1064/994 830/1061/991
f 811/1063/993 812/1065/995 832/1066/996 831/1064/994
f 812/1065/995 813/1067/997 833/1068/998 832/1066/996
f 813/1067/997 814/1069/999 834/1070/1000 833/1068/998
f 814/1069/999 815/1071/1001 835/1072/1002 834/1070/1000
f 815/1071/1001 816/1073/1003 836/1074/1004 835/1072/1002
f 816/1073/1003 817/1075/1005 837/1076/1006 836/1074/1004
f 817/1075/1005 818/1077/1007 838/1078/1008 837/1076/1006
f 818/1077/1007 819/1079/1009 839/1080/1010 838/1078/1008
f 819/1079/1009 820/1081/1011 840/1082/1012 839/1080/1010
f 820/1081/1011 821/1083/1013 841/1084/1014 840/1082/1012
f 821/1083/1013 822/1085/1015 842/1086/1016 841/1084/1014
f 822/1085/1015 823/1087/1017 843/1088/1018 842/1086/1016
f 823/1087/1017 824/1089/1019 844/1090/1020 843/1088/1018
f 824/1089/1019 825/1091/1021 845/1092/1022 844/1090/1020
f 825/1091/1021 826/1093/1023 846/1094/1024 845/1092/1022
f 826/1093/1023 827/1095/1025 847/1096/1026 846/1094/1024
f 827/1095/1025 828/1097/1027 848/1098/1028 847/1096/1026
f 828/1097/1027 809/1099/989 829/1100/992 848/1098/1028
f 829/1062/992 830/1061/991 850/1101/1029 849/1102/1030
f 830/1061/991 831/1064/994 851/1103/1031 850/1101/1029
f 831/1064/994 832/1066/996 852/1104/1032 851/1103/1031
f 832/1066/996 833/1068/998 853/1105/1033 852/1104/1032
f 833/1068/998 834/1070/1000 854/1106/1034 853/1105/1033
f 834/1070/1000 835/1072/1002 855/1107/1035 854/1106/1034
f 835/1072/1002 836/1074/1004 856/1108/1036 855/1107/1035
f 836/1074/1004 837/1076/1006 857/1109/1037 856/1108/1036
f 837/1076/1006 838/1078/1008 858/1110/1038 857/1109/1037
f 838/1078/1008 839/1080/1010 859/1111/1039 858/1110/1038
f 839/1080/1010 840/1082/1012 860/1112/1040 859/1111/1039
f 840/1082/1012 841/1084/1014 861/1113/1041 860/1112/1040
f 841/1084/1014 842/1086/1016 862/1114/1042 861/1113/1041
f 842/1086/1016 843/1088/1018 863/1115/1043 862/1114/1042
f 843/1088/1018 844/1090/1020 864/1116/1044 863/1115/1043
f 844/1090/1020 845/1092/1022 865/1117/1045 864/1116/1044
f 845/1092/1022 846/1094/1024 866/1118/1046 865/1117/1045
f 846/1094/1024 847/1096/1026 867/1119/1047 866/1118/1046
f 847/1096/1026 848/1098/1028 868/1120/1048 867/1119/1047
f 848/1098/1028 829/1100/992 849/1121/1030 868/1120/1048
f 849/1102/1030 850/1101/1029 870/1122/1049 869/1123/1050
f 850/1101/1029 851/1103/1031 871/1124/1051 870/1122/1049
f 851/1103/1031 852/1104/1032 872/1125/1052 871/1124/1051
f 852/1104/1032 853/1105/1033 873/1126/1053 872/1125/1052
f 853/1105/1033 854/1106/1034 874/1127/1054 873/1126/1053
f 854/1106/1034 855/1107/1035 875/1128/1055 874/1127/1054
f 855/1107/1035 856/1108/1036 876/1129/1056 875/1128/1055
f 856/1108/1036 857/1109/1037 877/1130/1057 876/1129/1056
f 857/1109/1037 858/1110/1038 878/1131/1058 877/1130/1057
f 858/1110/1038 859/1111/1039 879/1132/1059 878/1131/1058
f 859/1111/1039 860/1112/1040 880/1133/1060 879/1132/1059
f 860/1112/1040 861/1113/1041 881/1134/1061 880/1133/1060
f 861/1113/1041 862/1114/1042 882/1135/1062 881/1134/1061
f 862/1114/1042 863/1115/1043 883/1136/1063 882/1135/1062
f 863/1115/1043 864/1116/1044 884/1137/1064 883/1136/1063
f 864/1116/1044 865/1117/1045 885/1138/1065 884/1137/1064
f 865/1117/1045 866/1118/1046 886/1139/1066 885/1138/1065
f 866/1118/1046 867/1119/1047 887/1140/1067 886/1139/1066
f 867/1119/1047 868/1120/1048 888/1141/1068 887/1140/1067
f 868/1120/1048 849/1121/1030 869/1142/1050 888/1141/1068
f 869/1123/1050 870/1122/1049 890/1143/1069 889/1144/1070
f 870/1122/1049 871/1124/1051 891/1145/1071 890/1143/1069
f 871/1124/1051 872/1125/1052 892/1146/1072 891/1145/1071
f 872/1125/1052 873/1126/1053 893/1147/1073 892/1146/1072
f 873/1126/1053 874/1127/1054 894/1148/1074 893/1147/1073
f 874/1127/1054 875/1128/1055 895/1149/1075 894/1148/1074
f 875/1128/1055 876/1129/1056 896/1150/1076 895/1149/1075
f 876/1129/1056 877/1130/1057 897/1151/1077 896/1150/1076
f 877/1130/1057 878/1131/1058 898/1152/1078 897/1151/1077
f 878/1131/1058 879/1132/1059 899/1153/1079 898/1152/1078
f 879/1132/1059 880/1133/1060 900/1154/1080 899/1153/1079
f 880/1133/1060 881/1134/1061 901/1155/1081 900/1154/1080
f 881/1134/1061 882/1135/1062 902/1156/1082 901/1155/1081
f 882/1135/1062 883/1136/1063 903/1157/1083 902/1156/1082
f 883/1136/1063 884/1137/1064 904/1158/1084 903/1157/1083
f 884/1137/1064 885/1138/1065 905/1159/1085 904/1158/1084
f 885/1138/1065 886/1139/1066 906/1160/1086 905/1159/1085
f 886/1139/1066 887/1140/1067 907/1161/1087 906/1160/1086
f 887/1140/1067 888/1141/1068 908/1162/1088 907/1161/1087
f 888/1141/1068 869/1142/1050 889/1163/1070 908/1162/1088
s off
f 809/1164/1089 828/1165/1090 827/1166/1091 826/1167/1092 825/1168/1093 824/1169/1094 823/1170/1095 822/1171/1096 821/1172/1097 820/1173/1098 819/1174/1099 818/1175/1100 817/1176/1101 816/1177/1102 815/1178/1103 814/1179/1104 813/1180/1105 812/1181/1106 811/1182/1107 810/1183/1108
s 17
f 889/1144/1070 890/1143/1069 909/1184/1109
f 890/1143/1069 891/1145/1071 909/1184/1109
f 891/1145/1071 892/1146/1072 909/1184/1109
f 892/1146/1072 893/1147/1073 909/1184/1109
f 893/1147/1073 894/1148/1074 909/1184/1109
f 894/1148/1074 895/1149/1075 909/1184/1109
f 895/1149/1075 896/1150/1076 909/1184/1109
f 896/1150/1076 897/1151/1077 909/1184/1109
f 897/1151/1077 898/1152/1078 909/1184/1109
f 898/1152/1078 899/1153/1079 909/1184/1109
f 899/1153/1079 900/1154/1080 909/1184/1109
f 900/1154/1080 901/1155/1081 909/1184/1109
f 901/1155/1081 902/1156/1082 909/1184/1109
f 902/1156/1082 903/1157/1083 909/1184/1109
f 903/1157/1083 904/1158/1084 909/1184/1109
f 904/1158/1084 905/1159/1085 909/1184/1109
f 905/1159/1085 906/1160/1086 909/1184/1109
f 906/1160/1086 907/1161/1087 909/1184/1109
f 907/1161/1087 908/1162/1088 909/1184/1109
f 908/1162/1088 889/1163/1070 909/1184/1109
s 18
f 910/1185/1110 911/1186/1111 931/1187/1112 930/1188/1113
f 911/1186/1111 912/1189/1114 932/1190/1115 931/1187/1112
f 912/1189/1114 913/1191/1116 933/1192/1117 932/1190/1115
f 913/1191/1116 914/1193/1118 934/1194/1119 933/1192/1117
f 914/1193/1118 915/1195/1120 935/1196/1121 934/1194/1119
f 915/1195/1120 916/1197/1122 936/1198/1123 935/1196/1121
f 916/1197/1122 917/1199/1124 937/1200/1125 936/1198/1123
f 917/1199/1124 918/1201/1126 938/1202/1127 937/1200/1125
f 918/1201/1126 919/1203/1128 939/1204/1129 938/1202/1127
f 919/1203/1128 920/1205/1130 940/1206/1131 939/1204/1129
f 920/1205/1130 921/1207/1132 941/1208/1133 940/1206/1131
f 921/1207/1132 922/1209/1134 942/1210/1135 941/1208/1133
f 922/1209/1134 923/1211/1136 943/1212/1137 942/1210/1135
f 923/1211/1136 924/1213/1138 944/1214/1139 943/1212/1137
f 924/1213/1138 925/1215/1140 945/1216/1141 944/1214/1139
f 925/1215/1140 926/1217/1142 946/1218/1143 945/1216/1141
f 926/1217/1142 927/1219/1144 947/1220/1145 946/1218/1143
f 927/1219/1144 928/1221/1146 948/1222/1147 947/1220/1145
f 928/1221/1146 929/1223/1148 949/1224/1149 948/1222/1147
f 929/1223/1148 910/1225/1110 930/1226/1113 949/1224/1149
f 930/1188/1113 931/1187/1112 951/1227/1150 950/1228/1151
f 931/1187/1112 932/1190/1115 952/1229/1152 951/1227/1150
f 932/1190/1115 933/1192/1117 953/1230/1153 952/1229/1152
f 933/1192/1117 934/1194/1119 954/1231/1154 953/1230/1153
f 934/1194/1119 935/1196/1121 955/1232/1155 954/1231/1154
f 935/1196/1121 936/1198/1123 956/1233/1156 955/1232/1155
f 936/1198/1123 937/1200/1125 957/1234/1157 956/1233/1156
f 937/1200/1125 938/1202/1127 958/1235/1158 957/1234/1157
f 938/1202/1127 939/1204/1129 959/1236/1159 958/1235/1158
f 939/1204/1129 940/1206/1131 960/1237/1160 959/1236/1159
f 940/1206/1131 941/1208/1133 961/1238/1161 960/1237/1160
f 941/1208/1133 942/1210/1135 962/1239/1162 961/1238/1161
f 942/1210/1135 943/1212/1137 963/1240/1163 962/1239/1162
f 943/1212/1137 944/1214/1139 964/1241/1164 963/1240/1163
f 944/1214/1139 945/1216/1141 965/1242/1165 964/1241/1164
f 945/1216/1141 946/1218/1143 966/1243/1166 965/1242/1165
f 946/1218/1143 947/1220/1145 967/1244/1167 966/1243/1166
f 947/1220/1145 948/1222/1147 968/1245/1168 967/1244/1167
f 948/1222/1147 949/1224/1149 969/1246/1169 968/1245/1168
f 949/1224/1149 930/1226/1113 950/1247/1151 969/1246/1169
f 950/1228/1151 951/1227/1150 971/1248/1170 970/1249/1171
f 951/1227/1150 952/1229/1152 972/1250/1172 971/1248/1170
f 952/1229/1152 953/1230/1153 973/1251/1173 972/1250/1172
f 953/1230/1153 954/1231/1154 974/1252/1174 973/1251/1173
f 954/1231/1154 955/1232/1155 975/1253/1175 974/1252/1174
f 955/1232/1155 956/1233/1156 976/1254/1176 975/1253/1175
f 956/1233/1156 957/1234/1157 977/1255/1177 976/1254/1176
f 957/1234/1157 958/1235/1158 978/1256/1178 977/1255/1177
f 958/1235/1158 959/1236/1159 979/1257/1179 978/1256/1178
f 959/1236/1159 960/1237/1160 980/1258/1180 979/1257/1179
f 960/1237/1160 961/1238/1161 981/1259/1181 980/1258/1180
f 961/1238/1161 962/1239/1162 982/1260/1182 981/1259/1181
f 962/1239/1162 963/1240/1163 983/1261/1183 982/1260/1182
f 963/1240/1163 964/1241/1164 984/1262/1184 983/1261/1183
f 964/1241/1164 965/1242/1165 985/1263/1185 984/1262/1184
f 965/1242/1165 966/1243/1166 986/1264/1186 985/1263/1185
f 966/1243/1166 967/1244/1167 987/1265/1187 986/1264/1186
f 967/1244/1167 968/1245/1168 988/1266/1188 987/1265/1187
f 968/1245/1168 969/1246/1169 989/1267/1189 988/1266/1188
f 969/1246/1169 950/1247/1151 970/1268/1171 989/1267/1189
f 970/1249/1171 971/1248/1170 991/1269/1190 990/1270/1191
f 971/1248/1170 972/1250/1172 992/1271/1192 991/1269/1190
f 972/1250/1172 973/1251/1173 993/1272/1193 992/1271/1192
f 973/1251/1173 974/1252/1174 994/1273/1194 993/1272/1193
f 974/1252/1174 975/1253/1175 995/1274/1195 994/1273/1194
f 975/1253/1175 976/1254/1176 996/1275/1196 995/1274/1195
f 976/1254/1176 977/1255/1177 997/1276/1197 996/1275/1196
f 977/1255/1177 978/1256/1178 998/1277/1198 997/1276/1197
f 978/1256/1178 979/1257/1179 999/1278/1199 998/1277/1198
f 979/1257/1179 980/1258/1180 1000/1279/1200 999/1278/1199
f 980/1258/1180 981/1259/1181 1001/1280/1201 1000/1279/1200
f 981/1259/1181 982/1260/1182 1002/1281/1202 1001/1280/1201
f 982/1260/1182 983/1261/1183 1003/1282/1203 1002/1281/1202
f 983/1261/1183 984/1262/1184 1004/1283/1204 1003/1282/1203
f 984/1262/1184 985/1263/1185 1005/1284/1205 1004/1283/1204
f 985/1263/1185 986/1264/1186 1006/1285/1206 1005/1284/1205
f 986/1264/1186 987/1265/1187 1007/1286/1207 1006/1285/1206
f 987/1265/1187 988/1266/1188 1008/1287/1208 1007/1286/1207
f 988/1266/1188 989/1267/1189 1009/1288/1209 1008/1287/1208
f 989/1267/1189 970/1268/1171 990/1289/1191 1009/1288/1209
s off
f 910/1290/1210 929/1291/1211 928/1292/1212 927/1293/1213 926/1294/1214 925/1295/1215 924/1296/1216 923/1297/1217 922/1298/1218 921/1299/1219 920/1300/1220 919/1301/1221 918/1302/1222 917/1303/1223 916/1304/1224 915/1305/1225 914/1306/1226 913/1307/1227 912/1308/1228 911/1309/1229
s 18
f 990/1270/1191 991/1269/1190 1010/1310/1230
f 991/1269/1190 992/1271/1192 1010/1310/1230
f 992/1271/1192 993/1272/1193 1010/1310/1230
f 993/1272/1193 994/1273/1194 1010/1310/1230
f 994/1273/1194 995/1274/1195 1010/1310/1230
f 995/1274/1195 996/1275/1196 1010/1310/1230
f 996/1275/1196 997/1276/1197 1010/1310/1230
f 997/1276/1197 998/1277/1198 1010/1310/1230
f 998/1277/1198 999/1278/1199 1010/1310/1230
f 999/1278/1199 1000/1279/1200 1010/1310/1230
f 1000/1279/1200 1001/1280/1201 1010/1310/1230
f 1001/1280/1201 1002/1281/1202 1010/1310/1230
f 1002/1281/1202 1003/1282/1203 1010/1310/1230
f 1003/1282/1203 1004/1283/1204 1010/1310/1230
f 1004/1283/1204 1005/1284/1205 1010/1310/1230
f 1005/1284/1205 1006/1285/1206 1010/1310/1230
f 1006/1285/1206 1007/1286/1207 1010/1310/1230
f 1007/1286/1207 1008/1287/1208 1010/1310/1230
f 1008/1287/1208 1009/1288/1209 1010/1310/1230
f 1009/1288/1209 990/1289/1191 1010/1310/1230
g default
v -13.638807 -0.500000 -11.582731
v 12.694202 -0.500000 -2.648827
v -13.638807 0.500000 -11.582731
v 12.694202 0.500000 -2.648827
v -12.574480 0.500000 -14.719876
v 13.758530 0.500000 -5.785971
v -12.574480 -0.500000 -14.719876
v 13.758530 -0.500000 -5.785971
v -6.791092 -0.516574 -12.611589
v -8.196795 -0.056216 -10.997853
v -6.555864 0.070963 -9.564206
v -5.142570 -0.228887 -11.200318
v -6.749828 0.081799 -12.499423
v -7.919067 0.294043 -11.065998
v -6.552154 0.423559 -9.808939
v -5.385776 0.150823 -11.233931
v -6.709234 0.672874 -12.391155
v -7.724373 0.456451 -11.109823
v -6.558719 0.573729 -10.036050
v -5.565078 0.334375 -11.252963
v -6.687822 1.055311 -12.394317
v -7.558119 0.647614 -11.299396
v -6.575157 0.718195 -10.407217
v -5.732318 0.544392 -11.420429
v -6.659583 1.416290 -12.276174
v -7.391746 1.165761 -11.397372
v -6.564117 1.229129 -10.676428
v -5.850931 1.078651 -11.499513
v -6.596579 2.083107 -11.894440
v -7.140139 2.143471 -11.286339
v -6.517810 2.141327 -10.755847
v -5.974420 2.077567 -11.363615
v -6.529470 3.002766 -11.666414
v -6.888074 3.070828 -11.251934
v -6.472953 3.092129 -10.890052
v -6.114093 3.027071 -11.303241
v -6.494852 3.685299 -11.726294
v -6.674149 3.722324 -11.521523
v -6.466455 3.737471 -11.342406
v -6.287158 3.700446 -11.547177
v -6.460953 4.270452 -11.713960
v 12.128727 -0.188920 -5.253704
v 10.705927 0.358473 -6.441277
v 9.035630 -0.007879 -5.560603
v 10.451393 -0.384504 -4.314223
v 11.910784 0.419949 -5.067108
v 10.668218 0.683426 -6.126158
v 9.211880 0.395009 -5.398784
v 10.457098 0.067173 -4.361897
v 11.697979 1.021750 -4.882365
v 10.652221 0.823011 -5.931330
v 9.407392 0.584035 -5.309362
v 10.472269 0.297737 -4.427532
v 11.632055 1.421517 -4.750616
v 10.777106 1.017225 -5.716588
v 9.745138 0.787547 -5.197859
v 10.624947 0.573077 -4.445045
v 11.451100 1.781665 -4.646471
v 10.757037 1.544554 -5.422029
v 9.916803 1.359235 -4.977627
v 10.628627 1.169732 -4.348959
v 10.956573 2.423747 -4.481371
v 10.442009 2.513349 -4.972908
v 9.830012 2.322968 -4.651383
v 10.344860 2.229774 -4.161067
v 10.567076 3.351643 -4.203868
v 10.209863 3.438829 -4.522413
v 9.789955 3.334783 -4.302751
v 10.145360 3.250550 -3.983390
v 10.502584 4.072800 -3.959686
v 10.325857 4.119870 -4.117520
v 10.116879 4.072800 -4.005842
v 10.293606 4.025730 -3.848008
v 10.384883 4.682032 -3.760967
v 10.087180 -0.464801 -6.004684
v 8.680859 -0.480402 -7.329955
v 7.005538 -0.276151 -6.407307
v 8.415628 -0.082606 -5.113522
v 9.907762 0.169653 -6.140023
v 8.666807 -0.041846 -7.212532
v 7.207280 0.143665 -6.458513
v 8.446815 0.288101 -5.374138
v 9.733034 0.796742 -6.273479
v 8.661865 0.175362 -7.110089
v 7.414751 0.340635 -6.469037
v 8.474351 0.456597 -5.543102
v 9.692404 1.213307 -6.353104
v 8.801021 0.441721 -7.014604
v 7.765374 0.552698 -6.465140
v 8.642468 0.679522 -5.689631
v 9.534236 1.588588 -6.439385
v 8.816011 1.045887 -7.013025
v 7.973212 1.148408 -6.547184
v 8.682206 1.246569 -5.894865
v 9.080335 2.257651 -6.613782
v 8.564511 2.127358 -7.094783
v 7.947398 2.152637 -6.730508
v 8.463280 2.279186 -6.248828
v 8.749549 3.224536 -6.826898
v 8.393251 3.166888 -7.153092
v 7.971361 3.206968 -6.916867
v 8.326038 3.267694 -6.591419
v 8.730686 3.975996 -6.964024
v 8.554637 3.950795 -7.127520
v 8.344982 3.975996 -7.010179
v 8.521030 4.001198 -6.846684
v 8.651533 4.610828 -7.087433
v 0.161246 0.365443 -9.910132
v -1.266807 0.083417 -8.902432
v -0.736494 -0.309672 -7.264009
v 0.681310 0.083417 -8.241501
v 0.069275 0.711881 -9.639044
v -1.123975 0.335966 -8.777375
v -0.705244 0.001908 -7.356120
v 0.491868 0.335966 -8.229174
v -0.020879 1.054967 -9.373312
v -1.013733 0.458187 -8.710280
v -0.658156 0.177084 -7.494915
v 0.363558 0.458187 -8.243012
v -0.059084 1.302258 -9.260700
v -0.878796 0.649026 -8.758435
v -0.570884 0.398382 -7.752152
v 0.285779 0.649026 -8.363334
v -0.128443 1.493805 -9.056262
v -0.817335 1.018374 -8.640863
v -0.549083 0.820355 -7.816412
v 0.165464 1.018375 -8.307432
v -0.301510 1.791127 -8.546140
v -0.832627 1.611935 -8.202600
v -0.620452 1.435044 -7.606047
v -0.089081 1.611935 -7.950340
v -0.458157 2.304348 -8.084417
v -0.816602 2.199678 -7.839201
v -0.680706 2.093521 -7.428448
v -0.322923 2.199678 -7.671713
v -0.511433 2.764433 -7.927386
v -0.690282 2.714879 -7.805877
v -0.622292 2.665325 -7.600624
v -0.443443 2.714879 -7.722133
v -0.574610 3.136868 -7.741169
v 4.321925 0.363286 -5.542838
v 5.788084 0.076100 -6.662856
v 5.296517 -0.322703 -8.415484
v 3.839967 0.076100 -7.323787
v 4.416460 0.710979 -5.821482
v 5.643796 0.329906 -6.783623
v 5.258911 -0.009101 -8.304639
v 4.027954 0.329906 -7.331824
v 4.509082 1.055316 -6.094489
v 5.532680 0.452754 -6.848139
v 5.206006 0.167442 -8.148699
v 4.155389 0.452754 -7.315407
v 4.547031 1.303718 -6.206346
v 5.393132 0.644904 -6.786395
v 5.109275 0.390684 -7.863579
v 4.228557 0.644904 -7.181497
v 4.619214 1.495815 -6.419108
v 5.329189 1.016128 -6.896650
v 5.080425 0.815234 -7.778545
v 4.346390 1.016128 -7.230081
v 4.801636 1.793477 -6.956801
v 5.347151 1.612016 -7.342783
v 5.149366 1.432868 -7.981748
v 4.603605 1.612016 -7.595043
v 4.963630 2.308398 -7.434287
v 5.331894 2.202259 -7.708444
v 5.205785 2.094628 -8.148048
v 4.838215 2.202259 -7.875933
v 5.015076 2.770689 -7.585926
v 5.198771 2.720419 -7.721717
v 5.135627 2.670149 -7.941253
v 4.951932 2.720419 -7.805462
v 5.078297 3.144753 -7.772270
v -3.036809 -0.471606 -9.146186
v -2.875204 0.387058 -10.869818
v -4.649442 0.623686 -11.573935
v -4.814587 -0.066086 -9.786021
v -3.149984 0.187842 -9.072985
v -3.048645 0.732465 -10.631218
v -4.557238 0.964885 -11.266283
v -4.657243 0.356610 -9.732275
v -3.260485 0.838861 -8.998523
v -3.167461 0.885621 -10.489360
v -4.455153 1.091468 -11.030683
v -4.538577 0.565255 -9.723130
v -3.294555 1.248922 -8.888039
v -3.200801 1.048998 -10.221730
v -4.278894 1.189966 -10.674097
v -4.360155 0.778111 -9.573841
v -3.388633 1.654440 -8.886835
v -3.295127 1.579234 -9.947513
v -4.188951 1.697407 -10.300986
v -4.273520 1.350630 -9.400751
v -3.645996 2.428459 -9.023747
v -3.569555 2.631177 -9.707467
v -4.233472 2.664536 -9.976290
v -4.309767 2.458224 -9.293810
v -3.848378 3.450467 -8.958586
v -3.805721 3.616738 -9.413788
v -4.253589 3.664754 -9.594089
v -4.297186 3.501905 -9.139139
v -3.881457 4.174031 -8.715251
v -3.859145 4.260005 -8.939906
v -4.082567 4.288561 -9.027238
v -4.104878 4.202588 -8.802582
v -3.942364 4.804069 -8.560817
v 3.413079 0.061460 -8.971027
v 1.233619 0.247645 -9.089788
v 1.085317 0.253082 -6.912139
v 3.264776 0.247645 -6.793378
v 3.267593 0.705909 -8.842346
v 1.406838 0.658651 -8.893948
v 1.230802 0.679512 -7.040819
v 3.091558 0.658651 -6.989218
v 3.125765 1.342878 -8.716900
v 1.536639 0.854541 -8.758161
v 1.384169 0.879585 -7.176472
v 2.972639 0.854541 -7.134631
v 3.088460 1.766005 -8.683904
v 1.759525 1.103037 -8.731845
v 1.645287 1.094989 -7.407428
v 2.973741 1.103037 -7.359062
v 2.963146 2.147199 -8.573065
v 1.865576 1.697870 -8.634693
v 1.792561 1.700084 -7.537691
v 2.890268 1.697870 -7.476185
v 2.610042 2.826802 -8.260747
v 1.795976 2.771566 -8.321799
v 1.757047 2.720134 -7.506279
v 2.571216 2.771566 -7.445319
v 2.345057 3.808920 -8.026370
v 1.793673 3.801561 -8.057279
v 1.758283 3.791075 -7.507373
v 2.308395 3.801561 -7.475339
v 2.318824 4.572219 -8.003167
v 2.044658 4.572219 -8.019971
v 2.027854 4.572219 -7.745806
v 2.302019 4.572219 -7.729001
v 2.248971 5.217052 -7.941383
v 6.956880 -0.140526 -5.064637
v 7.370073 -0.414754 -6.864806
v 5.861343 -0.463406 -7.957395
v 5.460217 -0.076392 -6.179278
v 6.930632 0.233956 -5.322600
v 7.234637 -0.129431 -6.856489
v 5.959082 -0.169661 -7.830086
v 5.650529 0.151219 -6.287885
v 6.905626 0.604464 -5.575142
v 7.133372 0.014555 -6.831709
v 6.045462 -0.015665 -7.665443
v 5.783131 0.253772 -6.347050
v 6.916111 0.861404 -5.672750
v 7.099016 0.209376 -6.686548
v 6.184169 0.168379 -7.369850
v 5.957313 0.411647 -6.276742
v 6.881892 1.075449 -5.873730
v 7.054998 0.598482 -6.713222
v 6.294687 0.573951 -7.262133
v 6.091502 0.769181 -6.367382
v 6.759136 1.432404 -6.391908
v 6.916874 1.252308 -7.041663
v 6.345874 1.203709 -7.430362
v 6.187932 1.381452 -6.780015
v 6.698532 1.994876 -6.838373
v 6.800038 1.891525 -7.286771
v 6.417957 1.872209 -7.559498
v 6.316055 1.977270 -7.113049
v 6.736998 2.466187 -6.963836
v 6.788724 2.417097 -7.186603
v 6.598457 2.410881 -7.322508
v 6.546732 2.459970 -7.099742
v 6.746787 2.855284 -7.128615
v -2.965967 -0.363898 -9.038901
v -1.290726 -0.076774 -8.265811
v 0.111313 -0.266203 -9.478572
v -1.565840 -0.439588 -10.271968
v -2.780328 0.040204 -9.137440
v -1.318536 0.150919 -8.483076
v -0.085655 0.003568 -9.500348
v -1.546726 -0.150013 -10.147059
v -2.599447 0.439634 -9.234483
v -1.344651 0.252026 -8.626936
v -0.290656 0.130975 -9.495277
v -1.539153 -0.004478 -10.045262
v -2.554575 0.705529 -9.288723
v -1.510452 0.389691 -8.744265
v -0.638357 0.269089 -9.472573
v -1.674914 0.172802 -9.943536
v -2.392834 0.944171 -9.354062
v -1.544515 0.747185 -8.902664
v -0.839582 0.651306 -9.514102
v -1.683306 0.564150 -9.914743
v -1.932916 1.368352 -9.493846
v -1.315702 1.398640 -9.181395
v -0.803394 1.292843 -9.635087
v -1.420706 1.260163 -9.947093
v -1.592769 1.983764 -9.651790
v -1.168880 2.022213 -9.449586
v -0.816359 1.966766 -9.755188
v -1.238598 1.930271 -9.957972
v -1.566141 2.463827 -9.742261
v -1.356255 2.485382 -9.641298
v -1.181228 2.460966 -9.794529
v -1.391114 2.439411 -9.895491
v -1.480557 2.868914 -9.827258
v -7.946553 -0.559458 -12.633698
v -9.848360 -0.423222 -12.319219
v -10.115097 -0.224818 -10.424706
v -8.221334 -0.181533 -10.758599
v -8.110238 0.089640 -12.563571
v -9.727900 0.005609 -12.230275
v -9.999077 0.189701 -10.609858
v -8.378382 0.206075 -10.935837
v -8.270198 0.731082 -12.496143
v -9.631953 0.214630 -12.160977
v -9.865666 0.378908 -10.778246
v -8.481669 0.385501 -11.057641
v -8.323649 1.153652 -12.505861
v -9.450263 0.467693 -12.209736
v -9.632953 0.576662 -11.051487
v -8.477635 0.612173 -11.276805
v -8.456899 1.540030 -12.426777
v -9.390356 1.069067 -12.211631
v -9.523226 1.168522 -11.257544
v -8.569543 1.190996 -11.424319
v -8.814807 2.236916 -12.161565
v -9.518559 2.162371 -12.044999
v -9.601584 2.183856 -11.333093
v -8.897566 2.254617 -11.449351
v -9.104410 3.228801 -12.013249
v -9.583072 3.209097 -11.928579
v -9.648105 3.247457 -11.449309
v -9.170762 3.270344 -11.533097
v -9.162728 3.988550 -12.070110
v -9.400807 3.982258 -12.029632
v -9.432730 4.006589 -11.791413
v -9.194652 4.012881 -11.831891
v -9.256250 4.633340 -12.072467
v -6.495723 -0.464801 -11.630705
v -7.902045 -0.480402 -12.955976
v -9.577365 -0.276151 -12.033329
v -8.167275 -0.082606 -10.739544
v -6.675141 0.169653 -11.766044
v -7.916096 -0.041846 -12.838553
v -9.375624 0.143665 -12.084534
v -8.136088 0.288101 -11.000159
v -6.849869 0.796742 -11.899500
v -7.921039 0.175362 -12.736110
v -9.168152 0.340635 -12.095058
v -8.108553 0.456597 -11.169123
v -6.890499 1.213307 -11.979126
v -7.781882 0.441721 -12.640625
v -8.817529 0.552698 -12.091161
v -7.940436 0.679522 -11.315653
v -7.048667 1.588588 -12.065407
v -7.766893 1.045887 -12.639047
v -8.609691 1.148408 -12.173206
v -7.900697 1.246569 -11.520886
v -7.502568 2.257651 -12.239803
v -8.018392 2.127358 -12.720804
v -8.635505 2.152637 -12.356529
v -8.119623 2.279186 -11.874849
v -7.833355 3.224536 -12.452919
v -8.189653 3.166888 -12.779114
v -8.611542 3.206968 -12.542888
v -8.256865 3.267694 -12.217440
v -7.852217 3.975996 -12.590045
v -8.028266 3.950795 -12.753541
v -8.237922 3.975996 -12.636201
v -8.061873 4.001198 -12.472705
v -7.931371 4.610828 -12.713454
v -10.748640 0.061460 -13.992127
v -12.699483 0.247645 -13.013168
v -11.747066 0.253082 -11.049230
v -9.796224 0.247645 -12.028189
v -10.811042 0.705909 -13.808196
v -12.451890 0.658651 -12.929168
v -11.684665 0.679512 -11.233161
v -10.043816 0.658651 -12.112189
v -10.871875 1.342878 -13.628888
v -12.271802 0.854541 -12.875741
v -11.618882 0.879585 -11.427058
v -10.219237 0.854541 -12.179375
v -10.887876 1.766005 -13.581725
v -12.065260 1.103037 -12.963555
v -11.506883 1.094989 -11.757178
v -10.329705 1.103037 -12.374739
v -10.941626 2.147199 -13.423295
v -11.924968 1.697870 -12.931874
v -11.443714 1.700084 -11.943371
v -10.460313 1.697870 -12.434965
v -11.093080 2.826802 -12.976879
v -11.830040 2.771566 -12.625712
v -11.458947 2.720134 -11.898472
v -10.721942 2.771566 -12.249771
v -11.206737 3.808920 -12.641870
v -11.700712 3.801561 -12.394952
v -11.458417 3.791075 -11.900035
v -10.964988 3.801561 -12.145345
v -11.217989 4.572219 -12.608704
v -11.464322 4.572219 -12.487175
v -11.342792 4.572219 -12.240842
v -11.096460 4.572219 -12.362371
v -11.247950 5.217052 -12.520392
v 12.686767 0.837269 -3.008313
v 12.598133 0.837269 -2.921942
v 12.487147 0.837269 -2.867186
v 12.364672 0.837269 -2.849407
v 12.242698 0.837269 -2.870345
v 12.133164 0.837269 -2.927950
v 12.046792 0.837269 -3.016584
v 11.992036 0.837269 -3.127570
v 11.974257 0.837269 -3.250044
v 11.995196 0.837269 -3.372018
v 12.052800 0.837269 -3.481552
v 12.141434 0.837269 -3.567924
v 12.252420 0.837269 -3.622680
v 12.374894 0.837269 -3.640459
v 12.496868 0.837269 -3.619520
v 12.606402 0.837269 -3.561916
v 12.692774 0.837269 -3.473282
v 12.747530 0.837269 -3.362296
v 12.765309 0.837269 -3.239822
v 12.744371 0.837269 -3.117848
v 12.680632 0.789072 -3.012892
v 12.593714 0.789072 -2.928191
v 12.484876 0.789072 -2.874495
v 12.364771 0.789072 -2.857060
v 12.245157 0.789072 -2.877593
v 12.137742 0.789072 -2.934083
v 12.053041 0.789072 -3.021002
v 11.999346 0.789072 -3.129841
v 11.981911 0.789072 -3.249945
v 12.002443 0.789072 -3.369559
v 12.058934 0.789072 -3.476974
v 12.145852 0.789072 -3.561674
v 12.254690 0.789072 -3.615371
v 12.374795 0.789072 -3.632806
v 12.494409 0.789072 -3.612273
v 12.601824 0.789072 -3.555782
v 12.686525 0.789072 -3.468864
v 12.740221 0.789072 -3.360025
v 12.757656 0.789072 -3.239921
v 12.737123 0.789072 -3.120307
v 12.427448 0.761486 -3.201887
v 12.411325 0.761486 -3.186175
v 12.391133 0.761486 -3.176214
v 12.368854 0.761486 -3.172979
v 12.346664 0.761486 -3.176788
v 12.326738 0.761486 -3.187268
v 12.311025 0.761486 -3.203392
v 12.301063 0.761486 -3.223582
v 12.297830 0.761486 -3.245863
v 12.301639 0.761486 -3.268052
v 12.312118 0.761486 -3.287978
v 12.328242 0.761486 -3.303691
v 12.348433 0.761486 -3.313652
v 12.370713 0.761486 -3.316887
v 12.392902 0.761486 -3.313077
v 12.412829 0.761486 -3.302598
v 12.428541 0.761486 -3.286474
v 12.438503 0.761486 -3.266283
v 12.441737 0.761486 -3.244003
v 12.437928 0.761486 -3.221814
v 12.429007 0.605046 -3.200724
v 12.412447 0.605046 -3.184586
v 12.391711 0.605046 -3.174355
v 12.368828 0.605046 -3.171034
v 12.346039 0.605046 -3.174946
v 12.325574 0.605046 -3.185708
v 12.309436 0.605046 -3.202269
v 12.299206 0.605046 -3.223005
v 12.295884 0.605046 -3.245888
v 12.299795 0.605046 -3.268677
v 12.310559 0.605046 -3.289142
v 12.327119 0.605046 -3.305280
v 12.347855 0.605046 -3.315511
v 12.370739 0.605046 -3.318832
v 12.393528 0.605046 -3.314920
v 12.413992 0.605046 -3.304157
v 12.430131 0.605046 -3.287597
v 12.440361 0.605046 -3.266861
v 12.443682 0.605046 -3.243978
v 12.439770 0.605046 -3.221189
v 12.449581 -0.294602 -3.185366
v 12.427268 -0.294602 -3.163623
v 12.399329 -0.294602 -3.149839
v 12.368497 -0.294602 -3.145363
v 12.337791 -0.294602 -3.150634
v 12.310217 -0.294602 -3.165135
v 12.288473 -0.294602 -3.187448
v 12.274689 -0.294602 -3.215388
v 12.270213 -0.294602 -3.246220
v 12.275485 -0.294602 -3.276925
v 12.289986 -0.294602 -3.304500
v 12.312298 -0.294602 -3.326243
v 12.340238 -0.294602 -3.340027
v 12.371070 -0.294602 -3.344503
v 12.401776 -0.294602 -3.339232
v 12.429350 -0.294602 -3.324730
v 12.451093 -0.294602 -3.302418
v 12.464878 -0.294602 -3.274478
v 12.469353 -0.294602 -3.243646
v 12.464082 -0.294602 -3.212941
v 12.369783 -0.582507 -3.244933
v 13.492138 0.837269 -5.382174
v 13.403504 0.837269 -5.295802
v 13.292518 0.837269 -5.241047
v 13.170043 0.837269 -5.223267
v 13.048069 0.837269 -5.244206
v 12.938535 0.837269 -5.301810
v 12.852163 0.837269 -5.390444
v 12.797407 0.837269 -5.501431
v 12.779629 0.837269 -5.623905
v 12.800567 0.837269 -5.745879
v 12.858172 0.837269 -5.855413
v 12.946805 0.837269 -5.941785
v 13.057791 0.837269 -5.996540
v 13.180265 0.837269 -6.014319
v 13.302239 0.837269 -5.993381
v 13.411773 0.837269 -5.935777
v 13.498145 0.837269 -5.847143
v 13.552901 0.837269 -5.736156
v 13.570680 0.837269 -5.613683
v 13.549742 0.837269 -5.491709
v 13.486004 0.789072 -5.386753
v 13.399085 0.789072 -5.302052
v 13.290247 0.789072 -5.248355
v 13.170142 0.789072 -5.230921
v 13.050528 0.789072 -5.251453
v 12.943114 0.789072 -5.307944
v 12.858412 0.789072 -5.394862
v 12.804717 0.789072 -5.503701
v 12.787282 0.789072 -5.623806
v 12.807814 0.789072 -5.743420
v 12.864305 0.789072 -5.850834
v 12.951223 0.789072 -5.935535
v 13.060061 0.789072 -5.989232
v 13.180166 0.789072 -6.006666
v 13.299781 0.789072 -5.986134
v 13.407195 0.789072 -5.929643
v 13.491896 0.789072 -5.842725
v 13.545592 0.789072 -5.733886
v 13.563027 0.789072 -5.613781
v 13.542494 0.789072 -5.494167
v 13.232819 0.761486 -5.575748
v 13.216696 0.761486 -5.560035
v 13.196504 0.761486 -5.550074
v 13.174225 0.761486 -5.546840
v 13.152035 0.761486 -5.550649
v 13.132109 0.761486 -5.561128
v 13.116396 0.761486 -5.577252
v 13.106435 0.761486 -5.597443
v 13.103201 0.761486 -5.619723
v 13.107010 0.761486 -5.641913
v 13.117489 0.761486 -5.661839
v 13.133613 0.761486 -5.677552
v 13.153804 0.761486 -5.687513
v 13.176084 0.761486 -5.690747
v 13.198273 0.761486 -5.686938
v 13.218200 0.761486 -5.676459
v 13.233912 0.761486 -5.660335
v 13.243874 0.761486 -5.640144
v 13.247108 0.761486 -5.617864
v 13.243299 0.761486 -5.595674
v 13.234378 0.605046 -5.574584
v 13.217819 0.605046 -5.558447
v 13.197083 0.605046 -5.548216
v 13.174199 0.605046 -5.544894
v 13.151410 0.605046 -5.548806
v 13.130945 0.605046 -5.559569
v 13.114807 0.605046 -5.576129
v 13.104577 0.605046 -5.596866
v 13.101256 0.605046 -5.619748
v 13.105167 0.605046 -5.642538
v 13.115930 0.605046 -5.663003
v 13.132490 0.605046 -5.679141
v 13.153226 0.605046 -5.689371
v 13.176110 0.605046 -5.692693
v 13.198899 0.605046 -5.688781
v 13.219363 0.605046 -5.678018
v 13.235502 0.605046 -5.661458
v 13.245732 0.605046 -5.640721
v 13.249053 0.605046 -5.617839
v 13.245141 0.605046 -5.595049
v 13.254952 -0.294602 -5.559227
v 13.232639 -0.294602 -5.537484
v 13.204700 -0.294602 -5.523699
v 13.173868 -0.294602 -5.519224
v 13.143162 -0.294602 -5.524495
v 13.115588 -0.294602 -5.538996
v 13.093844 -0.294602 -5.561309
v 13.080060 -0.294602 -5.589249
v 13.075584 -0.294602 -5.620080
v 13.080856 -0.294602 -5.650786
v 13.095357 -0.294602 -5.678360
v 13.117669 -0.294602 -5.700104
v 13.145609 -0.294602 -5.713888
v 13.176441 -0.294602 -5.718363
v 13.207147 -0.294602 -5.713093
v 13.234721 -0.294602 -5.698591
v 13.256465 -0.294602 -5.676278
v 13.270249 -0.294602 -5.648339
v 13.274724 -0.294602 -5.617507
v 13.269453 -0.294602 -5.586801
v 13.175154 -0.582507 -5.618794
v -0.082419 0.837269 -9.987565
v -0.171052 0.837269 -9.901193
v -0.282039 0.837269 -9.846437
v -0.404513 0.837269 -9.828658
v -0.526487 0.837269 -9.849596
v -0.636021 0.837269 -9.907201
v -0.722393 0.837269 -9.995835
v -0.777149 0.837269 -10.106821
v -0.794928 0.837269 -10.229295
v -0.773989 0.837269 -10.351269
v -0.716385 0.837269 -10.460803
v -0.627751 0.837269 -10.547175
v -0.516765 0.837269 -10.601931
v -0.394291 0.837269 -10.619710
v -0.272317 0.837269 -10.598772
v -0.162783 0.837269 -10.541167
v -0.076411 0.837269 -10.452533
v -0.021655 0.837269 -10.341547
v -0.003876 0.837269 -10.219073
v -0.024814 0.837269 -10.097099
v -0.088552 0.789072 -9.992143
v -0.175471 0.789072 -9.907442
v -0.284309 0.789072 -9.853746
v -0.404414 0.789072 -9.836311
v -0.524028 0.789072 -9.856844
v -0.631443 0.789072 -9.913334
v -0.716144 0.789072 -10.000253
v -0.769840 0.789072 -10.109092
v -0.787275 0.789072 -10.229196
v -0.766742 0.789072 -10.348810
v -0.710251 0.789072 -10.456225
v -0.623333 0.789072 -10.540926
v -0.514494 0.789072 -10.594622
v -0.394390 0.789072 -10.612057
v -0.274776 0.789072 -10.591524
v -0.167361 0.789072 -10.535033
v -0.082660 0.789072 -10.448115
v -0.028964 0.789072 -10.339276
v -0.011529 0.789072 -10.219172
v -0.032062 0.789072 -10.099558
v -0.341737 0.761486 -10.181138
v -0.357861 0.761486 -10.165426
v -0.378051 0.761486 -10.155464
v -0.400332 0.761486 -10.152230
v -0.422521 0.761486 -10.156039
v -0.442447 0.761486 -10.166519
v -0.458160 0.761486 -10.182643
v -0.468121 0.761486 -10.202833
v -0.471355 0.761486 -10.225114
v -0.467546 0.761486 -10.247303
v -0.457067 0.761486 -10.267229
v -0.440943 0.761486 -10.282942
v -0.420752 0.761486 -10.292903
v -0.398472 0.761486 -10.296138
v -0.376283 0.761486 -10.292328
v -0.356356 0.761486 -10.281849
v -0.340644 0.761486 -10.265725
v -0.330682 0.761486 -10.245535
v -0.327448 0.761486 -10.223254
v -0.331257 0.761486 -10.201065
v -0.340178 0.605046 -10.179975
v -0.356737 0.605046 -10.163837
v -0.377474 0.605046 -10.153606
v -0.400357 0.605046 -10.150285
v -0.423146 0.605046 -10.154197
v -0.443611 0.605046 -10.164960
v -0.459749 0.605046 -10.181520
v -0.469979 0.605046 -10.202256
v -0.473301 0.605046 -10.225139
v -0.469389 0.605046 -10.247928
v -0.458626 0.605046 -10.268393
v -0.442066 0.605046 -10.284531
v -0.421330 0.605046 -10.294761
v -0.398447 0.605046 -10.298083
v -0.375657 0.605046 -10.294171
v -0.355192 0.605046 -10.283408
v -0.339055 0.605046 -10.266848
v -0.328824 0.605046 -10.246112
v -0.325503 0.605046 -10.223229
v -0.329415 0.605046 -10.200440
v -0.319604 -0.294602 -10.164617
v -0.341917 -0.294602 -10.142874
v -0.369857 -0.294602 -10.129090
v -0.400688 -0.294602 -10.124614
v -0.431394 -0.294602 -10.129885
v -0.458968 -0.294602 -10.144387
v -0.480712 -0.294602 -10.166699
v -0.494496 -0.294602 -10.194639
v -0.498972 -0.294602 -10.225471
v -0.493701 -0.294602 -10.256177
v -0.479199 -0.294602 -10.283751
v -0.456887 -0.294602 -10.305494
v -0.428947 -0.294602 -10.319278
v -0.398115 -0.294602 -10.323754
v -0.367409 -0.294602 -10.318483
v -0.339835 -0.294602 -10.303981
v -0.318092 -0.294602 -10.281669
v -0.304308 -0.294602 -10.253729
v -0.299832 -0.294602 -10.222897
v -0.305103 -0.294602 -10.192192
v -0.399402 -0.582507 -10.224184
v -0.887790 0.837269 -7.613704
v -0.976423 0.837269 -7.527332
v -1.087410 0.837269 -7.472576
v -1.209884 0.837269 -7.454797
v -1.331858 0.837269 -7.475736
v -1.441392 0.837269 -7.533340
v -1.527764 0.837269 -7.621974
v -1.582520 0.837269 -7.732960
v -1.600299 0.837269 -7.855435
v -1.579361 0.837269 -7.977408
v -1.521756 0.837269 -8.086943
v -1.433122 0.837269 -8.173314
v -1.322136 0.837269 -8.228070
v -1.199662 0.837269 -8.245849
v -1.077688 0.837269 -8.224911
v -0.968154 0.837269 -8.167306
v -0.881782 0.837269 -8.078673
v -0.827026 0.837269 -7.967687
v -0.809247 0.837269 -7.845212
v -0.830185 0.837269 -7.723238
v -0.893923 0.789072 -7.618283
v -0.980842 0.789072 -7.533582
v -1.089681 0.789072 -7.479885
v -1.209785 0.789072 -7.462451
v -1.329399 0.789072 -7.482983
v -1.436814 0.789072 -7.539474
v -1.521515 0.789072 -7.626392
v -1.575211 0.789072 -7.735231
v -1.592646 0.789072 -7.855336
v -1.572113 0.789072 -7.974950
v -1.515623 0.789072 -8.082364
v -1.428704 0.789072 -8.167065
v -1.319866 0.789072 -8.220761
v -1.199761 0.789072 -8.238196
v -1.080147 0.789072 -8.217664
v -0.972732 0.789072 -8.161173
v -0.888031 0.789072 -8.074255
v -0.834335 0.789072 -7.965416
v -0.816900 0.789072 -7.845311
v -0.837433 0.789072 -7.725697
v -1.147108 0.761486 -7.807278
v -1.163232 0.761486 -7.791565
v -1.183422 0.761486 -7.781604
v -1.205703 0.761486 -7.778370
v -1.227892 0.761486 -7.782179
v -1.247818 0.761486 -7.792658
v -1.263531 0.761486 -7.808782
v -1.273492 0.761486 -7.828973
v -1.276726 0.761486 -7.851253
v -1.272917 0.761486 -7.873442
v -1.262438 0.761486 -7.893369
v -1.246314 0.761486 -7.909082
v -1.226123 0.761486 -7.919043
v -1.203843 0.761486 -7.922277
v -1.181654 0.761486 -7.918468
v -1.161727 0.761486 -7.907989
v -1.146015 0.761486 -7.891865
v -1.136053 0.761486 -7.871674
v -1.132819 0.761486 -7.849394
v -1.136628 0.761486 -7.827204
v -1.145549 0.605046 -7.806114
v -1.162108 0.605046 -7.789976
v -1.182845 0.605046 -7.779746
v -1.205728 0.605046 -7.776424
v -1.228517 0.605046 -7.780336
v -1.248982 0.605046 -7.791099
v -1.265120 0.605046 -7.807659
v -1.275350 0.605046 -7.828396
v -1.278672 0.605046 -7.851278
v -1.274760 0.605046 -7.874068
v -1.263997 0.605046 -7.894533
v -1.247437 0.605046 -7.910670
v -1.226701 0.605046 -7.920901
v -1.203818 0.605046 -7.924223
v -1.181029 0.605046 -7.920311
v -1.160563 0.605046 -7.909548
v -1.144426 0.605046 -7.892988
v -1.134195 0.605046 -7.872251
v -1.130874 0.605046 -7.849369
v -1.134786 0.605046 -7.826579
v -1.124975 -0.294602 -7.790757
v -1.147288 -0.294602 -7.769013
v -1.175228 -0.294602 -7.755229
v -1.206060 -0.294602 -7.750754
v -1.236765 -0.294602 -7.756024
v -1.264340 -0.294602 -7.770526
v -1.286083 -0.294602 -7.792839
v -1.299867 -0.294602 -7.820778
v -1.304343 -0.294602 -7.851610
v -1.299072 -0.294602 -7.882316
v -1.284570 -0.294602 -7.909890
v -1.262258 -0.294602 -7.931633
v -1.234318 -0.294602 -7.945418
v -1.203486 -0.294602 -7.949893
v -1.172780 -0.294602 -7.944622
v -1.145206 -0.294602 -7.930121
v -1.123463 -0.294602 -7.907808
v -1.109679 -0.294602 -7.879868
v -1.105203 -0.294602 -7.849037
v -1.110474 -0.294602 -7.818331
v -1.204773 -0.582507 -7.850323
v -11.753195 0.837269 -13.947067
v -11.841830 0.837269 -13.860695
v -11.952816 0.837269 -13.805939
v -12.075290 0.837269 -13.788160
v -12.197264 0.837269 -13.809099
v -12.306798 0.837269 -13.866703
v -12.393171 0.837269 -13.955337
v -12.447926 0.837269 -14.066323
v -12.465705 0.837269 -14.188797
v -12.444767 0.837269 -14.310771
v -12.387162 0.837269 -14.420306
v -12.298529 0.837269 -14.506677
v -12.187543 0.837269 -14.561433
v -12.065068 0.837269 -14.579212
v -11.943094 0.837269 -14.558274
v -11.833560 0.837269 -14.500669
v -11.747189 0.837269 -14.412036
v -11.692432 0.837269 -14.301049
v -11.674653 0.837269 -14.178575
v -11.695592 0.837269 -14.056601
v -11.759330 0.789072 -13.951646
v -11.846248 0.789072 -13.866945
v -11.955086 0.789072 -13.813248
v -12.075191 0.789072 -13.795814
v -12.194805 0.789072 -13.816346
v -12.302220 0.789072 -13.872837
v -12.386921 0.789072 -13.959755
v -12.440617 0.789072 -14.068594
v -12.458052 0.789072 -14.188698
v -12.437519 0.789072 -14.308312
v -12.381028 0.789072 -14.415727
v -12.294110 0.789072 -14.500428
v -12.185272 0.789072 -14.554124
v -12.065167 0.789072 -14.571559
v -11.945553 0.789072 -14.551026
v -11.838138 0.789072 -14.494536
v -11.753438 0.789072 -14.407617
v -11.699742 0.789072 -14.298778
v -11.682307 0.789072 -14.178674
v -11.702839 0.789072 -14.059060
v -12.012514 0.761486 -14.140641
v -12.028638 0.761486 -14.124928
v -12.048829 0.761486 -14.114967
v -12.071109 0.761486 -14.111733
v -12.093298 0.761486 -14.115542
v -12.113225 0.761486 -14.126021
v -12.128937 0.761486 -14.142145
v -12.138899 0.761486 -14.162336
v -12.142133 0.761486 -14.184616
v -12.138324 0.761486 -14.206805
v -12.127844 0.761486 -14.226732
v -12.111721 0.761486 -14.242445
v -12.091529 0.761486 -14.252406
v -12.069249 0.761486 -14.255640
v -12.047060 0.761486 -14.251831
v -12.027134 0.761486 -14.241351
v -12.011421 0.761486 -14.225228
v -12.001459 0.761486 -14.205037
v -11.998226 0.761486 -14.182757
v -12.002035 0.761486 -14.160567
v -12.010955 0.605046 -14.139477
v -12.027515 0.605046 -14.123339
v -12.048251 0.605046 -14.113109
v -12.071134 0.605046 -14.109787
v -12.093923 0.605046 -14.113699
v -12.114388 0.605046 -14.124462
v -12.130527 0.605046 -14.141022
v -12.140756 0.605046 -14.161758
v -12.144078 0.605046 -14.184641
v -12.140167 0.605046 -14.207431
v -12.129403 0.605046 -14.227896
v -12.112843 0.605046 -14.244033
v -12.092107 0.605046 -14.254264
v -12.069224 0.605046 -14.257585
v -12.046435 0.605046 -14.253674
v -12.025970 0.605046 -14.242911
v -12.009832 0.605046 -14.226351
v -11.999602 0.605046 -14.205614
v -11.996280 0.605046 -14.182732
v -12.000192 0.605046 -14.159942
v -11.990382 -0.294602 -14.124120
v -12.012694 -0.294602 -14.102376
v -12.040634 -0.294602 -14.088592
v -12.071466 -0.294602 -14.084116
v -12.102172 -0.294602 -14.089387
v -12.129746 -0.294602 -14.103889
v -12.151489 -0.294602 -14.126202
v -12.165274 -0.294602 -14.154141
v -12.169749 -0.294602 -14.184973
v -12.164478 -0.294602 -14.215679
v -12.149977 -0.294602 -14.243253
v -12.127664 -0.294602 -14.264996
v -12.099724 -0.294602 -14.278781
v -12.068892 -0.294602 -14.283256
v -12.038187 -0.294602 -14.277985
v -12.010613 -0.294602 -14.263484
v -11.988869 -0.294602 -14.241171
v -11.975085 -0.294602 -14.213231
v -11.970609 -0.294602 -14.182400
v -11.975880 -0.294602 -14.151694
v -12.070179 -0.582507 -14.183686
v -12.558567 0.837269 -11.573206
v -12.647201 0.837269 -11.486834
v -12.758187 0.837269 -11.432079
v -12.880661 0.837269 -11.414300
v -13.002635 0.837269 -11.435238
v -13.112169 0.837269 -11.492843
v -13.198542 0.837269 -11.581477
v -13.253297 0.837269 -11.692463
v -13.271076 0.837269 -11.814937
v -13.250138 0.837269 -11.936911
v -13.192533 0.837269 -12.046445
v -13.103900 0.837269 -12.132817
v -12.992914 0.837269 -12.187572
v -12.870439 0.837269 -12.205352
v -12.748465 0.837269 -12.184413
v -12.638931 0.837269 -12.126809
v -12.552560 0.837269 -12.038175
v -12.497803 0.837269 -11.927189
v -12.480024 0.837269 -11.804715
v -12.500963 0.837269 -11.682741
v -12.564701 0.789072 -11.577785
v -12.651619 0.789072 -11.493084
v -12.760457 0.789072 -11.439387
v -12.880562 0.789072 -11.421953
v -13.000176 0.789072 -11.442485
v -13.107591 0.789072 -11.498976
v -13.192293 0.789072 -11.585895
v -13.245988 0.789072 -11.694733
v -13.263423 0.789072 -11.814838
v -13.242890 0.789072 -11.934452
v -13.186399 0.789072 -12.041866
v -13.099481 0.789072 -12.126567
v -12.990643 0.789072 -12.180264
v -12.870538 0.789072 -12.197698
v -12.750924 0.789072 -12.177166
v -12.643510 0.789072 -12.120675
v -12.558809 0.789072 -12.033757
v -12.505113 0.789072 -11.924918
v -12.487678 0.789072 -11.804814
v -12.508210 0.789072 -11.685199
v -12.817885 0.761486 -11.766780
v -12.834009 0.761486 -11.751067
v -12.854200 0.761486 -11.741106
v -12.876480 0.761486 -11.737872
v -12.898669 0.761486 -11.741681
v -12.918596 0.761486 -11.752161
v -12.934308 0.761486 -11.768284
v -12.944270 0.761486 -11.788475
v -12.947504 0.761486 -11.810755
v -12.943695 0.761486 -11.832945
v -12.933215 0.761486 -11.852871
v -12.917092 0.761486 -11.868584
v -12.896900 0.761486 -11.878545
v -12.874621 0.761486 -11.881779
v -12.852431 0.761486 -11.877970
v -12.832505 0.761486 -11.867491
v -12.816792 0.761486 -11.851367
v -12.806830 0.761486 -11.831176
v -12.803597 0.761486 -11.808896
v -12.807406 0.761486 -11.786706
v -12.816326 0.605046 -11.765616
v -12.832886 0.605046 -11.749479
v -12.853622 0.605046 -11.739248
v -12.876506 0.605046 -11.735927
v -12.899295 0.605046 -11.739838
v -12.919759 0.605046 -11.750601
v -12.935898 0.605046 -11.767161
v -12.946128 0.605046 -11.787898
v -12.949449 0.605046 -11.810780
v -12.945538 0.605046 -11.833570
v -12.934774 0.605046 -11.854035
v -12.918214 0.605046 -11.870173
v -12.897478 0.605046 -11.880403
v -12.874595 0.605046 -11.883725
v -12.851806 0.605046 -11.879813
v -12.831341 0.605046 -11.869050
v -12.815203 0.605046 -11.852490
v -12.804973 0.605046 -11.831754
v -12.801651 0.605046 -11.808871
v -12.805563 0.605046 -11.786082
v -12.795753 -0.294602 -11.750259
v -12.818065 -0.294602 -11.728516
v -12.846005 -0.294602 -11.714731
v -12.876837 -0.294602 -11.710256
v -12.907543 -0.294602 -11.715527
v -12.935117 -0.294602 -11.730028
v -12.956860 -0.294602 -11.752341
v -12.970645 -0.294602 -11.780281
v -12.975120 -0.294602 -11.811112
v -12.969849 -0.294602 -11.841818
v -12.955348 -0.294602 -11.869392
v -12.933035 -0.294602 -11.891136
v -12.905096 -0.294602 -11.904920
v -12.874263 -0.294602 -11.909396
v -12.843558 -0.294602 -11.904125
v -12.815984 -0.294602 -11.889623
v -12.794240 -0.294602 -11.867310
v -12.780456 -0.294602 -11.839371
v -12.775980 -0.294602 -11.808539
v -12.781252 -0.294602 -11.777833
v -12.875550 -0.582507 -11.809826
vt 0.375000 0.000000
vt 0.625000 0.000000
vt 0.375000 0.250000
vt 0.625000 0.250000
vt 0.375000 0.500000
vt 0.625000 0.500000
vt 0.375000 0.750000
vt 0.625000 0.750000
vt 0.375000 1.000000
vt 0.625000 1.000000
vt 0.875000 0.000000
vt 0.875000 0.250000
vt 0.125000 0.000000
vt 0.125000 0.250000
vt 0.250000 0.500000
vt 0.375000 0.500000
vt 0.390625 0.562500
vt 0.281250 0.562500
vt 0.500000 0.500000
vt 0.500000 0.562500
vt 0.625000 0.500000
vt 0.609375 0.562500
vt 0.750000 0.500000
vt 0.718750 0.562500
vt 0.406250 0.625000
vt 0.312500 0.625000
vt 0.500000 0.625000
vt 0.593750 0.625000
vt 0.687500 0.625000
vt 0.421875 0.687500
vt 0.343750 0.687500
vt 0.500000 0.687500
vt 0.578125 0.687500
vt 0.656250 0.687500
vt 0.437500 0.750000
vt 0.375000 0.750000
vt 0.500000 0.750000
vt 0.562500 0.750000
vt 0.625000 0.750000
vt 0.453125 0.812500
vt 0.406250 0.812500
vt 0.500000 0.812500
vt 0.546875 0.812500
vt 0.593750 0.812500
vt 0.468750 0.875000
vt 0.437500 0.875000
vt 0.500000 0.875000
vt 0.531250 0.875000
vt 0.562500 0.875000
vt 0.484375 0.937500
vt 0.468750 0.937500
vt 0.500000 0.937500
vt 0.515625 0.937500
vt 0.531250 0.937500
vt 0.500000 0.000000
vt 0.750000 0.250000
vt 0.500000 0.500000
vt 0.250000 0.250000
vt 0.500000 1.000000
vt 0.250000 0.500000
vt 0.375000 0.500000
vt 0.390625 0.562500
vt 0.281250 0.562500
vt 0.500000 0.500000
vt 0.500000 0.562500
vt 0.625000 0.500000
vt 0.609375 0.562500
vt 0.750000 0.500000
vt 0.718750 0.562500
vt 0.406250 0.625000
vt 0.312500 0.625000
vt 0.500000 0.625000
vt 0.593750 0.625000
vt 0.687500 0.625000
vt 0.421875 0.687500
vt 0.343750 0.687500
vt 0.500000 0.687500
vt 0.578125 0.687500
vt 0.656250 0.687500
vt 0.437500 0.750000
vt 0.375000 0.750000
vt 0.500000 0.750000
vt 0.562500 0.750000
vt 0.625000 0.750000
vt 0.453125 0.812500
vt 0.406250 0.812500
vt 0.500000 0.812500
vt 0.546875 0.812500
vt 0.593750 0.812500
vt 0.468750 0.875000
vt 0.437500 0.875000
vt 0.500000 0.875000
vt 0.531250 0.875000
vt 0.562500 0.875000
vt 0.484375 0.937500
vt 0.468750 0.937500
vt 0.500000 0.937500
vt 0.515625 0.937500
vt 0.531250 0.937500
vt 0.500000 0.000000
vt 0.750000 0.250000
vt 0.500000 0.500000
vt 0.250000 0.250000
vt 0.500000 1.000000
vt 0.250000 0.500000
vt 0.375000 0.500000
vt 0.390625 0.562500
vt 0.281250 0.562500
vt 0.500000 0.500000
vt 0.500000 0.562500
vt 0.625000 0.500000
vt 0.609375 0.562500
vt 0.750000 0.500000
vt 0.718750 0.562500
vt 0.406250 0.625000
vt 0.312500 0.625000
vt 0.500000 0.625000
vt 0.593750 0.625000
vt 0.687500 0.625000
vt 0.421875 0.687500
vt 0.343750 0.687500
vt 0.500000 0.687500
vt 0.578125 0.687500
vt 0.656250 0.687500
vt 0.437500 0.750000
vt 0.375000 0.750000
vt 0.500000 0.750000
vt 0.562500 0.750000
vt 0.625000 0.750000
vt 0.453125 0.812500
vt 0.406250 0.812500
vt 0.500000 0.812500
vt 0.546875 0.812500
vt 0.593750 0.812500
vt 0.468750 0.875000
vt 0.437500 0.875000
vt 0.500000 0.875000
vt 0.531250 0.875000
vt 0.562500 0.875000
vt 0.484375 0.937500
vt 0.468750 0.937500
vt 0.500000 0.937500
vt 0.515625 0.937500
vt 0.531250 0.937500
vt 0.500000 0.000000
vt 0.750000 0.250000
vt 0.500000 0.500000
vt 0.250000 0.250000
vt 0.500000 1.000000
vt 0.250000 0.500000
vt 0.375000 0.500000
vt 0.390625 0.562500
vt 0.281250 0.562500
vt 0.500000 0.500000
vt 0.500000 0.562500
vt 0.625000 0.500000
vt 0.609375 0.562500
vt 0.750000 0.500000
vt 0.718750 0.562500
vt 0.406250 0.625000
vt 0.312500 0.625000
vt 0.500000 0.625000
vt 0.593750 0.625000
vt 0.687500 0.625000
vt 0.421875 0.687500
vt 0.343750 0.687500
vt 0.500000 0.687500
vt 0.578125 0.687500
vt 0.656250 0.687500
vt 0.437500 0.750000
vt 0.375000 0.750000
vt 0.500000 0.750000
vt 0.562500 0.750000
vt 0.625000 0.750000
vt 0.453125 0.812500
vt 0.406250 0.812500
vt 0.500000 0.812500
vt 0.546875 0.812500
vt 0.593750 0.812500
vt 0.468750 0.875000
vt 0.437500 0.875000
vt 0.500000 0.875000
vt 0.531250 0.875000
vt 0.562500 0.875000
vt 0.484375 0.937500
vt 0.468750 0.937500
vt 0.500000 0.937500
vt 0.515625 0.937500
vt 0.531250 0.937500
vt 0.500000 0.000000
vt 0.750000 0.250000
vt 0.500000 0.500000
vt 0.250000 0.250000
vt 0.500000 1.000000
vt 0.250000 0.500000
vt 0.375000 0.500000
vt 0.390625 0.562500
vt 0.281250 0.562500
vt 0.500000 0.500000
vt 0.500000 0.562500
vt 0.625000 0.500000
vt 0.609375 0.562500
vt 0.750000 0.500000
vt 0.718750 0.562500
vt 0.406250 0.625000
vt 0.312500 0.625000
vt 0.500000 0.625000
vt 0.593750 0.625000
vt 0.687500 0.625000
vt 0.421875 0.687500
vt 0.343750 0.687500
vt 0.500000 0.687500
vt 0.578125 0.687500
vt 0.656250 0.687500
vt 0.437500 0.750000
vt 0.375000 0.750000
vt 0.500000 0.750000
vt 0.562500 0.750000
vt 0.625000 0.750000
vt 0.453125 0.812500
vt 0.406250 0.812500
vt 0.500000 0.812500
vt 0.546875 0.812500
vt 0.593750 0.812500
vt 0.468750 0.875000
vt 0.437500 0.875000
vt 0.500000 0.875000
vt 0.531250 0.875000
vt 0.562500 0.875000
vt 0.484375 0.937500
vt 0.468750 0.937500
vt 0.500000 0.937500
vt 0.515625 0.937500
vt 0.531250 0.937500
vt 0.500000 0.000000
vt 0.750000 0.250000
vt 0.500000 0.500000
vt 0.250000 0.250000
vt 0.500000 1.000000
vt 0.250000 0.500000
vt 0.375000 0.500000
vt 0.390625 0.562500
vt 0.281250 0.562500
vt 0.500000 0.500000
vt 0.500000 0.562500
vt 0.625000 0.500000
vt 0.609375 0.562500
vt 0.750000 0.500000
vt 0.718750 0.562500
vt 0.406250 0.625000
vt 0.312500 0.625000
vt 0.500000 0.625000
vt 0.593750 0.625000
vt 0.687500 0.625000
vt 0.421875 0.687500
vt 0.343750 0.687500
vt 0.500000 0.687500
vt 0.578125 0.687500
vt 0.656250 0.687500
vt 0.437500 0.750000
vt 0.375000 0.750000
vt 0.500000 0.750000
vt 0.562500 0.750000
vt 0.625000 0.750000
vt 0.453125 0.812500
vt 0.406250 0.812500
vt 0.500000 0.812500
vt 0.546875 0.812500
vt 0.593750 0.812500
vt 0.468750 0.875000
vt 0.437500 0.875000
vt 0.500000 0.875000
vt 0.531250 0.875000
vt 0.562500 0.875000
vt 0.484375 0.937500
vt 0.468750 0.937500
vt 0.500000 0.937500
vt 0.515625 0.937500
vt 0.531250 0.937500
vt 0.500000 0.000000
vt 0.750000 0.250000
vt 0.500000 0.500000
vt 0.250000 0.250000
vt 0.500000 1.000000
vt 0.250000 0.500000
vt 0.375000 0.500000
vt 0.390625 0.562500
vt 0.281250 0.562500
vt 0.500000 0.500000
vt 0.500000 0.562500
vt 0.625000 0.500000
vt 0.609375 0.562500
vt 0.750000 0.500000
vt 0.718750 0.562500
vt 0.406250 0.625000
vt 0.312500 0.625000
vt 0.500000 0.625000
vt 0.593750 0.625000
vt 0.687500 0.625000
vt 0.421875 0.687500
vt 0.343750 0.687500
vt 0.500000 0.687500
vt 0.578125 0.687500
vt 0.656250 0.687500
vt 0.437500 0.750000
vt 0.375000 0.750000
vt 0.500000 0.750000
vt 0.562500 0.750000
vt 0.625000 0.750000
vt 0.453125 0.812500
vt 0.406250 0.812500
vt 0.500000 0.812500
vt 0.546875 0.812500
vt 0.593750 0.812500
vt 0.468750 0.875000
vt 0.437500 0.875000
vt 0.500000 0.875000
vt 0.531250 0.875000
vt 0.562500 0.875000
vt 0.484375 0.937500
vt 0.468750 0.937500
vt 0.500000 0.937500
vt 0.515625 0.937500
vt 0.531250 0.937500
vt 0.500000 0.000000
vt 0.750000 0.250000
vt 0.500000 0.500000
vt 0.250000 0.250000
vt 0.500000 1.000000
vt 0.250000 0.500000
vt 0.375000 0.500000
vt 0.390625 0.562500
vt 0.281250 0.562500
vt 0.500000 0.500000
vt 0.500000 0.562500
vt 0.625000 0.500000
vt 0.609375 0.562500
vt 0.750000 0.500000
vt 0.718750 0.562500
vt 0.406250 0.625000
vt 0.312500 0.625000
vt 0.500000 0.625000
vt 0.593750 0.625000
vt 0.687500 0.625000
vt 0.421875 0.687500
vt 0.343750 0.687500
vt 0.500000 0.687500
vt 0.578125 0.687500
vt 0.656250 0.687500
vt 0.437500 0.750000
vt 0.375000 0.750000
vt 0.500000 0.750000
vt 0.562500 0.750000
vt 0.625000 0.750000
vt 0.453125 0.812500
vt 0.406250 0.812500
vt 0.500000 0.812500
vt 0.546875 0.812500
vt 0.593750 0.812500
vt 0.468750 0.875000
vt 0.437500 0.875000
vt 0.500000 0.875000
vt 0.531250 0.875000
vt 0.562500 0.875000
vt 0.484375 0.937500
vt 0.468750 0.937500
vt 0.500000 0.937500
vt 0.515625 0.937500
vt 0.531250 0.937500
vt 0.500000 0.000000
vt 0.750000 0.250000
vt 0.500000 0.500000
vt 0.250000 0.250000
vt 0.500000 1.000000
vt 0.250000 0.500000
vt 0.375000 0.500000
vt 0.390625 0.562500
vt 0.281250 0.562500
vt 0.500000 0.500000
vt 0.500000 0.562500
vt 0.625000 0.500000
vt 0.609375 0.562500
vt 0.750000 0.500000
vt 0.718750 0.562500
vt 0.406250 0.625000
vt 0.312500 0.625000
vt 0.500000 0.625000
vt 0.593750 0.625000
vt 0.687500 0.625000
vt 0.421875 0.687500
vt 0.343750 0.687500
vt 0.500000 0.687500
vt 0.578125 0.687500
vt 0.656250 0.687500
vt 0.437500 0.750000
vt 0.375000 0.750000
vt 0.500000 0.750000
vt 0.562500 0.750000
vt 0.625000 0.750000
vt 0.453125 0.812500
vt 0.406250 0.812500
vt 0.500000 0.812500
vt 0.546875 0.812500
vt 0.593750 0.812500
vt 0.468750 0.875000
vt 0.437500 0.875000
vt 0.500000 0.875000
vt 0.531250 0.875000
vt 0.562500 0.875000
vt 0.484375 0.937500
vt 0.468750 0.937500
vt 0.500000 0.937500
vt 0.515625 0.937500
vt 0.531250 0.937500
vt 0.500000 0.000000
vt 0.750000 0.250000
vt 0.500000 0.500000
vt 0.250000 0.250000
vt 0.500000 1.000000
vt 0.250000 0.500000
vt 0.375000 0.500000
vt 0.390625 0.562500
vt 0.281250 0.562500
vt 0.500000 0.500000
vt 0.500000 0.562500
vt 0.625000 0.500000
vt 0.609375 0.562500
vt 0.750000 0.500000
vt 0.718750 0.562500
vt 0.406250 0.625000
vt 0.312500 0.625000
vt 0.500000 0.625000
vt 0.593750 0.625000
vt 0.687500 0.625000
vt 0.421875 0.687500
vt 0.343750 0.687500
vt 0.500000 0.687500
vt 0.578125 0.687500
vt 0.656250 0.687500
vt 0.437500 0.750000
vt 0.375000 0.750000
vt 0.500000 0.750000
vt 0.562500 0.750000
vt 0.625000 0.750000
vt 0.453125 0.812500
vt 0.406250 0.812500
vt 0.500000 0.812500
vt 0.546875 0.812500
vt 0.593750 0.812500
vt 0.468750 0.875000
vt 0.437500 0.875000
vt 0.500000 0.875000
vt 0.531250 0.875000
vt 0.562500 0.875000
vt 0.484375 0.937500
vt 0.468750 0.937500
vt 0.500000 0.937500
vt 0.515625 0.937500
vt 0.531250 0.937500
vt 0.500000 0.000000
vt 0.750000 0.250000
vt 0.500000 0.500000
vt 0.250000 0.250000
vt 0.500000 1.000000
vt 0.250000 0.500000
vt 0.375000 0.500000
vt 0.390625 0.562500
vt 0.281250 0.562500
vt 0.500000 0.500000
vt 0.500000 0.562500
vt 0.625000 0.500000
vt 0.609375 0.562500
vt 0.750000 0.500000
vt 0.718750 0.562500
vt 0.406250 0.625000
vt 0.312500 0.625000
vt 0.500000 0.625000
vt 0.593750 0.625000
vt 0.687500 0.625000
vt 0.421875 0.687500
vt 0.343750 0.687500
vt 0.500000 0.687500
vt 0.578125 0.687500
vt 0.656250 0.687500
vt 0.437500 0.750000
vt 0.375000 0.750000
vt 0.500000 0.750000
vt 0.562500 0.750000
vt 0.625000 0.750000
vt 0.453125 0.812500
vt 0.406250 0.812500
vt 0.500000 0.812500
vt 0.546875 0.812500
vt 0.593750 0.812500
vt 0.468750 0.875000
vt 0.437500 0.875000
vt 0.500000 0.875000
vt 0.531250 0.875000
vt 0.562500 0.875000
vt 0.484375 0.937500
vt 0.468750 0.937500
vt 0.500000 0.937500
vt 0.515625 0.937500
vt 0.531250 0.937500
vt 0.500000 0.000000
vt 0.750000 0.250000
vt 0.500000 0.500000
vt 0.250000 0.250000
vt 0.500000 1.000000
vt 0.250000 0.500000
vt 0.375000 0.500000
vt 0.390625 0.562500
vt 0.281250 0.562500
vt 0.500000 0.500000
vt 0.500000 0.562500
vt 0.625000 0.500000
vt 0.609375 0.562500
vt 0.750000 0.500000
vt 0.718750 0.562500
vt 0.406250 0.625000
vt 0.312500 0.625000
vt 0.500000 0.625000
vt 0.593750 0.625000
vt 0.687500 0.625000
vt 0.421875 0.687500
vt 0.343750 0.687500
vt 0.500000 0.687500
vt 0.578125 0.687500
vt 0.656250 0.687500
vt 0.437500 0.750000
vt 0.375000 0.750000
vt 0.500000 0.750000
vt 0.562500 0.750000
vt 0.625000 0.750000
vt 0.453125 0.812500
vt 0.406250 0.812500
vt 0.500000 0.812500
vt 0.546875 0.812500
vt 0.593750 0.812500
vt 0.468750 0.875000
vt 0.437500 0.875000
vt 0.500000 0.875000
vt 0.531250 0.875000
vt 0.562500 0.875000
vt 0.484375 0.937500
vt 0.468750 0.937500
vt 0.500000 0.937500
vt 0.515625 0.937500
vt 0.531250 0.937500
vt 0.500000 0.000000
vt 0.750000 0.250000
vt 0.500000 0.500000
vt 0.250000 0.250000
vt 0.500000 1.000000
vt 0.250000 0.500000
vt 0.275000 0.500000
vt 0.320000 0.600000
vt 0.300000 0.600000
vt 0.300000 0.500000
vt 0.340000 0.600000
vt 0.325000 0.500000
vt 0.360000 0.600000
vt 0.350000 0.500000
vt 0.380000 0.600000
vt 0.375000 0.500000
vt 0.400000 0.600000
vt 0.400000 0.500000
vt 0.420000 0.600000
vt 0.425000 0.500000
vt 0.440000 0.600000
vt 0.450000 0.500000
vt 0.460000 0.600000
vt 0.475000 0.500000
vt 0.480000 0.600000
vt 0.500000 0.500000
vt 0.500000 0.600000
vt 0.525000 0.500000
vt 0.520000 0.600000
vt 0.550000 0.500000
vt 0.540000 0.600000
vt 0.575000 0.500000
vt 0.560000 0.600000
vt 0.600000 0.500000
vt 0.580000 0.600000
vt 0.625000 0.500000
vt 0.600000 0.600000
vt 0.650000 0.500000
vt 0.620000 0.600000
vt 0.675000 0.500000
vt 0.640000 0.600000
vt 0.700000 0.500000
vt 0.660000 0.600000
vt 0.725000 0.500000
vt 0.680000 0.600000
vt 0.750000 0.500000
vt 0.700000 0.600000
vt 0.365000 0.700000
vt 0.350000 0.700000
vt 0.380000 0.700000
vt 0.395000 0.700000
vt 0.410000 0.700000
vt 0.425000 0.700000
vt 0.440000 0.700000
vt 0.455000 0.700000
vt 0.470000 0.700000
vt 0.485000 0.700000
vt 0.500000 0.700000
vt 0.515000 0.700000
vt 0.530000 0.700000
vt 0.545000 0.700000
vt 0.560000 0.700000
vt 0.575000 0.700000
vt 0.590000 0.700000
vt 0.605000 0.700000
vt 0.620000 0.700000
vt 0.635000 0.700000
vt 0.650000 0.700000
vt 0.410000 0.800000
vt 0.400000 0.800000
vt 0.420000 0.800000
vt 0.430000 0.800000
vt 0.440000 0.800000
vt 0.450000 0.800000
vt 0.460000 0.800000
vt 0.470000 0.800000
vt 0.480000 0.800000
vt 0.490000 0.800000
vt 0.500000 0.800000
vt 0.510000 0.800000
vt 0.520000 0.800000
vt 0.530000 0.800000
vt 0.540000 0.800000
vt 0.550000 0.800000
vt 0.560000 0.800000
vt 0.570000 0.800000
vt 0.580000 0.800000
vt 0.590000 0.800000
vt 0.600000 0.800000
vt 0.455000 0.900000
vt 0.450000 0.900000
vt 0.460000 0.900000
vt 0.465000 0.900000
vt 0.470000 0.900000
vt 0.475000 0.900000
vt 0.480000 0.900000
vt 0.485000 0.900000
vt 0.490000 0.900000
vt 0.495000 0.900000
vt 0.500000 0.900000
vt 0.505000 0.900000
vt 0.510000 0.900000
vt 0.515000 0.900000
vt 0.520000 0.900000
vt 0.525000 0.900000
vt 0.530000 0.900000
vt 0.535000 0.900000
vt 0.540000 0.900000
vt 0.545000 0.900000
vt 0.550000 0.900000
vt 0.737764 0.172746
vt 0.750000 0.250000
vt 0.737764 0.327254
vt 0.702254 0.396946
vt 0.646946 0.452254
vt 0.577254 0.487764
vt 0.500000 0.500000
vt 0.422746 0.487764
vt 0.353054 0.452254
vt 0.297746 0.396946
vt 0.262236 0.327254
vt 0.250000 0.250000
vt 0.262236 0.172746
vt 0.297746 0.103054
vt 0.353054 0.047746
vt 0.422746 0.012236
vt 0.500000 -0.000000
vt 0.577254 0.012236
vt 0.646946 0.047746
vt 0.702254 0.103054
vt 0.500000 1.000000
vt 0.250000 0.500000
vt 0.275000 0.500000
vt 0.320000 0.600000
vt 0.300000 0.600000
vt 0.300000 0.500000
vt 0.340000 0.600000
vt 0.325000 0.500000
vt 0.360000 0.600000
vt 0.350000 0.500000
vt 0.380000 0.600000
vt 0.375000 0.500000
vt 0.400000 0.600000
vt 0.400000 0.500000
vt 0.420000 0.600000
vt 0.425000 0.500000
vt 0.440000 0.600000
vt 0.450000 0.500000
vt 0.460000 0.600000
vt 0.475000 0.500000
vt 0.480000 0.600000
vt 0.500000 0.500000
vt 0.500000 0.600000
vt 0.525000 0.500000
vt 0.520000 0.600000
vt 0.550000 0.500000
vt 0.540000 0.600000
vt 0.575000 0.500000
vt 0.560000 0.600000
vt 0.600000 0.500000
vt 0.580000 0.600000
vt 0.625000 0.500000
vt 0.600000 0.600000
vt 0.650000 0.500000
vt 0.620000 0.600000
vt 0.675000 0.500000
vt 0.640000 0.600000
vt 0.700000 0.500000
vt 0.660000 0.600000
vt 0.725000 0.500000
vt 0.680000 0.600000
vt 0.750000 0.500000
vt 0.700000 0.600000
vt 0.365000 0.700000
vt 0.350000 0.700000
vt 0.380000 0.700000
vt 0.395000 0.700000
vt 0.410000 0.700000
vt 0.425000 0.700000
vt 0.440000 0.700000
vt 0.455000 0.700000
vt 0.470000 0.700000
vt 0.485000 0.700000
vt 0.500000 0.700000
vt 0.515000 0.700000
vt 0.530000 0.700000
vt 0.545000 0.700000
vt 0.560000 0.700000
vt 0.575000 0.700000
vt 0.590000 0.700000
vt 0.605000 0.700000
vt 0.620000 0.700000
vt 0.635000 0.700000
vt 0.650000 0.700000
vt 0.410000 0.800000
vt 0.400000 0.800000
vt 0.420000 0.800000
vt 0.430000 0.800000
vt 0.440000 0.800000
vt 0.450000 0.800000
vt 0.460000 0.800000
vt 0.470000 0.800000
vt 0.480000 0.800000
vt 0.490000 0.800000
vt 0.500000 0.800000
vt 0.510000 0.800000
vt 0.520000 0.800000
vt 0.530000 0.800000
vt 0.540000 0.800000
vt 0.550000 0.800000
vt 0.560000 0.800000
vt 0.570000 0.800000
vt 0.580000 0.800000
vt 0.590000 0.800000
vt 0.600000 0.800000
vt 0.455000 0.900000
vt 0.450000 0.900000
vt 0.460000 0.900000
vt 0.465000 0.900000
vt 0.470000 0.900000
vt 0.475000 0.900000
vt 0.480000 0.900000
vt 0.485000 0.900000
vt 0.490000 0.900000
vt 0.495000 0.900000
vt 0.500000 0.900000
vt 0.505000 0.900000
vt 0.510000 0.900000
vt 0.515000 0.900000
vt 0.520000 0.900000
vt 0.525000 0.900000
vt 0.530000 0.900000
vt 0.535000 0.900000
vt 0.540000 0.900000
vt 0.545000 0.900000
vt 0.550000 0.900000
vt 0.737764 0.172746
vt 0.750000 0.250000
vt 0.737764 0.327254
vt 0.702254 0.396946
vt 0.646946 0.452254
vt 0.577254 0.487764
vt 0.500000 0.500000
vt 0.422746 0.487764
vt 0.353054 0.452254
vt 0.297746 0.396946
vt 0.262236 0.327254
vt 0.250000 0.250000
vt 0.262236 0.172746
vt 0.297746 0.103054
vt 0.353054 0.047746
vt 0.422746 0.012236
vt 0.500000 -0.000000
vt 0.577254 0.012236
vt 0.646946 0.047746
vt 0.702254 0.103054
vt 0.500000 1.000000
vt 0.250000 0.500000
vt 0.275000 0.500000
vt 0.320000 0.600000
vt 0.300000 0.600000
vt 0.300000 0.500000
vt 0.340000 0.600000
vt 0.325000 0.500000
vt 0.360000 0.600000
vt 0.350000 0.500000
vt 0.380000 0.600000
vt 0.375000 0.500000
vt 0.400000 0.600000
vt 0.400000 0.500000
vt 0.420000 0.600000
vt 0.425000 0.500000
vt 0.440000 0.600000
vt 0.450000 0.500000
vt 0.460000 0.600000
vt 0.475000 0.500000
vt 0.480000 0.600000
vt 0.500000 0.500000
vt 0.500000 0.600000
vt 0.525000 0.500000
vt 0.520000 0.600000
vt 0.550000 0.500000
vt 0.540000 0.600000
vt 0.575000 0.500000
vt 0.560000 0.600000
vt 0.600000 0.500000
vt 0.580000 0.600000
vt 0.625000 0.500000
vt 0.600000 0.600000
vt 0.650000 0.500000
vt 0.620000 0.600000
vt 0.675000 0.500000
vt 0.640000 0.600000
vt 0.700000 0.500000
vt 0.660000 0.600000
vt 0.725000 0.500000
vt 0.680000 0.600000
vt 0.750000 0.500000
vt 0.700000 0.600000
vt 0.365000 0.700000
vt 0.350000 0.700000
vt 0.380000 0.700000
vt 0.395000 0.700000
vt 0.410000 0.700000
vt 0.425000 0.700000
vt 0.440000 0.700000
vt 0.455000 0.700000
vt 0.470000 0.700000
vt 0.485000 0.700000
vt 0.500000 0.700000
vt 0.515000 0.700000
vt 0.530000 0.700000
vt 0.545000 0.700000
vt 0.560000 0.700000
vt 0.575000 0.700000
vt 0.590000 0.700000
vt 0.605000 0.700000
vt 0.620000 0.700000
vt 0.635000 0.700000
vt 0.650000 0.700000
vt 0.410000 0.800000
vt 0.400000 0.800000
vt 0.420000 0.800000
vt 0.430000 0.800000
vt 0.440000 0.800000
vt 0.450000 0.800000
vt 0.460000 0.800000
vt 0.470000 0.800000
vt 0.480000 0.800000
vt 0.490000 0.800000
vt 0.500000 0.800000
vt 0.510000 0.800000
vt 0.520000 0.800000
vt 0.530000 0.800000
vt 0.540000 0.800000
vt 0.550000 0.800000
vt 0.560000 0.800000
vt 0.570000 0.800000
vt 0.580000 0.800000
vt 0.590000 0.800000
vt 0.600000 0.800000
vt 0.455000 0.900000
vt 0.450000 0.900000
vt 0.460000 0.900000
vt 0.465000 0.900000
vt 0.470000 0.900000
vt 0.475000 0.900000
vt 0.480000 0.900000
vt 0.485000 0.900000
vt 0.490000 0.900000
vt 0.495000 0.900000
vt 0.500000 0.900000
vt 0.505000 0.900000
vt 0.510000 0.900000
vt 0.515000 0.900000
vt 0.520000 0.900000
vt 0.525000 0.900000
vt 0.530000 0.900000
vt 0.535000 0.900000
vt 0.540000 0.900000
vt 0.545000 0.900000
vt 0.550000 0.900000
vt 0.737764 0.172746
vt 0.750000 0.250000
vt 0.737764 0.327254
vt 0.702254 0.396946
vt 0.646946 0.452254
vt 0.577254 0.487764
vt 0.500000 0.500000
vt 0.422746 0.487764
vt 0.353054 0.452254
vt 0.297746 0.396946
vt 0.262236 0.327254
vt 0.250000 0.250000
vt 0.262236 0.172746
vt 0.297746 0.103054
vt 0.353054 0.047746
vt 0.422746 0.012236
vt 0.500000 -0.000000
vt 0.577254 0.012236
vt 0.646946 0.047746
vt 0.702254 0.103054
vt 0.500000 1.000000
vt 0.250000 0.500000
vt 0.275000 0.500000
vt 0.320000 0.600000
vt 0.300000 0.600000
vt 0.300000 0.500000
vt 0.340000 0.600000
vt 0.325000 0.500000
vt 0.360000 0.600000
vt 0.350000 0.500000
vt 0.380000 0.600000
vt 0.375000 0.500000
vt 0.400000 0.600000
vt 0.400000 0.500000
vt 0.420000 0.600000
vt 0.425000 0.500000
vt 0.440000 0.600000
vt 0.450000 0.500000
vt 0.460000 0.600000
vt 0.475000 0.500000
vt 0.480000 0.600000
vt 0.500000 0.500000
vt 0.500000 0.600000
vt 0.525000 0.500000
vt 0.520000 0.600000
vt 0.550000 0.500000
vt 0.540000 0.600000
vt 0.575000 0.500000
vt 0.560000 0.600000
vt 0.600000 0.500000
vt 0.580000 0.600000
vt 0.625000 0.500000
vt 0.600000 0.600000
vt 0.650000 0.500000
vt 0.620000 0.600000
vt 0.675000 0.500000
vt 0.640000 0.600000
vt 0.700000 0.500000
vt 0.660000 0.600000
vt 0.725000 0.500000
vt 0.680000 0.600000
vt 0.750000 0.500000
vt 0.700000 0.600000
vt 0.365000 0.700000
vt 0.350000 0.700000
vt 0.380000 0.700000
vt 0.395000 0.700000
vt 0.410000 0.700000
vt 0.425000 0.700000
vt 0.440000 0.700000
vt 0.455000 0.700000
vt 0.470000 0.700000
vt 0.485000 0.700000
vt 0.500000 0.700000
vt 0.515000 0.700000
vt 0.530000 0.700000
vt 0.545000 0.700000
vt 0.560000 0.700000
vt 0.575000 0.700000
vt 0.590000 0.700000
vt 0.605000 0.700000
vt 0.620000 0.700000
vt 0.635000 0.700000
vt 0.650000 0.700000
vt 0.410000 0.800000
vt 0.400000 0.800000
vt 0.420000 0.800000
vt 0.430000 0.800000
vt 0.440000 0.800000
vt 0.450000 0.800000
vt 0.460000 0.800000
vt 0.470000 0.800000
vt 0.480000 0.800000
vt 0.490000 0.800000
vt 0.500000 0.800000
vt 0.510000 0.800000
vt 0.520000 0.800000
vt 0.530000 0.800000
vt 0.540000 0.800000
vt 0.550000 0.800000
vt 0.560000 0.800000
vt 0.570000 0.800000
vt 0.580000 0.800000
vt 0.590000 0.800000
vt 0.600000 0.800000
vt 0.455000 0.900000
vt 0.450000 0.900000
vt 0.460000 0.900000
vt 0.465000 0.900000
vt 0.470000 0.900000
vt 0.475000 0.900000
vt 0.480000 0.900000
vt 0.485000 0.900000
vt 0.490000 0.900000
vt 0.495000 0.900000
vt 0.500000 0.900000
vt 0.505000 0.900000
vt 0.510000 0.900000
vt 0.515000 0.900000
vt 0.520000 0.900000
vt 0.525000 0.900000
vt 0.530000 0.900000
vt 0.535000 0.900000
vt 0.540000 0.900000
vt 0.545000 0.900000
vt 0.550000 0.900000
vt 0.737764 0.172746
vt 0.750000 0.250000
vt 0.737764 0.327254
vt 0.702254 0.396946
vt 0.646946 0.452254
vt 0.577254 0.487764
vt 0.500000 0.500000
vt 0.422746 0.487764
vt 0.353054 0.452254
vt 0.297746 0.396946
vt 0.262236 0.327254
vt 0.250000 0.250000
vt 0.262236 0.172746
vt 0.297746 0.103054
vt 0.353054 0.047746
vt 0.422746 0.012236
vt 0.500000 -0.000000
vt 0.577254 0.012236
vt 0.646946 0.047746
vt 0.702254 0.103054
vt 0.500000 1.000000
vt 0.250000 0.500000
vt 0.275000 0.500000
vt 0.320000 0.600000
vt 0.300000 0.600000
vt 0.300000 0.500000
vt 0.340000 0.600000
vt 0.325000 0.500000
vt 0.360000 0.600000
vt 0.350000 0.500000
vt 0.380000 0.600000
vt 0.375000 0.500000
vt 0.400000 0.600000
vt 0.400000 0.500000
vt 0.420000 0.600000
vt 0.425000 0.500000
vt 0.440000 0.600000
vt 0.450000 0.500000
vt 0.460000 0.600000
vt 0.475000 0.500000
vt 0.480000 0.600000
vt 0.500000 0.500000
vt 0.500000 0.600000
vt 0.525000 0.500000
vt 0.520000 0.600000
vt 0.550000 0.500000
vt 0.540000 0.600000
vt 0.575000 0.500000
vt 0.560000 0.600000
vt 0.600000 0.500000
vt 0.580000 0.600000
vt 0.625000 0.500000
vt 0.600000 0.600000
vt 0.650000 0.500000
vt 0.620000 0.600000
vt 0.675000 0.500000
vt 0.640000 0.600000
vt 0.700000 0.500000
vt 0.660000 0.600000
vt 0.725000 0.500000
vt 0.680000 0.600000
vt 0.750000 0.500000
vt 0.700000 0.600000
vt 0.365000 0.700000
vt 0.350000 0.700000
vt 0.380000 0.700000
vt 0.395000 0.700000
vt 0.410000 0.700000
vt 0.425000 0.700000
vt 0.440000 0.700000
vt 0.455000 0.700000
vt 0.470000 0.700000
vt 0.485000 0.700000
vt 0.500000 0.700000
vt 0.515000 0.700000
vt 0.530000 0.700000
vt 0.545000 0.700000
vt 0.560000 0.700000
vt 0.575000 0.700000
vt 0.590000 0.700000
vt 0.605000 0.700000
vt 0.620000 0.700000
vt 0.635000 0.700000
vt 0.650000 0.700000
vt 0.410000 0.800000
vt 0.400000 0.800000
vt 0.420000 0.800000
vt 0.430000 0.800000
vt 0.440000 0.800000
vt 0.450000 0.800000
vt 0.460000 0.800000
vt 0.470000 0.800000
vt 0.480000 0.800000
vt 0.490000 0.800000
vt 0.500000 0.800000
vt 0.510000 0.800000
vt 0.520000 0.800000
vt 0.530000 0.800000
vt 0.540000 0.800000
vt 0.550000 0.800000
vt 0.560000 0.800000
vt 0.570000 0.800000
vt 0.580000 0.800000
vt 0.590000 0.800000
vt 0.600000 0.800000
vt 0.455000 0.900000
vt 0.450000 0.900000
vt 0.460000 0.900000
vt 0.465000 0.900000
vt 0.470000 0.900000
vt 0.475000 0.900000
vt 0.480000 0.900000
vt 0.485000 0.900000
vt 0.490000 0.900000
vt 0.495000 0.900000
vt 0.500000 0.900000
vt 0.505000 0.900000
vt 0.510000 0.900000
vt 0.515000 0.900000
vt 0.520000 0.900000
vt 0.525000 0.900000
vt 0.530000 0.900000
vt 0.535000 0.900000
vt 0.540000 0.900000
vt 0.545000 0.900000
vt 0.550000 0.900000
vt 0.737764 0.172746
vt 0.750000 0.250000
vt 0.737764 0.327254
vt 0.702254 0.396946
vt 0.646946 0.452254
vt 0.577254 0.487764
vt 0.500000 0.500000
vt 0.422746 0.487764
vt 0.353054 0.452254
vt 0.297746 0.396946
vt 0.262236 0.327254
vt 0.250000 0.250000
vt 0.262236 0.172746
vt 0.297746 0.103054
vt 0.353054 0.047746
vt 0.422746 0.012236
vt 0.500000 -0.000000
vt 0.577254 0.012236
vt 0.646946 0.047746
vt 0.702254 0.103054
vt 0.500000 1.000000
vt 0.250000 0.500000
vt 0.275000 0.500000
vt 0.320000 0.600000
vt 0.300000 0.600000
vt 0.300000 0.500000
vt 0.340000 0.600000
vt 0.325000 0.500000
vt 0.360000 0.600000
vt 0.350000 0.500000
vt 0.380000 0.600000
vt 0.375000 0.500000
vt 0.400000 0.600000
vt 0.400000 0.500000
vt 0.420000 0.600000
vt 0.425000 0.500000
vt 0.440000 0.600000
vt 0.450000 0.500000
vt 0.460000 0.600000
vt 0.475000 0.500000
vt 0.480000 0.600000
vt 0.500000 0.500000
vt 0.500000 0.600000
vt 0.525000 0.500000
vt 0.520000 0.600000
vt 0.550000 0.500000
vt 0.540000 0.600000
vt 0.575000 0.500000
vt 0.560000 0.600000
vt 0.600000 0.500000
vt 0.580000 0.600000
vt 0.625000 0.500000
vt 0.600000 0.600000
vt 0.650000 0.500000
vt 0.620000 0.600000
vt 0.675000 0.500000
vt 0.640000 0.600000
vt 0.700000 0.500000
vt 0.660000 0.600000
vt 0.725000 0.500000
vt 0.680000 0.600000
vt 0.750000 0.500000
vt 0.700000 0.600000
vt 0.365000 0.700000
vt 0.350000 0.700000
vt 0.380000 0.700000
vt 0.395000 0.700000
vt 0.410000 0.700000
vt 0.425000 0.700000
vt 0.440000 0.700000
vt 0.455000 0.700000
vt 0.470000 0.700000
vt 0.485000 0.700000
vt 0.500000 0.700000
vt 0.515000 0.700000
vt 0.530000 0.700000
vt 0.545000 0.700000
vt 0.560000 0.700000
vt 0.575000 0.700000
vt 0.590000 0.700000
vt 0.605000 0.700000
vt 0.620000 0.700000
vt 0.635000 0.700000
vt 0.650000 0.700000
vt 0.410000 0.800000
vt 0.400000 0.800000
vt 0.420000 0.800000
vt 0.430000 0.800000
vt 0.440000 0.800000
vt 0.450000 0.800000
vt 0.460000 0.800000
vt 0.470000 0.800000
vt 0.480000 0.800000
vt 0.490000 0.800000
vt 0.500000 0.800000
vt 0.510000 0.800000
vt 0.520000 0.800000
vt 0.530000 0.800000
vt 0.540000 0.800000
vt 0.550000 0.800000
vt 0.560000 0.800000
vt 0.570000 0.800000
vt 0.580000 0.800000
vt 0.590000 0.800000
vt 0.600000 0.800000
vt 0.455000 0.900000
vt 0.450000 0.900000
vt 0.460000 0.900000
vt 0.465000 0.900000
vt 0.470000 0.900000
vt 0.475000 0.900000
vt 0.480000 0.900000
vt 0.485000 0.900000
vt 0.490000 0.900000
vt 0.495000 0.900000
vt 0.500000 0.900000
vt 0.505000 0.900000
vt 0.510000 0.900000
vt 0.515000 0.900000
vt 0.520000 0.900000
vt 0.525000 0.900000
vt 0.530000 0.900000
vt 0.535000 0.900000
vt 0.540000 0.900000
vt 0.545000 0.900000
vt 0.550000 0.900000
vt 0.737764 0.172746
vt 0.750000 0.250000
vt 0.737764 0.327254
vt 0.702254 0.396946
vt 0.646946 0.452254
vt 0.577254 0.487764
vt 0.500000 0.500000
vt 0.422746 0.487764
vt 0.353054 0.452254
vt 0.297746 0.396946
vt 0.262236 0.327254
vt 0.250000 0.250000
vt 0.262236 0.172746
vt 0.297746 0.103054
vt 0.353054 0.047746
vt 0.422746 0.012236
vt 0.500000 -0.000000
vt 0.577254 0.012236
vt 0.646946 0.047746
vt 0.702254 0.103054
vt 0.500000 1.000000
vn -0.321280 0.000000 0.946984
vn -0.321280 0.000000 0.946984
vn -0.321280 0.000000 0.946984
vn -0.321280 0.000000 0.946984
vn 0.000000 1.000000 0.000000
vn 0.000000 1.000000 0.000000
vn 0.000000 1.000000 0.000000
vn 0.000000 1.000000 0.000000
vn 0.321280 0.000000 -0.946984
vn 0.321280 0.000000 -0.946984
vn 0.321280 0.000000 -0.946984
vn 0.321280 0.000000 -0.946984
vn 0.000000 -1.000000 0.000000
vn 0.000000 -1.000000 0.000000
vn 0.000000 -1.000000 0.000000
vn 0.000000 -1.000000 0.000000
vn 0.946984 0.000000 0.321280
vn 0.946984 0.000000 0.321280
vn 0.946984 0.000000 0.321280
vn 0.946984 0.000000 0.321280
vn -0.946984 0.000000 -0.321280
vn -0.946984 0.000000 -0.321280
vn -0.946984 0.000000 -0.321280
vn -0.946984 0.000000 -0.321280
vn -0.045311 0.311479 -0.949172
vn -0.861273 0.490203 -0.133828
vn -0.848619 0.509262 -0.143170
vn -0.044266 0.324789 -0.944750
vn 0.086788 0.636338 0.766513
vn 0.086677 0.685270 0.723113
vn 0.885697 0.391438 -0.249635
vn 0.874144 0.411865 -0.257372
vn -0.774294 0.612358 -0.159647
vn -0.051705 0.226034 -0.972746
vn 0.081591 0.867206 0.491220
vn 0.810339 0.522771 -0.264692
vn -0.895140 0.445343 -0.019864
vn -0.056872 0.151185 -0.986868
vn 0.085621 0.762431 0.641380
vn 0.929015 0.342213 -0.140788
vn -0.943439 0.318477 0.092169
vn -0.043691 0.332041 -0.942253
vn 0.077899 0.244642 0.966479
vn 0.977091 0.209899 -0.035143
vn -0.956090 0.262438 0.130457
vn -0.042581 0.345868 -0.937317
vn 0.071489 0.100962 0.992319
vn 0.988300 0.152512 0.001563
vn -0.949787 0.281389 0.136837
vn -0.056290 0.159914 -0.985525
vn 0.078804 0.268027 0.960183
vn 0.985059 0.172002 0.008576
vn -0.949971 0.311429 -0.023808
vn -0.069568 -0.063166 -0.995575
vn 0.086406 0.571575 0.815988
vn 0.967474 0.203025 -0.150915
vn -0.042679 -0.980404 0.192317
vn -0.042679 -0.980404 0.192317
vn -0.042679 -0.980404 0.192317
vn -0.042679 -0.980404 0.192317
vn -0.745973 0.057200 -0.663515
vn -0.598161 0.462436 0.654490
vn 0.727162 0.387507 0.566634
vn 0.653848 -0.021937 -0.756308
vn 0.894599 0.377617 0.238953
vn 0.197153 0.618268 -0.760838
vn 0.202930 0.634732 -0.745611
vn 0.888840 0.388961 0.242227
vn -0.886063 0.460319 0.054757
vn -0.857497 0.508969 0.075169
vn -0.013546 0.003245 0.999903
vn -0.005919 0.025109 0.999667
vn 0.184271 0.712160 -0.677401
vn 0.929191 0.299942 0.215961
vn -0.676804 0.716440 0.169261
vn -0.015438 0.129217 0.991496
vn 0.113804 0.568327 -0.814895
vn 0.948221 0.246952 0.199729
vn -0.791740 0.599969 0.114824
vn -0.102506 -0.063073 0.992731
vn 0.053158 0.484568 -0.873137
vn 0.883909 0.398390 0.244930
vn -0.991754 0.095688 -0.085255
vn -0.167728 -0.160190 0.972731
vn 0.036747 0.449186 -0.892682
vn 0.879305 0.406973 0.247377
vn -0.991267 -0.028806 -0.128682
vn -0.185240 -0.198784 0.962378
vn 0.026107 0.461303 -0.886859
vn 0.947436 0.249350 0.200473
vn -0.990319 0.114462 -0.078526
vn -0.195276 -0.184906 0.963160
vn 0.144316 0.492942 -0.858010
vn 0.988366 0.060679 0.139469
vn -0.917959 0.395661 0.028355
vn -0.076297 -0.151022 0.985582
vn -0.022248 -0.942999 -0.332050
vn -0.022248 -0.942999 -0.332050
vn -0.022248 -0.942999 -0.332050
vn -0.022248 -0.942999 -0.332050
vn 0.674831 0.343432 -0.653190
vn -0.492825 0.502361 -0.710463
vn -0.666997 -0.006044 0.745036
vn 0.494984 -0.181537 0.849726
vn 0.918492 0.393484 0.039291
vn 0.221243 0.159169 -0.962142
vn 0.228193 0.180584 -0.956722
vn 0.913450 0.405305 0.036566
vn -0.856939 0.479660 -0.188634
vn -0.825294 0.530354 -0.193945
vn 0.001689 0.488459 0.872585
vn 0.010568 0.506982 0.861892
vn 0.215084 0.282311 -0.934901
vn 0.948169 0.312546 0.057369
vn -0.631473 0.746545 -0.209552
vn 0.006984 0.594422 0.804123
vn 0.134333 0.094213 -0.986447
vn 0.963847 0.257328 0.069155
vn -0.753779 0.625180 -0.202406
vn -0.091066 0.432270 0.897134
vn 0.068061 -0.003600 -0.997675
vn 0.909116 0.415130 0.034283
vn -0.985699 0.099709 -0.135849
vn -0.162107 0.341609 0.925756
vn 0.049332 -0.043002 -0.997856
vn 0.905055 0.424074 0.032192
vn -0.993090 -0.030016 -0.113451
vn -0.181981 0.303926 0.935153
vn 0.039502 -0.028987 -0.998799
vn 0.963213 0.259828 0.068630
vn -0.983077 0.119271 -0.139046
vn -0.191183 0.316998 0.928957
vn 0.159769 0.005753 -0.987138
vn 0.992205 0.063230 0.107384
vn -0.892924 0.412287 -0.180848
vn -0.070116 0.350536 0.933921
vn -0.081914 -0.982624 0.166555
vn -0.081914 -0.982624 0.166555
vn -0.081914 -0.982624 0.166555
vn -0.081914 -0.982624 0.166555
vn 0.683732 -0.056186 -0.727567
vn -0.473465 0.122485 -0.872255
vn -0.654956 0.394686 0.644404
vn 0.496325 0.224887 0.838503
vn 0.213938 0.746048 -0.630589
vn -0.855071 0.451997 -0.254072
vn -0.842123 0.476412 -0.252704
vn 0.210404 0.755722 -0.620173
vn -0.296042 0.388510 0.872593
vn -0.288476 0.440205 0.850295
vn 0.833150 0.451997 0.318685
vn 0.822043 0.476412 0.311892
vn -0.792835 0.583535 -0.175779
vn 0.234998 0.681901 -0.692666
vn -0.235255 0.681043 0.693423
vn 0.736122 0.583535 0.342945
vn -0.903976 0.355896 -0.236993
vn 0.258860 0.592306 -0.762998
vn -0.263133 0.573772 0.775594
vn 0.861566 0.355896 0.361997
vn -0.945553 0.236626 -0.223466
vn 0.211096 0.753849 -0.622214
vn -0.318648 -0.127733 0.939227
vn 0.886329 0.236626 0.398031
vn -0.968413 0.152329 -0.197413
vn 0.202009 0.777596 -0.595430
vn -0.304678 -0.317301 0.898049
vn 0.888617 0.152329 0.432615
vn -0.972438 0.165178 -0.164563
vn 0.253390 0.614793 -0.746875
vn -0.319108 -0.116070 0.940584
vn 0.871822 0.165178 0.461132
vn -0.920235 0.252977 -0.298615
vn 0.299375 0.362924 -0.882418
vn -0.306123 0.303526 0.902309
vn 0.911965 0.252977 0.322989
vn 0.075453 -0.972032 -0.222399
vn 0.075453 -0.972032 -0.222399
vn 0.075453 -0.972032 -0.222399
vn 0.075453 -0.972032 -0.222399
vn -0.591329 0.278160 -0.756939
vn -0.915451 0.197138 0.350837
vn 0.512982 0.197138 0.835456
vn 0.929847 0.278160 -0.240855
vn -0.209528 0.758076 0.617591
vn 0.855504 0.450859 0.254635
vn 0.842096 0.475852 0.253849
vn -0.205942 0.767536 0.607022
vn 0.288492 0.440108 -0.850340
vn 0.280481 0.487699 -0.826728
vn -0.833836 0.450860 -0.318502
vn -0.822718 0.475853 -0.310967
vn 0.791509 0.586020 0.173478
vn -0.230820 0.695590 0.680350
vn 0.224058 0.716691 -0.660418
vn -0.733669 0.586019 -0.343964
vn 0.902809 0.352027 0.247009
vn -0.258067 0.595646 0.760663
vn 0.250901 0.624605 -0.739538
vn -0.866735 0.352027 -0.353337
vn 0.941061 0.243394 0.234869
vn -0.207648 0.763071 0.612050
vn 0.319799 -0.095903 -0.942619
vn -0.889704 0.243394 -0.386248
vn 0.966926 0.153673 0.203565
vn -0.196509 0.791133 0.579218
vn 0.306127 -0.303490 -0.902319
vn -0.891180 0.153673 -0.426828
vn 0.971758 0.167180 0.166547
vn -0.250989 0.624262 0.739798
vn 0.319983 -0.089785 -0.943160
vn -0.872489 0.167180 -0.459144
vn 0.918448 0.251731 0.305098
vn -0.300619 0.352822 0.886084
vn 0.300318 0.355291 -0.885199
vn -0.914492 0.251731 -0.316757
vn -0.070865 -0.975371 0.208877
vn -0.070865 -0.975371 0.208877
vn -0.070865 -0.975371 0.208877
vn -0.070865 -0.975371 0.208877
vn 0.619027 0.263875 0.739713
vn 0.921788 0.224013 -0.316425
vn -0.538950 0.224012 -0.812005
vn -0.941345 0.263874 0.210332
vn 0.466740 0.103210 0.878352
vn 0.850798 0.463834 -0.246982
vn 0.847258 0.478916 -0.229769
vn 0.463745 0.116002 0.878342
vn -0.461652 0.712736 -0.528096
vn -0.446720 0.751774 -0.485054
vn -0.754591 0.088729 0.650168
vn -0.744033 0.107105 0.659503
vn 0.805159 0.563625 -0.184512
vn 0.484717 0.017069 0.874505
vn -0.352348 0.900775 -0.253882
vn -0.716489 0.208086 0.665840
vn 0.827206 0.437630 -0.352434
vn 0.494600 -0.040344 0.868184
vn -0.412365 0.821136 -0.394576
vn -0.820931 0.052537 0.568605
vn 0.811757 0.372054 -0.450140
vn 0.461182 0.126676 0.878217
vn -0.517037 0.387954 -0.762997
vn -0.871249 -0.021187 0.490384
vn 0.807076 0.341940 -0.481358
vn 0.458788 0.136427 0.878010
vn -0.516878 0.266206 -0.813616
vn -0.884311 -0.053259 0.463851
vn 0.799397 0.357168 -0.483110
vn 0.494192 -0.037768 0.868532
vn -0.516275 0.405866 -0.754144
vn -0.887393 -0.036956 0.459530
vn 0.858328 0.353270 -0.372120
vn 0.515390 -0.234211 0.824329
vn -0.478332 0.659051 -0.580388
vn -0.822602 -0.039486 0.567245
vn -0.012317 -0.914499 -0.404400
vn -0.012317 -0.914499 -0.404400
vn -0.012317 -0.914499 -0.404400
vn -0.012317 -0.914499 -0.404400
vn 0.990195 0.065479 0.123397
vn 0.361358 0.569631 -0.738201
vn -0.965723 0.259553 0.003421
vn -0.380118 -0.254701 0.889178
vn 0.686612 0.399683 -0.607303
vn -0.492323 0.424390 -0.759941
vn -0.481370 0.444994 -0.755158
vn 0.682536 0.411940 -0.603698
vn -0.654124 0.487217 0.578568
vn -0.629070 0.542845 0.556408
vn 0.694126 0.424390 0.581448
vn 0.690716 0.444994 0.569992
vn -0.440082 0.548109 -0.711270
vn 0.709931 0.318911 -0.627929
vn -0.485203 0.761840 0.429159
vn 0.652199 0.548108 0.523654
vn -0.602520 0.366514 -0.708969
vn 0.723356 0.259632 -0.639803
vn -0.584288 0.625721 0.516799
vn 0.630077 0.366514 0.684595
vn -0.698255 0.229931 -0.677917
vn 0.679211 0.421618 -0.600758
vn -0.745281 0.100082 0.659196
vn 0.587565 0.229931 0.775821
vn -0.717507 0.178716 -0.673234
vn 0.676487 0.429354 -0.598348
vn -0.748697 -0.030352 0.662217
vn 0.580566 0.178716 0.794357
vn -0.718300 0.194892 -0.667879
vn 0.722712 0.262811 -0.639233
vn -0.743225 0.124386 0.657377
vn 0.575155 0.194892 0.794490
vn -0.607299 0.242607 -0.756525
vn 0.747486 0.064425 -0.661146
vn -0.680203 0.418760 0.601634
vn 0.676693 0.242607 0.695146
vn -0.046099 -0.998104 0.040774
vn -0.046099 -0.998104 0.040774
vn -0.046099 -0.998104 0.040774
vn -0.046099 -0.998104 0.040774
vn 0.060861 0.101732 -0.992949
vn -0.949612 0.307975 -0.058206
vn -0.058205 0.307975 0.949612
vn 0.992948 0.101732 0.060861
vn 0.353479 0.667582 0.655276
vn 0.904468 0.298855 -0.304340
vn 0.898405 0.325059 -0.295304
vn 0.351764 0.678134 0.645288
vn -0.200052 0.534498 -0.821152
vn -0.182942 0.578251 -0.795083
vn -0.751693 0.592271 0.290127
vn -0.733711 0.614215 0.290531
vn 0.832237 0.451999 -0.321058
vn 0.362449 0.598741 0.714241
vn -0.082955 0.782370 -0.617265
vn -0.662986 0.716902 0.215641
vn 0.917574 0.197649 -0.344954
vn 0.370066 0.491068 0.788609
vn -0.127267 0.701773 -0.700941
vn -0.817217 0.504994 0.277736
vn 0.919047 0.088648 -0.384049
vn 0.352587 0.673147 0.650043
vn -0.334529 0.020616 -0.942160
vn -0.875762 0.406627 0.260184
vn 0.903069 0.002749 -0.429487
vn 0.347001 0.704629 0.618941
vn -0.361119 -0.187642 -0.913446
vn -0.918545 0.325477 0.224367
vn 0.887262 0.021397 -0.460768
vn 0.368599 0.521638 0.769434
vn -0.333528 0.026675 -0.942363
vn -0.920764 0.341718 0.188209
vn 0.945144 0.088137 -0.314540
vn 0.365205 0.237945 0.900004
vn -0.228122 0.455646 -0.860434
vn -0.851798 0.406494 0.330459
vn -0.118390 -0.980902 0.154321
vn -0.118390 -0.980902 0.154321
vn -0.118390 -0.980902 0.154321
vn -0.118390 -0.980902 0.154321
vn 0.975082 0.065264 0.212029
vn 0.570150 0.161172 -0.805576
vn -0.861899 0.414883 -0.291552
vn -0.554644 0.336277 0.761110
vn -0.827937 0.560690 0.012138
vn 0.028582 0.595179 0.803085
vn 0.016646 0.615822 0.787709
vn -0.819880 0.572466 0.008904
vn 0.735687 0.641643 -0.216930
vn 0.698964 0.680807 -0.218977
vn -0.209987 0.280559 -0.936585
vn -0.218460 0.305770 -0.926704
vn 0.033805 0.722595 0.690444
vn -0.874060 0.484750 0.032197
vn 0.469238 0.855469 -0.219061
vn -0.181581 0.438549 -0.880172
vn 0.082534 0.514044 0.853784
vn -0.927640 0.368533 0.060562
vn 0.573936 0.788432 -0.221295
vn -0.167363 0.184487 -0.968480
vn 0.139117 0.422145 0.895790
vn -0.823723 0.566896 0.010438
vn 0.974569 0.155137 -0.161704
vn -0.119425 0.081186 -0.989518
vn 0.201655 0.348617 0.915315
vn -0.798333 0.602216 0.000568
vn 0.990576 -0.053163 -0.126228
vn -0.060748 0.002566 -0.998150
vn 0.231878 0.369259 0.899933
vn -0.914443 0.401252 0.052836
vn 0.973446 0.161106 -0.162629
vn -0.028568 0.025790 -0.999259
vn 0.066708 0.412022 0.908729
vn -0.987680 0.104405 0.116564
vn 0.793869 0.569957 -0.211945
vn -0.192141 0.070658 -0.978820
vn 0.055566 -0.983824 0.170305
vn 0.055566 -0.983824 0.170305
vn 0.055566 -0.983824 0.170305
vn 0.055566 -0.983824 0.170305
vn -0.439670 0.272464 0.855835
vn 0.609812 0.496977 0.617368
vn 0.403525 0.224931 -0.886890
vn -0.660026 -0.018137 -0.751024
vn 0.619342 0.354403 -0.700581
vn -0.614825 0.221758 -0.756845
vn -0.604569 0.242433 -0.758764
vn 0.615103 0.366577 -0.698047
vn -0.628672 0.524466 0.574200
vn -0.609564 0.574180 0.546579
vn 0.732001 0.421826 0.535012
vn 0.730429 0.440742 0.521747
vn -0.586876 0.342679 -0.733585
vn 0.644976 0.271281 -0.714432
vn -0.486863 0.783437 0.386252
vn 0.689695 0.532309 0.490885
vn -0.692004 0.162127 -0.703453
vn 0.659265 0.214783 -0.720582
vn -0.565194 0.666596 0.486010
vn 0.690684 0.367522 0.622803
vn -0.749034 0.068000 -0.659033
vn 0.611480 0.376702 -0.695837
vn -0.695998 0.146792 0.702879
vn 0.662908 0.277737 0.695281
vn -0.763747 0.029458 -0.644843
vn 0.608100 0.385924 -0.693742
vn -0.693383 0.016136 0.720388
vn 0.655225 0.240241 0.716215
vn -0.769293 0.043867 -0.637389
vn 0.658672 0.217338 -0.720357
vn -0.695336 0.166427 0.699149
vn 0.645823 0.254076 0.719971
vn -0.684415 0.073062 -0.725423
vn 0.690769 0.017447 -0.722865
vn -0.649818 0.458112 0.606523
vn 0.725785 0.282544 0.627220
vn 0.001649 -0.988477 0.151363
vn 0.001649 -0.988477 0.151363
vn 0.001649 -0.988477 0.151363
vn 0.001649 -0.988477 0.151363
vn -0.166835 -0.027799 -0.985593
vn -0.967154 0.204828 -0.150526
vn 0.146189 0.370214 0.917372
vn 0.982775 0.142973 0.117099
vn 0.918492 0.393484 0.039291
vn 0.221243 0.159170 -0.962142
vn 0.228193 0.180585 -0.956722
vn 0.913450 0.405305 0.036566
vn -0.856938 0.479662 -0.188633
vn -0.825293 0.530356 -0.193945
vn 0.001689 0.488459 0.872585
vn 0.010568 0.506982 0.861892
vn 0.215085 0.282310 -0.934901
vn 0.948169 0.312546 0.057368
vn -0.631474 0.746545 -0.209552
vn 0.006984 0.594422 0.804123
vn 0.134334 0.094213 -0.986447
vn 0.963847 0.257328 0.069155
vn -0.753779 0.625179 -0.202406
vn -0.091066 0.432271 0.897134
vn 0.068061 -0.003601 -0.997675
vn 0.909116 0.415130 0.034283
vn -0.985699 0.099709 -0.135849
vn -0.162107 0.341608 0.925757
vn 0.049332 -0.043002 -0.997856
vn 0.905055 0.424074 0.032192
vn -0.993090 -0.030016 -0.113451
vn -0.181981 0.303926 0.935153
vn 0.039502 -0.028988 -0.998799
vn 0.963213 0.259828 0.068630
vn -0.983077 0.119271 -0.139046
vn -0.191183 0.316998 0.928957
vn 0.159769 0.005753 -0.987138
vn 0.992205 0.063230 0.107384
vn -0.892924 0.412287 -0.180847
vn -0.070116 0.350536 0.933921
vn -0.081914 -0.982624 0.166555
vn -0.081914 -0.982624 0.166555
vn -0.081914 -0.982624 0.166555
vn -0.081914 -0.982624 0.166555
vn 0.683732 -0.056186 -0.727567
vn -0.473465 0.122485 -0.872255
vn -0.654956 0.394686 0.644404
vn 0.496325 0.224884 0.838504
vn 0.294503 0.399682 -0.868057
vn -0.804655 0.424389 -0.415241
vn -0.792772 0.444993 -0.416527
vn 0.292754 0.411939 -0.862903
vn -0.280568 0.487216 0.826984
vn -0.269822 0.542844 0.795309
vn 0.891212 0.424389 0.160110
vn 0.882564 0.444994 0.151858
vn -0.735143 0.548107 -0.398928
vn 0.304504 0.318911 -0.897537
vn -0.208114 0.761840 0.613424
vn 0.826123 0.548109 0.130757
vn -0.875004 0.366515 -0.316284
vn 0.310263 0.259632 -0.914510
vn -0.250613 0.625722 0.738692
vn 0.886823 0.366516 0.281445
vn -0.942690 0.229931 -0.241799
vn 0.291328 0.421619 -0.858700
vn -0.319667 0.100082 0.942230
vn 0.895213 0.229931 0.381740
vn -0.957077 0.178716 -0.228176
vn 0.290160 0.429354 -0.855256
vn -0.321132 -0.030352 0.946548
vn 0.898340 0.178716 0.401305
vn -0.955106 0.194892 -0.223135
vn 0.309986 0.262810 -0.913696
vn -0.318785 0.124386 0.939630
vn 0.893709 0.194891 0.404106
vn -0.902763 0.242605 -0.355193
vn 0.320613 0.064424 -0.945017
vn -0.291753 0.418760 0.859954
vn 0.932528 0.242606 0.267460
vn -0.019773 -0.998104 0.058281
vn -0.019773 -0.998104 0.058281
vn -0.019773 -0.998104 0.058281
vn -0.019773 -0.998104 0.058281
vn -0.440145 0.101731 -0.892145
vn -0.853210 0.307973 0.420934
vn 0.420936 0.307973 0.853209
vn 0.892146 0.101733 -0.440144
vn 0.791437 -0.156850 0.590784
vn 0.570140 -0.156832 0.806439
vn 0.197238 -0.939821 0.278985
vn 0.273796 -0.939821 0.204381
vn 0.293032 -0.156829 0.943153
vn 0.101373 -0.939821 0.326281
vn -0.012763 -0.156835 0.987542
vn -0.004415 -0.939821 0.341638
vn -0.317304 -0.156835 0.935265
vn -0.109771 -0.939821 0.323554
vn -0.590787 -0.156834 0.791438
vn -0.204382 -0.939821 0.273797
vn -0.806442 -0.156822 0.570139
vn -0.278988 -0.939821 0.197239
vn -0.943152 -0.156837 0.293029
vn -0.326281 -0.939821 0.101373
vn -0.987540 -0.156852 -0.012763
vn -0.341637 -0.939822 -0.004415
vn -0.935265 -0.156839 -0.317304
vn -0.323553 -0.939821 -0.109771
vn -0.791437 -0.156844 -0.590785
vn -0.273797 -0.939821 -0.204381
vn -0.570140 -0.156834 -0.806439
vn -0.197240 -0.939821 -0.278987
vn -0.293031 -0.156827 -0.943153
vn -0.101373 -0.939821 -0.326281
vn 0.012763 -0.156837 -0.987542
vn 0.004415 -0.939822 -0.341635
vn 0.317304 -0.156835 -0.935265
vn 0.109771 -0.939820 -0.323555
vn 0.590787 -0.156831 -0.791438
vn 0.204382 -0.939821 -0.273797
vn 0.806441 -0.156825 -0.570140
vn 0.278985 -0.939822 -0.197237
vn 0.943151 -0.156838 -0.293032
vn 0.326282 -0.939821 -0.101374
vn 0.987541 -0.156844 0.012762
vn 0.341638 -0.939821 0.004415
vn 0.935264 -0.156847 0.317301
vn 0.323553 -0.939821 0.109770
vn 0.129786 -0.974400 0.183575
vn 0.180164 -0.974400 0.134486
vn 0.066705 -0.974400 0.214699
vn -0.002906 -0.974400 0.224803
vn -0.072231 -0.974400 0.212904
vn -0.134486 -0.974400 0.180163
vn -0.183578 -0.974399 0.129788
vn -0.214697 -0.974400 0.066704
vn -0.224805 -0.974399 -0.002905
vn -0.212904 -0.974400 -0.072231
vn -0.180164 -0.974399 -0.134487
vn -0.129787 -0.974400 -0.183576
vn -0.066705 -0.974400 -0.214700
vn 0.002905 -0.974400 -0.224802
vn 0.072231 -0.974399 -0.212905
vn 0.134486 -0.974400 -0.180163
vn 0.183577 -0.974400 -0.129787
vn 0.214698 -0.974400 -0.066704
vn 0.224805 -0.974400 0.002907
vn 0.212904 -0.974400 0.072231
vn 0.577086 0.026481 0.816254
vn 0.801078 0.026482 0.597973
vn 0.296595 0.026481 0.954636
vn -0.012918 0.026481 0.999566
vn -0.321167 0.026481 0.946652
vn -0.597979 0.026481 0.801074
vn -0.816256 0.026481 0.577084
vn -0.954637 0.026481 0.296592
vn -0.999566 0.026481 -0.012916
vn -0.946652 0.026481 -0.321167
vn -0.801073 0.026481 -0.597981
vn -0.577087 0.026481 -0.816253
vn -0.296595 0.026482 -0.954636
vn 0.012920 0.026481 -0.999566
vn 0.321167 0.026481 -0.946652
vn 0.597977 0.026482 -0.801076
vn 0.816256 0.026481 -0.577084
vn 0.954638 0.026481 -0.296591
vn 0.999566 0.026481 0.012924
vn 0.946652 0.026482 0.321167
vn 0.577060 -0.028083 0.816219
vn 0.801043 -0.028083 0.597947
vn 0.296582 -0.028084 0.954594
vn -0.012916 -0.028085 0.999522
vn -0.321153 -0.028085 0.946611
vn -0.597954 -0.028082 0.801039
vn -0.816220 -0.028082 0.577058
vn -0.954595 -0.028084 0.296580
vn -0.999522 -0.028084 -0.012917
vn -0.946611 -0.028085 -0.321153
vn -0.801039 -0.028084 -0.597954
vn -0.577061 -0.028084 -0.816218
vn -0.296582 -0.028082 -0.954594
vn 0.012919 -0.028082 -0.999522
vn 0.321153 -0.028085 -0.946611
vn 0.597951 -0.028084 -0.801040
vn 0.816220 -0.028084 -0.577058
vn 0.954595 -0.028084 -0.296579
vn 0.999522 -0.028084 0.012923
vn 0.946611 -0.028084 0.321153
vn -0.000000 1.000000 0.000000
vn -0.000000 1.000000 0.000000
vn -0.000000 1.000000 0.000000
vn -0.000000 1.000000 0.000000
vn -0.000000 1.000000 0.000000
vn -0.000000 1.000000 0.000000
vn -0.000000 1.000000 0.000000
vn -0.000000 1.000000 0.000000
vn -0.000000 1.000000 0.000000
vn -0.000000 1.000000 0.000000
vn -0.000000 1.000000 0.000000
vn -0.000000 1.000000 0.000000
vn -0.000000 1.000000 0.000000
vn -0.000000 1.000000 0.000000
vn -0.000000 1.000000 0.000000
vn -0.000000 1.000000 0.000000
vn -0.000000 1.000000 0.000000
vn -0.000000 1.000000 0.000000
vn -0.000000 1.000000 0.000000
vn -0.000000 1.000000 0.000000
vn 0.000001 -1.000000 -0.000002
vn 0.791437 -0.156850 0.590784
vn 0.570140 -0.156832 0.806440
vn 0.197238 -0.939821 0.278985
vn 0.273796 -0.939821 0.204381
vn 0.293031 -0.156829 0.943153
vn 0.101373 -0.939821 0.326281
vn -0.012763 -0.156834 0.987542
vn -0.004415 -0.939821 0.341638
vn -0.317304 -0.156834 0.935265
vn -0.109771 -0.939820 0.323555
vn -0.590786 -0.156834 0.791439
vn -0.204381 -0.939821 0.273796
vn -0.806440 -0.156830 0.570139
vn -0.278985 -0.939822 0.197237
vn -0.943152 -0.156843 0.293028
vn -0.326280 -0.939822 0.101372
vn -0.987540 -0.156852 -0.012763
vn -0.341637 -0.939822 -0.004415
vn -0.935265 -0.156839 -0.317304
vn -0.323553 -0.939821 -0.109771
vn -0.791437 -0.156844 -0.590785
vn -0.273797 -0.939821 -0.204381
vn -0.570141 -0.156829 -0.806439
vn -0.197238 -0.939822 -0.278985
vn -0.293032 -0.156822 -0.943154
vn -0.101373 -0.939822 -0.326279
vn 0.012763 -0.156836 -0.987542
vn 0.004415 -0.939822 -0.341635
vn 0.317304 -0.156835 -0.935265
vn 0.109771 -0.939820 -0.323555
vn 0.590787 -0.156832 -0.791438
vn 0.204382 -0.939821 -0.273797
vn 0.806440 -0.156835 -0.570139
vn 0.278984 -0.939822 -0.197237
vn 0.943150 -0.156847 -0.293031
vn 0.326282 -0.939821 -0.101374
vn 0.987541 -0.156844 0.012762
vn 0.341639 -0.939821 0.004415
vn 0.935264 -0.156847 0.317301
vn 0.323553 -0.939821 0.109770
vn 0.129786 -0.974400 0.183575
vn 0.180164 -0.974400 0.134486
vn 0.066705 -0.974400 0.214699
vn -0.002906 -0.974400 0.224803
vn -0.072231 -0.974400 0.212904
vn -0.134486 -0.974400 0.180162
vn -0.183577 -0.974400 0.129787
vn -0.214697 -0.974400 0.066704
vn -0.224806 -0.974399 -0.002905
vn -0.212904 -0.974400 -0.072231
vn -0.180164 -0.974399 -0.134487
vn -0.129785 -0.974400 -0.183575
vn -0.066704 -0.974400 -0.214698
vn 0.002905 -0.974400 -0.224802
vn 0.072231 -0.974399 -0.212905
vn 0.134486 -0.974400 -0.180163
vn 0.183577 -0.974400 -0.129787
vn 0.214698 -0.974400 -0.066704
vn 0.224805 -0.974400 0.002907
vn 0.212904 -0.974400 0.072231
vn 0.577087 0.026481 0.816253
vn 0.801078 0.026482 0.597974
vn 0.296596 0.026481 0.954636
vn -0.012918 0.026481 0.999566
vn -0.321167 0.026481 0.946652
vn -0.597979 0.026481 0.801074
vn -0.816257 0.026481 0.577082
vn -0.954637 0.026481 0.296591
vn -0.999566 0.026481 -0.012915
vn -0.946652 0.026481 -0.321167
vn -0.801073 0.026481 -0.597980
vn -0.577086 0.026481 -0.816254
vn -0.296593 0.026482 -0.954637
vn 0.012920 0.026481 -0.999566
vn 0.321167 0.026481 -0.946652
vn 0.597977 0.026482 -0.801076
vn 0.816255 0.026481 -0.577085
vn 0.954637 0.026481 -0.296592
vn 0.999566 0.026481 0.012925
vn 0.946652 0.026482 0.321167
vn 0.577061 -0.028083 0.816218
vn 0.801043 -0.028083 0.597948
vn 0.296583 -0.028084 0.954594
vn -0.012916 -0.028085 0.999522
vn -0.321153 -0.028085 0.946611
vn -0.597954 -0.028082 0.801039
vn -0.816221 -0.028082 0.577057
vn -0.954595 -0.028084 0.296579
vn -0.999522 -0.028084 -0.012916
vn -0.946611 -0.028085 -0.321153
vn -0.801039 -0.028084 -0.597953
vn -0.577060 -0.028084 -0.816219
vn -0.296581 -0.028082 -0.954595
vn 0.012919 -0.028082 -0.999522
vn 0.321153 -0.028085 -0.946611
vn 0.597951 -0.028084 -0.801040
vn 0.816219 -0.028084 -0.577059
vn 0.954595 -0.028084 -0.296580
vn 0.999522 -0.028084 0.012924
vn 0.946611 -0.028084 0.321153
vn -0.000000 1.000000 0.000000
vn -0.000000 1.000000 0.000000
vn -0.000000 1.000000 0.000000
vn -0.000000 1.000000 0.000000
vn -0.000000 1.000000 0.000000
vn -0.000000 1.000000 0.000000
vn -0.000000 1.000000 0.000000
vn -0.000000 1.000000 0.000000
vn -0.000000 1.000000 0.000000
vn -0.000000 1.000000 0.000000
vn -0.000000 1.000000 0.000000
vn -0.000000 1.000000 0.000000
vn -0.000000 1.000000 0.000000
vn -0.000000 1.000000 0.000000
vn -0.000000 1.000000 0.000000
vn -0.000000 1.000000 0.000000
vn -0.000000 1.000000 0.000000
vn -0.000000 1.000000 0.000000
vn -0.000000 1.000000 0.000000
vn -0.000000 1.000000 0.000000
vn 0.000001 -1.000000 -0.000002
vn 0.791438 -0.156839 0.590786
vn 0.570138 -0.156837 0.806439
vn 0.197238 -0.939821 0.278986
vn 0.273796 -0.939821 0.204381
vn 0.293032 -0.156834 0.943152
vn 0.101374 -0.939821 0.326281
vn -0.012762 -0.156835 0.987542
vn -0.004415 -0.939821 0.341638
vn -0.317304 -0.156833 0.935265
vn -0.109771 -0.939821 0.323553
vn -0.590786 -0.156834 0.791438
vn -0.204381 -0.939821 0.273796
vn -0.806441 -0.156830 0.570139
vn -0.278987 -0.939821 0.197238
vn -0.943153 -0.156831 0.293031
vn -0.326282 -0.939821 0.101374
vn -0.987543 -0.156834 -0.012762
vn -0.341638 -0.939821 -0.004415
vn -0.935266 -0.156831 -0.317305
vn -0.323553 -0.939821 -0.109771
vn -0.791438 -0.156834 -0.590787
vn -0.273796 -0.939821 -0.204381
vn -0.570138 -0.156833 -0.806440
vn -0.197238 -0.939821 -0.278986
vn -0.293031 -0.156832 -0.943152
vn -0.101374 -0.939821 -0.326281
vn 0.012762 -0.156835 -0.987542
vn 0.004415 -0.939821 -0.341638
vn 0.317304 -0.156834 -0.935265
vn 0.109771 -0.939821 -0.323553
vn 0.590787 -0.156835 -0.791438
vn 0.204381 -0.939821 -0.273796
vn 0.806440 -0.156834 -0.570138
vn 0.278986 -0.939821 -0.197238
vn 0.943152 -0.156833 -0.293032
vn 0.326282 -0.939821 -0.101374
vn 0.987543 -0.156834 0.012761
vn 0.341638 -0.939821 0.004415
vn 0.935266 -0.156834 0.317303
vn 0.323553 -0.939821 0.109771
vn 0.129787 -0.974400 0.183577
vn 0.180163 -0.974400 0.134486
vn 0.066705 -0.974400 0.214698
vn -0.002906 -0.974400 0.224804
vn -0.072231 -0.974400 0.212904
vn -0.134486 -0.974400 0.180163
vn -0.183577 -0.974400 0.129786
vn -0.214699 -0.974400 0.066705
vn -0.224804 -0.974400 -0.002906
vn -0.212903 -0.974400 -0.072231
vn -0.180163 -0.974400 -0.134486
vn -0.129786 -0.974400 -0.183577
vn -0.066705 -0.974400 -0.214698
vn 0.002905 -0.974400 -0.224804
vn 0.072231 -0.974400 -0.212904
vn 0.134486 -0.974400 -0.180163
vn 0.183577 -0.974400 -0.129786
vn 0.214698 -0.974400 -0.066705
vn 0.224804 -0.974400 0.002906
vn 0.212903 -0.974400 0.072231
vn 0.577082 0.026481 0.816257
vn 0.801075 0.026481 0.597978
vn 0.296599 0.026481 0.954635
vn -0.012917 0.026481 0.999566
vn -0.321167 0.026481 0.946652
vn -0.597980 0.026481 0.801074
vn -0.816258 0.026481 0.577080
vn -0.954636 0.026481 0.296596
vn -0.999566 0.026481 -0.012916
vn -0.946652 0.026481 -0.321167
vn -0.801074 0.026481 -0.597980
vn -0.577081 0.026481 -0.816257
vn -0.296596 0.026481 -0.954636
vn 0.012918 0.026481 -0.999566
vn 0.321167 0.026481 -0.946652
vn 0.597979 0.026481 -0.801075
vn 0.816257 0.026481 -0.577082
vn 0.954635 0.026481 -0.296598
vn 0.999566 0.026481 0.012918
vn 0.946653 0.026481 0.321167
vn 0.577056 -0.028084 0.816221
vn 0.801040 -0.028084 0.597952
vn 0.296586 -0.028084 0.954593
vn -0.012915 -0.028084 0.999522
vn -0.321153 -0.028084 0.946611
vn -0.597955 -0.028084 0.801038
vn -0.816223 -0.028084 0.577054
vn -0.954594 -0.028084 0.296583
vn -0.999522 -0.028084 -0.012915
vn -0.946611 -0.028084 -0.321153
vn -0.801038 -0.028084 -0.597954
vn -0.577056 -0.028084 -0.816222
vn -0.296584 -0.028084 -0.954594
vn 0.012918 -0.028084 -0.999522
vn 0.321153 -0.028084 -0.946611
vn 0.597953 -0.028084 -0.801039
vn 0.816221 -0.028084 -0.577056
vn 0.954594 -0.028084 -0.296585
vn 0.999522 -0.028084 0.012917
vn 0.946611 -0.028084 0.321153
vn 0.000000 1.000000 -0.000000
vn 0.000000 1.000000 -0.000000
vn 0.000000 1.000000 -0.000000
vn 0.000000 1.000000 -0.000000
vn 0.000000 1.000000 -0.000000
vn 0.000000 1.000000 -0.000000
vn 0.000000 1.000000 -0.000000
vn 0.000000 1.000000 -0.000000
vn 0.000000 1.000000 -0.000000
vn 0.000000 1.000000 -0.000000
vn 0.000000 1.000000 -0.000000
vn 0.000000 1.000000 -0.000000
vn 0.000000 1.000000 -0.000000
vn 0.000000 1.000000 -0.000000
vn 0.000000 1.000000 -0.000000
vn 0.000000 1.000000 -0.000000
vn 0.000000 1.000000 -0.000000
vn 0.000000 1.000000 -0.000000
vn 0.000000 1.000000 -0.000000
vn 0.000000 1.000000 -0.000000
vn 0.000002 -1.000000 0.000003
vn 0.791438 -0.156839 0.590786
vn 0.570139 -0.156837 0.806439
vn 0.197238 -0.939821 0.278986
vn 0.273796 -0.939821 0.204381
vn 0.293032 -0.156834 0.943152
vn 0.101374 -0.939821 0.326281
vn -0.012762 -0.156836 0.987542
vn -0.004415 -0.939821 0.341638
vn -0.317304 -0.156834 0.935265
vn -0.109771 -0.939821 0.323553
vn -0.590787 -0.156833 0.791438
vn -0.204381 -0.939821 0.273796
vn -0.806441 -0.156829 0.570138
vn -0.278987 -0.939821 0.197238
vn -0.943153 -0.156830 0.293031
vn -0.326282 -0.939821 0.101374
vn -0.987543 -0.156834 -0.012762
vn -0.341638 -0.939821 -0.004415
vn -0.935266 -0.156831 -0.317305
vn -0.323553 -0.939821 -0.109771
vn -0.791438 -0.156833 -0.590787
vn -0.273796 -0.939821 -0.204381
vn -0.570139 -0.156832 -0.806440
vn -0.197238 -0.939821 -0.278986
vn -0.293031 -0.156832 -0.943153
vn -0.101374 -0.939821 -0.326281
vn 0.012762 -0.156834 -0.987543
vn 0.004415 -0.939821 -0.341638
vn 0.317304 -0.156833 -0.935265
vn 0.109771 -0.939821 -0.323553
vn 0.590787 -0.156835 -0.791438
vn 0.204381 -0.939821 -0.273796
vn 0.806440 -0.156834 -0.570138
vn 0.278986 -0.939821 -0.197238
vn 0.943152 -0.156834 -0.293032
vn 0.326281 -0.939821 -0.101374
vn 0.987543 -0.156834 0.012761
vn 0.341638 -0.939821 0.004415
vn 0.935266 -0.156834 0.317303
vn 0.323553 -0.939821 0.109771
vn 0.129786 -0.974400 0.183577
vn 0.180163 -0.974400 0.134486
vn 0.066705 -0.974400 0.214698
vn -0.002906 -0.974400 0.224804
vn -0.072231 -0.974400 0.212904
vn -0.134486 -0.974400 0.180163
vn -0.183577 -0.974400 0.129786
vn -0.214699 -0.974400 0.066705
vn -0.224804 -0.974400 -0.002906
vn -0.212903 -0.974400 -0.072231
vn -0.180163 -0.974400 -0.134486
vn -0.129786 -0.974400 -0.183577
vn -0.066705 -0.974400 -0.214698
vn 0.002905 -0.974400 -0.224804
vn 0.072231 -0.974400 -0.212904
vn 0.134486 -0.974400 -0.180163
vn 0.183577 -0.974400 -0.129786
vn 0.214698 -0.974400 -0.066705
vn 0.224804 -0.974400 0.002906
vn 0.212904 -0.974400 0.072231
vn 0.577081 0.026481 0.816258
vn 0.801075 0.026481 0.597978
vn 0.296597 0.026481 0.954636
vn -0.012917 0.026481 0.999566
vn -0.321167 0.026481 0.946652
vn -0.597980 0.026481 0.801074
vn -0.816257 0.026481 0.577081
vn -0.954635 0.026481 0.296597
vn -0.999566 0.026481 -0.012917
vn -0.946652 0.026481 -0.321167
vn -0.801073 0.026481 -0.597980
vn -0.577082 0.026481 -0.816257
vn -0.296598 0.026481 -0.954635
vn 0.012918 0.026481 -0.999566
vn 0.321167 0.026481 -0.946652
vn 0.597979 0.026481 -0.801075
vn 0.816258 0.026481 -0.577081
vn 0.954636 0.026481 -0.296596
vn 0.999566 0.026481 0.012917
vn 0.946653 0.026481 0.321167
vn 0.577056 -0.028084 0.816222
vn 0.801040 -0.028084 0.597952
vn 0.296585 -0.028084 0.954593
vn -0.012915 -0.028084 0.999522
vn -0.321153 -0.028084 0.946611
vn -0.597955 -0.028084 0.801038
vn -0.816222 -0.028084 0.577055
vn -0.954594 -0.028084 0.296585
vn -0.999522 -0.028084 -0.012916
vn -0.946611 -0.028084 -0.321153
vn -0.801038 -0.028084 -0.597954
vn -0.577057 -0.028084 -0.816221
vn -0.296585 -0.028084 -0.954593
vn 0.012918 -0.028084 -0.999522
vn 0.321153 -0.028084 -0.946611
vn 0.597953 -0.028084 -0.801039
vn 0.816222 -0.028084 -0.577055
vn 0.954594 -0.028084 -0.296584
vn 0.999522 -0.028084 0.012916
vn 0.946611 -0.028084 0.321153
vn 0.000000 1.000000 -0.000000
vn 0.000000 1.000000 -0.000000
vn 0.000000 1.000000 -0.000000
vn 0.000000 1.000000 -0.000000
vn 0.000000 1.000000 -0.000000
vn 0.000000 1.000000 -0.000000
vn 0.000000 1.000000 -0.000000
vn 0.000000 1.000000 -0.000000
vn 0.000000 1.000000 -0.000000
vn 0.000000 1.000000 -0.000000
vn 0.000000 1.000000 -0.000000
vn 0.000000 1.000000 -0.000000
vn 0.000000 1.000000 -0.000000
vn 0.000000 1.000000 -0.000000
vn 0.000000 1.000000 -0.000000
vn 0.000000 1.000000 -0.000000
vn 0.000000 1.000000 -0.000000
vn 0.000000 1.000000 -0.000000
vn 0.000000 1.000000 -0.000000
vn 0.000000 1.000000 -0.000000
vn 0.000002 -1.000000 0.000003
vn 0.791438 -0.156842 0.590785
vn 0.570138 -0.156848 0.806437
vn 0.197238 -0.939822 0.278985
vn 0.273796 -0.939822 0.204381
vn 0.293031 -0.156840 0.943151
vn 0.101374 -0.939820 0.326284
vn -0.012763 -0.156835 0.987542
vn -0.004415 -0.939821 0.341639
vn -0.317304 -0.156833 0.935266
vn -0.109771 -0.939821 0.323553
vn -0.590787 -0.156825 0.791440
vn -0.204381 -0.939821 0.273796
vn -0.806440 -0.156837 0.570138
vn -0.278987 -0.939821 0.197239
vn -0.943150 -0.156855 0.293027
vn -0.326281 -0.939822 0.101373
vn -0.987542 -0.156840 -0.012763
vn -0.341637 -0.939822 -0.004415
vn -0.935266 -0.156827 -0.317305
vn -0.323555 -0.939821 -0.109771
vn -0.791438 -0.156836 -0.590786
vn -0.273797 -0.939821 -0.204381
vn -0.570140 -0.156837 -0.806438
vn -0.197238 -0.939822 -0.278985
vn -0.293031 -0.156832 -0.943152
vn -0.101374 -0.939821 -0.326282
vn 0.012763 -0.156833 -0.987543
vn 0.004415 -0.939821 -0.341637
vn 0.317304 -0.156831 -0.935266
vn 0.109770 -0.939822 -0.323551
vn 0.590786 -0.156839 -0.791437
vn 0.204381 -0.939821 -0.273796
vn 0.806439 -0.156844 -0.570138
vn 0.278987 -0.939821 -0.197239
vn 0.943151 -0.156842 -0.293032
vn 0.326280 -0.939822 -0.101373
vn 0.987541 -0.156844 0.012762
vn 0.341636 -0.939822 0.004415
vn 0.935265 -0.156839 0.317302
vn 0.323553 -0.939821 0.109770
vn 0.129786 -0.974400 0.183576
vn 0.180164 -0.974400 0.134485
vn 0.066706 -0.974399 0.214702
vn -0.002905 -0.974400 0.224804
vn -0.072231 -0.974400 0.212902
vn -0.134485 -0.974400 0.180162
vn -0.183579 -0.974399 0.129788
vn -0.214698 -0.974400 0.066704
vn -0.224805 -0.974400 -0.002905
vn -0.212904 -0.974400 -0.072231
vn -0.180163 -0.974400 -0.134487
vn -0.129786 -0.974400 -0.183575
vn -0.066705 -0.974399 -0.214700
vn 0.002905 -0.974400 -0.224803
vn 0.072230 -0.974400 -0.212901
vn 0.134486 -0.974400 -0.180163
vn 0.183580 -0.974399 -0.129788
vn 0.214696 -0.974400 -0.066703
vn 0.224803 -0.974400 0.002907
vn 0.212903 -0.974400 0.072231
vn 0.577087 0.026481 0.816253
vn 0.801078 0.026482 0.597974
vn 0.296596 0.026481 0.954636
vn -0.012918 0.026480 0.999566
vn -0.321167 0.026481 0.946652
vn -0.597979 0.026481 0.801074
vn -0.816257 0.026481 0.577082
vn -0.954637 0.026480 0.296591
vn -0.999566 0.026481 -0.012915
vn -0.946652 0.026481 -0.321167
vn -0.801073 0.026480 -0.597980
vn -0.577086 0.026480 -0.816254
vn -0.296593 0.026481 -0.954637
vn 0.012920 0.026481 -0.999566
vn 0.321167 0.026481 -0.946652
vn 0.597977 0.026481 -0.801076
vn 0.816255 0.026481 -0.577085
vn 0.954637 0.026480 -0.296592
vn 0.999566 0.026481 0.012925
vn 0.946652 0.026481 0.321167
vn 0.577061 -0.028085 0.816218
vn 0.801043 -0.028085 0.597948
vn 0.296583 -0.028084 0.954594
vn -0.012916 -0.028085 0.999522
vn -0.321153 -0.028084 0.946611
vn -0.597954 -0.028084 0.801039
vn -0.816221 -0.028086 0.577057
vn -0.954595 -0.028086 0.296579
vn -0.999522 -0.028083 -0.012916
vn -0.946611 -0.028083 -0.321153
vn -0.801039 -0.028084 -0.597953
vn -0.577060 -0.028086 -0.816219
vn -0.296581 -0.028085 -0.954595
vn 0.012919 -0.028082 -0.999522
vn 0.321153 -0.028085 -0.946611
vn 0.597951 -0.028086 -0.801040
vn 0.816219 -0.028084 -0.577059
vn 0.954595 -0.028085 -0.296579
vn 0.999522 -0.028085 0.012924
vn 0.946611 -0.028084 0.321153
vn -0.000000 1.000000 0.000000
vn -0.000000 1.000000 0.000000
vn -0.000000 1.000000 0.000000
vn -0.000000 1.000000 0.000000
vn -0.000000 1.000000 0.000000
vn -0.000000 1.000000 0.000000
vn -0.000000 1.000000 0.000000
vn -0.000000 1.000000 0.000000
vn -0.000000 1.000000 0.000000
vn -0.000000 1.000000 0.000000
vn -0.000000 1.000000 0.000000
vn -0.000000 1.000000 0.000000
vn -0.000000 1.000000 0.000000
vn -0.000000 1.000000 0.000000
vn -0.000000 1.000000 0.000000
vn -0.000000 1.000000 0.000000
vn -0.000000 1.000000 0.000000
vn -0.000000 1.000000 0.000000
vn -0.000000 1.000000 0.000000
vn -0.000000 1.000000 0.000000
vn 0.000001 -1.000000 -0.000004
vn 0.791438 -0.156842 0.590785
vn 0.570138 -0.156848 0.806437
vn 0.197238 -0.939821 0.278985
vn 0.273796 -0.939822 0.204381
vn 0.293031 -0.156840 0.943151
vn 0.101375 -0.939820 0.326285
vn -0.012763 -0.156835 0.987542
vn -0.004415 -0.939821 0.341638
vn -0.317304 -0.156835 0.935265
vn -0.109770 -0.939822 0.323550
vn -0.590786 -0.156835 0.791438
vn -0.204382 -0.939821 0.273797
vn -0.806439 -0.156841 0.570137
vn -0.278988 -0.939820 0.197240
vn -0.943150 -0.156852 0.293028
vn -0.326281 -0.939821 0.101373
vn -0.987542 -0.156840 -0.012763
vn -0.341637 -0.939822 -0.004415
vn -0.935266 -0.156827 -0.317305
vn -0.323555 -0.939821 -0.109771
vn -0.791438 -0.156836 -0.590786
vn -0.273796 -0.939822 -0.204380
vn -0.570140 -0.156839 -0.806438
vn -0.197238 -0.939822 -0.278985
vn -0.293030 -0.156835 -0.943152
vn -0.101374 -0.939821 -0.326283
vn 0.012763 -0.156832 -0.987543
vn 0.004415 -0.939821 -0.341638
vn 0.317304 -0.156829 -0.935266
vn 0.109770 -0.939822 -0.323551
vn 0.590786 -0.156838 -0.791438
vn 0.204381 -0.939821 -0.273796
vn 0.806438 -0.156844 -0.570138
vn 0.278987 -0.939821 -0.197239
vn 0.943149 -0.156851 -0.293031
vn 0.326279 -0.939822 -0.101373
vn 0.987539 -0.156854 0.012762
vn 0.341636 -0.939822 0.004415
vn 0.935265 -0.156839 0.317302
vn 0.323553 -0.939821 0.109770
vn 0.129786 -0.974400 0.183576
vn 0.180163 -0.974400 0.134485
vn 0.066706 -0.974399 0.214702
vn -0.002906 -0.974400 0.224802
vn -0.072230 -0.974400 0.212901
vn -0.134486 -0.974400 0.180163
vn -0.183580 -0.974399 0.129788
vn -0.214698 -0.974400 0.066704
vn -0.224804 -0.974400 -0.002905
vn -0.212904 -0.974400 -0.072231
vn -0.180163 -0.974400 -0.134487
vn -0.129786 -0.974400 -0.183575
vn -0.066705 -0.974399 -0.214701
vn 0.002905 -0.974400 -0.224803
vn 0.072230 -0.974400 -0.212901
vn 0.134486 -0.974400 -0.180163
vn 0.183580 -0.974399 -0.129788
vn 0.214697 -0.974400 -0.066704
vn 0.224804 -0.974400 0.002907
vn 0.212904 -0.974400 0.072231
vn 0.577086 0.026481 0.816254
vn 0.801078 0.026482 0.597973
vn 0.296595 0.026481 0.954636
vn -0.012918 0.026480 0.999566
vn -0.321167 0.026481 0.946652
vn -0.597979 0.026481 0.801074
vn -0.816256 0.026481 0.577084
vn -0.954637 0.026481 0.296592
vn -0.999566 0.026481 -0.012916
vn -0.946652 0.026481 -0.321167
vn -0.801073 0.026480 -0.597981
vn -0.577087 0.026480 -0.816253
vn -0.296595 0.026481 -0.954636
vn 0.012920 0.026481 -0.999566
vn 0.321167 0.026481 -0.946652
vn 0.597977 0.026481 -0.801076
vn 0.816256 0.026481 -0.577084
vn 0.954638 0.026480 -0.296591
vn 0.999566 0.026481 0.012924
vn 0.946652 0.026481 0.321167
vn 0.577060 -0.028085 0.816219
vn 0.801043 -0.028085 0.597947
vn 0.296582 -0.028084 0.954594
vn -0.012916 -0.028085 0.999522
vn -0.321153 -0.028084 0.946611
vn -0.597954 -0.028084 0.801039
vn -0.816220 -0.028086 0.577058
vn -0.954595 -0.028086 0.296580
vn -0.999522 -0.028083 -0.012917
vn -0.946611 -0.028083 -0.321153
vn -0.801039 -0.028084 -0.597954
vn -0.577061 -0.028086 -0.816218
vn -0.296582 -0.028085 -0.954594
vn 0.012919 -0.028082 -0.999522
vn 0.321153 -0.028085 -0.946611
vn 0.597951 -0.028086 -0.801040
vn 0.816220 -0.028084 -0.577058
vn 0.954595 -0.028085 -0.296579
vn 0.999522 -0.028085 0.012923
vn 0.946611 -0.028084 0.321153
vn -0.000000 1.000000 0.000000
vn -0.000000 1.000000 0.000000
vn -0.000000 1.000000 0.000000
vn -0.000000 1.000000 0.000000
vn -0.000000 1.000000 0.000000
vn -0.000000 1.000000 0.000000
vn -0.000000 1.000000 0.000000
vn -0.000000 1.000000 0.000000
vn -0.000000 1.000000 0.000000
vn -0.000000 1.000000 0.000000
vn -0.000000 1.000000 0.000000
vn -0.000000 1.000000 0.000000
vn -0.000000 1.000000 0.000000
vn -0.000000 1.000000 0.000000
vn -0.000000 1.000000 0.000000
vn -0.000000 1.000000 0.000000
vn -0.000000 1.000000 0.000000
vn -0.000000 1.000000 0.000000
vn -0.000000 1.000000 0.000000
vn -0.000000 1.000000 0.000000
vn 0.000001 -1.000000 -0.000004
s off
g Board1
usemtl initialShadingGroup
f 1011/1311/1231 1012/1312/1232 1014/1314/1233 1013/1313/1234
f 1013/1313/1235 1014/1314/1236 1016/1316/1237 1015/1315/1238
f 1015/1315/1239 1016/1316/1240 1018/1318/1241 1017/1317/1242
f 1017/1317/1243 1018/1318/1244 1012/1320/1245 1011/1319/1246
f 1012/1312/1247 1018/1321/1248 1016/1322/1249 1014/1314/1250
f 1017/1323/1251 1011/1311/1252 1013/1313/1253 1015/1324/1254
s 1
f 1019/1325/1255 1020/1326/1256 1024/1327/1257 1023/1328/1258
f 1020/1326/1256 1021/1329/1259 1025/1330/1260 1024/1327/1257
f 1021/1329/1259 1022/1331/1261 1026/1332/1262 1025/1330/1260
f 1022/1331/1261 1019/1333/1255 1023/1334/1258 1026/1332/1262
f 1023/1328/1258 1024/1327/1257 1028/1335/1263 1027/1336/1264
f 1024/1327/1257 1025/1330/1260 1029/1337/1265 1028/1335/1263
f 1025/1330/1260 1026/1332/1262 1030/1338/1266 1029/1337/1265
f 1026/1332/1262 1023/1334/1258 1027/1339/1264 1030/1338/1266
f 1027/1336/1264 1028/1335/1263 1032/1340/1267 1031/1341/1268
f 1028/1335/1263 1029/1337/1265 1033/1342/1269 1032/1340/1267
f 1029/1337/1265 1030/1338/1266 1034/1343/1270 1033/1342/1269
f 1030/1338/1266 1027/1339/1264 1031/1344/1268 1034/1343/1270
f 1031/1341/1268 1032/1340/1267 1036/1345/1271 1035/1346/1272
f 1032/1340/1267 1033/1342/1269 1037/1347/1273 1036/1345/1271
f 1033/1342/1269 1034/1343/1270 1038/1348/1274 1037/1347/1273
f 1034/1343/1270 1031/1344/1268 1035/1349/1272 1038/1348/1274
f 1035/1346/1272 1036/1345/1271 1040/1350/1275 1039/1351/1276
f 1036/1345/1271 1037/1347/1273 1041/1352/1277 1040/1350/1275
f 1037/1347/1273 1038/1348/1274 1042/1353/1278 1041/1352/1277
f 1038/1348/1274 1035/1349/1272 1039/1354/1276 1042/1353/1278
f 1039/1351/1276 1040/1350/1275 1044/1355/1279 1043/1356/1280
f 1040/1350/1275 1041/1352/1277 1045/1357/1281 1044/1355/1279
f 1041/1352/1277 1042/1353/1278 1046/1358/1282 1045/1357/1281
f 1042/1353/1278 1039/1354/1276 1043/1359/1280 1046/1358/1282
f 1043/1356/1280 1044/1355/1279 1048/1360/1283 1047/1361/1284
f 1044/1355/1279 1045/1357/1281 1049/1362/1285 1048/1360/1283
f 1045/1357/1281 1046/1358/1282 1050/1363/1286 1049/1362/1285
f 1046/1358/1282 1043/1359/1280 1047/1364/1284 1050/1363/1286
s off
f 1019/1365/1287 1022/1366/1288 1021/1367/1289 1020/1368/1290
s 1
f 1047/1361/1284 1048/1360/1283 1051/1369/1291
f 1048/1360/1283 1049/1362/1285 1051/1369/1292
f 1049/1362/1285 1050/1363/1286 1051/1369/1293
f 1050/1363/1286 1047/1364/1284 1051/1369/1294
s 2
f 1052/1370/1295 1053/1371/1296 1057/1372/1297 1056/1373/1298
f 1053/1371/1296 1054/1374/1299 1058/1375/1300 1057/1372/1297
f 1054/1374/1299 1055/1376/1301 1059/1377/1302 1058/1375/1300
f 1055/1376/1301 1052/1378/1295 1056/1379/1298 1059/1377/1302
f 1056/1373/1298 1057/1372/1297 1061/1380/1303 1060/1381/1304
f 1057/1372/1297 1058/1375/1300 1062/1382/1305 1061/1380/1303
f 1058/1375/1300 1059/1377/1302 1063/1383/1306 1062/1382/1305
f 1059/1377/1302 1056/1379/1298 1060/1384/1304 1063/1383/1306
f 1060/1381/1304 1061/1380/1303 1065/1385/1307 1064/1386/1308
f 1061/1380/1303 1062/1382/1305 1066/1387/1309 1065/1385/1307
f 1062/1382/1305 1063/1383/1306 1067/1388/1310 1066/1387/1309
f 1063/1383/1306 1060/1384/1304 1064/1389/1308 1067/1388/1310
f 1064/1386/1308 1065/1385/1307 1069/1390/1311 1068/1391/1312
f 1065/1385/1307 1066/1387/1309 1070/1392/1313 1069/1390/1311
f 1066/1387/1309 1067/1388/1310 1071/1393/1314 1070/1392/1313
f 1067/1388/1310 1064/1389/1308 1068/1394/1312 1071/1393/1314
f 1068/1391/1312 1069/1390/1311 1073/1395/1315 1072/1396/1316
f 1069/1390/1311 1070/1392/1313 1074/1397/1317 1073/1395/1315
f 1070/1392/1313 1071/1393/1314 1075/1398/1318 1074/1397/1317
f 1071/1393/1314 1068/1394/1312 1072/1399/1316 1075/1398/1318
f 1072/1396/1316 1073/1395/1315 1077/1400/1319 1076/1401/1320
f 1073/1395/1315 1074/1397/1317 1078/1402/1321 1077/1400/1319
f 1074/1397/1317 1075/1398/1318 1079/1403/1322 1078/1402/1321
f 1075/1398/1318 1072/1399/1316 1076/1404/1320 1079/1403/1322
f 1076/1401/1320 1077/1400/1319 1081/1405/1323 1080/1406/1324
f 1077/1400/1319 1078/1402/1321 1082/1407/1325 1081/1405/1323
f 1078/1402/1321 1079/1403/1322 1083/1408/1326 1082/1407/1325
f 1079/1403/1322 1076/1404/1320 1080/1409/1324 1083/1408/1326
s off
f 1052/1410/1327 1055/1411/1328 1054/1412/1329 1053/1413/1330
s 2
f 1080/1406/1324 1081/1405/1323 1084/1414/1331
f 1081/1405/1323 1082/1407/1325 1084/1414/1332
f 1082/1407/1325 1083/1408/1326 1084/1414/1333
f 1083/1408/1326 1080/1409/1324 1084/1414/1334
s 3
f 1085/1415/1335 1086/1416/1336 1090/1417/1337 1089/1418/1338
f 1086/1416/1336 1087/1419/1339 1091/1420/1340 1090/1417/1337
f 1087/1419/1339 1088/1421/1341 1092/1422/1342 1091/1420/1340
f 1088/1421/1341 1085/1423/1335 1089/1424/1338 1092/1422/1342
f 1089/1418/1338 1090/1417/1337 1094/1425/1343 1093/1426/1344
f 1090/1417/1337 1091/1420/1340 1095/1427/1345 1094/1425/1343
f 1091/1420/1340 1092/1422/1342 1096/1428/1346 1095/1427/1345
f 1092/1422/1342 1089/1424/1338 1093/1429/1344 1096/1428/1346
f 1093/1426/1344 1094/1425/1343 1098/1430/1347 1097/1431/1348
f 1094/1425/1343 1095/1427/1345 1099/1432/1349 1098/1430/1347
f 1095/1427/1345 1096/1428/1346 1100/1433/1350 1099/1432/1349
f 1096/1428/1346 1093/1429/1344 1097/1434/1348 1100/1433/1350
f 1097/1431/1348 1098/1430/1347 1102/1435/1351 1101/1436/1352
f 1098/1430/1347 1099/1432/1349 1103/1437/1353 1102/1435/1351
f 1099/1432/1349 1100/1433/1350 1104/1438/1354 1103/1437/1353
f 1100/1433/1350 1097/1434/1348 1101/1439/1352 1104/1438/1354
f 1101/1436/1352 1102/1435/1351 1106/1440/1355 1105/1441/1356
f 1102/1435/1351 1103/1437/1353 1107/1442/1357 1106/1440/1355
f 1103/1437/1353 1104/1438/1354 1108/1443/1358 1107/1442/1357
f 1104/1438/1354 1101/1439/1352 1105/1444/1356 1108/1443/1358
f 1105/1441/1356 1106/1440/1355 1110/1445/1359 1109/1446/1360
f 1106/1440/1355 1107/1442/1357 1111/1447/1361 1110/1445/1359
f 1107/1442/1357 1108/1443/1358 1112/1448/1362 1111/1447/1361
f 1108/1443/1358 1105/1444/1356 1109/1449/1360 1112/1448/1362
f 1109/1446/1360 1110/1445/1359 1114/1450/1363 1113/1451/1364
f 1110/1445/1359 1111/1447/1361 1115/1452/1365 1114/1450/1363
f 1111/1447/1361 1112/1448/1362 1116/1453/1366 1115/1452/1365
f 1112/1448/1362 1109/1449/1360 1113/1454/1364 1116/1453/1366
s off
f 1085/1455/1367 1088/1456/1368 1087/1457/1369 1086/1458/1370
s 3
f 1113/1451/1364 1114/1450/1363 1117/1459/1371
f 1114/1450/1363 1115/1452/1365 1117/1459/1372
f 1115/1452/1365 1116/1453/1366 1117/1459/1373
f 1116/1453/1366 1113/1454/1364 1117/1459/1374
s 4
f 1118/1460/1375 1119/1461/1376 1123/1462/1377 1122/1463/1378
f 1119/1461/1376 1120/1464/1379 1124/1465/1380 1123/1462/1377
f 1120/1464/1379 1121/1466/1381 1125/1467/1382 1124/1465/1380
f 1121/1466/1381 1118/1468/1375 1122/1469/1378 1125/1467/1382
f 1122/1463/1378 1123/1462/1377 1127/1470/1383 1126/1471/1384
f 1123/1462/1377 1124/1465/1380 1128/1472/1385 1127/1470/1383
f 1124/1465/1380 1125/1467/1382 1129/1473/1386 1128/1472/1385
f 1125/1467/1382 1122/1469/1378 1126/1474/1384 1129/1473/1386
f 1126/1471/1384 1127/1470/1383 1131/1475/1387 1130/1476/1388
f 1127/1470/1383 1128/1472/1385 1132/1477/1389 1131/1475/1387
f 1128/1472/1385 1129/1473/1386 1133/1478/1390 1132/1477/1389
f 1129/1473/1386 1126/1474/1384 1130/1479/1388 1133/1478/1390
f 1130/1476/1388 1131/1475/1387 1135/1480/1391 1134/1481/1392
f 1131/1475/1387 1132/1477/1389 1136/1482/1393 1135/1480/1391
f 1132/1477/1389 1133/1478/1390 1137/1483/1394 1136/1482/1393
f 1133/1478/1390 1130/1479/1388 1134/1484/1392 1137/1483/1394
f 1134/1481/1392 1135/1480/1391 1139/1485/1395 1138/1486/1396
f 1135/1480/1391 1136/1482/1393 1140/1487/1397 1139/1485/1395
f 1136/1482/1393 1137/1483/1394 1141/1488/1398 1140/1487/1397
f 1137/1483/1394 1134/1484/1392 1138/1489/1396 1141/1488/1398
f 1138/1486/1396 1139/1485/1395 1143/1490/1399 1142/1491/1400
f 1139/1485/1395 1140/1487/1397 1144/1492/1401 1143/1490/1399
f 1140/1487/1397 1141/1488/1398 1145/1493/1402 1144/1492/1401
f 1141/1488/1398 1138/1489/1396 1142/1494/1400 1145/1493/1402
f 1142/1491/1400 1143/1490/1399 1147/1495/1403 1146/1496/1404
f 1143/1490/1399 1144/1492/1401 1148/1497/1405 1147/1495/1403
f 1144/1492/1401 1145/1493/1402 1149/1498/1406 1148/1497/1405
f 1145/1493/1402 1142/1494/1400 1146/1499/1404 1149/1498/1406
s off
f 1118/1500/1407 1121/1501/1408 1120/1502/1409 1119/1503/1410
s 4
f 1146/1496/1404 1147/1495/1403 1150/1504/1411
f 1147/1495/1403 1148/1497/1405 1150/1504/1412
f 1148/1497/1405 1149/1498/1406 1150/1504/1413
f 1149/1498/1406 1146/1499/1404 1150/1504/1414
s 5
f 1151/1505/1415 1152/1506/1416 1156/1507/1417 1155/1508/1418
f 1152/1506/1416 1153/1509/1419 1157/1510/1420 1156/1507/1417
f 1153/1509/1419 1154/1511/1421 1158/1512/1422 1157/1510/1420
f 1154/1511/1421 1151/1513/1415 1155/1514/1418 1158/1512/1422
f 1155/1508/1418 1156/1507/1417 1160/1515/1423 1159/1516/1424
f 1156/1507/1417 1157/1510/1420 1161/1517/1425 1160/1515/1423
f 1157/1510/1420 1158/1512/1422 1162/1518/1426 1161/1517/1425
f 1158/1512/1422 1155/1514/1418 1159/1519/1424 1162/1518/1426
f 1159/1516/1424 1160/1515/1423 1164/1520/1427 1163/1521/1428
f 1160/1515/1423 1161/1517/1425 1165/1522/1429 1164/1520/1427
f 1161/1517/1425 1162/1518/1426 1166/1523/1430 1165/1522/1429
f 1162/1518/1426 1159/1519/1424 1163/1524/1428 1166/1523/1430
f 1163/1521/1428 1164/1520/1427 1168/1525/1431 1167/1526/1432
f 1164/1520/1427 1165/1522/1429 1169/1527/1433 1168/1525/1431
f 1165/1522/1429 1166/1523/1430 1170/1528/1434 1169/1527/1433
f 1166/1523/1430 1163/1524/1428 1167/1529/1432 1170/1528/1434
f 1167/1526/1432 1168/1525/1431 1172/1530/1435 1171/1531/1436
f 1168/1525/1431 1169/1527/1433 1173/1532/1437 1172/1530/1435
f 1169/1527/1433 1170/1528/1434 1174/1533/1438 1173/1532/1437
f 1170/1528/1434 1167/1529/1432 1171/1534/1436 1174/1533/1438
f 1171/1531/1436 1172/1530/1435 1176/1535/1439 1175/1536/1440
f 1172/1530/1435 1173/1532/1437 1177/1537/1441 1176/1535/1439
f 1173/1532/1437 1174/1533/1438 1178/1538/1442 1177/1537/1441
f 1174/1533/1438 1171/1534/1436 1175/1539/1440 1178/1538/1442
f 1175/1536/1440 1176/1535/1439 1180/1540/1443 1179/1541/1444
f 1176/1535/1439 1177/1537/1441 1181/1542/1445 1180/1540/1443
f 1177/1537/1441 1178/1538/1442 1182/1543/1446 1181/1542/1445
f 1178/1538/1442 1175/1539/1440 1179/1544/1444 1182/1543/1446
s off
f 1151/1545/1447 1154/1546/1448 1153/1547/1449 1152/1548/1450
s 5
f 1179/1541/1444 1180/1540/1443 1183/1549/1451
f 1180/1540/1443 1181/1542/1445 1183/1549/1452
f 1181/1542/1445 1182/1543/1446 1183/1549/1453
f 1182/1543/1446 1179/1544/1444 1183/1549/1454
s 6
f 1184/1550/1455 1185/1551/1456 1189/1552/1457 1188/1553/1458
f 1185/1551/1456 1186/1554/1459 1190/1555/1460 1189/1552/1457
f 1186/1554/1459 1187/1556/1461 1191/1557/1462 1190/1555/1460
f 1187/1556/1461 1184/1558/1455 1188/1559/1458 1191/1557/1462
f 1188/1553/1458 1189/1552/1457 1193/1560/1463 1192/1561/1464
f 1189/1552/1457 1190/1555/1460 1194/1562/1465 1193/1560/1463
f 1190/1555/1460 1191/1557/1462 1195/1563/1466 1194/1562/1465
f 1191/1557/1462 1188/1559/1458 1192/1564/1464 1195/1563/1466
f 1192/1561/1464 1193/1560/1463 1197/1565/1467 1196/1566/1468
f 1193/1560/1463 1194/1562/1465 1198/1567/1469 1197/1565/1467
f 1194/1562/1465 1195/1563/1466 1199/1568/1470 1198/1567/1469
f 1195/1563/1466 1192/1564/1464 1196/1569/1468 1199/1568/1470
f 1196/1566/1468 1197/1565/1467 1201/1570/1471 1200/1571/1472
f 1197/1565/1467 1198/1567/1469 1202/1572/1473 1201/1570/1471
f 1198/1567/1469 1199/1568/1470 1203/1573/1474 1202/1572/1473
f 1199/1568/1470 1196/1569/1468 1200/1574/1472 1203/1573/1474
f 1200/1571/1472 1201/1570/1471 1205/1575/1475 1204/1576/1476
f 1201/1570/1471 1202/1572/1473 1206/1577/1477 1205/1575/1475
f 1202/1572/1473 1203/1573/1474 1207/1578/1478 1206/1577/1477
f 1203/1573/1474 1200/1574/1472 1204/1579/1476 1207/1578/1478
f 1204/1576/1476 1205/1575/1475 1209/1580/1479 1208/1581/1480
f 1205/1575/1475 1206/1577/1477 1210/1582/1481 1209/1580/1479
f 1206/1577/1477 1207/1578/1478 1211/1583/1482 1210/1582/1481
f 1207/1578/1478 1204/1579/1476 1208/1584/1480 1211/1583/1482
f 1208/1581/1480 1209/1580/1479 1213/1585/1483 1212/1586/1484
f 1209/1580/1479 1210/1582/1481 1214/1587/1485 1213/1585/1483
f 1210/1582/1481 1211/1583/1482 1215/1588/1486 1214/1587/1485
f 1211/1583/1482 1208/1584/1480 1212/1589/1484 1215/1588/1486
s off
f 1184/1590/1487 1187/1591/1488 1186/1592/1489 1185/1593/1490
s 6
f 1212/1586/1484 1213/1585/1483 1216/1594/1491
f 1213/1585/1483 1214/1587/1485 1216/1594/1492
f 1214/1587/1485 1215/1588/1486 1216/1594/1493
f 1215/1588/1486 1212/1589/1484 1216/1594/1494
s 7
f 1217/1595/1495 1218/1596/1496 1222/1597/1497 1221/1598/1498
f 1218/1596/1496 1219/1599/1499 1223/1600/1500 1222/1597/1497
f 1219/1599/1499 1220/1601/1501 1224/1602/1502 1223/1600/1500
f 1220/1601/1501 1217/1603/1495 1221/1604/1498 1224/1602/1502
f 1221/1598/1498 1222/1597/1497 1226/1605/1503 1225/1606/1504
f 1222/1597/1497 1223/1600/1500 1227/1607/1505 1226/1605/1503
f 1223/1600/1500 1224/1602/1502 1228/1608/1506 1227/1607/1505
f 1224/1602/1502 1221/1604/1498 1225/1609/1504 1228/1608/1506
f 1225/1606/1504 1226/1605/1503 1230/1610/1507 1229/1611/1508
f 1226/1605/1503 1227/1607/1505 1231/1612/1509 1230/1610/1507
f 1227/1607/1505 1228/1608/1506 1232/1613/1510 1231/1612/1509
f 1228/1608/1506 1225/1609/1504 1229/1614/1508 1232/1613/1510
f 1229/1611/1508 1230/1610/1507 1234/1615/1511 1233/1616/1512
f 1230/1610/1507 1231/1612/1509 1235/1617/1513 1234/1615/1511
f 1231/1612/1509 1232/1613/1510 1236/1618/1514 1235/1617/1513
f 1232/1613/1510 1229/1614/1508 1233/1619/1512 1236/1618/1514
f 1233/1616/1512 1234/1615/1511 1238/1620/1515 1237/1621/1516
f 1234/1615/1511 1235/1617/1513 1239/1622/1517 1238/1620/1515
f 1235/1617/1513 1236/1618/1514 1240/1623/1518 1239/1622/1517
f 1236/1618/1514 1233/1619/1512 1237/1624/1516 1240/1623/1518
f 1237/1621/1516 1238/1620/1515 1242/1625/1519 1241/1626/1520
f 1238/1620/1515 1239/1622/1517 1243/1627/1521 1242/1625/1519
f 1239/1622/1517 1240/1623/1518 1244/1628/1522 1243/1627/1521
f 1240/1623/1518 1237/1624/1516 1241/1629/1520 1244/1628/1522
f 1241/1626/1520 1242/1625/1519 1246/1630/1523 1245/1631/1524
f 1242/1625/1519 1243/1627/1521 1247/1632/1525 1246/1630/1523
f 1243/1627/1521 1244/1628/1522 1248/1633/1526 1247/1632/1525
f 1244/1628/1522 1241/1629/1520 1245/1634/1524 1248/1633/1526
s off
f 1217/1635/1527 1220/1636/1528 1219/1637/1529 1218/1638/1530
s 7
f 1245/1631/1524 1246/1630/1523 1249/1639/1531
f 1246/1630/1523 1247/1632/1525 1249/1639/1532
f 1247/1632/1525 1248/1633/1526 1249/1639/1533
f 1248/1633/1526 1245/1634/1524 1249/1639/1534
s 8
f 1250/1640/1535 1251/1641/1536 1255/1642/1537 1254/1643/1538
f 1251/1641/1536 1252/1644/1539 1256/1645/1540 1255/1642/1537
f 1252/1644/1539 1253/1646/1541 1257/1647/1542 1256/1645/1540
f 1253/1646/1541 1250/1648/1535 1254/1649/1538 1257/1647/1542
f 1254/1643/1538 1255/1642/1537 1259/1650/1543 1258/1651/1544
f 1255/1642/1537 1256/1645/1540 1260/1652/1545 1259/1650/1543
f 1256/1645/1540 1257/1647/1542 1261/1653/1546 1260/1652/1545
f 1257/1647/1542 1254/1649/1538 1258/1654/1544 1261/1653/1546
f 1258/1651/1544 1259/1650/1543 1263/1655/1547 1262/1656/1548
f 1259/1650/1543 1260/1652/1545 1264/1657/1549 1263/1655/1547
f 1260/1652/1545 1261/1653/1546 1265/1658/1550 1264/1657/1549
f 1261/1653/1546 1258/1654/1544 1262/1659/1548 1265/1658/1550
f 1262/1656/1548 1263/1655/1547 1267/1660/1551 1266/1661/1552
f 1263/1655/1547 1264/1657/1549 1268/1662/1553 1267/1660/1551
f 1264/1657/1549 1265/1658/1550 1269/1663/1554 1268/1662/1553
f 1265/1658/1550 1262/1659/1548 1266/1664/1552 1269/1663/1554
f 1266/1661/1552 1267/1660/1551 1271/1665/1555 1270/1666/1556
f 1267/1660/1551 1268/1662/1553 1272/1667/1557 1271/1665/1555
f 1268/1662/1553 1269/1663/1554 1273/1668/1558 1272/1667/1557
f 1269/1663/1554 1266/1664/1552 1270/1669/1556 1273/1668/1558
f 1270/1666/1556 1271/1665/1555 1275/1670/1559 1274/1671/1560
f 1271/1665/1555 1272/1667/1557 1276/1672/1561 1275/1670/1559
f 1272/1667/1557 1273/1668/1558 1277/1673/1562 1276/1672/1561
f 1273/1668/1558 1270/1669/1556 1274/1674/1560 1277/1673/1562
f 1274/1671/1560 1275/1670/1559 1279/1675/1563 1278/1676/1564
f 1275/1670/1559 1276/1672/1561 1280/1677/1565 1279/1675/1563
f 1276/1672/1561 1277/1673/1562 1281/1678/1566 1280/1677/1565
f 1277/1673/1562 1274/1674/1560 1278/1679/1564 1281/1678/1566
s off
f 1250/1680/1567 1253/1681/1568 1252/1682/1569 1251/1683/1570
s 8
f 1278/1676/1564 1279/1675/1563 1282/1684/1571
f 1279/1675/1563 1280/1677/1565 1282/1684/1572
f 1280/1677/1565 1281/1678/1566 1282/1684/1573
f 1281/1678/1566 1278/1679/1564 1282/1684/1574
s 9
f 1283/1685/1575 1284/1686/1576 1288/1687/1577 1287/1688/1578
f 1284/1686/1576 1285/1689/1579 1289/1690/1580 1288/1687/1577
f 1285/1689/1579 1286/1691/1581 1290/1692/1582 1289/1690/1580
f 1286/1691/1581 1283/1693/1575 1287/1694/1578 1290/1692/1582
f 1287/1688/1578 1288/1687/1577 1292/1695/1583 1291/1696/1584
f 1288/1687/1577 1289/1690/1580 1293/1697/1585 1292/1695/1583
f 1289/1690/1580 1290/1692/1582 1294/1698/1586 1293/1697/1585
f 1290/1692/1582 1287/1694/1578 1291/1699/1584 1294/1698/1586
f 1291/1696/1584 1292/1695/1583 1296/1700/1587 1295/1701/1588
f 1292/1695/1583 1293/1697/1585 1297/1702/1589 1296/1700/1587
f 1293/1697/1585 1294/1698/1586 1298/1703/1590 1297/1702/1589
f 1294/1698/1586 1291/1699/1584 1295/1704/1588 1298/1703/1590
f 1295/1701/1588 1296/1700/1587 1300/1705/1591 1299/1706/1592
f 1296/1700/1587 1297/1702/1589 1301/1707/1593 1300/1705/1591
f 1297/1702/1589 1298/1703/1590 1302/1708/1594 1301/1707/1593
f 1298/1703/1590 1295/1704/1588 1299/1709/1592 1302/1708/1594
f 1299/1706/1592 1300/1705/1591 1304/1710/1595 1303/1711/1596
f 1300/1705/1591 1301/1707/1593 1305/1712/1597 1304/1710/1595
f 1301/1707/1593 1302/1708/1594 1306/1713/1598 1305/1712/1597
f 1302/1708/1594 1299/1709/1592 1303/1714/1596 1306/1713/1598
f 1303/1711/1596 1304/1710/1595 1308/1715/1599 1307/1716/1600
f 1304/1710/1595 1305/1712/1597 1309/1717/1601 1308/1715/1599
f 1305/1712/1597 1306/1713/1598 1310/1718/1602 1309/1717/1601
f 1306/1713/1598 1303/1714/1596 1307/1719/1600 1310/1718/1602
f 1307/1716/1600 1308/1715/1599 1312/1720/1603 1311/1721/1604
f 1308/1715/1599 1309/1717/1601 1313/1722/1605 1312/1720/1603
f 1309/1717/1601 1310/1718/1602 1314/1723/1606 1313/1722/1605
f 1310/1718/1602 1307/1719/1600 1311/1724/1604 1314/1723/1606
s off
f 1283/1725/1607 1286/1726/1608 1285/1727/1609 1284/1728/1610
s 9
f 1311/1721/1604 1312/1720/1603 1315/1729/1611
f 1312/1720/1603 1313/1722/1605 1315/1729/1612
f 1313/1722/1605 1314/1723/1606 1315/1729/1613
f 1314/1723/1606 1311/1724/1604 1315/1729/1614
s 10
f 1316/1730/1615 1317/1731/1616 1321/1732/1617 1320/1733/1618
f 1317/1731/1616 1318/1734/1619 1322/1735/1620 1321/1732/1617
f 1318/1734/1619 1319/1736/1621 1323/1737/1622 1322/1735/1620
f 1319/1736/1621 1316/1738/1615 1320/1739/1618 1323/1737/1622
f 1320/1733/1618 1321/1732/1617 1325/1740/1623 1324/1741/1624
f 1321/1732/1617 1322/1735/1620 1326/1742/1625 1325/1740/1623
f 1322/1735/1620 1323/1737/1622 1327/1743/1626 1326/1742/1625
f 1323/1737/1622 1320/1739/1618 1324/1744/1624 1327/1743/1626
f 1324/1741/1624 1325/1740/1623 1329/1745/1627 1328/1746/1628
f 1325/1740/1623 1326/1742/1625 1330/1747/1629 1329/1745/1627
f 1326/1742/1625 1327/1743/1626 1331/1748/1630 1330/1747/1629
f 1327/1743/1626 1324/1744/1624 1328/1749/1628 1331/1748/1630
f 1328/1746/1628 1329/1745/1627 1333/1750/1631 1332/1751/1632
f 1329/1745/1627 1330/1747/1629 1334/1752/1633 1333/1750/1631
f 1330/1747/1629 1331/1748/1630 1335/1753/1634 1334/1752/1633
f 1331/1748/1630 1328/1749/1628 1332/1754/1632 1335/1753/1634
f 1332/1751/1632 1333/1750/1631 1337/1755/1635 1336/1756/1636
f 1333/1750/1631 1334/1752/1633 1338/1757/1637 1337/1755/1635
f 1334/1752/1633 1335/1753/1634 1339/1758/1638 1338/1757/1637
f 1335/1753/1634 1332/1754/1632 1336/1759/1636 1339/1758/1638
f 1336/1756/1636 1337/1755/1635 1341/1760/1639 1340/1761/1640
f 1337/1755/1635 1338/1757/1637 1342/1762/1641 1341/1760/1639
f 1338/1757/1637 1339/1758/1638 1343/1763/1642 1342/1762/1641
f 1339/1758/1638 1336/1759/1636 1340/1764/1640 1343/1763/1642
f 1340/1761/1640 1341/1760/1639 1345/1765/1643 1344/1766/1644
f 1341/1760/1639 1342/1762/1641 1346/1767/1645 1345/1765/1643
f 1342/1762/1641 1343/1763/1642 1347/1768/1646 1346/1767/1645
f 1343/1763/1642 1340/1764/1640 1344/1769/1644 1347/1768/1646
s off
f 1316/1770/1647 1319/1771/1648 1318/1772/1649 1317/1773/1650
s 10
f 1344/1766/1644 1345/1765/1643 1348/1774/1651
f 1345/1765/1643 1346/1767/1645 1348/1774/1652
f 1346/1767/1645 1347/1768/1646 1348/1774/1653
f 1347/1768/1646 1344/1769/1644 1348/1774/1654
s 11
f 1349/1775/1655 1350/1776/1656 1354/1777/1657 1353/1778/1658
f 1350/1776/1656 1351/1779/1659 1355/1780/1660 1354/1777/1657
f 1351/1779/1659 1352/1781/1661 1356/1782/1662 1355/1780/1660
f 1352/1781/1661 1349/1783/1655 1353/1784/1658 1356/1782/1662
f 1353/1778/1658 1354/1777/1657 1358/1785/1663 1357/1786/1664
f 1354/1777/1657 1355/1780/1660 1359/1787/1665 1358/1785/1663
f 1355/1780/1660 1356/1782/1662 1360/1788/1666 1359/1787/1665
f 1356/1782/1662 1353/1784/1658 1357/1789/1664 1360/1788/1666
f 1357/1786/1664 1358/1785/1663 1362/1790/1667 1361/1791/1668
f 1358/1785/1663 1359/1787/1665 1363/1792/1669 1362/1790/1667
f 1359/1787/1665 1360/1788/1666 1364/1793/1670 1363/1792/1669
f 1360/1788/1666 1357/1789/1664 1361/1794/1668 1364/1793/1670
f 1361/1791/1668 1362/1790/1667 1366/1795/1671 1365/1796/1672
f 1362/1790/1667 1363/1792/1669 1367/1797/1673 1366/1795/1671
f 1363/1792/1669 1364/1793/1670 1368/1798/1674 1367/1797/1673
f 1364/1793/1670 1361/1794/1668 1365/1799/1672 1368/1798/1674
f 1365/1796/1672 1366/1795/1671 1370/1800/1675 1369/1801/1676
f 1366/1795/1671 1367/1797/1673 1371/1802/1677 1370/1800/1675
f 1367/1797/1673 1368/1798/1674 1372/1803/1678 1371/1802/1677
f 1368/1798/1674 1365/1799/1672 1369/1804/1676 1372/1803/1678
f 1369/1801/1676 1370/1800/1675 1374/1805/1679 1373/1806/1680
f 1370/1800/1675 1371/1802/1677 1375/1807/1681 1374/1805/1679
f 1371/1802/1677 1372/1803/1678 1376/1808/1682 1375/1807/1681
f 1372/1803/1678 1369/1804/1676 1373/1809/1680 1376/1808/1682
f 1373/1806/1680 1374/1805/1679 1378/1810/1683 1377/1811/1684
f 1374/1805/1679 1375/1807/1681 1379/1812/1685 1378/1810/1683
f 1375/1807/1681 1376/1808/1682 1380/1813/1686 1379/1812/1685
f 1376/1808/1682 1373/1809/1680 1377/1814/1684 1380/1813/1686
s off
f 1349/1815/1687 1352/1816/1688 1351/1817/1689 1350/1818/1690
s 11
f 1377/1811/1684 1378/1810/1683 1381/1819/1691
f 1378/1810/1683 1379/1812/1685 1381/1819/1692
f 1379/1812/1685 1380/1813/1686 1381/1819/1693
f 1380/1813/1686 1377/1814/1684 1381/1819/1694
s 12
f 1382/1820/1695 1383/1821/1696 1387/1822/1697 1386/1823/1698
f 1383/1821/1696 1384/1824/1699 1388/1825/1700 1387/1822/1697
f 1384/1824/1699 1385/1826/1701 1389/1827/1702 1388/1825/1700
f 1385/1826/1701 1382/1828/1695 1386/1829/1698 1389/1827/1702
f 1386/1823/1698 1387/1822/1697 1391/1830/1703 1390/1831/1704
f 1387/1822/1697 1388/1825/1700 1392/1832/1705 1391/1830/1703
f 1388/1825/1700 1389/1827/1702 1393/1833/1706 1392/1832/1705
f 1389/1827/1702 1386/1829/1698 1390/1834/1704 1393/1833/1706
f 1390/1831/1704 1391/1830/1703 1395/1835/1707 1394/1836/1708
f 1391/1830/1703 1392/1832/1705 1396/1837/1709 1395/1835/1707
f 1392/1832/1705 1393/1833/1706 1397/1838/1710 1396/1837/1709
f 1393/1833/1706 1390/1834/1704 1394/1839/1708 1397/1838/1710
f 1394/1836/1708 1395/1835/1707 1399/1840/1711 1398/1841/1712
f 1395/1835/1707 1396/1837/1709 1400/1842/1713 1399/1840/1711
f 1396/1837/1709 1397/1838/1710 1401/1843/1714 1400/1842/1713
f 1397/1838/1710 1394/1839/1708 1398/1844/1712 1401/1843/1714
f 1398/1841/1712 1399/1840/1711 1403/1845/1715 1402/1846/1716
f 1399/1840/1711 1400/1842/1713 1404/1847/1717 1403/1845/1715
f 1400/1842/1713 1401/1843/1714 1405/1848/1718 1404/1847/1717
f 1401/1843/1714 1398/1844/1712 1402/1849/1716 1405/1848/1718
f 1402/1846/1716 1403/1845/1715 1407/1850/1719 1406/1851/1720
f 1403/1845/1715 1404/1847/1717 1408/1852/1721 1407/1850/1719
f 1404/1847/1717 1405/1848/1718 1409/1853/1722 1408/1852/1721
f 1405/1848/1718 1402/1849/1716 1406/1854/1720 1409/1853/1722
f 1406/1851/1720 1407/1850/1719 1411/1855/1723 1410/1856/1724
f 1407/1850/1719 1408/1852/1721 1412/1857/1725 1411/1855/1723
f 1408/1852/1721 1409/1853/1722 1413/1858/1726 1412/1857/1725
f 1409/1853/1722 1406/1854/1720 1410/1859/1724 1413/1858/1726
s off
f 1382/1860/1727 1385/1861/1728 1384/1862/1729 1383/1863/1730
s 12
f 1410/1856/1724 1411/1855/1723 1414/1864/1731
f 1411/1855/1723 1412/1857/1725 1414/1864/1732
f 1412/1857/1725 1413/1858/1726 1414/1864/1733
f 1413/1858/1726 1410/1859/1724 1414/1864/1734
s 13
f 1415/1865/1735 1416/1866/1736 1436/1867/1737 1435/1868/1738
f 1416/1866/1736 1417/1869/1739 1437/1870/1740 1436/1867/1737
f 1417/1869/1739 1418/1871/1741 1438/1872/1742 1437/1870/1740
f 1418/1871/1741 1419/1873/1743 1439/1874/1744 1438/1872/1742
f 1419/1873/1743 1420/1875/1745 1440/1876/1746 1439/1874/1744
f 1420/1875/1745 1421/1877/1747 1441/1878/1748 1440/1876/1746
f 1421/1877/1747 1422/1879/1749 1442/1880/1750 1441/1878/1748
f 1422/1879/1749 1423/1881/1751 1443/1882/1752 1442/1880/1750
f 1423/1881/1751 1424/1883/1753 1444/1884/1754 1443/1882/1752
f 1424/1883/1753 1425/1885/1755 1445/1886/1756 1444/1884/1754
f 1425/1885/1755 1426/1887/1757 1446/1888/1758 1445/1886/1756
f 1426/1887/1757 1427/1889/1759 1447/1890/1760 1446/1888/1758
f 1427/1889/1759 1428/1891/1761 1448/1892/1762 1447/1890/1760
f 1428/1891/1761 1429/1893/1763 1449/1894/1764 1448/1892/1762
f 1429/1893/1763 1430/1895/1765 1450/1896/1766 1449/1894/1764
f 1430/1895/1765 1431/1897/1767 1451/1898/1768 1450/1896/1766
f 1431/1897/1767 1432/1899/1769 1452/1900/1770 1451/1898/1768
f 1432/1899/1769 1433/1901/1771 1453/1902/1772 1452/1900/1770
f 1433/1901/1771 1434/1903/1773 1454/1904/1774 1453/1902/1772
f 1434/1903/1773 1415/1905/1735 1435/1906/1738 1454/1904/1774
f 1435/1868/1738 1436/1867/1737 1456/1907/1775 1455/1908/1776
f 1436/1867/1737 1437/1870/1740 1457/1909/1777 1456/1907/1775
f 1437/1870/1740 1438/1872/1742 1458/1910/1778 1457/1909/1777
f 1438/1872/1742 1439/1874/1744 1459/1911/1779 1458/1910/1778
f 1439/1874/1744 1440/1876/1746 1460/1912/1780 1459/1911/1779
f 1440/1876/1746 1441/1878/1748 1461/1913/1781 1460/1912/1780
f 1441/1878/1748 1442/1880/1750 1462/1914/1782 1461/1913/1781
f 1442/1880/1750 1443/1882/1752 1463/1915/1783 1462/1914/1782
f 1443/1882/1752 1444/1884/1754 1464/1916/1784 1463/1915/1783
f 1444/1884/1754 1445/1886/1756 1465/1917/1785 1464/1916/1784
f 1445/1886/1756 1446/1888/1758 1466/1918/1786 1465/1917/1785
f 1446/1888/1758 1447/1890/1760 1467/1919/1787 1466/1918/1786
f 1447/1890/1760 1448/1892/1762 1468/1920/1788 1467/1919/1787
f 1448/1892/1762 1449/1894/1764 1469/1921/1789 1468/1920/1788
f 1449/1894/1764 1450/1896/1766 1470/1922/1790 1469/1921/1789
f 1450/1896/1766 1451/1898/1768 1471/1923/1791 1470/1922/1790
f 1451/1898/1768 1452/1900/1770 1472/1924/1792 1471/1923/1791
f 1452/1900/1770 1453/1902/1772 1473/1925/1793 1472/1924/1792
f 1453/1902/1772 1454/1904/1774 1474/1926/1794 1473/1925/1793
f 1454/1904/1774 1435/1906/1738 1455/1927/1776 1474/1926/1794
f 1455/1908/1776 1456/1907/1775 1476/1928/1795 1475/1929/1796
f 1456/1907/1775 1457/1909/1777 1477/1930/1797 1476/1928/1795
f 1457/1909/1777 1458/1910/1778 1478/1931/1798 1477/1930/1797
f 1458/1910/1778 1459/1911/1779 1479/1932/1799 1478/1931/1798
f 1459/1911/1779 1460/1912/1780 1480/1933/1800 1479/1932/1799
f 1460/1912/1780 1461/1913/1781 1481/1934/1801 1480/1933/1800
f 1461/1913/1781 1462/1914/1782 1482/1935/1802 1481/1934/1801
f 1462/1914/1782 1463/1915/1783 1483/1936/1803 1482/1935/1802
f 1463/1915/1783 1464/1916/1784 1484/1937/1804 1483/1936/1803
f 1464/1916/1784 1465/1917/1785 1485/1938/1805 1484/1937/1804
f 1465/1917/1785 1466/1918/1786 1486/1939/1806 1485/1938/1805
f 1466/1918/1786 1467/1919/1787 1487/1940/1807 1486/1939/1806
f 1467/1919/1787 1468/1920/1788 1488/1941/1808 1487/1940/1807
f 1468/1920/1788 1469/1921/1789 1489/1942/1809 1488/1941/1808
f 1469/1921/1789 1470/1922/1790 1490/1943/1810 1489/1942/1809
f 1470/1922/1790 1471/1923/1791 1491/1944/1811 1490/1943/1810
f 1471/1923/1791 1472/1924/1792 1492/1945/1812 1491/1944/1811
f 1472/1924/1792 1473/1925/1793 1493/1946/1813 1492/1945/1812
f 1473/1925/1793 1474/1926/1794 1494/1947/1814 1493/1946/1813
f 1474/1926/1794 1455/1927/1776 1475/1948/1796 1494/1947/1814
f 1475/1929/1796 1476/1928/1795 1496/1949/1815 1495/1950/1816
f 1476/1928/1795 1477/1930/1797 1497/1951/1817 1496/1949/1815
f 1477/1930/1797 1478/1931/1798 1498/1952/1818 1497/1951/1817
f 1478/1931/1798 1479/1932/1799 1499/1953/1819 1498/1952/1818
f 1479/1932/1799 1480/1933/1800 1500/1954/1820 1499/1953/1819
f 1480/1933/1800 1481/1934/1801 1501/1955/1821 1500/1954/1820
f 1481/1934/1801 1482/1935/1802 1502/1956/1822 1501/1955/1821
f 1482/1935/1802 1483/1936/1803 1503/1957/1823 1502/1956/1822
f 1483/1936/1803 1484/1937/1804 1504/1958/1824 1503/1957/1823
f 1484/1937/1804 1485/1938/1805 1505/1959/1825 1504/1958/1824
f 1485/1938/1805 1486/1939/1806 1506/1960/1826 1505/1959/1825
f 1486/1939/1806 1487/1940/1807 1507/1961/1827 1506/1960/1826
f 1487/1940/1807 1488/1941/1808 1508/1962/1828 1507/1961/1827
f 1488/1941/1808 1489/1942/1809 1509/1963/1829 1508/1962/1828
f 1489/1942/1809 1490/1943/1810 1510/1964/1830 1509/1963/1829
f 1490/1943/1810 1491/1944/1811 1511/1965/1831 1510/1964/1830
f 1491/1944/1811 1492/1945/1812 1512/1966/1832 1511/1965/1831
f 1492/1945/1812 1493/1946/1813 1513/1967/1833 1512/1966/1832
f 1493/1946/1813 1494/1947/1814 1514/1968/1834 1513/1967/1833
f 1494/1947/1814 1475/1948/1796 1495/1969/1816 1514/1968/1834
s off
f 1415/1970/1835 1434/1971/1836 1433/1972/1837 1432/1973/1838 1431/1974/1839 1430/1975/1840 1429/1976/1841 1428/1977/1842 1427/1978/1843 1426/1979/1844 1425/1980/1845 1424/1981/1846 1423/1982/1847 1422/1983/1848 1421/1984/1849 1420/1985/1850 1419/1986/1851 1418/1987/1852 1417/1988/1853 1416/1989/1854
s 13
f 1495/1950/1816 1496/1949/1815 1515/1990/1855
f 1496/1949/1815 1497/1951/1817 1515/1990/1855
f 1497/1951/1817 1498/1952/1818 1515/1990/1855
f 1498/1952/1818 1499/1953/1819 1515/1990/1855
f 1499/1953/1819 1500/1954/1820 1515/1990/1855
f 1500/1954/1820 1501/1955/1821 1515/1990/1855
f 1501/1955/1821 1502/1956/1822 1515/1990/1855
f 1502/1956/1822 1503/1957/1823 1515/1990/1855
f 1503/1957/1823 1504/1958/1824 1515/1990/1855
f 1504/1958/1824 1505/1959/1825 1515/1990/1855
f 1505/1959/1825 1506/1960/1826 1515/1990/1855
f 1506/1960/1826 1507/1961/1827 1515/1990/1855
f 1507/1961/1827 1508/1962/1828 1515/1990/1855
f 1508/1962/1828 1509/1963/1829 1515/1990/1855
f 1509/1963/1829 1510/1964/1830 1515/1990/1855
f 1510/1964/1830 1511/1965/1831 1515/1990/1855
f 1511/1965/1831 1512/1966/1832 1515/1990/1855
f 1512/1966/1832 1513/1967/1833 1515/1990/1855
f 1513/1967/1833 1514/1968/1834 1515/1990/1855
f 1514/1968/1834 1495/1969/1816 1515/1990/1855
s 14
f 1516/1991/1856 1517/1992/1857 1537/1993/1858 1536/1994/1859
f 1517/1992/1857 1518/1995/1860 1538/1996/1861 1537/1993/1858
f 1518/1995/1860 1519/1997/1862 1539/1998/1863 1538/1996/1861
f 1519/1997/1862 1520/1999/1864 1540/2000/1865 1539/1998/1863
f 1520/1999/1864 1521/2001/1866 1541/2002/1867 1540/2000/1865
f 1521/2001/1866 1522/2003/1868 1542/2004/1869 1541/2002/1867
f 1522/2003/1868 1523/2005/1870 1543/2006/1871 1542/2004/1869
f 1523/2005/1870 1524/2007/1872 1544/2008/1873 1543/2006/1871
f 1524/2007/1872 1525/2009/1874 1545/2010/1875 1544/2008/1873
f 1525/2009/1874 1526/2011/1876 1546/2012/1877 1545/2010/1875
f 1526/2011/1876 1527/2013/1878 1547/2014/1879 1546/2012/1877
f 1527/2013/1878 1528/2015/1880 1548/2016/1881 1547/2014/1879
f 1528/2015/1880 1529/2017/1882 1549/2018/1883 1548/2016/1881
f 1529/2017/1882 1530/2019/1884 1550/2020/1885 1549/2018/1883
f 1530/2019/1884 1531/2021/1886 1551/2022/1887 1550/2020/1885
f 1531/2021/1886 1532/2023/1888 1552/2024/1889 1551/2022/1887
f 1532/2023/1888 1533/2025/1890 1553/2026/1891 1552/2024/1889
f 1533/2025/1890 1534/2027/1892 1554/2028/1893 1553/2026/1891
f 1534/2027/1892 1535/2029/1894 1555/2030/1895 1554/2028/1893
f 1535/2029/1894 1516/2031/1856 1536/2032/1859 1555/2030/1895
f 1536/1994/1859 1537/1993/1858 1557/2033/1896 1556/2034/1897
f 1537/1993/1858 1538/1996/1861 1558/2035/1898 1557/2033/1896
f 1538/1996/1861 1539/1998/1863 1559/2036/1899 1558/2035/1898
f 1539/1998/1863 1540/2000/1865 1560/2037/1900 1559/2036/1899
f 1540/2000/1865 1541/2002/1867 1561/2038/1901 1560/2037/1900
f 1541/2002/1867 1542/2004/1869 1562/2039/1902 1561/2038/1901
f 1542/2004/1869 1543/2006/1871 1563/2040/1903 1562/2039/1902
f 1543/2006/1871 1544/2008/1873 1564/2041/1904 1563/2040/1903
f 1544/2008/1873 1545/2010/1875 1565/2042/1905 1564/2041/1904
f 1545/2010/1875 1546/2012/1877 1566/2043/1906 1565/2042/1905
f 1546/2012/1877 1547/2014/1879 1567/2044/1907 1566/2043/1906
f 1547/2014/1879 1548/2016/1881 1568/2045/1908 1567/2044/1907
f 1548/2016/1881 1549/2018/1883 1569/2046/1909 1568/2045/1908
f 1549/2018/1883 1550/2020/1885 1570/2047/1910 1569/2046/1909
f 1550/2020/1885 1551/2022/1887 1571/2048/1911 1570/2047/1910
f 1551/2022/1887 1552/2024/1889 1572/2049/1912 1571/2048/1911
f 1552/2024/1889 1553/2026/1891 1573/2050/1913 1572/2049/1912
f 1553/2026/1891 1554/2028/1893 1574/2051/1914 1573/2050/1913
f 1554/2028/1893 1555/2030/1895 1575/2052/1915 1574/2051/1914
f 1555/2030/1895 1536/2032/1859 1556/2053/1897 1575/2052/1915
f 1556/2034/1897 1557/2033/1896 1577/2054/1916 1576/2055/1917
f 1557/2033/1896 1558/2035/1898 1578/2056/1918 1577/2054/1916
f 1558/2035/1898 1559/2036/1899 1579/2057/1919 1578/2056/1918
f 1559/2036/1899 1560/2037/1900 1580/2058/1920 1579/2057/1919
f 1560/2037/1900 1561/2038/1901 1581/2059/1921 1580/2058/1920
f 1561/2038/1901 1562/2039/1902 1582/2060/1922 1581/2059/1921
f 1562/2039/1902 1563/2040/1903 1583/2061/1923 1582/2060/1922
f 1563/2040/1903 1564/2041/1904 1584/2062/1924 1583/2061/1923
f 1564/2041/1904 1565/2042/1905 1585/2063/1925 1584/2062/1924
f 1565/2042/1905 1566/2043/1906 1586/2064/1926 1585/2063/1925
f 1566/2043/1906 1567/2044/1907 1587/2065/1927 1586/2064/1926
f 1567/2044/1907 1568/2045/1908 1588/2066/1928 1587/2065/1927
f 1568/2045/1908 1569/2046/1909 1589/2067/1929 1588/2066/1928
f 1569/2046/1909 1570/2047/1910 1590/2068/1930 1589/2067/1929
f 1570/2047/1910 1571/2048/1911 1591/2069/1931 1590/2068/1930
f 1571/2048/1911 1572/2049/1912 1592/2070/1932 1591/2069/1931
f 1572/2049/1912 1573/2050/1913 1593/2071/1933 1592/2070/1932
f 1573/2050/1913 1574/2051/1914 1594/2072/1934 1593/2071/1933
f 1574/2051/1914 1575/2052/1915 1595/2073/1935 1594/2072/1934
f 1575/2052/1915 1556/2053/1897 1576/2074/1917 1595/2073/1935
f 1576/2055/1917 1577/2054/1916 1597/2075/1936 1596/2076/1937
f 1577/2054/1916 1578/2056/1918 1598/2077/1938 1597/2075/1936
f 1578/2056/1918 1579/2057/1919 1599/2078/1939 1598/2077/1938
f 1579/2057/1919 1580/2058/1920 1600/2079/1940 1599/2078/1939
f 1580/2058/1920 1581/2059/1921 1601/2080/1941 1600/2079/1940
f 1581/2059/1921 1582/2060/1922 1602/2081/1942 1601/2080/1941
f 1582/2060/1922 1583/2061/1923 1603/2082/1943 1602/2081/1942
f 1583/2061/1923 1584/2062/1924 1604/2083/1944 1603/2082/1943
f 1584/2062/1924 1585/2063/1925 1605/2084/1945 1604/2083/1944
f 1585/2063/1925 1586/2064/1926 1606/2085/1946 1605/2084/1945
f 1586/2064/1926 1587/2065/1927 1607/2086/1947 1606/2085/1946
f 1587/2065/1927 1588/2066/1928 1608/2087/1948 1607/2086/1947
f 1588/2066/1928 1589/2067/1929 1609/2088/1949 1608/2087/1948
f 1589/2067/1929 1590/2068/1930 1610/2089/1950 1609/2088/1949
f 1590/2068/1930 1591/2069/1931 1611/2090/1951 1610/2089/1950
f 1591/2069/1931 1592/2070/1932 1612/2091/1952 1611/2090/1951
f 1592/2070/1932 1593/2071/1933 1613/2092/1953 1612/2091/1952
f 1593/2071/1933 1594/2072/1934 1614/2093/1954 1613/2092/1953
f 1594/2072/1934 1595/2073/1935 1615/2094/1955 1614/2093/1954
f 1595/2073/1935 1576/2074/1917 1596/2095/1937 1615/2094/1955
s off
f 1516/2096/1956 1535/2097/1957 1534/2098/1958 1533/2099/1959 1532/2100/1960 1531/2101/1961 1530/2102/1962 1529/2103/1963 1528/2104/1964 1527/2105/1965 1526/2106/1966 1525/2107/1967 1524/2108/1968 1523/2109/1969 1522/2110/1970 1521/2111/1971 1520/2112/1972 1519/2113/1973 1518/2114/1974 1517/2115/1975
s 14
f 1596/2076/1937 1597/2075/1936 1616/2116/1976
f 1597/2075/1936 1598/2077/1938 1616/2116/1976
f 1598/2077/1938 1599/2078/1939 1616/2116/1976
f 1599/2078/1939 1600/2079/1940 1616/2116/1976
f 1600/2079/1940 1601/2080/1941 1616/2116/1976
f 1601/2080/1941 1602/2081/1942 1616/2116/1976
f 1602/2081/1942 1603/2082/1943 1616/2116/1976
f 1603/2082/1943 1604/2083/1944 1616/2116/1976
f 1604/2083/1944 1605/2084/1945 1616/2116/1976
f 1605/2084/1945 1606/2085/1946 1616/2116/1976
f 1606/2085/1946 1607/2086/1947 1616/2116/1976
f 1607/2086/1947 1608/2087/1948 1616/2116/1976
f 1608/2087/1948 1609/2088/1949 1616/2116/1976
f 1609/2088/1949 1610/2089/1950 1616/2116/1976
f 1610/2089/1950 1611/2090/1951 1616/2116/1976
f 1611/2090/1951 1612/2091/1952 1616/2116/1976
f 1612/2091/1952 1613/2092/1953 1616/2116/1976
f 1613/2092/1953 1614/2093/1954 1616/2116/1976
f 1614/2093/1954 1615/2094/1955 1616/2116/1976
f 1615/2094/1955 1596/2095/1937 1616/2116/1976
s 15
f 1617/2117/1977 1618/2118/1978 1638/2119/1979 1637/2120/1980
f 1618/2118/1978 1619/2121/1981 1639/2122/1982 1638/2119/1979
f 1619/2121/1981 1620/2123/1983 1640/2124/1984 1639/2122/1982
f 1620/2123/1983 1621/2125/1985 1641/2126/1986 1640/2124/1984
f 1621/2125/1985 1622/2127/1987 1642/2128/1988 1641/2126/1986
f 1622/2127/1987 1623/2129/1989 1643/2130/1990 1642/2128/1988
f 1623/2129/1989 1624/2131/1991 1644/2132/1992 1643/2130/1990
f 1624/2131/1991 1625/2133/1993 1645/2134/1994 1644/2132/1992
f 1625/2133/1993 1626/2135/1995 1646/2136/1996 1645/2134/1994
f 1626/2135/1995 1627/2137/1997 1647/2138/1998 1646/2136/1996
f 1627/2137/1997 1628/2139/1999 1648/2140/2000 1647/2138/1998
f 1628/2139/1999 1629/2141/2001 1649/2142/2002 1648/2140/2000
f 1629/2141/2001 1630/2143/2003 1650/2144/2004 1649/2142/2002
f 1630/2143/2003 1631/2145/2005 1651/2146/2006 1650/2144/2004
f 1631/2145/2005 1632/2147/2007 1652/2148/2008 1651/2146/2006
f 1632/2147/2007 1633/2149/2009 1653/2150/2010 1652/2148/2008
f 1633/2149/2009 1634/2151/2011 1654/2152/2012 1653/2150/2010
f 1634/2151/2011 1635/2153/2013 1655/2154/2014 1654/2152/2012
f 1635/2153/2013 1636/2155/2015 1656/2156/2016 1655/2154/2014
f 1636/2155/2015 1617/2157/1977 1637/2158/1980 1656/2156/2016
f 1637/2120/1980 1638/2119/1979 1658/2159/2017 1657/2160/2018
f 1638/2119/1979 1639/2122/1982 1659/2161/2019 1658/2159/2017
f 1639/2122/1982 1640/2124/1984 1660/2162/2020 1659/2161/2019
f 1640/2124/1984 1641/2126/1986 1661/2163/2021 1660/2162/2020
f 1641/2126/1986 1642/2128/1988 1662/2164/2022 1661/2163/2021
f 1642/2128/1988 1643/2130/1990 1663/2165/2023 1662/2164/2022
f 1643/2130/1990 1644/2132/1992 1664/2166/2024 1663/2165/2023
f 1644/2132/1992 1645/2134/1994 1665/2167/2025 1664/2166/2024
f 1645/2134/1994 1646/2136/1996 1666/2168/2026 1665/2167/2025
f 1646/2136/1996 1647/2138/1998 1667/2169/2027 1666/2168/2026
f 1647/2138/1998 1648/2140/2000 1668/2170/2028 1667/2169/2027
f 1648/2140/2000 1649/2142/2002 1669/2171/2029 1668/2170/2028
f 1649/2142/2002 1650/2144/2004 1670/2172/2030 1669/2171/2029
f 1650/2144/2004 1651/2146/2006 1671/2173/2031 1670/2172/2030
f 1651/2146/2006 1652/2148/2008 1672/2174/2032 1671/2173/2031
f 1652/2148/2008 1653/2150/2010 1673/2175/2033 1672/2174/2032
f 1653/2150/2010 1654/2152/2012 1674/2176/2034 1673/2175/2033
f 1654/2152/2012 1655/2154/2014 1675/2177/2035 1674/2176/2034
f 1655/2154/2014 1656/2156/2016 1676/2178/2036 1675/2177/2035
f 1656/2156/2016 1637/2158/1980 1657/2179/2018 1676/2178/2036
f 1657/2160/2018 1658/2159/2017 1678/2180/2037 1677/2181/2038
f 1658/2159/2017 1659/2161/2019 1679/2182/2039 1678/2180/2037
f 1659/2161/2019 1660/2162/2020 1680/2183/2040 1679/2182/2039
f 1660/2162/2020 1661/2163/2021 1681/2184/2041 1680/2183/2040
f 1661/2163/2021 1662/2164/2022 1682/2185/2042 1681/2184/2041
f 1662/2164/2022 1663/2165/2023 1683/2186/2043 1682/2185/2042
f 1663/2165/2023 1664/2166/2024 1684/2187/2044 1683/2186/2043
f 1664/2166/2024 1665/2167/2025 1685/2188/2045 1684/2187/2044
f 1665/2167/2025 1666/2168/2026 1686/2189/2046 1685/2188/2045
f 1666/2168/2026 1667/2169/2027 1687/2190/2047 1686/2189/2046
f 1667/2169/2027 1668/2170/2028 1688/2191/2048 1687/2190/2047
f 1668/2170/2028 1669/2171/2029 1689/2192/2049 1688/2191/2048
f 1669/2171/2029 1670/2172/2030 1690/2193/2050 1689/2192/2049
f 1670/2172/2030 1671/2173/2031 1691/2194/2051 1690/2193/2050
f 1671/2173/2031 1672/2174/2032 1692/2195/2052 1691/2194/2051
f 1672/2174/2032 1673/2175/2033 1693/2196/2053 1692/2195/2052
f 1673/2175/2033 1674/2176/2034 1694/2197/2054 1693/2196/2053
f 1674/2176/2034 1675/2177/2035 1695/2198/2055 1694/2197/2054
f 1675/2177/2035 1676/2178/2036 1696/2199/2056 1695/2198/2055
f 1676/2178/2036 1657/2179/2018 1677/2200/2038 1696/2199/2056
f 1677/2181/2038 1678/2180/2037 1698/2201/2057 1697/2202/2058
f 1678/2180/2037 1679/2182/2039 1699/2203/2059 1698/2201/2057
f 1679/2182/2039 1680/2183/2040 1700/2204/2060 1699/2203/2059
f 1680/2183/2040 1681/2184/2041 1701/2205/2061 1700/2204/2060
f 1681/2184/2041 1682/2185/2042 1702/2206/2062 1701/2205/2061
f 1682/2185/2042 1683/2186/2043 1703/2207/2063 1702/2206/2062
f 1683/2186/2043 1684/2187/2044 1704/2208/2064 1703/2207/2063
f 1684/2187/2044 1685/2188/2045 1705/2209/2065 1704/2208/2064
f 1685/2188/2045 1686/2189/2046 1706/2210/2066 1705/2209/2065
f 1686/2189/2046 1687/2190/2047 1707/2211/2067 1706/2210/2066
f 1687/2190/2047 1688/2191/2048 1708/2212/2068 1707/2211/2067
f 1688/2191/2048 1689/2192/2049 1709/2213/2069 1708/2212/2068
f 1689/2192/2049 1690/2193/2050 1710/2214/2070 1709/2213/2069
f 1690/2193/2050 1691/2194/2051 1711/2215/2071 1710/2214/2070
f 1691/2194/2051 1692/2195/2052 1712/2216/2072 1711/2215/2071
f 1692/2195/2052 1693/2196/2053 1713/2217/2073 1712/2216/2072
f 1693/2196/2053 1694/2197/2054 1714/2218/2074 1713/2217/2073
f 1694/2197/2054 1695/2198/2055 1715/2219/2075 1714/2218/2074
f 1695/2198/2055 1696/2199/2056 1716/2220/2076 1715/2219/2075
f 1696/2199/2056 1677/2200/2038 1697/2221/2058 1716/2220/2076
s off
f 1617/2222/2077 1636/2223/2078 1635/2224/2079 1634/2225/2080 1633/2226/2081 1632/2227/2082 1631/2228/2083 1630/2229/2084 1629/2230/2085 1628/2231/2086 1627/2232/2087 1626/2233/2088 1625/2234/2089 1624/2235/2090 1623/2236/2091 1622/2237/2092 1621/2238/2093 1620/2239/2094 1619/2240/2095 1618/2241/2096
s 15
f 1697/2202/2058 1698/2201/2057 1717/2242/2097
f 1698/2201/2057 1699/2203/2059 1717/2242/2097
f 1699/2203/2059 1700/2204/2060 1717/2242/2097
f 1700/2204/2060 1701/2205/2061 1717/2242/2097
f 1701/2205/2061 1702/2206/2062 1717/2242/2097
f 1702/2206/2062 1703/2207/2063 1717/2242/2097
f 1703/2207/2063 1704/2208/2064 1717/2242/2097
f 1704/2208/2064 1705/2209/2065 1717/2242/2097
f 1705/2209/2065 1706/2210/2066 1717/2242/2097
f 1706/2210/2066 1707/2211/2067 1717/2242/2097
f 1707/2211/2067 1708/2212/2068 1717/2242/2097
f 1708/2212/2068 1709/2213/2069 1717/2242/2097
f 1709/2213/2069 1710/2214/2070 1717/2242/2097
f 1710/2214/2070 1711/2215/2071 1717/2242/2097
f 1711/2215/2071 1712/2216/2072 1717/2242/2097
f 1712/2216/2072 1713/2217/2073 1717/2242/2097
f 1713/2217/2073 1714/2218/2074 1717/2242/2097
f 1714/2218/2074 1715/2219/2075 1717/2242/2097
f 1715/2219/2075 1716/2220/2076 1717/2242/2097
f 1716/2220/2076 1697/2221/2058 1717/2242/2097
s 16
f 1718/2243/2098 1719/2244/2099 1739/2245/2100 1738/2246/2101
f 1719/2244/2099 1720/2247/2102 1740/2248/2103 1739/2245/2100
f 1720/2247/2102 1721/2249/2104 1741/2250/2105 1740/2248/2103
f 1721/2249/2104 1722/2251/2106 1742/2252/2107 1741/2250/2105
f 1722/2251/2106 1723/2253/2108 1743/2254/2109 1742/2252/2107
f 1723/2253/2108 1724/2255/2110 1744/2256/2111 1743/2254/2109
f 1724/2255/2110 1725/2257/2112 1745/2258/2113 1744/2256/2111
f 1725/2257/2112 1726/2259/2114 1746/2260/2115 1745/2258/2113
f 1726/2259/2114 1727/2261/2116 1747/2262/2117 1746/2260/2115
f 1727/2261/2116 1728/2263/2118 1748/2264/2119 1747/2262/2117
f 1728/2263/2118 1729/2265/2120 1749/2266/2121 1748/2264/2119
f 1729/2265/2120 1730/2267/2122 1750/2268/2123 1749/2266/2121
f 1730/2267/2122 1731/2269/2124 1751/2270/2125 1750/2268/2123
f 1731/2269/2124 1732/2271/2126 1752/2272/2127 1751/2270/2125
f 1732/2271/2126 1733/2273/2128 1753/2274/2129 1752/2272/2127
f 1733/2273/2128 1734/2275/2130 1754/2276/2131 1753/2274/2129
f 1734/2275/2130 1735/2277/2132 1755/2278/2133 1754/2276/2131
f 1735/2277/2132 1736/2279/2134 1756/2280/2135 1755/2278/2133
f 1736/2279/2134 1737/2281/2136 1757/2282/2137 1756/2280/2135
f 1737/2281/2136 1718/2283/2098 1738/2284/2101 1757/2282/2137
f 1738/2246/2101 1739/2245/2100 1759/2285/2138 1758/2286/2139
f 1739/2245/2100 1740/2248/2103 1760/2287/2140 1759/2285/2138
f 1740/2248/2103 1741/2250/2105 1761/2288/2141 1760/2287/2140
f 1741/2250/2105 1742/2252/2107 1762/2289/2142 1761/2288/2141
f 1742/2252/2107 1743/2254/2109 1763/2290/2143 1762/2289/2142
f 1743/2254/2109 1744/2256/2111 1764/2291/2144 1763/2290/2143
f 1744/2256/2111 1745/2258/2113 1765/2292/2145 1764/2291/2144
f 1745/2258/2113 1746/2260/2115 1766/2293/2146 1765/2292/2145
f 1746/2260/2115 1747/2262/2117 1767/2294/2147 1766/2293/2146
f 1747/2262/2117 1748/2264/2119 1768/2295/2148 1767/2294/2147
f 1748/2264/2119 1749/2266/2121 1769/2296/2149 1768/2295/2148
f 1749/2266/2121 1750/2268/2123 1770/2297/2150 1769/2296/2149
f 1750/2268/2123 1751/2270/2125 1771/2298/2151 1770/2297/2150
f 1751/2270/2125 1752/2272/2127 1772/2299/2152 1771/2298/2151
f 1752/2272/2127 1753/2274/2129 1773/2300/2153 1772/2299/2152
f 1753/2274/2129 1754/2276/2131 1774/2301/2154 1773/2300/2153
f 1754/2276/2131 1755/2278/2133 1775/2302/2155 1774/2301/2154
f 1755/2278/2133 1756/2280/2135 1776/2303/2156 1775/2302/2155
f 1756/2280/2135 1757/2282/2137 1777/2304/2157 1776/2303/2156
f 1757/2282/2137 1738/2284/2101 1758/2305/2139 1777/2304/2157
f 1758/2286/2139 1759/2285/2138 1779/2306/2158 1778/2307/2159
f 1759/2285/2138 1760/2287/2140 1780/2308/2160 1779/2306/2158
f 1760/2287/2140 1761/2288/2141 1781/2309/2161 1780/2308/2160
f 1761/2288/2141 1762/2289/2142 1782/2310/2162 1781/2309/2161
f 1762/2289/2142 1763/2290/2143 1783/2311/2163 1782/2310/2162
f 1763/2290/2143 1764/2291/2144 1784/2312/2164 1783/2311/2163
f 1764/2291/2144 1765/2292/2145 1785/2313/2165 1784/2312/2164
f 1765/2292/2145 1766/2293/2146 1786/2314/2166 1785/2313/2165
f 1766/2293/2146 1767/2294/2147 1787/2315/2167 1786/2314/2166
f 1767/2294/2147 1768/2295/2148 1788/2316/2168 1787/2315/2167
f 1768/2295/2148 1769/2296/2149 1789/2317/2169 1788/2316/2168
f 1769/2296/2149 1770/2297/2150 1790/2318/2170 1789/2317/2169
f 1770/2297/2150 1771/2298/2151 1791/2319/2171 1790/2318/2170
f 1771/2298/2151 1772/2299/2152 1792/2320/2172 1791/2319/2171
f 1772/2299/2152 1773/2300/2153 1793/2321/2173 1792/2320/2172
f 1773/2300/2153 1774/2301/2154 1794/2322/2174 1793/2321/2173
f 1774/2301/2154 1775/2302/2155 1795/2323/2175 1794/2322/2174
f 1775/2302/2155 1776/2303/2156 1796/2324/2176 1795/2323/2175
f 1776/2303/2156 1777/2304/2157 1797/2325/2177 1796/2324/2176
f 1777/2304/2157 1758/2305/2139 1778/2326/2159 1797/2325/2177
f 1778/2307/2159 1779/2306/2158 1799/2327/2178 1798/2328/2179
f 1779/2306/2158 1780/2308/2160 1800/2329/2180 1799/2327/2178
f 1780/2308/2160 1781/2309/2161 1801/2330/2181 1800/2329/2180
f 1781/2309/2161 1782/2310/2162 1802/2331/2182 1801/2330/2181
f 1782/2310/2162 1783/2311/2163 1803/2332/2183 1802/2331/2182
f 1783/2311/2163 1784/2312/2164 1804/2333/2184 1803/2332/2183
f 1784/2312/2164 1785/2313/2165 1805/2334/2185 1804/2333/2184
f 1785/2313/2165 1786/2314/2166 1806/2335/2186 1805/2334/2185
f 1786/2314/2166 1787/2315/2167 1807/2336/2187 1806/2335/2186
f 1787/2315/2167 1788/2316/2168 1808/2337/2188 1807/2336/2187
f 1788/2316/2168 1789/2317/2169 1809/2338/2189 1808/2337/2188
f 1789/2317/2169 1790/2318/2170 1810/2339/2190 1809/2338/2189
f 1790/2318/2170 1791/2319/2171 1811/2340/2191 1810/2339/2190
f 1791/2319/2171 1792/2320/2172 1812/2341/2192 1811/2340/2191
f 1792/2320/2172 1793/2321/2173 1813/2342/2193 1812/2341/2192
f 1793/2321/2173 1794/2322/2174 1814/2343/2194 1813/2342/2193
f 1794/2322/2174 1795/2323/2175 1815/2344/2195 1814/2343/2194
f 1795/2323/2175 1796/2324/2176 1816/2345/2196 1815/2344/2195
f 1796/2324/2176 1797/2325/2177 1817/2346/2197 1816/2345/2196
f 1797/2325/2177 1778/2326/2159 1798/2347/2179 1817/2346/2197
s off
f 1718/2348/2198 1737/2349/2199 1736/2350/2200 1735/2351/2201 1734/2352/2202 1733/2353/2203 1732/2354/2204 1731/2355/2205 1730/2356/2206 1729/2357/2207 1728/2358/2208 1727/2359/2209 1726/2360/2210 1725/2361/2211 1724/2362/2212 1723/2363/2213 1722/2364/2214 1721/2365/2215 1720/2366/2216 1719/2367/2217
s 16
f 1798/2328/2179 1799/2327/2178 1818/2368/2218
f 1799/2327/2178 1800/2329/2180 1818/2368/2218
f 1800/2329/2180 1801/2330/2181 1818/2368/2218
f 1801/2330/2181 1802/2331/2182 1818/2368/2218
f 1802/2331/2182 1803/2332/2183 1818/2368/2218
f 1803/2332/2183 1804/2333/2184 1818/2368/2218
f 1804/2333/2184 1805/2334/2185 1818/2368/2218
f 1805/2334/2185 1806/2335/2186 1818/2368/2218
f 1806/2335/2186 1807/2336/2187 1818/2368/2218
f 1807/2336/2187 1808/2337/2188 1818/2368/2218
f 1808/2337/2188 1809/2338/2189 1818/2368/2218
f 1809/2338/2189 1810/2339/2190 1818/2368/2218
f 1810/2339/2190 1811/2340/2191 1818/2368/2218
f 1811/2340/2191 1812/2341/2192 1818/2368/2218
f 1812/2341/2192 1813/2342/2193 1818/2368/2218
f 1813/2342/2193 1814/2343/2194 1818/2368/2218
f 1814/2343/2194 1815/2344/2195 1818/2368/2218
f 1815/2344/2195 1816/2345/2196 1818/2368/2218
f 1816/2345/2196 1817/2346/2197 1818/2368/2218
f 1817/2346/2197 1798/2347/2179 1818/2368/2218
s 17
f 1819/2369/2219 1820/2370/2220 1840/2371/2221 1839/2372/2222
f 1820/2370/2220 1821/2373/2223 1841/2374/2224 1840/2371/2221
f 1821/2373/2223 1822/2375/2225 1842/2376/2226 1841/2374/2224
f 1822/2375/2225 1823/2377/2227 1843/2378/2228 1842/2376/2226
f 1823/2377/2227 1824/2379/2229 1844/2380/2230 1843/2378/2228
f 1824/2379/2229 1825/2381/2231 1845/2382/2232 1844/2380/2230
f 1825/2381/2231 1826/2383/2233 1846/2384/2234 1845/2382/2232
f 1826/2383/2233 1827/2385/2235 1847/2386/2236 1846/2384/2234
f 1827/2385/2235 1828/2387/2237 1848/2388/2238 1847/2386/2236
f 1828/2387/2237 1829/2389/2239 1849/2390/2240 1848/2388/2238
f 1829/2389/2239 1830/2391/2241 1850/2392/2242 1849/2390/2240
f 1830/2391/2241 1831/2393/2243 1851/2394/2244 1850/2392/2242
f 1831/2393/2243 1832/2395/2245 1852/2396/2246 1851/2394/2244
f 1832/2395/2245 1833/2397/2247 1853/2398/2248 1852/2396/2246
f 1833/2397/2247 1834/2399/2249 1854/2400/2250 1853/2398/2248
f 1834/2399/2249 1835/2401/2251 1855/2402/2252 1854/2400/2250
f 1835/2401/2251 1836/2403/2253 1856/2404/2254 1855/2402/2252
f 1836/2403/2253 1837/2405/2255 1857/2406/2256 1856/2404/2254
f 1837/2405/2255 1838/2407/2257 1858/2408/2258 1857/2406/2256
f 1838/2407/2257 1819/2409/2219 1839/2410/2222 1858/2408/2258
f 1839/2372/2222 1840/2371/2221 1860/2411/2259 1859/2412/2260
f 1840/2371/2221 1841/2374/2224 1861/2413/2261 1860/2411/2259
f 1841/2374/2224 1842/2376/2226 1862/2414/2262 1861/2413/2261
f 1842/2376/2226 1843/2378/2228 1863/2415/2263 1862/2414/2262
f 1843/2378/2228 1844/2380/2230 1864/2416/2264 1863/2415/2263
f 1844/2380/2230 1845/2382/2232 1865/2417/2265 1864/2416/2264
f 1845/2382/2232 1846/2384/2234 1866/2418/2266 1865/2417/2265
f 1846/2384/2234 1847/2386/2236 1867/2419/2267 1866/2418/2266
f 1847/2386/2236 1848/2388/2238 1868/2420/2268 1867/2419/2267
f 1848/2388/2238 1849/2390/2240 1869/2421/2269 1868/2420/2268
f 1849/2390/2240 1850/2392/2242 1870/2422/2270 1869/2421/2269
f 1850/2392/2242 1851/2394/2244 1871/2423/2271 1870/2422/2270
f 1851/2394/2244 1852/2396/2246 1872/2424/2272 1871/2423/2271
f 1852/2396/2246 1853/2398/2248 1873/2425/2273 1872/2424/2272
f 1853/2398/2248 1854/2400/2250 1874/2426/2274 1873/2425/2273
f 1854/2400/2250 1855/2402/2252 1875/2427/2275 1874/2426/2274
f 1855/2402/2252 1856/2404/2254 1876/2428/2276 1875/2427/2275
f 1856/2404/2254 1857/2406/2256 1877/2429/2277 1876/2428/2276
f 1857/2406/2256 1858/2408/2258 1878/2430/2278 1877/2429/2277
f 1858/2408/2258 1839/2410/2222 1859/2431/2260 1878/2430/2278
f 1859/2412/2260 1860/2411/2259 1880/2432/2279 1879/2433/2280
f 1860/2411/2259 1861/2413/2261 1881/2434/2281 1880/2432/2279
f 1861/2413/2261 1862/2414/2262 1882/2435/2282 1881/2434/2281
f 1862/2414/2262 1863/2415/2263 1883/2436/2283 1882/2435/2282
f 1863/2415/2263 1864/2416/2264 1884/2437/2284 1883/2436/2283
f 1864/2416/2264 1865/2417/2265 1885/2438/2285 1884/2437/2284
f 1865/2417/2265 1866/2418/2266 1886/2439/2286 1885/2438/2285
f 1866/2418/2266 1867/2419/2267 1887/2440/2287 1886/2439/2286
f 1867/2419/2267 1868/2420/2268 1888/2441/2288 1887/2440/2287
f 1868/2420/2268 1869/2421/2269 1889/2442/2289 1888/2441/2288
f 1869/2421/2269 1870/2422/2270 1890/2443/2290 1889/2442/2289
f 1870/2422/2270 1871/2423/2271 1891/2444/2291 1890/2443/2290
f 1871/2423/2271 1872/2424/2272 1892/2445/2292 1891/2444/2291
f 1872/2424/2272 1873/2425/2273 1893/2446/2293 1892/2445/2292
f 1873/2425/2273 1874/2426/2274 1894/2447/2294 1893/2446/2293
f 1874/2426/2274 1875/2427/2275 1895/2448/2295 1894/2447/2294
f 1875/2427/2275 1876/2428/2276 1896/2449/2296 1895/2448/2295
f 1876/2428/2276 1877/2429/2277 1897/2450/2297 1896/2449/2296
f 1877/2429/2277 1878/2430/2278 1898/2451/2298 1897/2450/2297
f 1878/2430/2278 1859/2431/2260 1879/2452/2280 1898/2451/2298
f 1879/2433/2280 1880/2432/2279 1900/2453/2299 1899/2454/2300
f 1880/2432/2279 1881/2434/2281 1901/2455/2301 1900/2453/2299
f 1881/2434/2281 1882/2435/2282 1902/2456/2302 1901/2455/2301
f 1882/2435/2282 1883/2436/2283 1903/2457/2303 1902/2456/2302
f 1883/2436/2283 1884/2437/2284 1904/2458/2304 1903/2457/2303
f 1884/2437/2284 1885/2438/2285 1905/2459/2305 1904/2458/2304
f 1885/2438/2285 1886/2439/2286 1906/2460/2306 1905/2459/2305
f 1886/2439/2286 1887/2440/2287 1907/2461/2307 1906/2460/2306
f 1887/2440/2287 1888/2441/2288 1908/2462/2308 1907/2461/2307
f 1888/2441/2288 1889/2442/2289 1909/2463/2309 1908/2462/2308
f 1889/2442/2289 1890/2443/2290 1910/2464/2310 1909/2463/2309
f 1890/2443/2290 1891/2444/2291 1911/2465/2311 1910/2464/2310
f 1891/2444/2291 1892/2445/2292 1912/2466/2312 1911/2465/2311
f 1892/2445/2292 1893/2446/2293 1913/2467/2313 1912/2466/2312
f 1893/2446/2293 1894/2447/2294 1914/2468/2314 1913/2467/2313
f 1894/2447/2294 1895/2448/2295 1915/2469/2315 1914/2468/2314
f 1895/2448/2295 1896/2449/2296 1916/2470/2316 1915/2469/2315
f 1896/2449/2296 1897/2450/2297 1917/2471/2317 1916/2470/2316
f 1897/2450/2297 1898/2451/2298 1918/2472/2318 1917/2471/2317
f 1898/2451/2298 1879/2452/2280 1899/2473/2300 1918/2472/2318
s off
f 1819/2474/2319 1838/2475/2320 1837/2476/2321 1836/2477/2322 1835/2478/2323 1834/2479/2324 1833/2480/2325 1832/2481/2326 1831/2482/2327 1830/2483/2328 1829/2484/2329 1828/2485/2330 1827/2486/2331 1826/2487/2332 1825/2488/2333 1824/2489/2334 1823/2490/2335 1822/2491/2336 1821/2492/2337 1820/2493/2338
s 17
f 1899/2454/2300 1900/2453/2299 1919/2494/2339
f 1900/2453/2299 1901/2455/2301 1919/2494/2339
f 1901/2455/2301 1902/2456/2302 1919/2494/2339
f 1902/2456/2302 1903/2457/2303 1919/2494/2339
f 1903/2457/2303 1904/2458/2304 1919/2494/2339
f 1904/2458/2304 1905/2459/2305 1919/2494/2339
f 1905/2459/2305 1906/2460/2306 1919/2494/2339
f 1906/2460/2306 1907/2461/2307 1919/2494/2339
f 1907/2461/2307 1908/2462/2308 1919/2494/2339
f 1908/2462/2308 1909/2463/2309 1919/2494/2339
f 1909/2463/2309 1910/2464/2310 1919/2494/2339
f 1910/2464/2310 1911/2465/2311 1919/2494/2339
f 1911/2465/2311 1912/2466/2312 1919/2494/2339
f 1912/2466/2312 1913/2467/2313 1919/2494/2339
f 1913/2467/2313 1914/2468/2314 1919/2494/2339
f 1914/2468/2314 1915/2469/2315 1919/2494/2339
f 1915/2469/2315 1916/2470/2316 1919/2494/2339
f 1916/2470/2316 1917/2471/2317 1919/2494/2339
f 1917/2471/2317 1918/2472/2318 1919/2494/2339
f 1918/2472/2318 1899/2473/2300 1919/2494/2339
s 18
f 1920/2495/2340 1921/2496/2341 1941/2497/2342 1940/2498/2343
f 1921/2496/2341 1922/2499/2344 1942/2500/2345 1941/2497/2342
f 1922/2499/2344 1923/2501/2346 1943/2502/2347 1942/2500/2345
f 1923/2501/2346 1924/2503/2348 1944/2504/2349 1943/2502/2347
f 1924/2503/2348 1925/2505/2350 1945/2506/2351 1944/2504/2349
f 1925/2505/2350 1926/2507/2352 1946/2508/2353 1945/2506/2351
f 1926/2507/2352 1927/2509/2354 1947/2510/2355 1946/2508/2353
f 1927/2509/2354 1928/2511/2356 1948/2512/2357 1947/2510/2355
f 1928/2511/2356 1929/2513/2358 1949/2514/2359 1948/2512/2357
f 1929/2513/2358 1930/2515/2360 1950/2516/2361 1949/2514/2359
f 1930/2515/2360 1931/2517/2362 1951/2518/2363 1950/2516/2361
f 1931/2517/2362 1932/2519/2364 1952/2520/2365 1951/2518/2363
f 1932/2519/2364 1933/2521/2366 1953/2522/2367 1952/2520/2365
f 1933/2521/2366 1934/2523/2368 1954/2524/2369 1953/2522/2367
f 1934/2523/2368 1935/2525/2370 1955/2526/2371 1954/2524/2369
f 1935/2525/2370 1936/2527/2372 1956/2528/2373 1955/2526/2371
f 1936/2527/2372 1937/2529/2374 1957/2530/2375 1956/2528/2373
f 1937/2529/2374 1938/2531/2376 1958/2532/2377 1957/2530/2375
f 1938/2531/2376 1939/2533/2378 1959/2534/2379 1958/2532/2377
f 1939/2533/2378 1920/2535/2340 1940/2536/2343 1959/2534/2379
f 1940/2498/2343 1941/2497/2342 1961/2537/2380 1960/2538/2381
f 1941/2497/2342 1942/2500/2345 1962/2539/2382 1961/2537/2380
f 1942/2500/2345 1943/2502/2347 1963/2540/2383 1962/2539/2382
f 1943/2502/2347 1944/2504/2349 1964/2541/2384 1963/2540/2383
f 1944/2504/2349 1945/2506/2351 1965/2542/2385 1964/2541/2384
f 1945/2506/2351 1946/2508/2353 1966/2543/2386 1965/2542/2385
f 1946/2508/2353 1947/2510/2355 1967/2544/2387 1966/2543/2386
f 1947/2510/2355 1948/2512/2357 1968/2545/2388 1967/2544/2387
f 1948/2512/2357 1949/2514/2359 1969/2546/2389 1968/2545/2388
f 1949/2514/2359 1950/2516/2361 1970/2547/2390 1969/2546/2389
f 1950/2516/2361 1951/2518/2363 1971/2548/2391 1970/2547/2390
f 1951/2518/2363 1952/2520/2365 1972/2549/2392 1971/2548/2391
f 1952/2520/2365 1953/2522/2367 1973/2550/2393 1972/2549/2392
f 1953/2522/2367 1954/2524/2369 1974/2551/2394 1973/2550/2393
f 1954/2524/2369 1955/2526/2371 1975/2552/2395 1974/2551/2394
f 1955/2526/2371 1956/2528/2373 1976/2553/2396 1975/2552/2395
f 1956/2528/2373 1957/2530/2375 1977/2554/2397 1976/2553/2396
f 1957/2530/2375 1958/2532/2377 1978/2555/2398 1977/2554/2397
f 1958/2532/2377 1959/2534/2379 1979/2556/2399 1978/2555/2398
f 1959/2534/2379 1940/2536/2343 1960/2557/2381 1979/2556/2399
f 1960/2538/2381 1961/2537/2380 1981/2558/2400 1980/2559/2401
f 1961/2537/2380 1962/2539/2382 1982/2560/2402 1981/2558/2400
f 1962/2539/2382 1963/2540/2383 1983/2561/2403 1982/2560/2402
f 1963/2540/2383 1964/2541/2384 1984/2562/2404 1983/2561/2403
f 1964/2541/2384 1965/2542/2385 1985/2563/2405 1984/2562/2404
f 1965/2542/2385 1966/2543/2386 1986/2564/2406 1985/2563/2405
f 1966/2543/2386 1967/2544/2387 1987/2565/2407 1986/2564/2406
f 1967/2544/2387 1968/2545/2388 1988/2566/2408 1987/2565/2407
f 1968/2545/2388 1969/2546/2389 1989/2567/2409 1988/2566/2408
f 1969/2546/2389 1970/2547/2390 1990/2568/2410 1989/2567/2409
f 1970/2547/2390 1971/2548/2391 1991/2569/2411 1990/2568/2410
f 1971/2548/2391 1972/2549/2392 1992/2570/2412 1991/2569/2411
f 1972/2549/2392 1973/2550/2393 1993/2571/2413 1992/2570/2412
f 1973/2550/2393 1974/2551/2394 1994/2572/2414 1993/2571/2413
f 1974/2551/2394 1975/2552/2395 1995/2573/2415 1994/2572/2414
f 1975/2552/2395 1976/2553/2396 1996/2574/2416 1995/2573/2415
f 1976/2553/2396 1977/2554/2397 1997/2575/2417 1996/2574/2416
f 1977/2554/2397 1978/2555/2398 1998/2576/2418 1997/2575/2417
f 1978/2555/2398 1979/2556/2399 1999/2577/2419 1998/2576/2418
f 1979/2556/2399 1960/2557/2381 1980/2578/2401 1999/2577/2419
f 1980/2559/2401 1981/2558/2400 2001/2579/2420 2000/2580/2421
f 1981/2558/2400 1982/2560/2402 2002/2581/2422 2001/2579/2420
f 1982/2560/2402 1983/2561/2403 2003/2582/2423 2002/2581/2422
f 1983/2561/2403 1984/2562/2404 2004/2583/2424 2003/2582/2423
f 1984/2562/2404 1985/2563/2405 2005/2584/2425 2004/2583/2424
f 1985/2563/2405 1986/2564/2406 2006/2585/2426 2005/2584/2425
f 1986/2564/2406 1987/2565/2407 2007/2586/2427 2006/2585/2426
f 1987/2565/2407 1988/2566/2408 2008/2587/2428 2007/2586/2427
f 1988/2566/2408 1989/2567/2409 2009/2588/2429 2008/2587/2428
f 1989/2567/2409 1990/2568/2410 2010/2589/2430 2009/2588/2429
f 1990/2568/2410 1991/2569/2411 2011/2590/2431 2010/2589/2430
f 1991/2569/2411 1992/2570/2412 2012/2591/2432 2011/2590/2431
f 1992/2570/2412 1993/2571/2413 2013/2592/2433 2012/2591/2432
f 1993/2571/2413 1994/2572/2414 2014/2593/2434 2013/2592/2433
f 1994/2572/2414 1995/2573/2415 2015/2594/2435 2014/2593/2434
f 1995/2573/2415 1996/2574/2416 2016/2595/2436 2015/2594/2435
f 1996/2574/2416 1997/2575/2417 2017/2596/2437 2016/2595/2436
f 1997/2575/2417 1998/2576/2418 2018/2597/2438 2017/2596/2437
f 1998/2576/2418 1999/2577/2419 2019/2598/2439 2018/2597/2438
f 1999/2577/2419 1980/2578/2401 2000/2599/2421 2019/2598/2439
s off
f 1920/2600/2440 1939/2601/2441 1938/2602/2442 1937/2603/2443 1936/2604/2444 1935/2605/2445 1934/2606/2446 1933/2607/2447 1932/2608/2448 1931/2609/2449 1930/2610/2450 1929/2611/2451 1928/2612/2452 1927/2613/2453 1926/2614/2454 1925/2615/2455 1924/2616/2456 1923/2617/2457 1922/2618/2458 1921/2619/2459
s 18
f 2000/2580/2421 2001/2579/2420 2020/2620/2460
f 2001/2579/2420 2002/2581/2422 2020/2620/2460
f 2002/2581/2422 2003/2582/2423 2020/2620/2460
f 2003/2582/2423 2004/2583/2424 2020/2620/2460
f 2004/2583/2424 2005/2584/2425 2020/2620/2460
f 2005/2584/2425 2006/2585/2426 2020/2620/2460
f 2006/2585/2426 2007/2586/2427 2020/2620/2460
f 2007/2586/2427 2008/2587/2428 2020/2620/2460
f 2008/2587/2428 2009/2588/2429 2020/2620/2460
f 2009/2588/2429 2010/2589/2430 2020/2620/2460
f 2010/2589/2430 2011/2590/2431 2020/2620/2460
f 2011/2590/2431 2012/2591/2432 2020/2620/2460
f 2012/2591/2432 2013/2592/2433 2020/2620/2460
f 2013/2592/2433 2014/2593/2434 2020/2620/2460
f 2014/2593/2434 2015/2594/2435 2020/2620/2460
f 2015/2594/2435 2016/2595/2436 2020/2620/2460
f 2016/2595/2436 2017/2596/2437 2020/2620/2460
f 2017/2596/2437 2018/2597/2438 2020/2620/2460
f 2018/2597/2438 2019/2598/2439 2020/2620/2460
f 2019/2598/2439 2000/2599/2421 2020/2620/2460
g default
v 3.024019 -0.500000 15.820995
v -9.102951 -0.500000 -9.202567
v 3.024019 0.500000 15.820995
v -9.102951 0.500000 -9.202567
v 0.042874 0.500000 17.265723
v -12.084096 0.500000 -7.757838
v 0.042874 -0.500000 17.265723
v -12.084096 -0.500000 -7.757838
v -2.516423 -0.516574 11.667291
v -0.380373 -0.056216 11.535240
v -0.511619 0.070963 9.360206
v -2.668932 -0.228887 9.502562
v -2.465525 0.081799 11.559155
v -0.623893 0.294043 11.385323
v -0.688492 0.423559 9.529392
v -2.522111 0.150823 9.699342
v -2.416931 0.672874 11.454234
v -0.791795 0.456451 11.277456
v -0.845603 0.573729 9.693523
v -2.409775 0.334375 9.840381
v -2.434216 1.055311 11.441208
v -1.043512 0.647614 11.292172
v -1.098360 0.718195 9.965827
v -2.411602 0.544392 10.077047
v -2.369917 1.416290 11.338150
v -1.230090 1.165761 11.242492
v -1.297809 1.229129 10.146980
v -2.384637 1.078651 10.217033
v -2.142330 2.083107 11.025269
v -1.327681 2.143471 10.985372
v -1.386873 2.141327 10.169767
v -2.201165 2.077567 10.209551
v -2.027076 3.002766 10.817384
v -1.480158 3.070828 10.781728
v -1.513931 3.092129 10.232052
v -2.060109 3.027071 10.266620
v -2.094021 3.685299 10.834776
v -1.822324 3.722324 10.818677
v -1.840602 3.737471 10.545025
v -2.112299 3.700446 10.561124
v -2.109039 4.270452 10.801977
v -10.560790 -0.188920 -6.971008
v -10.407472 0.358473 -5.124069
v -8.607643 -0.007879 -4.553023
v -8.714145 -0.384504 -6.436239
v -10.274901 0.419949 -6.946827
v -10.156608 0.683426 -5.318465
v -8.616162 0.395009 -4.792139
v -8.752098 0.067173 -6.406829
v -9.993939 1.021750 -6.925004
v -10.006645 0.823011 -5.443864
v -8.689757 0.584035 -4.994142
v -8.809486 0.297737 -6.371550
v -9.853838 1.421517 -6.970563
v -9.941416 1.017225 -5.683563
v -8.847492 0.787547 -5.312928
v -8.929152 0.573077 -6.467972
v -9.652630 1.781665 -6.914830
v -9.717578 1.544554 -5.876083
v -8.811198 1.359235 -5.589793
v -8.863317 1.169732 -6.538055
v -9.187856 2.423747 -6.678609
v -9.176588 2.513349 -5.967091
v -8.517952 2.322968 -5.757049
v -8.530289 2.229774 -6.467913
v -8.716786 3.351643 -6.596096
v -8.692812 3.438829 -6.118081
v -8.241577 3.334783 -5.973302
v -8.263700 3.250550 -6.450602
v -8.497630 4.072800 -6.721613
v -8.485938 4.119870 -6.484955
v -8.259691 4.072800 -6.414557
v -8.271383 4.025730 -6.651216
v -8.273490 4.682032 -6.777324
v -9.662160 -0.464801 -4.990011
v -9.618462 -0.480402 -3.058128
v -7.785218 -0.276151 -2.512974
v -7.853982 -0.082606 -4.425434
v -9.632560 0.169653 -4.767230
v -9.524983 -0.041846 -3.130565
v -7.963324 0.143665 -2.620677
v -8.061455 0.288101 -4.264662
v -9.604914 0.796742 -4.549111
v -9.448566 0.175362 -3.198972
v -8.116485 0.340635 -2.761023
v -8.201103 0.456597 -4.165639
v -9.633086 1.213307 -4.464274
v -9.478276 0.441721 -3.365102
v -8.359884 0.552698 -3.013428
v -8.423478 0.679522 -4.182471
v -9.583474 1.588588 -4.291069
v -9.487677 1.045887 -3.376884
v -8.564230 1.148408 -3.103820
v -8.597520 1.246569 -4.066672
v -9.388970 2.257651 -3.845413
v -9.369315 2.127358 -3.140396
v -8.676646 2.152637 -2.956726
v -8.695859 2.279186 -3.662262
v -9.308477 3.224536 -3.460239
v -9.290592 3.166888 -2.977506
v -8.826171 3.206968 -2.842945
v -8.843450 3.267694 -3.324000
v -9.392877 3.975996 -3.350531
v -9.385693 3.950795 -3.110379
v -9.154938 3.975996 -3.043475
v -9.162122 4.001198 -3.283626
v -9.425179 4.610828 -3.207522
v -5.474067 0.365443 4.820013
v -3.753867 0.083417 5.129378
v -2.959526 -0.309672 3.601411
v -4.651020 0.083417 3.278134
v -5.216459 0.711881 4.695170
v -3.765100 0.335966 4.939868
v -3.047057 0.001908 3.643830
v -4.509234 0.335966 3.404375
v -4.963941 1.054967 4.572794
v -3.794725 0.458187 4.814260
v -3.178950 0.177084 3.707748
v -4.429000 0.458187 3.505457
v -4.856929 1.302258 4.520934
v -3.923755 0.649026 4.751985
v -3.423395 0.398382 3.826212
v -4.460069 0.649026 3.645320
v -4.662657 1.493805 4.426785
v -3.883187 1.018374 4.625672
v -3.484460 0.820355 3.855805
v -4.335789 1.018375 3.691744
v -4.177901 1.791127 4.191862
v -3.560376 1.611935 4.328854
v -3.284556 1.435044 3.758927
v -3.902796 1.611935 3.622282
v -3.739138 2.304348 3.979228
v -3.312861 2.199678 4.062299
v -3.115788 2.093521 3.677139
v -3.540211 2.199678 3.593169
v -3.589916 2.764433 3.906911
v -3.377821 2.714879 3.948953
v -3.279402 2.665325 3.756430
v -3.491497 2.714879 3.714388
v -3.412959 3.136868 3.821154
v -5.285473 0.363286 -1.208996
v -7.112406 0.076100 -1.466636
v -8.015272 -0.322703 0.113925
v -6.215253 0.076100 0.384608
v -5.550261 0.710979 -1.080674
v -7.097095 0.329906 -1.279102
v -7.909939 -0.009101 0.062878
v -6.352962 0.329906 0.256391
v -5.809693 1.055316 -0.954947
v -7.065020 0.452754 -1.154682
v -7.761753 0.167442 -0.008936
v -6.430745 0.452754 0.154122
v -5.915987 1.303718 -0.903435
v -6.923077 0.644904 -1.098664
v -7.490812 0.390684 -0.140240
v -6.386763 0.644904 0.008001
v -6.118169 1.495815 -0.805453
v -6.956692 1.016128 -0.975721
v -7.410006 0.815234 -0.179400
v -6.504090 1.016128 -0.041793
v -6.629125 1.793477 -0.557832
v -7.286982 1.612016 -0.675279
v -7.603105 1.432868 -0.085820
v -6.944561 1.612016 0.031293
v -7.082867 2.308398 -0.337939
v -7.536647 2.202259 -0.407682
v -7.761135 2.094628 -0.009235
v -7.309296 2.202259 0.061448
v -7.226965 2.770689 -0.268106
v -7.452632 2.720419 -0.303570
v -7.564624 2.670149 -0.104469
v -7.338957 2.720419 -0.069005
v -7.404043 3.144753 -0.182290
v -2.684708 -0.471606 6.560889
v -4.025523 0.387058 7.655987
v -3.281202 0.623686 9.413738
v -1.892129 -0.066086 8.276028
v -2.553123 0.187842 6.590083
v -3.733849 0.732465 7.611967
v -3.126869 0.964885 9.132078
v -1.964330 0.356610 8.126253
v -2.422517 0.838861 6.616488
v -3.549415 0.885621 7.596973
v -3.030780 1.091468 8.893969
v -2.041134 0.565255 8.035333
v -2.319924 1.248922 6.563176
v -3.335434 1.048998 7.432810
v -2.900617 1.189966 8.518099
v -2.060101 0.778111 7.803467
v -2.253014 1.654440 6.629321
v -3.073944 1.579234 7.307447
v -2.698084 1.697407 8.192090
v -1.997675 1.350630 7.620249
v -2.169809 2.428459 6.908710
v -2.710337 2.631177 7.334322
v -2.435618 2.664536 7.995821
v -1.896076 2.458224 7.570975
v -1.981316 3.450467 7.007070
v -2.335403 3.616738 7.296295
v -2.149340 3.664754 7.741801
v -1.794772 3.501905 7.453422
v -1.784819 4.174031 6.859777
v -1.960455 4.260005 7.001622
v -1.865776 4.288561 7.222031
v -1.690140 4.202588 7.080185
v -1.632088 4.804069 6.794719
v -7.088486 0.061460 1.845121
v -5.642841 0.247645 3.480437
v -3.988073 0.253082 2.057099
v -5.433718 0.247645 0.421783
v -6.894710 0.705909 1.858369
v -5.625007 0.658651 3.219592
v -4.181849 0.679512 2.043850
v -5.451552 0.658651 0.682627
v -6.705804 1.342878 1.871285
v -5.619451 0.854541 3.031827
v -4.386124 0.879585 2.029884
v -5.471604 0.854541 0.869401
v -6.656117 1.766005 1.874682
v -5.757201 1.103037 2.854640
v -4.733913 1.094989 2.006105
v -5.632188 1.103037 1.026191
v -6.489208 2.147199 1.886094
v -5.762481 1.697870 2.710913
v -4.930072 1.700084 1.992693
v -5.656981 1.697870 1.167862
v -6.018898 2.826802 1.918249
v -5.490812 2.771566 2.540788
v -4.882770 2.720134 1.995928
v -5.410995 2.771566 1.373379
v -5.665957 3.808920 1.942380
v -5.300837 3.801561 2.356707
v -4.884417 3.791075 1.995815
v -5.247843 3.801561 1.581604
v -5.631017 4.572219 1.944769
v -5.450489 4.572219 2.151794
v -5.243465 4.572219 1.971266
v -5.423992 4.572219 1.764242
v -5.537978 5.217052 1.951130
v -6.794977 -0.140526 -3.421023
v -8.366933 -0.414754 -2.451336
v -8.085647 -0.463406 -0.609898
v -6.537866 -0.076392 -1.572694
v -6.960236 0.233956 -3.221215
v -8.265920 -0.129431 -2.360736
v -8.063617 -0.169661 -0.768880
v -6.748822 0.151219 -1.631956
v -7.122507 0.604464 -3.026097
v -8.177176 0.014555 -2.306027
v -8.007027 -0.015665 -0.945986
v -6.884051 0.253772 -1.684838
v -7.199373 0.861404 -2.965032
v -8.049689 0.209376 -2.383481
v -7.893930 0.168379 -1.252293
v -6.956282 0.411647 -1.858233
v -7.318460 1.075449 -2.799557
v -8.037778 0.598482 -2.333409
v -7.894823 0.573951 -1.406618
v -7.115038 0.769181 -1.890146
v -7.601253 1.432404 -2.348330
v -8.174674 1.252308 -2.004454
v -8.050553 1.203709 -1.324953
v -7.476567 1.381452 -1.669099
v -7.876617 1.994876 -1.991710
v -8.267177 1.891525 -1.749166
v -8.193118 1.872209 -1.285614
v -7.803667 1.977270 -1.526507
v -7.992964 2.466187 -1.931012
v -8.187906 2.417097 -1.811438
v -8.151094 2.410881 -1.580535
v -7.956151 2.459970 -1.700109
v -8.117171 2.855284 -1.822290
v -2.658052 -0.363898 6.435119
v -3.283753 -0.076774 4.699435
v -5.131706 -0.266203 4.552568
v -4.519123 -0.439588 6.303871
v -2.858558 0.040204 6.372116
v -3.418935 0.150919 4.871781
v -5.008920 0.003568 4.708113
v -4.443599 -0.150013 6.202561
v -3.054656 0.439634 6.311449
v -3.503039 0.252026 4.991382
v -4.861377 0.130975 4.850528
v -4.376428 -0.004478 6.125696
v -3.124785 0.705529 6.317580
v -3.470175 0.389691 5.191821
v -4.601087 0.269089 5.082176
v -4.208674 0.172802 6.150945
v -3.284870 0.944171 6.248283
v -3.559052 0.747185 5.327289
v -4.489377 0.651306 5.254620
v -4.182279 0.564150 6.136705
v -3.707317 1.368352 6.018932
v -3.918179 1.398640 5.360056
v -4.600935 1.292843 5.313796
v -4.389688 1.260163 5.972428
v -4.058604 1.983764 5.887615
v -4.212235 2.022213 5.443807
v -4.677353 1.966766 5.407352
v -4.525294 1.930271 5.850392
v -4.141722 2.463827 5.932174
v -4.217191 2.485382 5.711834
v -4.449190 2.460966 5.694785
v -4.373720 2.439411 5.915126
v -4.262334 2.868914 5.930909
v -1.720911 -0.559458 12.505586
v -0.161709 -0.423222 13.639013
v 1.374600 -0.224818 12.498800
v -0.192778 -0.181533 11.384732
v -1.556051 0.089640 12.572905
v -0.182950 0.005609 13.490789
v 1.161299 0.189701 12.546182
v -0.208720 0.206075 11.621002
v -1.395729 0.731082 12.639466
v -0.200970 0.214630 13.373813
v 0.947726 0.378908 12.569410
v -0.222935 0.385501 11.780068
v -1.365120 1.153652 12.684350
v -0.363255 0.467693 13.278671
v 0.589770 0.576662 12.595546
v -0.381828 0.612173 11.931072
v -1.215251 1.540030 12.723709
v -0.406666 1.069067 13.237343
v 0.366003 1.168522 12.662086
v -0.422340 1.190996 12.100089
v -0.775111 2.236916 12.792358
v -0.197999 2.162371 13.211639
v 0.367222 2.183856 12.770926
v -0.209857 2.254617 12.351239
v -0.466167 3.228801 12.894443
v -0.069805 3.209097 13.175838
v 0.317130 3.247457 12.885648
v -0.077678 3.270344 12.604573
v -0.465711 3.988550 12.975893
v -0.269731 3.982258 13.117002
v -0.077689 4.006589 12.972478
v -0.273668 4.012881 12.831370
v -0.401727 4.633340 13.044141
v -2.025343 -0.464801 10.768282
v -1.981645 -0.480402 12.700166
v -0.148401 -0.276151 13.245320
v -0.217165 -0.082606 11.332859
v -1.995744 0.169653 10.991064
v -1.888166 -0.041846 12.627729
v -0.326507 0.143665 13.137617
v -0.424638 0.288101 11.493632
v -1.968097 0.796742 11.209183
v -1.811749 0.175362 12.559322
v -0.479668 0.340635 12.997271
v -0.564286 0.456597 11.592655
v -1.996269 1.213307 11.294019
v -1.841460 0.441721 12.393192
v -0.723067 0.552698 12.744866
v -0.786661 0.679522 11.575822
v -1.946657 1.588588 11.467225
v -1.850860 1.045887 12.381410
v -0.927413 1.148408 12.654474
v -0.960703 1.246569 11.691622
v -1.752153 2.257651 11.912881
v -1.732498 2.127358 12.617898
v -1.039829 2.152637 12.801568
v -1.059042 2.279186 12.096032
v -1.671660 3.224536 12.298055
v -1.653775 3.166888 12.780788
v -1.189355 3.206968 12.915349
v -1.206633 3.267694 12.434294
v -1.756060 3.975996 12.407763
v -1.748876 3.950795 12.647915
v -1.518121 3.975996 12.714819
v -1.525305 4.001198 12.474668
v -1.788362 4.610828 12.550772
v -0.720849 0.061460 15.454636
v 1.345939 0.247645 16.156445
v 2.075708 0.253082 14.099363
v 0.008920 0.247645 13.397555
v -0.546064 0.705909 15.369932
v 1.231917 0.658651 15.921164
v 1.900924 0.679512 14.184068
v 0.122943 0.658651 13.632835
v -0.375672 1.342878 15.287356
v 1.143519 0.854541 15.755417
v 1.716669 0.879585 14.273362
v 0.198265 0.854541 13.804919
v -0.330854 1.766005 15.265637
v 0.935976 1.103037 15.669999
v 1.402964 1.094989 14.425390
v 0.136712 1.103037 14.020747
v -0.180303 2.147199 15.192676
v 0.860035 1.697870 15.547857
v 1.226030 1.700084 14.511136
v 0.185527 1.697870 14.156034
v 0.243914 2.826802 14.987091
v 1.011395 2.771566 15.265304
v 1.268696 2.720134 14.490459
v 0.501090 2.771566 14.212307
v 0.562265 3.808920 14.832811
v 1.084911 3.801561 15.011194
v 1.267211 3.791075 14.491179
v 0.746093 3.801561 14.312055
v 0.593781 4.572219 14.817538
v 0.853271 4.572219 14.907618
v 0.943351 4.572219 14.648128
v 0.683862 4.572219 14.558048
v 0.677702 5.217052 14.776868
v -9.353711 0.837269 -8.944875
v -9.229978 0.837269 -8.942403
v -9.113064 0.837269 -8.901817
v -9.014414 0.837269 -8.827089
v -8.943685 0.837269 -8.725534
v -8.907799 0.837269 -8.607093
v -8.910270 0.837269 -8.483359
v -8.950856 0.837269 -8.366446
v -9.025584 0.837269 -8.267796
v -9.127139 0.837269 -8.197067
v -9.245580 0.837269 -8.161181
v -9.369313 0.837269 -8.163652
v -9.486227 0.837269 -8.204238
v -9.584877 0.837269 -8.278966
v -9.655606 0.837269 -8.380521
v -9.691492 0.837269 -8.498962
v -9.689021 0.837269 -8.622695
v -9.648435 0.837269 -8.739610
v -9.573707 0.837269 -8.838259
v -9.472152 0.837269 -8.908988
v -9.352665 0.789072 -8.937292
v -9.231326 0.789072 -8.934869
v -9.116674 0.789072 -8.895069
v -9.019933 0.789072 -8.821786
v -8.950572 0.789072 -8.722196
v -8.915381 0.789072 -8.606047
v -8.917804 0.789072 -8.484707
v -8.957605 0.789072 -8.370056
v -9.030887 0.789072 -8.273315
v -9.130477 0.789072 -8.203954
v -9.246626 0.789072 -8.168763
v -9.367965 0.789072 -8.171186
v -9.482617 0.789072 -8.210986
v -9.579358 0.789072 -8.284269
v -9.648719 0.789072 -8.383859
v -9.683910 0.789072 -8.500008
v -9.681487 0.789072 -8.621347
v -9.641686 0.789072 -8.735999
v -9.568404 0.789072 -8.832740
v -9.468814 0.789072 -8.902101
v -9.309481 0.761486 -8.624312
v -9.286972 0.761486 -8.623863
v -9.265703 0.761486 -8.616479
v -9.247757 0.761486 -8.602885
v -9.234890 0.761486 -8.584410
v -9.228361 0.761486 -8.562863
v -9.228811 0.761486 -8.540354
v -9.236194 0.761486 -8.519084
v -9.249789 0.761486 -8.501139
v -9.268263 0.761486 -8.488272
v -9.289810 0.761486 -8.481743
v -9.312319 0.761486 -8.482192
v -9.333589 0.761486 -8.489576
v -9.351535 0.761486 -8.503171
v -9.364402 0.761486 -8.521645
v -9.370930 0.761486 -8.543192
v -9.370480 0.761486 -8.565701
v -9.363097 0.761486 -8.586971
v -9.349503 0.761486 -8.604916
v -9.331028 0.761486 -8.617784
v -9.309747 0.605046 -8.626239
v -9.286629 0.605046 -8.625778
v -9.264785 0.605046 -8.618195
v -9.246353 0.605046 -8.604232
v -9.233139 0.605046 -8.585258
v -9.226434 0.605046 -8.563129
v -9.226895 0.605046 -8.540011
v -9.234479 0.605046 -8.518167
v -9.248441 0.605046 -8.499736
v -9.267415 0.605046 -8.486520
v -9.289544 0.605046 -8.479816
v -9.312662 0.605046 -8.480278
v -9.334506 0.605046 -8.487860
v -9.352938 0.605046 -8.501823
v -9.366153 0.605046 -8.520797
v -9.372857 0.605046 -8.542926
v -9.372396 0.605046 -8.566044
v -9.364813 0.605046 -8.587888
v -9.350851 0.605046 -8.606319
v -9.331876 0.605046 -8.619534
v -9.313256 -0.294602 -8.651671
v -9.282108 -0.294602 -8.651049
v -9.252676 -0.294602 -8.640832
v -9.227841 -0.294602 -8.622020
v -9.210036 -0.294602 -8.596454
v -9.201002 -0.294602 -8.566638
v -9.201624 -0.294602 -8.535489
v -9.211841 -0.294602 -8.506057
v -9.230653 -0.294602 -8.481223
v -9.256219 -0.294602 -8.463418
v -9.286035 -0.294602 -8.454384
v -9.317184 -0.294602 -8.455006
v -9.346616 -0.294602 -8.465223
v -9.371450 -0.294602 -8.484035
v -9.389255 -0.294602 -8.509601
v -9.398289 -0.294602 -8.539417
v -9.397667 -0.294602 -8.570566
v -9.387450 -0.294602 -8.599998
v -9.368638 -0.294602 -8.624832
v -9.343072 -0.294602 -8.642637
v -9.299646 -0.582507 -8.553028
v -11.609528 0.837269 -7.851656
v -11.485795 0.837269 -7.849184
v -11.368881 0.837269 -7.808599
v -11.270231 0.837269 -7.733871
v -11.199502 0.837269 -7.632315
v -11.163616 0.837269 -7.513875
v -11.166087 0.837269 -7.390141
v -11.206673 0.837269 -7.273227
v -11.281401 0.837269 -7.174577
v -11.382956 0.837269 -7.103848
v -11.501397 0.837269 -7.067962
v -11.625130 0.837269 -7.070433
v -11.742044 0.837269 -7.111019
v -11.840694 0.837269 -7.185747
v -11.911423 0.837269 -7.287303
v -11.947309 0.837269 -7.405743
v -11.944837 0.837269 -7.529476
v -11.904252 0.837269 -7.646391
v -11.829524 0.837269 -7.745040
v -11.727969 0.837269 -7.815770
v -11.608482 0.789072 -7.844073
v -11.487143 0.789072 -7.841650
v -11.372491 0.789072 -7.801850
v -11.275750 0.789072 -7.728568
v -11.206389 0.789072 -7.628978
v -11.171198 0.789072 -7.512828
v -11.173621 0.789072 -7.391489
v -11.213422 0.789072 -7.276837
v -11.286704 0.789072 -7.180097
v -11.386294 0.789072 -7.110735
v -11.502443 0.789072 -7.075545
v -11.623782 0.789072 -7.077968
v -11.738434 0.789072 -7.117768
v -11.835175 0.789072 -7.191050
v -11.904536 0.789072 -7.290640
v -11.939727 0.789072 -7.406790
v -11.937304 0.789072 -7.528128
v -11.897503 0.789072 -7.642781
v -11.824221 0.789072 -7.739521
v -11.724631 0.789072 -7.808882
v -11.565298 0.761486 -7.531093
v -11.542789 0.761486 -7.530644
v -11.521519 0.761486 -7.523260
v -11.503574 0.761486 -7.509666
v -11.490707 0.761486 -7.491191
v -11.484178 0.761486 -7.469644
v -11.484628 0.761486 -7.447135
v -11.492011 0.761486 -7.425866
v -11.505606 0.761486 -7.407920
v -11.524080 0.761486 -7.395053
v -11.545627 0.761486 -7.388525
v -11.568136 0.761486 -7.388974
v -11.589406 0.761486 -7.396358
v -11.607351 0.761486 -7.409952
v -11.620218 0.761486 -7.428427
v -11.626747 0.761486 -7.449973
v -11.626297 0.761486 -7.472482
v -11.618914 0.761486 -7.493752
v -11.605319 0.761486 -7.511698
v -11.586845 0.761486 -7.524565
v -11.565564 0.605046 -7.533020
v -11.542446 0.605046 -7.532559
v -11.520602 0.605046 -7.524976
v -11.502170 0.605046 -7.511014
v -11.488955 0.605046 -7.492040
v -11.482251 0.605046 -7.469911
v -11.482712 0.605046 -7.446792
v -11.490296 0.605046 -7.424948
v -11.504258 0.605046 -7.406517
v -11.523232 0.605046 -7.393301
v -11.545361 0.605046 -7.386598
v -11.568479 0.605046 -7.387059
v -11.590323 0.605046 -7.394642
v -11.608755 0.605046 -7.408604
v -11.621970 0.605046 -7.427578
v -11.628674 0.605046 -7.449707
v -11.628213 0.605046 -7.472826
v -11.620630 0.605046 -7.494669
v -11.606667 0.605046 -7.513101
v -11.587693 0.605046 -7.526316
v -11.569073 -0.294602 -7.558453
v -11.537924 -0.294602 -7.557831
v -11.508492 -0.294602 -7.547614
v -11.483658 -0.294602 -7.528801
v -11.465853 -0.294602 -7.503236
v -11.456819 -0.294602 -7.473419
v -11.457441 -0.294602 -7.442270
v -11.467658 -0.294602 -7.412839
v -11.486470 -0.294602 -7.388004
v -11.512036 -0.294602 -7.370199
v -11.541852 -0.294602 -7.361165
v -11.573001 -0.294602 -7.361787
v -11.602433 -0.294602 -7.372004
v -11.627267 -0.294602 -7.390817
v -11.645072 -0.294602 -7.416382
v -11.654106 -0.294602 -7.446198
v -11.653484 -0.294602 -7.477347
v -11.643267 -0.294602 -7.506779
v -11.624455 -0.294602 -7.531613
v -11.598889 -0.294602 -7.549418
v -11.555463 -0.582507 -7.459809
v -5.358126 0.837269 5.047885
v -5.234392 0.837269 5.050357
v -5.117478 0.837269 5.090943
v -5.018828 0.837269 5.165671
v -4.948099 0.837269 5.267226
v -4.912213 0.837269 5.385667
v -4.914685 0.837269 5.509400
v -4.955271 0.837269 5.626314
v -5.029999 0.837269 5.724964
v -5.131554 0.837269 5.795693
v -5.249995 0.837269 5.831579
v -5.373728 0.837269 5.829108
v -5.490642 0.837269 5.788522
v -5.589292 0.837269 5.713794
v -5.660021 0.837269 5.612239
v -5.695907 0.837269 5.493798
v -5.693435 0.837269 5.370065
v -5.652849 0.837269 5.253151
v -5.578122 0.837269 5.154501
v -5.476567 0.837269 5.083772
v -5.357079 0.789072 5.055468
v -5.235740 0.789072 5.057891
v -5.121088 0.789072 5.097691
v -5.024348 0.789072 5.170974
v -4.954986 0.789072 5.270564
v -4.919795 0.789072 5.386713
v -4.922219 0.789072 5.508052
v -4.962019 0.789072 5.622704
v -5.035301 0.789072 5.719445
v -5.134891 0.789072 5.788806
v -5.251041 0.789072 5.823997
v -5.372380 0.789072 5.821574
v -5.487032 0.789072 5.781773
v -5.583773 0.789072 5.708491
v -5.653134 0.789072 5.608901
v -5.688325 0.789072 5.492752
v -5.685901 0.789072 5.371413
v -5.646101 0.789072 5.256761
v -5.572819 0.789072 5.160020
v -5.473229 0.789072 5.090659
v -5.313896 0.761486 5.368448
v -5.291386 0.761486 5.368897
v -5.270117 0.761486 5.376281
v -5.252171 0.761486 5.389875
v -5.239304 0.761486 5.408350
v -5.232776 0.761486 5.429897
v -5.233225 0.761486 5.452406
v -5.240609 0.761486 5.473675
v -5.254203 0.761486 5.491621
v -5.272678 0.761486 5.504488
v -5.294225 0.761486 5.511017
v -5.316734 0.761486 5.510567
v -5.338003 0.761486 5.503184
v -5.355949 0.761486 5.489589
v -5.368816 0.761486 5.471114
v -5.375344 0.761486 5.449568
v -5.374895 0.761486 5.427059
v -5.367512 0.761486 5.405789
v -5.353917 0.761486 5.387843
v -5.335442 0.761486 5.374976
v -5.314162 0.605046 5.366521
v -5.291044 0.605046 5.366982
v -5.269200 0.605046 5.374565
v -5.250768 0.605046 5.388527
v -5.237553 0.605046 5.407502
v -5.230848 0.605046 5.429631
v -5.231310 0.605046 5.452749
v -5.238893 0.605046 5.474593
v -5.252855 0.605046 5.493024
v -5.271829 0.605046 5.506239
v -5.293959 0.605046 5.512944
v -5.317077 0.605046 5.512483
v -5.338921 0.605046 5.504899
v -5.357352 0.605046 5.490937
v -5.370567 0.605046 5.471963
v -5.377272 0.605046 5.449834
v -5.376810 0.605046 5.426716
v -5.369227 0.605046 5.404872
v -5.355265 0.605046 5.386440
v -5.336291 0.605046 5.373225
v -5.317671 -0.294602 5.341089
v -5.286522 -0.294602 5.341711
v -5.257090 -0.294602 5.351928
v -5.232256 -0.294602 5.370740
v -5.214450 -0.294602 5.396305
v -5.205417 -0.294602 5.426122
v -5.206039 -0.294602 5.457271
v -5.216256 -0.294602 5.486703
v -5.235068 -0.294602 5.511537
v -5.260633 -0.294602 5.529342
v -5.290450 -0.294602 5.538376
v -5.321598 -0.294602 5.537754
v -5.351030 -0.294602 5.527537
v -5.375865 -0.294602 5.508725
v -5.393670 -0.294602 5.483159
v -5.402704 -0.294602 5.453343
v -5.402082 -0.294602 5.422194
v -5.391865 -0.294602 5.392762
v -5.373053 -0.294602 5.367928
v -5.347487 -0.294602 5.350123
v -5.304060 -0.582507 5.439732
v -3.102309 0.837269 3.954667
v -2.978576 0.837269 3.957138
v -2.861661 0.837269 3.997724
v -2.763011 0.837269 4.072452
v -2.692282 0.837269 4.174007
v -2.656396 0.837269 4.292448
v -2.658868 0.837269 4.416182
v -2.699454 0.837269 4.533096
v -2.774182 0.837269 4.631746
v -2.875737 0.837269 4.702474
v -2.994178 0.837269 4.738360
v -3.117911 0.837269 4.735889
v -3.234825 0.837269 4.695303
v -3.333475 0.837269 4.620575
v -3.404204 0.837269 4.519020
v -3.440090 0.837269 4.400579
v -3.437618 0.837269 4.276846
v -3.397032 0.837269 4.159932
v -3.322305 0.837269 4.061282
v -3.220750 0.837269 3.990553
v -3.101263 0.789072 3.962249
v -2.979924 0.789072 3.964672
v -2.865271 0.789072 4.004473
v -2.768531 0.789072 4.077755
v -2.699170 0.789072 4.177345
v -2.663978 0.789072 4.293494
v -2.666402 0.789072 4.414834
v -2.706203 0.789072 4.529486
v -2.779485 0.789072 4.626226
v -2.879074 0.789072 4.695588
v -2.995224 0.789072 4.730778
v -3.116563 0.789072 4.728355
v -3.231215 0.789072 4.688555
v -3.327956 0.789072 4.615272
v -3.397317 0.789072 4.515683
v -3.432508 0.789072 4.399533
v -3.430085 0.789072 4.278194
v -3.390284 0.789072 4.163542
v -3.317002 0.789072 4.066801
v -3.217412 0.789072 3.997440
v -3.058079 0.761486 4.275229
v -3.035569 0.761486 4.275679
v -3.014300 0.761486 4.283062
v -2.996354 0.761486 4.296657
v -2.983487 0.761486 4.315132
v -2.976959 0.761486 4.336678
v -2.977408 0.761486 4.359188
v -2.984792 0.761486 4.380457
v -2.998386 0.761486 4.398403
v -3.016861 0.761486 4.411270
v -3.038408 0.761486 4.417798
v -3.060917 0.761486 4.417349
v -3.082186 0.761486 4.409965
v -3.100132 0.761486 4.396371
v -3.112999 0.761486 4.377896
v -3.119528 0.761486 4.356349
v -3.119078 0.761486 4.333840
v -3.111695 0.761486 4.312571
v -3.098100 0.761486 4.294625
v -3.079625 0.761486 4.281758
v -3.058345 0.605046 4.273302
v -3.035227 0.605046 4.273764
v -3.013383 0.605046 4.281347
v -2.994951 0.605046 4.295309
v -2.981736 0.605046 4.314283
v -2.975032 0.605046 4.336412
v -2.975493 0.605046 4.359530
v -2.983076 0.605046 4.381374
v -2.997038 0.605046 4.399806
v -3.016013 0.605046 4.413021
v -3.038142 0.605046 4.419725
v -3.061260 0.605046 4.419264
v -3.083104 0.605046 4.411681
v -3.101535 0.605046 4.397719
v -3.114750 0.605046 4.378745
v -3.121455 0.605046 4.356615
v -3.120993 0.605046 4.333497
v -3.113410 0.605046 4.311653
v -3.099448 0.605046 4.293222
v -3.080474 0.605046 4.280007
v -3.061854 -0.294602 4.247870
v -3.030705 -0.294602 4.248492
v -3.001273 -0.294602 4.258709
v -2.976439 -0.294602 4.277521
v -2.958633 -0.294602 4.303087
v -2.949600 -0.294602 4.332903
v -2.950222 -0.294602 4.364052
v -2.960439 -0.294602 4.393484
v -2.979251 -0.294602 4.418318
v -3.004816 -0.294602 4.436124
v -3.034633 -0.294602 4.445157
v -3.065782 -0.294602 4.444535
v -3.095214 -0.294602 4.434318
v -3.120048 -0.294602 4.415506
v -3.137853 -0.294602 4.389941
v -3.146887 -0.294602 4.360124
v -3.146265 -0.294602 4.328976
v -3.136048 -0.294602 4.299544
v -3.117236 -0.294602 4.274709
v -3.091670 -0.294602 4.256904
v -3.048243 -0.582507 4.346514
v 0.016541 0.837269 16.138316
v 0.140275 0.837269 16.140788
v 0.257189 0.837269 16.181373
v 0.355839 0.837269 16.256101
v 0.426568 0.837269 16.357657
v 0.462454 0.837269 16.476097
v 0.459983 0.837269 16.599831
v 0.419396 0.837269 16.716745
v 0.344669 0.837269 16.815395
v 0.243114 0.837269 16.886124
v 0.124673 0.837269 16.922010
v 0.000940 0.837269 16.919538
v -0.115974 0.837269 16.878953
v -0.214625 0.837269 16.804225
v -0.285353 0.837269 16.702669
v -0.321239 0.837269 16.584229
v -0.318768 0.837269 16.460496
v -0.278182 0.837269 16.343581
v -0.203454 0.837269 16.244931
v -0.101899 0.837269 16.174202
v 0.017588 0.789072 16.145899
v 0.138927 0.789072 16.148322
v 0.253579 0.789072 16.188122
v 0.350320 0.789072 16.261404
v 0.419681 0.789072 16.360994
v 0.454872 0.789072 16.477144
v 0.452449 0.789072 16.598483
v 0.412648 0.789072 16.713135
v 0.339366 0.789072 16.809875
v 0.239776 0.789072 16.879237
v 0.123626 0.789072 16.914427
v 0.002288 0.789072 16.912004
v -0.112364 0.789072 16.872204
v -0.209105 0.789072 16.798922
v -0.278466 0.789072 16.699332
v -0.313657 0.789072 16.583182
v -0.311234 0.789072 16.461844
v -0.271433 0.789072 16.347191
v -0.198151 0.789072 16.250451
v -0.098561 0.789072 16.181089
v 0.060772 0.761486 16.458879
v 0.083281 0.761486 16.459328
v 0.104550 0.761486 16.466712
v 0.122496 0.761486 16.480306
v 0.135363 0.761486 16.498781
v 0.141892 0.761486 16.520328
v 0.141442 0.761486 16.542836
v 0.134059 0.761486 16.564106
v 0.120464 0.761486 16.582052
v 0.101989 0.761486 16.594919
v 0.080443 0.761486 16.601447
v 0.057934 0.761486 16.600998
v 0.036664 0.761486 16.593614
v 0.018718 0.761486 16.580020
v 0.005851 0.761486 16.561545
v -0.000677 0.761486 16.539998
v -0.000228 0.761486 16.517490
v 0.007156 0.761486 16.496220
v 0.020750 0.761486 16.478274
v 0.039225 0.761486 16.465407
v 0.060506 0.605046 16.456952
v 0.083624 0.605046 16.457413
v 0.105468 0.605046 16.464996
v 0.123899 0.605046 16.478958
v 0.137114 0.605046 16.497932
v 0.143819 0.605046 16.520061
v 0.143358 0.605046 16.543180
v 0.135774 0.605046 16.565023
v 0.121812 0.605046 16.583455
v 0.102838 0.605046 16.596671
v 0.080708 0.605046 16.603374
v 0.057591 0.605046 16.602913
v 0.035747 0.605046 16.595330
v 0.017315 0.605046 16.581368
v 0.004100 0.605046 16.562394
v -0.002604 0.605046 16.540265
v -0.002143 0.605046 16.517146
v 0.005440 0.605046 16.495303
v 0.019402 0.605046 16.476871
v 0.038377 0.605046 16.463656
v 0.056997 -0.294602 16.431519
v 0.088145 -0.294602 16.432141
v 0.117577 -0.294602 16.442358
v 0.142412 -0.294602 16.461171
v 0.160217 -0.294602 16.486736
v 0.169251 -0.294602 16.516552
v 0.168629 -0.294602 16.547701
v 0.158412 -0.294602 16.577133
v 0.139600 -0.294602 16.601968
v 0.114034 -0.294602 16.619773
v 0.084218 -0.294602 16.628807
v 0.053069 -0.294602 16.628185
v 0.023637 -0.294602 16.617968
v -0.001197 -0.294602 16.599155
v -0.019003 -0.294602 16.573590
v -0.028036 -0.294602 16.543774
v -0.027414 -0.294602 16.512625
v -0.017197 -0.294602 16.483193
v 0.001615 -0.294602 16.458359
v 0.027180 -0.294602 16.440553
v 0.070607 -0.582507 16.530163
v 2.272358 0.837269 15.045097
v 2.396092 0.837269 15.047569
v 2.513006 0.837269 15.088155
v 2.611656 0.837269 15.162883
v 2.682385 0.837269 15.264438
v 2.718271 0.837269 15.382879
v 2.715799 0.837269 15.506613
v 2.675213 0.837269 15.623526
v 2.600486 0.837269 15.722176
v 2.498930 0.837269 15.792905
v 2.380489 0.837269 15.828791
v 2.256756 0.837269 15.826320
v 2.139843 0.837269 15.785734
v 2.041192 0.837269 15.711006
v 1.970463 0.837269 15.609451
v 1.934577 0.837269 15.491010
v 1.937049 0.837269 15.367277
v 1.977635 0.837269 15.250362
v 2.052362 0.837269 15.151713
v 2.153918 0.837269 15.080984
v 2.273405 0.789072 15.052680
v 2.394744 0.789072 15.055103
v 2.509396 0.789072 15.094903
v 2.606137 0.789072 15.168186
v 2.675498 0.789072 15.267776
v 2.710689 0.789072 15.383925
v 2.708266 0.789072 15.505265
v 2.668465 0.789072 15.619916
v 2.595183 0.789072 15.716657
v 2.495593 0.789072 15.786018
v 2.379443 0.789072 15.821209
v 2.258104 0.789072 15.818786
v 2.143453 0.789072 15.778986
v 2.046712 0.789072 15.705703
v 1.977350 0.789072 15.606113
v 1.942160 0.789072 15.489964
v 1.944583 0.789072 15.368625
v 1.984384 0.789072 15.253973
v 2.057666 0.789072 15.157232
v 2.157255 0.789072 15.087871
v 2.316589 0.761486 15.365660
v 2.339098 0.761486 15.366109
v 2.360367 0.761486 15.373493
v 2.378313 0.761486 15.387087
v 2.391180 0.761486 15.405562
v 2.397708 0.761486 15.427109
v 2.397259 0.761486 15.449618
v 2.389876 0.761486 15.470888
v 2.376281 0.761486 15.488833
v 2.357806 0.761486 15.501700
v 2.336260 0.761486 15.508229
v 2.313750 0.761486 15.507780
v 2.292481 0.761486 15.500395
v 2.274535 0.761486 15.486801
v 2.261668 0.761486 15.468326
v 2.255140 0.761486 15.446780
v 2.255589 0.761486 15.424271
v 2.262972 0.761486 15.403001
v 2.276567 0.761486 15.385055
v 2.295042 0.761486 15.372188
v 2.316323 0.605046 15.363733
v 2.339441 0.605046 15.364194
v 2.361285 0.605046 15.371777
v 2.379716 0.605046 15.385740
v 2.392931 0.605046 15.404714
v 2.399636 0.605046 15.426843
v 2.399174 0.605046 15.449961
v 2.391591 0.605046 15.471805
v 2.377629 0.605046 15.490236
v 2.358655 0.605046 15.503452
v 2.336525 0.605046 15.510156
v 2.313407 0.605046 15.509694
v 2.291564 0.605046 15.502112
v 2.273132 0.605046 15.488149
v 2.259917 0.605046 15.469175
v 2.253213 0.605046 15.447046
v 2.253674 0.605046 15.423928
v 2.261257 0.605046 15.402084
v 2.275219 0.605046 15.383653
v 2.294193 0.605046 15.370438
v 2.312814 -0.294602 15.338301
v 2.343962 -0.294602 15.338923
v 2.373394 -0.294602 15.349140
v 2.398228 -0.294602 15.367952
v 2.416034 -0.294602 15.393517
v 2.425068 -0.294602 15.423334
v 2.424446 -0.294602 15.454483
v 2.414229 -0.294602 15.483915
v 2.395417 -0.294602 15.508749
v 2.369851 -0.294602 15.526554
v 2.340035 -0.294602 15.535588
v 2.308886 -0.294602 15.534966
v 2.279454 -0.294602 15.524749
v 2.254620 -0.294602 15.505937
v 2.236814 -0.294602 15.480371
v 2.227780 -0.294602 15.450555
v 2.228402 -0.294602 15.419406
v 2.238620 -0.294602 15.389974
v 2.257432 -0.294602 15.365140
v 2.282997 -0.294602 15.347335
v 2.326424 -0.582507 15.436944
vt 0.375000 0.000000
vt 0.625000 0.000000
vt 0.375000 0.250000
vt 0.625000 0.250000
vt 0.375000 0.500000
vt 0.625000 0.500000
vt 0.375000 0.750000
vt 0.625000 0.750000
vt 0.375000 1.000000
vt 0.625000 1.000000
vt 0.875000 0.000000
vt 0.875000 0.250000
vt 0.125000 0.000000
vt 0.125000 0.250000
vt 0.250000 0.500000
vt 0.375000 0.500000
vt 0.390625 0.562500
vt 0.281250 0.562500
vt 0.500000 0.500000
vt 0.500000 0.562500
vt 0.625000 0.500000
vt 0.609375 0.562500
vt 0.750000 0.500000
vt 0.718750 0.562500
vt 0.406250 0.625000
vt 0.312500 0.625000
vt 0.500000 0.625000
vt 0.593750 0.625000
vt 0.687500 0.625000
vt 0.421875 0.687500
vt 0.343750 0.687500
vt 0.500000 0.687500
vt 0.578125 0.687500
vt 0.656250 0.687500
vt 0.437500 0.750000
vt 0.375000 0.750000
vt 0.500000 0.750000
vt 0.562500 0.750000
vt 0.625000 0.750000
vt 0.453125 0.812500
vt 0.406250 0.812500
vt 0.500000 0.812500
vt 0.546875 0.812500
vt 0.593750 0.812500
vt 0.468750 0.875000
vt 0.437500 0.875000
vt 0.500000 0.875000
vt 0.531250 0.875000
vt 0.562500 0.875000
vt 0.484375 0.937500
vt 0.468750 0.937500
vt 0.500000 0.937500
vt 0.515625 0.937500
vt 0.531250 0.937500
vt 0.500000 0.000000
vt 0.750000 0.250000
vt 0.500000 0.500000
vt 0.250000 0.250000
vt 0.500000 1.000000
vt 0.250000 0.500000
vt 0.375000 0.500000
vt 0.390625 0.562500
vt 0.281250 0.562500
vt 0.500000 0.500000
vt 0.500000 0.562500
vt 0.625000 0.500000
vt 0.609375 0.562500
vt 0.750000 0.500000
vt 0.718750 0.562500
vt 0.406250 0.625000
vt 0.312500 0.625000
vt 0.500000 0.625000
vt 0.593750 0.625000
vt 0.687500 0.625000
vt 0.421875 0.687500
vt 0.343750 0.687500
vt 0.500000 0.687500
vt 0.578125 0.687500
vt 0.656250 0.687500
vt 0.437500 0.750000
vt 0.375000 0.750000
vt 0.500000 0.750000
vt 0.562500 0.750000
vt 0.625000 0.750000
vt 0.453125 0.812500
vt 0.406250 0.812500
vt 0.500000 0.812500
vt 0.546875 0.812500
vt 0.593750 0.812500
vt 0.468750 0.875000
vt 0.437500 0.875000
vt 0.500000 0.875000
vt 0.531250 0.875000
vt 0.562500 0.875000
vt 0.484375 0.937500
vt 0.468750 0.937500
vt 0.500000 0.937500
vt 0.515625 0.937500
vt 0.531250 0.937500
vt 0.500000 0.000000
vt 0.750000 0.250000
vt 0.500000 0.500000
vt 0.250000 0.250000
vt 0.500000 1.000000
vt 0.250000 0.500000
vt 0.375000 0.500000
vt 0.390625 0.562500
vt 0.281250 0.562500
vt 0.500000 0.500000
vt 0.500000 0.562500
vt 0.625000 0.500000
vt 0.609375 0.562500
vt 0.750000 0.500000
vt 0.718750 0.562500
vt 0.406250 0.625000
vt 0.312500 0.625000
vt 0.500000 0.625000
vt 0.593750 0.625000
vt 0.687500 0.625000
vt 0.421875 0.687500
vt 0.343750 0.687500
vt 0.500000 0.687500
vt 0.578125 0.687500
vt 0.656250 0.687500
vt 0.437500 0.750000
vt 0.375000 0.750000
vt 0.500000 0.750000
vt 0.562500 0.750000
vt 0.625000 0.750000
vt 0.453125 0.812500
vt 0.406250 0.812500
vt 0.500000 0.812500
vt 0.546875 0.812500
vt 0.593750 0.812500
vt 0.468750 0.875000
vt 0.437500 0.875000
vt 0.500000 0.875000
vt 0.531250 0.875000
vt 0.562500 0.875000
vt 0.484375 0.937500
vt 0.468750 0.937500
vt 0.500000 0.937500
vt 0.515625 0.937500
vt 0.531250 0.937500
vt 0.500000 0.000000
vt 0.750000 0.250000
vt 0.500000 0.500000
vt 0.250000 0.250000
vt 0.500000 1.000000
vt 0.250000 0.500000
vt 0.375000 0.500000
vt 0.390625 0.562500
vt 0.281250 0.562500
vt 0.500000 0.500000
vt 0.500000 0.562500
vt 0.625000 0.500000
vt 0.609375 0.562500
vt 0.750000 0.500000
vt 0.718750 0.562500
vt 0.406250 0.625000
vt 0.312500 0.625000
vt 0.500000 0.625000
vt 0.593750 0.625000
vt 0.687500 0.625000
vt 0.421875 0.687500
vt 0.343750 0.687500
vt 0.500000 0.687500
vt 0.578125 0.687500
vt 0.656250 0.687500
vt 0.437500 0.750000
vt 0.375000 0.750000
vt 0.500000 0.750000
vt 0.562500 0.750000
vt 0.625000 0.750000
vt 0.453125 0.812500
vt 0.406250 0.812500
vt 0.500000 0.812500
vt 0.546875 0.812500
vt 0.593750 0.812500
vt 0.468750 0.875000
vt 0.437500 0.875000
vt 0.500000 0.875000
vt 0.531250 0.875000
vt 0.562500 0.875000
vt 0.484375 0.937500
vt 0.468750 0.937500
vt 0.500000 0.937500
vt 0.515625 0.937500
vt 0.531250 0.937500
vt 0.500000 0.000000
vt 0.750000 0.250000
vt 0.500000 0.500000
vt 0.250000 0.250000
vt 0.500000 1.000000
vt 0.250000 0.500000
vt 0.375000 0.500000
vt 0.390625 0.562500
vt 0.281250 0.562500
vt 0.500000 0.500000
vt 0.500000 0.562500
vt 0.625000 0.500000
vt 0.609375 0.562500
vt 0.750000 0.500000
vt 0.718750 0.562500
vt 0.406250 0.625000
vt 0.312500 0.625000
vt 0.500000 0.625000
vt 0.593750 0.625000
vt 0.687500 0.625000
vt 0.421875 0.687500
vt 0.343750 0.687500
vt 0.500000 0.687500
vt 0.578125 0.687500
vt 0.656250 0.687500
vt 0.437500 0.750000
vt 0.375000 0.750000
vt 0.500000 0.750000
vt 0.562500 0.750000
vt 0.625000 0.750000
vt 0.453125 0.812500
vt 0.406250 0.812500
vt 0.500000 0.812500
vt 0.546875 0.812500
vt 0.593750 0.812500
vt 0.468750 0.875000
vt 0.437500 0.875000
vt 0.500000 0.875000
vt 0.531250 0.875000
vt 0.562500 0.875000
vt 0.484375 0.937500
vt 0.468750 0.937500
vt 0.500000 0.937500
vt 0.515625 0.937500
vt 0.531250 0.937500
vt 0.500000 0.000000
vt 0.750000 0.250000
vt 0.500000 0.500000
vt 0.250000 0.250000
vt 0.500000 1.000000
vt 0.250000 0.500000
vt 0.375000 0.500000
vt 0.390625 0.562500
vt 0.281250 0.562500
vt 0.500000 0.500000
vt 0.500000 0.562500
vt 0.625000 0.500000
vt 0.609375 0.562500
vt 0.750000 0.500000
vt 0.718750 0.562500
vt 0.406250 0.625000
vt 0.312500 0.625000
vt 0.500000 0.625000
vt 0.593750 0.625000
vt 0.687500 0.625000
vt 0.421875 0.687500
vt 0.343750 0.687500
vt 0.500000 0.687500
vt 0.578125 0.687500
vt 0.656250 0.687500
vt 0.437500 0.750000
vt 0.375000 0.750000
vt 0.500000 0.750000
vt 0.562500 0.750000
vt 0.625000 0.750000
vt 0.453125 0.812500
vt 0.406250 0.812500
vt 0.500000 0.812500
vt 0.546875 0.812500
vt 0.593750 0.812500
vt 0.468750 0.875000
vt 0.437500 0.875000
vt 0.500000 0.875000
vt 0.531250 0.875000
vt 0.562500 0.875000
vt 0.484375 0.937500
vt 0.468750 0.937500
vt 0.500000 0.937500
vt 0.515625 0.937500
vt 0.531250 0.937500
vt 0.500000 0.000000
vt 0.750000 0.250000
vt 0.500000 0.500000
vt 0.250000 0.250000
vt 0.500000 1.000000
vt 0.250000 0.500000
vt 0.375000 0.500000
vt 0.390625 0.562500
vt 0.281250 0.562500
vt 0.500000 0.500000
vt 0.500000 0.562500
vt 0.625000 0.500000
vt 0.609375 0.562500
vt 0.750000 0.500000
vt 0.718750 0.562500
vt 0.406250 0.625000
vt 0.312500 0.625000
vt 0.500000 0.625000
vt 0.593750 0.625000
vt 0.687500 0.625000
vt 0.421875 0.687500
vt 0.343750 0.687500
vt 0.500000 0.687500
vt 0.578125 0.687500
vt 0.656250 0.687500
vt 0.437500 0.750000
vt 0.375000 0.750000
vt 0.500000 0.750000
vt 0.562500 0.750000
vt 0.625000 0.750000
vt 0.453125 0.812500
vt 0.406250 0.812500
vt 0.500000 0.812500
vt 0.546875 0.812500
vt 0.593750 0.812500
vt 0.468750 0.875000
vt 0.437500 0.875000
vt 0.500000 0.875000
vt 0.531250 0.875000
vt 0.562500 0.875000
vt 0.484375 0.937500
vt 0.468750 0.937500
vt 0.500000 0.937500
vt 0.515625 0.937500
vt 0.531250 0.937500
vt 0.500000 0.000000
vt 0.750000 0.250000
vt 0.500000 0.500000
vt 0.250000 0.250000
vt 0.500000 1.000000
vt 0.250000 0.500000
vt 0.375000 0.500000
vt 0.390625 0.562500
vt 0.281250 0.562500
vt 0.500000 0.500000
vt 0.500000 0.562500
vt 0.625000 0.500000
vt 0.609375 0.562500
vt 0.750000 0.500000
vt 0.718750 0.562500
vt 0.406250 0.625000
vt 0.312500 0.625000
vt 0.500000 0.625000
vt 0.593750 0.625000
vt 0.687500 0.625000
vt 0.421875 0.687500
vt 0.343750 0.687500
vt 0.500000 0.687500
vt 0.578125 0.687500
vt 0.656250 0.687500
vt 0.437500 0.750000
vt 0.375000 0.750000
vt 0.500000 0.750000
vt 0.562500 0.750000
vt 0.625000 0.750000
vt 0.453125 0.812500
vt 0.406250 0.812500
vt 0.500000 0.812500
vt 0.546875 0.812500
vt 0.593750 0.812500
vt 0.468750 0.875000
vt 0.437500 0.875000
vt 0.500000 0.875000
vt 0.531250 0.875000
vt 0.562500 0.875000
vt 0.484375 0.937500
vt 0.468750 0.937500
vt 0.500000 0.937500
vt 0.515625 0.937500
vt 0.531250 0.937500
vt 0.500000 0.000000
vt 0.750000 0.250000
vt 0.500000 0.500000
vt 0.250000 0.250000
vt 0.500000 1.000000
vt 0.250000 0.500000
vt 0.375000 0.500000
vt 0.390625 0.562500
vt 0.281250 0.562500
vt 0.500000 0.500000
vt 0.500000 0.562500
vt 0.625000 0.500000
vt 0.609375 0.562500
vt 0.750000 0.500000
vt 0.718750 0.562500
vt 0.406250 0.625000
vt 0.312500 0.625000
vt 0.500000 0.625000
vt 0.593750 0.625000
vt 0.687500 0.625000
vt 0.421875 0.687500
vt 0.343750 0.687500
vt 0.500000 0.687500
vt 0.578125 0.687500
vt 0.656250 0.687500
vt 0.437500 0.750000
vt 0.375000 0.750000
vt 0.500000 0.750000
vt 0.562500 0.750000
vt 0.625000 0.750000
vt 0.453125 0.812500
vt 0.406250 0.812500
vt 0.500000 0.812500
vt 0.546875 0.812500
vt 0.593750 0.812500
vt 0.468750 0.875000
vt 0.437500 0.875000
vt 0.500000 0.875000
vt 0.531250 0.875000
vt 0.562500 0.875000
vt 0.484375 0.937500
vt 0.468750 0.937500
vt 0.500000 0.937500
vt 0.515625 0.937500
vt 0.531250 0.937500
vt 0.500000 0.000000
vt 0.750000 0.250000
vt 0.500000 0.500000
vt 0.250000 0.250000
vt 0.500000 1.000000
vt 0.250000 0.500000
vt 0.375000 0.500000
vt 0.390625 0.562500
vt 0.281250 0.562500
vt 0.500000 0.500000
vt 0.500000 0.562500
vt 0.625000 0.500000
vt 0.609375 0.562500
vt 0.750000 0.500000
vt 0.718750 0.562500
vt 0.406250 0.625000
vt 0.312500 0.625000
vt 0.500000 0.625000
vt 0.593750 0.625000
vt 0.687500 0.625000
vt 0.421875 0.687500
vt 0.343750 0.687500
vt 0.500000 0.687500
vt 0.578125 0.687500
vt 0.656250 0.687500
vt 0.437500 0.750000
vt 0.375000 0.750000
vt 0.500000 0.750000
vt 0.562500 0.750000
vt 0.625000 0.750000
vt 0.453125 0.812500
vt 0.406250 0.812500
vt 0.500000 0.812500
vt 0.546875 0.812500
vt 0.593750 0.812500
vt 0.468750 0.875000
vt 0.437500 0.875000
vt 0.500000 0.875000
vt 0.531250 0.875000
vt 0.562500 0.875000
vt 0.484375 0.937500
vt 0.468750 0.937500
vt 0.500000 0.937500
vt 0.515625 0.937500
vt 0.531250 0.937500
vt 0.500000 0.000000
vt 0.750000 0.250000
vt 0.500000 0.500000
vt 0.250000 0.250000
vt 0.500000 1.000000
vt 0.250000 0.500000
vt 0.375000 0.500000
vt 0.390625 0.562500
vt 0.281250 0.562500
vt 0.500000 0.500000
vt 0.500000 0.562500
vt 0.625000 0.500000
vt 0.609375 0.562500
vt 0.750000 0.500000
vt 0.718750 0.562500
vt 0.406250 0.625000
vt 0.312500 0.625000
vt 0.500000 0.625000
vt 0.593750 0.625000
vt 0.687500 0.625000
vt 0.421875 0.687500
vt 0.343750 0.687500
vt 0.500000 0.687500
vt 0.578125 0.687500
vt 0.656250 0.687500
vt 0.437500 0.750000
vt 0.375000 0.750000
vt 0.500000 0.750000
vt 0.562500 0.750000
vt 0.625000 0.750000
vt 0.453125 0.812500
vt 0.406250 0.812500
vt 0.500000 0.812500
vt 0.546875 0.812500
vt 0.593750 0.812500
vt 0.468750 0.875000
vt 0.437500 0.875000
vt 0.500000 0.875000
vt 0.531250 0.875000
vt 0.562500 0.875000
vt 0.484375 0.937500
vt 0.468750 0.937500
vt 0.500000 0.937500
vt 0.515625 0.937500
vt 0.531250 0.937500
vt 0.500000 0.000000
vt 0.750000 0.250000
vt 0.500000 0.500000
vt 0.250000 0.250000
vt 0.500000 1.000000
vt 0.250000 0.500000
vt 0.375000 0.500000
vt 0.390625 0.562500
vt 0.281250 0.562500
vt 0.500000 0.500000
vt 0.500000 0.562500
vt 0.625000 0.500000
vt 0.609375 0.562500
vt 0.750000 0.500000
vt 0.718750 0.562500
vt 0.406250 0.625000
vt 0.312500 0.625000
vt 0.500000 0.625000
vt 0.593750 0.625000
vt 0.687500 0.625000
vt 0.421875 0.687500
vt 0.343750 0.687500
vt 0.500000 0.687500
vt 0.578125 0.687500
vt 0.656250 0.687500
vt 0.437500 0.750000
vt 0.375000 0.750000
vt 0.500000 0.750000
vt 0.562500 0.750000
vt 0.625000 0.750000
vt 0.453125 0.812500
vt 0.406250 0.812500
vt 0.500000 0.812500
vt 0.546875 0.812500
vt 0.593750 0.812500
vt 0.468750 0.875000
vt 0.437500 0.875000
vt 0.500000 0.875000
vt 0.531250 0.875000
vt 0.562500 0.875000
vt 0.484375 0.937500
vt 0.468750 0.937500
vt 0.500000 0.937500
vt 0.515625 0.937500
vt 0.531250 0.937500
vt 0.500000 0.000000
vt 0.750000 0.250000
vt 0.500000 0.500000
vt 0.250000 0.250000
vt 0.500000 1.000000
vt 0.250000 0.500000
vt 0.275000 0.500000
vt 0.320000 0.600000
vt 0.300000 0.600000
vt 0.300000 0.500000
vt 0.340000 0.600000
vt 0.325000 0.500000
vt 0.360000 0.600000
vt 0.350000 0.500000
vt 0.380000 0.600000
vt 0.375000 0.500000
vt 0.400000 0.600000
vt 0.400000 0.500000
vt 0.420000 0.600000
vt 0.425000 0.500000
vt 0.440000 0.600000
vt 0.450000 0.500000
vt 0.460000 0.600000
vt 0.475000 0.500000
vt 0.480000 0.600000
vt 0.500000 0.500000
vt 0.500000 0.600000
vt 0.525000 0.500000
vt 0.520000 0.600000
vt 0.550000 0.500000
vt 0.540000 0.600000
vt 0.575000 0.500000
vt 0.560000 0.600000
vt 0.600000 0.500000
vt 0.580000 0.600000
vt 0.625000 0.500000
vt 0.600000 0.600000
vt 0.650000 0.500000
vt 0.620000 0.600000
vt 0.675000 0.500000
vt 0.640000 0.600000
vt 0.700000 0.500000
vt 0.660000 0.600000
vt 0.725000 0.500000
vt 0.680000 0.600000
vt 0.750000 0.500000
vt 0.700000 0.600000
vt 0.365000 0.700000
vt 0.350000 0.700000
vt 0.380000 0.700000
vt 0.395000 0.700000
vt 0.410000 0.700000
vt 0.425000 0.700000
vt 0.440000 0.700000
vt 0.455000 0.700000
vt 0.470000 0.700000
vt 0.485000 0.700000
vt 0.500000 0.700000
vt 0.515000 0.700000
vt 0.530000 0.700000
vt 0.545000 0.700000
vt 0.560000 0.700000
vt 0.575000 0.700000
vt 0.590000 0.700000
vt 0.605000 0.700000
vt 0.620000 0.700000
vt 0.635000 0.700000
vt 0.650000 0.700000
vt 0.410000 0.800000
vt 0.400000 0.800000
vt 0.420000 0.800000
vt 0.430000 0.800000
vt 0.440000 0.800000
vt 0.450000 0.800000
vt 0.460000 0.800000
vt 0.470000 0.800000
vt 0.480000 0.800000
vt 0.490000 0.800000
vt 0.500000 0.800000
vt 0.510000 0.800000
vt 0.520000 0.800000
vt 0.530000 0.800000
vt 0.540000 0.800000
vt 0.550000 0.800000
vt 0.560000 0.800000
vt 0.570000 0.800000
vt 0.580000 0.800000
vt 0.590000 0.800000
vt 0.600000 0.800000
vt 0.455000 0.900000
vt 0.450000 0.900000
vt 0.460000 0.900000
vt 0.465000 0.900000
vt 0.470000 0.900000
vt 0.475000 0.900000
vt 0.480000 0.900000
vt 0.485000 0.900000
vt 0.490000 0.900000
vt 0.495000 0.900000
vt 0.500000 0.900000
vt 0.505000 0.900000
vt 0.510000 0.900000
vt 0.515000 0.900000
vt 0.520000 0.900000
vt 0.525000 0.900000
vt 0.530000 0.900000
vt 0.535000 0.900000
vt 0.540000 0.900000
vt 0.545000 0.900000
vt 0.550000 0.900000
vt 0.737764 0.172746
vt 0.750000 0.250000
vt 0.737764 0.327254
vt 0.702254 0.396946
vt 0.646946 0.452254
vt 0.577254 0.487764
vt 0.500000 0.500000
vt 0.422746 0.487764
vt 0.353054 0.452254
vt 0.297746 0.396946
vt 0.262236 0.327254
vt 0.250000 0.250000
vt 0.262236 0.172746
vt 0.297746 0.103054
vt 0.353054 0.047746
vt 0.422746 0.012236
vt 0.500000 -0.000000
vt 0.577254 0.012236
vt 0.646946 0.047746
vt 0.702254 0.103054
vt 0.500000 1.000000
vt 0.250000 0.500000
vt 0.275000 0.500000
vt 0.320000 0.600000
vt 0.300000 0.600000
vt 0.300000 0.500000
vt 0.340000 0.600000
vt 0.325000 0.500000
vt 0.360000 0.600000
vt 0.350000 0.500000
vt 0.380000 0.600000
vt 0.375000 0.500000
vt 0.400000 0.600000
vt 0.400000 0.500000
vt 0.420000 0.600000
vt 0.425000 0.500000
vt 0.440000 0.600000
vt 0.450000 0.500000
vt 0.460000 0.600000
vt 0.475000 0.500000
vt 0.480000 0.600000
vt 0.500000 0.500000
vt 0.500000 0.600000
vt 0.525000 0.500000
vt 0.520000 0.600000
vt 0.550000 0.500000
vt 0.540000 0.600000
vt 0.575000 0.500000
vt 0.560000 0.600000
vt 0.600000 0.500000
vt 0.580000 0.600000
vt 0.625000 0.500000
vt 0.600000 0.600000
vt 0.650000 0.500000
vt 0.620000 0.600000
vt 0.675000 0.500000
vt 0.640000 0.600000
vt 0.700000 0.500000
vt 0.660000 0.600000
vt 0.725000 0.500000
vt 0.680000 0.600000
vt 0.750000 0.500000
vt 0.700000 0.600000
vt 0.365000 0.700000
vt 0.350000 0.700000
vt 0.380000 0.700000
vt 0.395000 0.700000
vt 0.410000 0.700000
vt 0.425000 0.700000
vt 0.440000 0.700000
vt 0.455000 0.700000
vt 0.470000 0.700000
vt 0.485000 0.700000
vt 0.500000 0.700000
vt 0.515000 0.700000
vt 0.530000 0.700000
vt 0.545000 0.700000
vt 0.560000 0.700000
vt 0.575000 0.700000
vt 0.590000 0.700000
vt 0.605000 0.700000
vt 0.620000 0.700000
vt 0.635000 0.700000
vt 0.650000 0.700000
vt 0.410000 0.800000
vt 0.400000 0.800000
vt 0.420000 0.800000
vt 0.430000 0.800000
vt 0.440000 0.800000
vt 0.450000 0.800000
vt 0.460000 0.800000
vt 0.470000 0.800000
vt 0.480000 0.800000
vt 0.490000 0.800000
vt 0.500000 0.800000
vt 0.510000 0.800000
vt 0.520000 0.800000
vt 0.530000 0.800000
vt 0.540000 0.800000
vt 0.550000 0.800000
vt 0.560000 0.800000
vt 0.570000 0.800000
vt 0.580000 0.800000
vt 0.590000 0.800000
vt 0.600000 0.800000
vt 0.455000 0.900000
vt 0.450000 0.900000
vt 0.460000 0.900000
vt 0.465000 0.900000
vt 0.470000 0.900000
vt 0.475000 0.900000
vt 0.480000 0.900000
vt 0.485000 0.900000
vt 0.490000 0.900000
vt 0.495000 0.900000
vt 0.500000 0.900000
vt 0.505000 0.900000
vt 0.510000 0.900000
vt 0.515000 0.900000
vt 0.520000 0.900000
vt 0.525000 0.900000
vt 0.530000 0.900000
vt 0.535000 0.900000
vt 0.540000 0.900000
vt 0.545000 0.900000
vt 0.550000 0.900000
vt 0.737764 0.172746
vt 0.750000 0.250000
vt 0.737764 0.327254
vt 0.702254 0.396946
vt 0.646946 0.452254
vt 0.577254 0.487764
vt 0.500000 0.500000
vt 0.422746 0.487764
vt 0.353054 0.452254
vt 0.297746 0.396946
vt 0.262236 0.327254
vt 0.250000 0.250000
vt 0.262236 0.172746
vt 0.297746 0.103054
vt 0.353054 0.047746
vt 0.422746 0.012236
vt 0.500000 -0.000000
vt 0.577254 0.012236
vt 0.646946 0.047746
vt 0.702254 0.103054
vt 0.500000 1.000000
vt 0.250000 0.500000
vt 0.275000 0.500000
vt 0.320000 0.600000
vt 0.300000 0.600000
vt 0.300000 0.500000
vt 0.340000 0.600000
vt 0.325000 0.500000
vt 0.360000 0.600000
vt 0.350000 0.500000
vt 0.380000 0.600000
vt 0.375000 0.500000
vt 0.400000 0.600000
vt 0.400000 0.500000
vt 0.420000 0.600000
vt 0.425000 0.500000
vt 0.440000 0.600000
vt 0.450000 0.500000
vt 0.460000 0.600000
vt 0.475000 0.500000
vt 0.480000 0.600000
vt 0.500000 0.500000
vt 0.500000 0.600000
vt 0.525000 0.500000
vt 0.520000 0.600000
vt 0.550000 0.500000
vt 0.540000 0.600000
vt 0.575000 0.500000
vt 0.560000 0.600000
vt 0.600000 0.500000
vt 0.580000 0.600000
vt 0.625000 0.500000
vt 0.600000 0.600000
vt 0.650000 0.500000
vt 0.620000 0.600000
vt 0.675000 0.500000
vt 0.640000 0.600000
vt 0.700000 0.500000
vt 0.660000 0.600000
vt 0.725000 0.500000
vt 0.680000 0.600000
vt 0.750000 0.500000
vt 0.700000 0.600000
vt 0.365000 0.700000
vt 0.350000 0.700000
vt 0.380000 0.700000
vt 0.395000 0.700000
vt 0.410000 0.700000
vt 0.425000 0.700000
vt 0.440000 0.700000
vt 0.455000 0.700000
vt 0.470000 0.700000
vt 0.485000 0.700000
vt 0.500000 0.700000
vt 0.515000 0.700000
vt 0.530000 0.700000
vt 0.545000 0.700000
vt 0.560000 0.700000
vt 0.575000 0.700000
vt 0.590000 0.700000
vt 0.605000 0.700000
vt 0.620000 0.700000
vt 0.635000 0.700000
vt 0.650000 0.700000
vt 0.410000 0.800000
vt 0.400000 0.800000
vt 0.420000 0.800000
vt 0.430000 0.800000
vt 0.440000 0.800000
vt 0.450000 0.800000
vt 0.460000 0.800000
vt 0.470000 0.800000
vt 0.480000 0.800000
vt 0.490000 0.800000
vt 0.500000 0.800000
vt 0.510000 0.800000
vt 0.520000 0.800000
vt 0.530000 0.800000
vt 0.540000 0.800000
vt 0.550000 0.800000
vt 0.560000 0.800000
vt 0.570000 0.800000
vt 0.580000 0.800000
vt 0.590000 0.800000
vt 0.600000 0.800000
vt 0.455000 0.900000
vt 0.450000 0.900000
vt 0.460000 0.900000
vt 0.465000 0.900000
vt 0.470000 0.900000
vt 0.475000 0.900000
vt 0.480000 0.900000
vt 0.485000 0.900000
vt 0.490000 0.900000
vt 0.495000 0.900000
vt 0.500000 0.900000
vt 0.505000 0.900000
vt 0.510000 0.900000
vt 0.515000 0.900000
vt 0.520000 0.900000
vt 0.525000 0.900000
vt 0.530000 0.900000
vt 0.535000 0.900000
vt 0.540000 0.900000
vt 0.545000 0.900000
vt 0.550000 0.900000
vt 0.737764 0.172746
vt 0.750000 0.250000
vt 0.737764 0.327254
vt 0.702254 0.396946
vt 0.646946 0.452254
vt 0.577254 0.487764
vt 0.500000 0.500000
vt 0.422746 0.487764
vt 0.353054 0.452254
vt 0.297746 0.396946
vt 0.262236 0.327254
vt 0.250000 0.250000
vt 0.262236 0.172746
vt 0.297746 0.103054
vt 0.353054 0.047746
vt 0.422746 0.012236
vt 0.500000 -0.000000
vt 0.577254 0.012236
vt 0.646946 0.047746
vt 0.702254 0.103054
vt 0.500000 1.000000
vt 0.250000 0.500000
vt 0.275000 0.500000
vt 0.320000 0.600000
vt 0.300000 0.600000
vt 0.300000 0.500000
vt 0.340000 0.600000
vt 0.325000 0.500000
vt 0.360000 0.600000
vt 0.350000 0.500000
vt 0.380000 0.600000
vt 0.375000 0.500000
vt 0.400000 0.600000
vt 0.400000 0.500000
vt 0.420000 0.600000
vt 0.425000 0.500000
vt 0.440000 0.600000
vt 0.450000 0.500000
vt 0.460000 0.600000
vt 0.475000 0.500000
vt 0.480000 0.600000
vt 0.500000 0.500000
vt 0.500000 0.600000
vt 0.525000 0.500000
vt 0.520000 0.600000
vt 0.550000 0.500000
vt 0.540000 0.600000
vt 0.575000 0.500000
vt 0.560000 0.600000
vt 0.600000 0.500000
vt 0.580000 0.600000
vt 0.625000 0.500000
vt 0.600000 0.600000
vt 0.650000 0.500000
vt 0.620000 0.600000
vt 0.675000 0.500000
vt 0.640000 0.600000
vt 0.700000 0.500000
vt 0.660000 0.600000
vt 0.725000 0.500000
vt 0.680000 0.600000
vt 0.750000 0.500000
vt 0.700000 0.600000
vt 0.365000 0.700000
vt 0.350000 0.700000
vt 0.380000 0.700000
vt 0.395000 0.700000
vt 0.410000 0.700000
vt 0.425000 0.700000
vt 0.440000 0.700000
vt 0.455000 0.700000
vt 0.470000 0.700000
vt 0.485000 0.700000
vt 0.500000 0.700000
vt 0.515000 0.700000
vt 0.530000 0.700000
vt 0.545000 0.700000
vt 0.560000 0.700000
vt 0.575000 0.700000
vt 0.590000 0.700000
vt 0.605000 0.700000
vt 0.620000 0.700000
vt 0.635000 0.700000
vt 0.650000 0.700000
vt 0.410000 0.800000
vt 0.400000 0.800000
vt 0.420000 0.800000
vt 0.430000 0.800000
vt 0.440000 0.800000
vt 0.450000 0.800000
vt 0.460000 0.800000
vt 0.470000 0.800000
vt 0.480000 0.800000
vt 0.490000 0.800000
vt 0.500000 0.800000
vt 0.510000 0.800000
vt 0.520000 0.800000
vt 0.530000 0.800000
vt 0.540000 0.800000
vt 0.550000 0.800000
vt 0.560000 0.800000
vt 0.570000 0.800000
vt 0.580000 0.800000
vt 0.590000 0.800000
vt 0.600000 0.800000
vt 0.455000 0.900000
vt 0.450000 0.900000
vt 0.460000 0.900000
vt 0.465000 0.900000
vt 0.470000 0.900000
vt 0.475000 0.900000
vt 0.480000 0.900000
vt 0.485000 0.900000
vt 0.490000 0.900000
vt 0.495000 0.900000
vt 0.500000 0.900000
vt 0.505000 0.900000
vt 0.510000 0.900000
vt 0.515000 0.900000
vt 0.520000 0.900000
vt 0.525000 0.900000
vt 0.530000 0.900000
vt 0.535000 0.900000
vt 0.540000 0.900000
vt 0.545000 0.900000
vt 0.550000 0.900000
vt 0.737764 0.172746
vt 0.750000 0.250000
vt 0.737764 0.327254
vt 0.702254 0.396946
vt 0.646946 0.452254
vt 0.577254 0.487764
vt 0.500000 0.500000
vt 0.422746 0.487764
vt 0.353054 0.452254
vt 0.297746 0.396946
vt 0.262236 0.327254
vt 0.250000 0.250000
vt 0.262236 0.172746
vt 0.297746 0.103054
vt 0.353054 0.047746
vt 0.422746 0.012236
vt 0.500000 -0.000000
vt 0.577254 0.012236
vt 0.646946 0.047746
vt 0.702254 0.103054
vt 0.500000 1.000000
vt 0.250000 0.500000
vt 0.275000 0.500000
vt 0.320000 0.600000
vt 0.300000 0.600000
vt 0.300000 0.500000
vt 0.340000 0.600000
vt 0.325000 0.500000
vt 0.360000 0.600000
vt 0.350000 0.500000
vt 0.380000 0.600000
vt 0.375000 0.500000
vt 0.400000 0.600000
vt 0.400000 0.500000
vt 0.420000 0.600000
vt 0.425000 0.500000
vt 0.440000 0.600000
vt 0.450000 0.500000
vt 0.460000 0.600000
vt 0.475000 0.500000
vt 0.480000 0.600000
vt 0.500000 0.500000
vt 0.500000 0.600000
vt 0.525000 0.500000
vt 0.520000 0.600000
vt 0.550000 0.500000
vt 0.540000 0.600000
vt 0.575000 0.500000
vt 0.560000 0.600000
vt 0.600000 0.500000
vt 0.580000 0.600000
vt 0.625000 0.500000
vt 0.600000 0.600000
vt 0.650000 0.500000
vt 0.620000 0.600000
vt 0.675000 0.500000
vt 0.640000 0.600000
vt 0.700000 0.500000
vt 0.660000 0.600000
vt 0.725000 0.500000
vt 0.680000 0.600000
vt 0.750000 0.500000
vt 0.700000 0.600000
vt 0.365000 0.700000
vt 0.350000 0.700000
vt 0.380000 0.700000
vt 0.395000 0.700000
vt 0.410000 0.700000
vt 0.425000 0.700000
vt 0.440000 0.700000
vt 0.455000 0.700000
vt 0.470000 0.700000
vt 0.485000 0.700000
vt 0.500000 0.700000
vt 0.515000 0.700000
vt 0.530000 0.700000
vt 0.545000 0.700000
vt 0.560000 0.700000
vt 0.575000 0.700000
vt 0.590000 0.700000
vt 0.605000 0.700000
vt 0.620000 0.700000
vt 0.635000 0.700000
vt 0.650000 0.700000
vt 0.410000 0.800000
vt 0.400000 0.800000
vt 0.420000 0.800000
vt 0.430000 0.800000
vt 0.440000 0.800000
vt 0.450000 0.800000
vt 0.460000 0.800000
vt 0.470000 0.800000
vt 0.480000 0.800000
vt 0.490000 0.800000
vt 0.500000 0.800000
vt 0.510000 0.800000
vt 0.520000 0.800000
vt 0.530000 0.800000
vt 0.540000 0.800000
vt 0.550000 0.800000
vt 0.560000 0.800000
vt 0.570000 0.800000
vt 0.580000 0.800000
vt 0.590000 0.800000
vt 0.600000 0.800000
vt 0.455000 0.900000
vt 0.450000 0.900000
vt 0.460000 0.900000
vt 0.465000 0.900000
vt 0.470000 0.900000
vt 0.475000 0.900000
vt 0.480000 0.900000
vt 0.485000 0.900000
vt 0.490000 0.900000
vt 0.495000 0.900000
vt 0.500000 0.900000
vt 0.505000 0.900000
vt 0.510000 0.900000
vt 0.515000 0.900000
vt 0.520000 0.900000
vt 0.525000 0.900000
vt 0.530000 0.900000
vt 0.535000 0.900000
vt 0.540000 0.900000
vt 0.545000 0.900000
vt 0.550000 0.900000
vt 0.737764 0.172746
vt 0.750000 0.250000
vt 0.737764 0.327254
vt 0.702254 0.396946
vt 0.646946 0.452254
vt 0.577254 0.487764
vt 0.500000 0.500000
vt 0.422746 0.487764
vt 0.353054 0.452254
vt 0.297746 0.396946
vt 0.262236 0.327254
vt 0.250000 0.250000
vt 0.262236 0.172746
vt 0.297746 0.103054
vt 0.353054 0.047746
vt 0.422746 0.012236
vt 0.500000 -0.000000
vt 0.577254 0.012236
vt 0.646946 0.047746
vt 0.702254 0.103054
vt 0.500000 1.000000
vt 0.250000 0.500000
vt 0.275000 0.500000
vt 0.320000 0.600000
vt 0.300000 0.600000
vt 0.300000 0.500000
vt 0.340000 0.600000
vt 0.325000 0.500000
vt 0.360000 0.600000
vt 0.350000 0.500000
vt 0.380000 0.600000
vt 0.375000 0.500000
vt 0.400000 0.600000
vt 0.400000 0.500000
vt 0.420000 0.600000
vt 0.425000 0.500000
vt 0.440000 0.600000
vt 0.450000 0.500000
vt 0.460000 0.600000
vt 0.475000 0.500000
vt 0.480000 0.600000
vt 0.500000 0.500000
vt 0.500000 0.600000
vt 0.525000 0.500000
vt 0.520000 0.600000
vt 0.550000 0.500000
vt 0.540000 0.600000
vt 0.575000 0.500000
vt 0.560000 0.600000
vt 0.600000 0.500000
vt 0.580000 0.600000
vt 0.625000 0.500000
vt 0.600000 0.600000
vt 0.650000 0.500000
vt 0.620000 0.600000
vt 0.675000 0.500000
vt 0.640000 0.600000
vt 0.700000 0.500000
vt 0.660000 0.600000
vt 0.725000 0.500000
vt 0.680000 0.600000
vt 0.750000 0.500000
vt 0.700000 0.600000
vt 0.365000 0.700000
vt 0.350000 0.700000
vt 0.380000 0.700000
vt 0.395000 0.700000
vt 0.410000 0.700000
vt 0.425000 0.700000
vt 0.440000 0.700000
vt 0.455000 0.700000
vt 0.470000 0.700000
vt 0.485000 0.700000
vt 0.500000 0.700000
vt 0.515000 0.700000
vt 0.530000 0.700000
vt 0.545000 0.700000
vt 0.560000 0.700000
vt 0.575000 0.700000
vt 0.590000 0.700000
vt 0.605000 0.700000
vt 0.620000 0.700000
vt 0.635000 0.700000
vt 0.650000 0.700000
vt 0.410000 0.800000
vt 0.400000 0.800000
vt 0.420000 0.800000
vt 0.430000 0.800000
vt 0.440000 0.800000
vt 0.450000 0.800000
vt 0.460000 0.800000
vt 0.470000 0.800000
vt 0.480000 0.800000
vt 0.490000 0.800000
vt 0.500000 0.800000
vt 0.510000 0.800000
vt 0.520000 0.800000
vt 0.530000 0.800000
vt 0.540000 0.800000
vt 0.550000 0.800000
vt 0.560000 0.800000
vt 0.570000 0.800000
vt 0.580000 0.800000
vt 0.590000 0.800000
vt 0.600000 0.800000
vt 0.455000 0.900000
vt 0.450000 0.900000
vt 0.460000 0.900000
vt 0.465000 0.900000
vt 0.470000 0.900000
vt 0.475000 0.900000
vt 0.480000 0.900000
vt 0.485000 0.900000
vt 0.490000 0.900000
vt 0.495000 0.900000
vt 0.500000 0.900000
vt 0.505000 0.900000
vt 0.510000 0.900000
vt 0.515000 0.900000
vt 0.520000 0.900000
vt 0.525000 0.900000
vt 0.530000 0.900000
vt 0.535000 0.900000
vt 0.540000 0.900000
vt 0.545000 0.900000
vt 0.550000 0.900000
vt 0.737764 0.172746
vt 0.750000 0.250000
vt 0.737764 0.327254
vt 0.702254 0.396946
vt 0.646946 0.452254
vt 0.577254 0.487764
vt 0.500000 0.500000
vt 0.422746 0.487764
vt 0.353054 0.452254
vt 0.297746 0.396946
vt 0.262236 0.327254
vt 0.250000 0.250000
vt 0.262236 0.172746
vt 0.297746 0.103054
vt 0.353054 0.047746
vt 0.422746 0.012236
vt 0.500000 -0.000000
vt 0.577254 0.012236
vt 0.646946 0.047746
vt 0.702254 0.103054
vt 0.500000 1.000000
vn 0.899894 0.000000 -0.436109
vn 0.899894 0.000000 -0.436109
vn 0.899894 0.000000 -0.436109
vn 0.899894 0.000000 -0.436109
vn 0.000000 1.000000 -0.000000
vn 0.000000 1.000000 -0.000000
vn 0.000000 1.000000 -0.000000
vn 0.000000 1.000000 -0.000000
vn -0.899894 0.000000 0.436109
vn -0.899894 0.000000 0.436109
vn -0.899894 0.000000 0.436109
vn -0.899894 0.000000 0.436109
vn 0.000000 -1.000000 0.000000
vn 0.000000 -1.000000 0.000000
vn 0.000000 -1.000000 0.000000
vn 0.000000 -1.000000 0.000000
vn -0.436109 0.000000 -0.899894
vn -0.436109 0.000000 -0.899894
vn -0.436109 0.000000 -0.899894
vn -0.436109 0.000000 -0.899894
vn 0.436109 0.000000 0.899894
vn 0.436109 0.000000 0.899894
vn 0.436109 0.000000 0.899894
vn 0.436109 0.000000 0.899894
vn -0.644066 0.311479 0.698684
vn 0.509409 0.490203 0.707250
vn 0.493874 0.509262 0.704799
vn -0.641652 0.324789 0.694835
vn 0.484878 0.636338 -0.599972
vn 0.454052 0.685270 -0.569422
vn -0.799611 0.391438 -0.455411
vn -0.797009 0.411865 -0.441752
vn 0.429956 0.612358 0.663442
vn -0.656364 0.226034 0.719788
vn 0.292499 0.867206 -0.402987
vn -0.757424 0.522771 -0.391178
vn 0.614338 0.445343 0.651351
vn -0.662791 0.151185 0.733383
vn 0.396594 0.762431 -0.511285
vn -0.752518 0.342213 -0.562678
vn 0.728025 0.318477 0.607085
vn -0.640277 0.332041 0.692672
vn 0.633510 0.244642 -0.734040
vn -0.711046 0.209899 -0.671086
vn 0.764171 0.262438 0.589211
vn -0.637541 0.345868 0.688416
vn 0.656410 0.100962 -0.747618
vn -0.692778 0.152512 -0.704839
vn 0.764289 0.281389 0.580243
vn -0.662244 0.159914 0.732025
vn 0.628392 0.268027 -0.730264
vn -0.685509 0.172002 -0.707455
vn 0.650027 0.311429 0.693164
vn -0.660078 -0.063166 0.748537
vn 0.520376 0.571575 -0.634437
vn -0.786731 0.203025 -0.582953
vn 0.166909 -0.980404 -0.104636
vn 0.166909 -0.980404 -0.104636
vn 0.166908 -0.980404 -0.104636
vn 0.166909 -0.980404 -0.104636
vn 0.051281 0.057200 0.997045
vn 0.886017 0.462436 -0.033587
vn -0.107060 0.387507 -0.915629
vn -0.997617 -0.021937 0.065421
vn -0.457951 0.377617 -0.804790
vn -0.680194 0.618268 0.393802
vn -0.673407 0.634732 0.378997
vn -0.451577 0.388961 -0.802987
vn 0.661101 0.460319 0.592496
vn 0.655579 0.508969 0.557823
vn 0.721514 0.003245 -0.692392
vn 0.715992 0.025109 -0.697657
vn -0.611736 0.712160 0.344393
vn -0.498610 0.299942 -0.813279
vn 0.595714 0.716440 0.363095
vn 0.716856 0.129217 -0.685142
vn -0.660167 0.568327 0.491105
vn -0.523530 0.246952 -0.815433
vn 0.637649 0.599969 0.483158
vn 0.778866 -0.063073 -0.624010
vn -0.659060 0.484568 0.575182
vn -0.446189 0.398390 -0.801374
vn 0.635608 0.095688 0.766059
vn 0.810418 -0.160190 -0.563526
vn -0.661455 0.449186 0.600591
vn -0.441215 0.406973 -0.799814
vn 0.604343 -0.028806 0.796203
vn 0.815341 -0.198784 -0.543787
vn -0.649838 0.461303 0.604078
vn -0.522449 0.249350 -0.815397
vn 0.639393 0.114462 0.760313
vn 0.822944 -0.184906 -0.537189
vn -0.712291 0.492942 0.499650
vn -0.594625 0.060679 -0.801710
vn 0.664695 0.395661 0.633745
vn 0.755374 -0.151022 -0.637653
vn -0.220823 -0.942999 0.248977
vn -0.220823 -0.942999 0.248977
vn -0.220823 -0.942999 0.248977
vn -0.220823 -0.942999 0.248977
vn -0.938922 0.343432 -0.021920
vn -0.159886 0.502361 0.849747
vn 0.998822 -0.006044 -0.048144
vn 0.257536 -0.181537 -0.949063
vn -0.616900 0.393484 -0.681619
vn -0.840451 0.159169 0.517985
vn -0.841471 0.180584 0.509230
vn -0.615301 0.405305 -0.676116
vn 0.467341 0.479660 0.742643
vn 0.441340 0.530354 0.723839
vn 0.620158 0.488459 -0.613850
vn 0.606310 0.506982 -0.612664
vn -0.816729 0.282311 0.503243
vn -0.624864 0.312546 -0.715444
vn 0.294145 0.746545 0.596783
vn 0.567690 0.594422 -0.569552
vn -0.796739 0.094213 0.596935
vn -0.627479 0.257328 -0.734883
vn 0.385105 0.625180 0.678855
vn 0.702763 0.432270 -0.565037
vn -0.758203 -0.003600 0.652009
vn -0.613883 0.415130 -0.671427
vn 0.595331 0.099709 0.797270
vn 0.773022 0.341609 -0.534547
vn -0.745183 -0.043002 0.665472
vn -0.612521 0.424074 -0.667067
vn 0.616469 -0.030016 0.786807
vn 0.793667 0.303926 -0.526993
vn -0.738952 -0.028987 0.673134
vn -0.627408 0.259828 -0.734063
vn 0.591213 0.119271 0.797647
vn 0.795716 0.316998 -0.516090
vn -0.815088 0.005753 0.579308
vn -0.620167 0.063230 -0.781917
vn 0.498151 0.412287 0.762801
vn 0.714248 0.350536 -0.605784
vn 0.176112 -0.982624 -0.058610
vn 0.176112 -0.982624 -0.058610
vn 0.176112 -0.982624 -0.058610
vn 0.176111 -0.982624 -0.058610
vn -0.998133 -0.056186 0.023962
vn -0.288687 0.122485 0.949557
vn 0.918711 0.394686 0.013936
vn 0.248602 0.224887 -0.942137
vn -0.599232 0.746048 0.290401
vn 0.419433 0.451997 0.787258
vn 0.411316 0.476412 0.777078
vn -0.589334 0.755722 0.285604
vn 0.829202 0.388510 -0.401850
vn 0.808013 0.440205 -0.391581
vn -0.358032 0.451997 -0.817014
vn -0.355072 0.476412 -0.804335
vn 0.431487 0.583535 0.687972
vn -0.658222 0.681901 0.318989
vn 0.658942 0.681043 -0.319338
vn -0.272634 0.583535 -0.764956
vn 0.465931 0.355896 0.810091
vn -0.725057 0.592306 0.351378
vn 0.737027 0.573772 -0.357179
vn -0.347143 0.355896 -0.867658
vn 0.504755 0.236626 0.830199
vn -0.591273 0.753849 0.286544
vn 0.892523 -0.127733 -0.432536
vn -0.338870 0.236626 -0.910591
vn 0.539356 0.152329 0.828185
vn -0.565821 0.777596 0.274209
vn 0.853392 -0.317301 -0.413573
vn -0.315850 0.152329 -0.936501
vn 0.565573 0.165178 0.807987
vn -0.709736 0.614793 0.343954
vn 0.893812 -0.116070 -0.433161
vn -0.283751 0.165178 -0.944564
vn 0.433467 0.252977 0.864933
vn -0.838538 0.362924 0.406374
vn 0.857440 0.303526 -0.415534
vn -0.410304 0.252977 -0.876158
vn -0.211340 -0.972032 0.102420
vn -0.211340 -0.972032 0.102420
vn -0.211340 -0.972032 0.102420
vn -0.211340 -0.972032 0.102420
vn -0.123820 0.278160 0.952521
vn 0.892564 0.197138 0.405543
vn 0.234738 0.197138 -0.951859
vn -0.824357 0.278160 -0.493014
vn 0.586880 0.758076 -0.284415
vn -0.419336 0.450860 -0.787961
vn -0.410482 0.475852 -0.777862
vn 0.576837 0.767537 -0.279548
vn -0.808055 0.440108 0.391601
vn -0.785618 0.487699 0.380728
vn 0.358645 0.450860 0.817373
vn 0.356204 0.475853 0.804166
vn -0.432194 0.586020 -0.685412
vn 0.646519 0.695590 -0.313317
vn -0.627578 0.716691 0.304138
vn 0.270186 0.586019 0.763925
vn -0.457979 0.352027 -0.816292
vn 0.722838 0.595646 -0.350303
vn -0.702764 0.624605 0.340575
vn 0.356938 0.352027 0.865259
vn -0.493481 0.243394 -0.835007
vn 0.581615 0.763071 -0.281864
vn -0.895746 -0.095903 0.434098
vn 0.349630 0.243394 0.904720
vn -0.533931 0.153673 -0.831446
vn 0.550415 0.791133 -0.266743
vn -0.857450 -0.303490 0.415539
vn 0.321770 0.153673 0.934264
vn -0.563683 0.167180 -0.808895
vn 0.703011 0.624262 -0.340694
vn -0.896260 -0.089785 0.434347
vn 0.285636 0.167180 0.943644
vn -0.427596 0.251731 -0.868213
vn 0.842022 0.352822 -0.408063
vn -0.841181 0.355291 0.407655
vn 0.416516 0.251731 0.873582
vn 0.198490 -0.975371 -0.096193
vn 0.198490 -0.975371 -0.096193
vn 0.198490 -0.975371 -0.096193
vn 0.198490 -0.975371 -0.096193
vn 0.092107 0.263875 -0.960149
vn -0.872511 0.224013 -0.434216
vn -0.199806 0.224013 0.953885
vn 0.810696 0.263874 0.522631
vn 0.297750 0.103210 -0.949048
vn -0.773220 0.463834 -0.432423
vn -0.758477 0.478916 -0.441987
vn 0.299845 0.116002 -0.946909
vn -0.051914 0.712736 0.699509
vn -0.031749 0.751774 0.658657
vn 0.992770 0.088729 0.080837
vn 0.992004 0.107105 0.066765
vn -0.696693 0.563625 -0.443785
vn 0.282388 0.017069 -0.959148
vn 0.066603 0.900775 0.429149
vn 0.977178 0.208086 0.042702
vn -0.831745 0.437630 -0.341585
vn 0.270949 -0.040344 -0.961748
vn 0.008557 0.821136 0.570668
vn 0.981269 0.052537 0.185341
vn -0.890472 0.372054 -0.261984
vn 0.301556 0.126676 -0.944996
vn -0.180294 0.387954 0.903873
vn 0.960898 -0.021187 0.276091
vn -0.909415 0.341940 -0.236732
vn 0.303090 0.136427 -0.943146
vn -0.216450 0.266206 0.939300
vn 0.951175 -0.053259 0.304022
vn -0.905271 0.357168 -0.230034
vn 0.271483 -0.037768 -0.961702
vn -0.174525 0.405866 0.897114
vn 0.950262 -0.036956 0.309250
vn -0.867614 0.353270 -0.349924
vn 0.225124 -0.234211 -0.945761
vn -0.077439 0.659051 0.748101
vn 0.981473 -0.039486 0.187486
vn -0.279314 -0.914499 0.292702
vn -0.279314 -0.914499 0.292702
vn -0.279314 -0.914499 0.292702
vn -0.279314 -0.914499 0.292702
vn -0.607354 0.065479 -0.791728
vn -0.779364 0.569631 0.260982
vn 0.680476 0.259553 0.685262
vn 0.900042 -0.254701 -0.353626
vn -0.914518 0.399683 -0.062527
vn -0.195470 0.424390 0.884129
vn -0.199755 0.444994 0.872971
vn -0.909089 0.411940 -0.062155
vn 0.871247 0.487217 0.059568
vn 0.837877 0.542845 0.057286
vn -0.073316 0.424390 -0.902506
vn -0.079080 0.444994 -0.892035
vn -0.197491 0.548109 0.812757
vn -0.945577 0.318911 -0.064650
vn 0.646256 0.761840 0.044185
vn -0.085033 0.548108 -0.832074
vn -0.081804 0.366514 0.926809
vn -0.963459 0.259632 -0.065873
vn 0.778230 0.625721 0.053208
vn 0.045101 0.366514 -0.929319
vn 0.007523 0.229931 0.973178
vn -0.904662 0.421618 -0.061852
vn 0.992662 0.100082 0.067869
vn 0.139908 0.229931 -0.963098
vn 0.024375 0.178716 0.983599
vn -0.901033 0.429354 -0.061604
vn 0.997211 -0.030352 0.068180
vn 0.158021 0.178716 -0.971128
vn 0.028744 0.194892 0.980403
vn -0.962600 0.262811 -0.065814
vn 0.989923 0.124386 0.067682
vn 0.161914 0.194892 -0.967368
vn -0.112313 0.242607 0.963602
vn -0.995598 0.064425 -0.068070
vn 0.905982 0.418760 0.061943
vn 0.019884 0.242607 -0.969921
vn 0.061401 -0.998104 0.004198
vn 0.061401 -0.998104 0.004198
vn 0.061401 -0.998104 0.004198
vn 0.061401 -0.998104 0.004198
vn -0.749782 0.101732 0.653817
vn 0.625282 0.307975 0.717060
vn 0.717059 0.307975 -0.625282
vn -0.653817 0.101732 -0.749783
vn 0.218425 0.667582 -0.711776
vn -0.851745 0.298855 -0.430369
vn -0.841054 0.325059 -0.432395
vn 0.212517 0.678134 -0.703542
vn -0.444263 0.534498 0.718987
vn -0.437712 0.578251 0.688501
vn 0.734359 0.592271 0.331560
vn 0.722022 0.614215 0.318472
vn -0.812935 0.451999 -0.367197
vn 0.254114 0.598741 -0.759562
vn -0.381294 0.782370 0.492455
vn 0.619038 0.716902 0.320692
vn -0.889866 0.197649 -0.411185
vn 0.301721 0.491068 -0.817201
vn -0.409766 0.701773 0.582758
vn 0.771541 0.504994 0.386918
vn -0.918739 0.088648 -0.384785
vn 0.215325 0.673147 -0.707466
vn -0.436011 0.020616 0.899705
vn 0.800147 0.406627 0.440930
vn -0.939876 0.002749 -0.341505
vn 0.197100 0.704629 -0.681652
vn -0.396896 -0.187642 0.898479
vn 0.804681 0.325477 0.496541
vn -0.951053 0.021397 -0.308287
vn 0.289097 0.521638 -0.802693
vn -0.436859 0.026675 0.899135
vn 0.780492 0.341718 0.523508
vn -0.887566 0.088137 -0.452171
vn 0.384456 0.237945 -0.891951
vn -0.452526 0.455646 0.766555
vn 0.833363 0.406494 0.374525
vn 0.193010 -0.980902 -0.024048
vn 0.193010 -0.980902 -0.024048
vn 0.193010 -0.980902 -0.024048
vn 0.193010 -0.980902 -0.024048
vn -0.533631 0.065264 -0.843196
vn -0.973934 0.161172 0.159611
vn 0.397538 0.414883 0.818435
vn 0.931384 0.336277 -0.139433
vn 0.589942 0.560690 0.581029
vn 0.551787 0.595179 -0.584203
vn 0.549219 0.615822 -0.564908
vn 0.581983 0.572466 0.577563
vn -0.671000 0.641643 -0.371555
vn -0.646674 0.680807 -0.343968
vn -0.519483 0.280559 0.807108
vn -0.506498 0.305770 0.806204
vn 0.467912 0.722595 -0.508837
vn 0.636609 0.484750 0.599789
vn -0.485442 0.855469 -0.180328
vn -0.499257 0.438549 0.747273
vn 0.550009 0.514044 -0.658216
vn 0.694426 0.368533 0.618026
vn -0.560542 0.788432 -0.253312
vn -0.572122 0.184487 0.799150
vn 0.540193 0.422145 -0.728001
vn 0.585774 0.566896 0.579222
vn -0.799395 0.155137 -0.580431
vn -0.620760 0.081186 0.779786
vn 0.510187 0.348617 -0.786241
vn 0.560919 0.602216 0.568072
vn -0.785372 -0.053163 -0.616736
vn -0.668104 0.002566 0.744064
vn 0.478015 0.369259 -0.796963
vn 0.679658 0.401252 0.614053
vn -0.799266 0.161106 -0.578981
vn -0.691488 0.025790 0.721928
vn 0.600245 0.412022 -0.685525
vn 0.776458 0.104405 0.621460
vn -0.708300 0.569957 -0.416485
vn -0.562088 0.070658 0.824054
vn 0.082256 -0.983824 -0.159139
vn 0.082256 -0.983824 -0.159139
vn 0.082256 -0.983824 -0.159139
vn 0.082256 -0.983824 -0.159139
vn 0.918112 0.272464 -0.287810
vn 0.011459 0.496977 -0.867688
vn -0.914847 0.224931 0.335351
vn -0.071375 -0.018137 0.997285
vn -0.933708 0.354403 0.050866
vn -0.107257 0.221758 0.969185
vn -0.115824 0.242433 0.963230
vn -0.928928 0.366577 0.052104
vn 0.850267 0.524466 0.044511
vn 0.817183 0.574180 0.050297
vn -0.132975 0.421826 -0.896873
vn -0.141317 0.440742 -0.886440
vn -0.110317 0.342679 0.932953
vn -0.961569 0.271281 0.042337
vn 0.616869 0.783437 0.075492
vn -0.134694 0.532309 -0.835766
vn -0.015050 0.162127 0.986655
vn -0.975980 0.214783 0.036480
vn 0.742900 0.666596 0.061229
vn -0.041453 0.367522 -0.929091
vn 0.056621 0.068000 0.996077
vn -0.924810 0.376702 0.053133
vn 0.989165 0.146792 0.002105
vn 0.029659 0.277737 -0.960199
vn 0.077056 0.029458 0.996592
vn -0.920945 0.385924 0.054069
vn 0.999797 0.016136 -0.012049
vn 0.049960 0.240241 -0.969427
vn 0.086258 0.043867 0.995307
vn -0.975405 0.217338 0.036745
vn 0.986045 0.166427 0.004253
vn 0.059236 0.254076 -0.965369
vn -0.036022 0.073062 0.996677
vn -0.999725 0.017447 0.015650
vn 0.888129 0.458112 0.036875
vn -0.062951 0.282544 -0.957187
vn 0.106624 -0.988477 -0.107447
vn 0.106624 -0.988477 -0.107447
vn 0.106624 -0.988477 -0.107447
vn 0.106624 -0.988477 -0.107447
vn -0.584678 -0.027799 0.810789
vn 0.571860 0.204828 0.794369
vn 0.550595 0.370214 -0.748189
vn -0.606629 0.142973 -0.782023
vn -0.616900 0.393484 -0.681619
vn -0.840450 0.159170 0.517985
vn -0.841471 0.180585 0.509230
vn -0.615301 0.405305 -0.676116
vn 0.467340 0.479662 0.742642
vn 0.441340 0.530356 0.723838
vn 0.620158 0.488459 -0.613850
vn 0.606310 0.506982 -0.612664
vn -0.816729 0.282310 0.503244
vn -0.624864 0.312546 -0.715444
vn 0.294145 0.746545 0.596783
vn 0.567690 0.594422 -0.569552
vn -0.796739 0.094213 0.596935
vn -0.627479 0.257328 -0.734883
vn 0.385105 0.625179 0.678856
vn 0.702762 0.432271 -0.565037
vn -0.758203 -0.003601 0.652009
vn -0.613883 0.415130 -0.671427
vn 0.595331 0.099709 0.797270
vn 0.773022 0.341608 -0.534547
vn -0.745183 -0.043002 0.665472
vn -0.612521 0.424074 -0.667067
vn 0.616469 -0.030016 0.786807
vn 0.793667 0.303926 -0.526993
vn -0.738952 -0.028988 0.673134
vn -0.627408 0.259828 -0.734063
vn 0.591213 0.119271 0.797647
vn 0.795716 0.316998 -0.516090
vn -0.815088 0.005753 0.579308
vn -0.620167 0.063230 -0.781917
vn 0.498151 0.412287 0.762801
vn 0.714248 0.350536 -0.605784
vn 0.176111 -0.982624 -0.058610
vn 0.176111 -0.982624 -0.058610
vn 0.176111 -0.982624 -0.058610
vn 0.176111 -0.982624 -0.058610
vn -0.998133 -0.056186 0.023962
vn -0.288687 0.122485 0.949556
vn 0.918711 0.394686 0.013936
vn 0.248603 0.224884 -0.942138
vn -0.824892 0.399682 0.399761
vn 0.269271 0.424389 0.864516
vn 0.260012 0.444993 0.856957
vn -0.819994 0.411939 0.397387
vn 0.785861 0.487216 -0.380845
vn 0.755761 0.542844 -0.366258
vn -0.511715 0.424389 -0.747022
vn -0.511519 0.444994 -0.735070
vn 0.232082 0.548107 0.803565
vn -0.852906 0.318911 0.413337
vn 0.582921 0.761840 -0.282496
vn -0.486917 0.548109 -0.680065
vn 0.389128 0.366515 0.845131
vn -0.869035 0.259632 0.421153
vn 0.701959 0.625722 -0.340185
vn -0.422235 0.366516 -0.829086
vn 0.489690 0.229931 0.841032
vn -0.816000 0.421619 0.395451
vn 0.895376 0.100082 -0.433919
vn -0.356708 0.229931 -0.905479
vn 0.509492 0.178716 0.841712
vn -0.812727 0.429354 0.393865
vn 0.899480 -0.030352 -0.435908
vn -0.344972 0.178716 -0.921442
vn 0.511698 0.194892 0.836769
vn -0.868261 0.262810 0.420778
vn 0.892905 0.124386 -0.432722
vn -0.339725 0.194891 -0.920111
vn 0.380912 0.242605 0.892216
vn -0.898025 0.064424 0.435203
vn 0.817191 0.418760 -0.396029
vn -0.464282 0.242606 -0.851812
vn 0.055383 -0.998104 -0.026840
vn 0.055383 -0.998104 -0.026840
vn 0.055383 -0.998104 -0.026840
vn 0.055383 -0.998104 -0.026840
vn -0.326244 0.101731 0.939796
vn 0.898779 0.307973 0.312007
vn 0.312005 0.307973 -0.898780
vn -0.939795 0.101733 -0.326245
vn -0.134991 -0.156850 -0.978353
vn 0.173945 -0.156832 -0.972187
vn 0.060176 -0.939821 -0.336325
vn -0.046700 -0.939822 -0.338459
vn 0.465854 -0.156829 -0.870853
vn 0.161161 -0.939821 -0.301269
vn 0.712163 -0.156835 -0.684271
vn 0.246371 -0.939821 -0.236722
vn 0.888758 -0.156835 -0.430712
vn 0.307465 -0.939821 -0.149004
vn 0.978356 -0.156834 -0.134990
vn 0.338461 -0.939821 -0.046700
vn 0.972188 -0.156822 0.173947
vn 0.336327 -0.939821 0.060177
vn 0.870850 -0.156837 0.465856
vn 0.301269 -0.939821 0.161161
vn 0.684269 -0.156852 0.712161
vn 0.236722 -0.939822 0.246370
vn 0.430711 -0.156839 0.888757
vn 0.149004 -0.939821 0.307464
vn 0.134991 -0.156844 0.978355
vn 0.046700 -0.939821 0.338460
vn -0.173944 -0.156834 0.972187
vn -0.060176 -0.939821 0.336327
vn -0.465855 -0.156827 0.870853
vn -0.161161 -0.939821 0.301269
vn -0.712162 -0.156837 0.684271
vn -0.246369 -0.939822 0.236720
vn -0.888758 -0.156835 0.430712
vn -0.307466 -0.939820 0.149005
vn -0.978357 -0.156831 0.134990
vn -0.338461 -0.939821 0.046699
vn -0.972188 -0.156825 -0.173946
vn -0.336324 -0.939822 -0.060176
vn -0.870852 -0.156838 -0.465853
vn -0.301270 -0.939821 -0.161161
vn -0.684271 -0.156844 -0.712161
vn -0.236722 -0.939821 -0.246371
vn -0.430713 -0.156847 -0.888755
vn -0.149004 -0.939821 -0.307463
vn 0.039595 -0.974400 -0.221306
vn -0.030731 -0.974400 -0.222713
vn 0.106048 -0.974400 -0.198240
vn 0.162116 -0.974400 -0.155767
vn 0.202317 -0.974400 -0.098047
vn 0.222713 -0.974400 -0.030730
vn 0.221309 -0.974399 0.039596
vn 0.198238 -0.974400 0.106047
vn 0.155768 -0.974399 0.162117
vn 0.098047 -0.974400 0.202317
vn 0.030730 -0.974399 0.222714
vn -0.039596 -0.974400 0.221307
vn -0.106048 -0.974400 0.198241
vn -0.162115 -0.974400 0.155766
vn -0.202318 -0.974399 0.098048
vn -0.222713 -0.974400 0.030729
vn -0.221308 -0.974400 -0.039596
vn -0.198238 -0.974400 -0.106047
vn -0.155767 -0.974400 -0.162118
vn -0.098047 -0.974400 -0.202317
vn 0.176057 0.026481 -0.984024
vn -0.136641 0.026482 -0.990267
vn 0.471530 0.026481 -0.881453
vn 0.720833 0.026481 -0.692602
vn 0.899579 0.026481 -0.435956
vn 0.990268 0.026481 -0.136635
vn 0.984023 0.026481 0.176059
vn 0.881451 0.026481 0.471532
vn 0.692604 0.026481 0.720832
vn 0.435956 0.026481 0.899579
vn 0.136632 0.026481 0.990268
vn -0.176056 0.026481 0.984024
vn -0.471530 0.026482 0.881453
vn -0.720834 0.026481 0.692601
vn -0.899579 0.026481 0.435956
vn -0.990267 0.026482 0.136637
vn -0.984023 0.026481 -0.176059
vn -0.881451 0.026481 -0.471533
vn -0.692598 0.026481 -0.720837
vn -0.435956 0.026482 -0.899579
vn 0.176050 -0.028083 -0.983981
vn -0.136635 -0.028083 -0.990223
vn 0.471508 -0.028084 -0.881414
vn 0.720801 -0.028085 -0.692573
vn 0.899539 -0.028085 -0.435937
vn 0.990224 -0.028082 -0.136627
vn 0.983980 -0.028082 0.176052
vn 0.881413 -0.028084 0.471511
vn 0.692573 -0.028084 0.720801
vn 0.435937 -0.028085 0.899539
vn 0.136627 -0.028084 0.990224
vn -0.176049 -0.028084 0.983981
vn -0.471509 -0.028082 0.881414
vn -0.720803 -0.028082 0.692571
vn -0.899539 -0.028085 0.435937
vn -0.990224 -0.028084 0.136630
vn -0.983980 -0.028084 -0.176052
vn -0.881413 -0.028084 -0.471512
vn -0.692568 -0.028084 -0.720806
vn -0.435937 -0.028084 -0.899539
vn 0.000000 1.000000 -0.000000
vn 0.000000 1.000000 -0.000000
vn 0.000000 1.000000 -0.000000
vn 0.000000 1.000000 -0.000000
vn 0.000000 1.000000 -0.000000
vn 0.000000 1.000000 -0.000000
vn 0.000000 1.000000 -0.000000
vn 0.000000 1.000000 -0.000000
vn 0.000000 1.000000 -0.000000
vn 0.000000 1.000000 -0.000000
vn 0.000000 1.000000 -0.000000
vn 0.000000 1.000000 -0.000000
vn 0.000000 1.000000 -0.000000
vn 0.000000 1.000000 -0.000000
vn 0.000000 1.000000 -0.000000
vn 0.000000 1.000000 -0.000000
vn 0.000000 1.000000 -0.000000
vn 0.000000 1.000000 -0.000000
vn 0.000000 1.000000 -0.000000
vn 0.000000 1.000000 -0.000000
vn -0.000002 -1.000000 0.000001
vn -0.134991 -0.156850 -0.978353
vn 0.173945 -0.156832 -0.972187
vn 0.060176 -0.939821 -0.336325
vn -0.046700 -0.939821 -0.338459
vn 0.465854 -0.156829 -0.870853
vn 0.161161 -0.939822 -0.301269
vn 0.712163 -0.156834 -0.684271
vn 0.246371 -0.939821 -0.236722
vn 0.888758 -0.156834 -0.430712
vn 0.307466 -0.939820 -0.149005
vn 0.978356 -0.156834 -0.134991
vn 0.338460 -0.939821 -0.046700
vn 0.972187 -0.156830 0.173946
vn 0.336324 -0.939822 0.060176
vn 0.870849 -0.156843 0.465856
vn 0.301268 -0.939822 0.161161
vn 0.684269 -0.156852 0.712161
vn 0.236722 -0.939822 0.246370
vn 0.430711 -0.156839 0.888757
vn 0.149004 -0.939821 0.307464
vn 0.134991 -0.156844 0.978355
vn 0.046700 -0.939821 0.338460
vn -0.173944 -0.156829 0.972187
vn -0.060175 -0.939822 0.336325
vn -0.465855 -0.156822 0.870854
vn -0.161160 -0.939822 0.301267
vn -0.712163 -0.156836 0.684271
vn -0.246369 -0.939822 0.236720
vn -0.888758 -0.156835 0.430712
vn -0.307466 -0.939820 0.149005
vn -0.978357 -0.156832 0.134990
vn -0.338461 -0.939821 0.046699
vn -0.972186 -0.156835 -0.173946
vn -0.336323 -0.939822 -0.060176
vn -0.870851 -0.156848 -0.465852
vn -0.301270 -0.939821 -0.161161
vn -0.684271 -0.156844 -0.712161
vn -0.236723 -0.939821 -0.246372
vn -0.430713 -0.156847 -0.888755
vn -0.149004 -0.939821 -0.307463
vn 0.039595 -0.974400 -0.221306
vn -0.030731 -0.974400 -0.222713
vn 0.106048 -0.974400 -0.198240
vn 0.162116 -0.974400 -0.155767
vn 0.202317 -0.974399 -0.098048
vn 0.222712 -0.974400 -0.030730
vn 0.221308 -0.974400 0.039596
vn 0.198238 -0.974400 0.106047
vn 0.155769 -0.974399 0.162118
vn 0.098047 -0.974400 0.202317
vn 0.030729 -0.974399 0.222714
vn -0.039595 -0.974400 0.221305
vn -0.106047 -0.974400 0.198239
vn -0.162115 -0.974400 0.155766
vn -0.202318 -0.974399 0.098048
vn -0.222713 -0.974400 0.030729
vn -0.221308 -0.974400 -0.039596
vn -0.198239 -0.974400 -0.106047
vn -0.155767 -0.974400 -0.162118
vn -0.098047 -0.974400 -0.202317
vn 0.176056 0.026481 -0.984024
vn -0.136641 0.026482 -0.990267
vn 0.471528 0.026481 -0.881453
vn 0.720833 0.026481 -0.692602
vn 0.899579 0.026481 -0.435956
vn 0.990268 0.026481 -0.136635
vn 0.984023 0.026481 0.176061
vn 0.881451 0.026481 0.471533
vn 0.692604 0.026481 0.720831
vn 0.435956 0.026481 0.899579
vn 0.136633 0.026481 0.990268
vn -0.176057 0.026481 0.984024
vn -0.471531 0.026482 0.881452
vn -0.720834 0.026481 0.692601
vn -0.899579 0.026481 0.435956
vn -0.990267 0.026482 0.136637
vn -0.984024 0.026481 -0.176058
vn -0.881451 0.026481 -0.471532
vn -0.692598 0.026481 -0.720838
vn -0.435956 0.026482 -0.899578
vn 0.176049 -0.028083 -0.983981
vn -0.136635 -0.028083 -0.990223
vn 0.471507 -0.028084 -0.881415
vn 0.720801 -0.028085 -0.692573
vn 0.899539 -0.028085 -0.435937
vn 0.990224 -0.028082 -0.136627
vn 0.983980 -0.028082 0.176054
vn 0.881413 -0.028084 0.471512
vn 0.692573 -0.028084 0.720801
vn 0.435937 -0.028085 0.899539
vn 0.136628 -0.028084 0.990224
vn -0.176050 -0.028084 0.983981
vn -0.471510 -0.028082 0.881413
vn -0.720803 -0.028082 0.692571
vn -0.899539 -0.028085 0.435937
vn -0.990224 -0.028084 0.136630
vn -0.983980 -0.028084 -0.176051
vn -0.881413 -0.028084 -0.471511
vn -0.692568 -0.028084 -0.720806
vn -0.435937 -0.028084 -0.899539
vn 0.000000 1.000000 -0.000000
vn 0.000000 1.000000 -0.000000
vn 0.000000 1.000000 -0.000000
vn 0.000000 1.000000 -0.000000
vn 0.000000 1.000000 -0.000000
vn 0.000000 1.000000 -0.000000
vn 0.000000 1.000000 -0.000000
vn 0.000000 1.000000 -0.000000
vn 0.000000 1.000000 -0.000000
vn 0.000000 1.000000 -0.000000
vn 0.000000 1.000000 -0.000000
vn 0.000000 1.000000 -0.000000
vn 0.000000 1.000000 -0.000000
vn 0.000000 1.000000 -0.000000
vn 0.000000 1.000000 -0.000000
vn 0.000000 1.000000 -0.000000
vn 0.000000 1.000000 -0.000000
vn 0.000000 1.000000 -0.000000
vn 0.000000 1.000000 -0.000000
vn 0.000000 1.000000 -0.000000
vn -0.000002 -1.000000 0.000001
vn -0.134991 -0.156839 -0.978355
vn 0.173946 -0.156837 -0.972186
vn 0.060176 -0.939821 -0.336325
vn -0.046700 -0.939821 -0.338460
vn 0.465853 -0.156834 -0.870852
vn 0.161161 -0.939821 -0.301269
vn 0.712162 -0.156835 -0.684272
vn 0.246371 -0.939821 -0.236722
vn 0.888758 -0.156833 -0.430712
vn 0.307464 -0.939821 -0.149004
vn 0.978356 -0.156834 -0.134991
vn 0.338460 -0.939821 -0.046699
vn 0.972187 -0.156830 0.173947
vn 0.336326 -0.939821 0.060177
vn 0.870852 -0.156831 0.465854
vn 0.301270 -0.939821 0.161161
vn 0.684272 -0.156834 0.712162
vn 0.236722 -0.939821 0.246371
vn 0.430712 -0.156831 0.888758
vn 0.149004 -0.939821 0.307464
vn 0.134990 -0.156834 0.978356
vn 0.046700 -0.939821 0.338460
vn -0.173947 -0.156833 0.972186
vn -0.060176 -0.939821 0.336326
vn -0.465854 -0.156832 0.870852
vn -0.161161 -0.939821 0.301269
vn -0.712162 -0.156835 0.684272
vn -0.246371 -0.939821 0.236722
vn -0.888758 -0.156834 0.430712
vn -0.307464 -0.939821 0.149004
vn -0.978356 -0.156835 0.134990
vn -0.338460 -0.939821 0.046699
vn -0.972186 -0.156834 -0.173947
vn -0.336326 -0.939821 -0.060176
vn -0.870853 -0.156833 -0.465853
vn -0.301270 -0.939821 -0.161161
vn -0.684272 -0.156834 -0.712162
vn -0.236722 -0.939821 -0.246371
vn -0.430712 -0.156834 -0.888757
vn -0.149004 -0.939821 -0.307464
vn 0.039596 -0.974400 -0.221308
vn -0.030730 -0.974400 -0.222713
vn 0.106047 -0.974400 -0.198240
vn 0.162117 -0.974400 -0.155767
vn 0.202317 -0.974400 -0.098047
vn 0.222712 -0.974400 -0.030730
vn 0.221308 -0.974400 0.039597
vn 0.198240 -0.974400 0.106047
vn 0.155767 -0.974400 0.162117
vn 0.098047 -0.974400 0.202316
vn 0.030730 -0.974400 0.222712
vn -0.039596 -0.974400 0.221308
vn -0.106047 -0.974400 0.198240
vn -0.162116 -0.974400 0.155767
vn -0.202317 -0.974400 0.098047
vn -0.222712 -0.974400 0.030729
vn -0.221308 -0.974400 -0.039597
vn -0.198240 -0.974400 -0.106047
vn -0.155767 -0.974400 -0.162117
vn -0.098047 -0.974400 -0.202316
vn 0.176061 0.026481 -0.984023
vn -0.136636 0.026481 -0.990267
vn 0.471526 0.026481 -0.881455
vn 0.720832 0.026481 -0.692603
vn 0.899579 0.026481 -0.435956
vn 0.990268 0.026481 -0.136633
vn 0.984022 0.026481 0.176064
vn 0.881453 0.026481 0.471528
vn 0.692604 0.026481 0.720832
vn 0.435956 0.026481 0.899579
vn 0.136634 0.026481 0.990268
vn -0.176062 0.026481 0.984023
vn -0.471528 0.026481 0.881453
vn -0.720833 0.026481 0.692602
vn -0.899579 0.026481 0.435956
vn -0.990267 0.026481 0.136635
vn -0.984023 0.026481 -0.176061
vn -0.881454 0.026481 -0.471527
vn -0.692603 0.026481 -0.720833
vn -0.435956 0.026481 -0.899578
vn 0.176054 -0.028084 -0.983980
vn -0.136629 -0.028084 -0.990224
vn 0.471505 -0.028084 -0.881416
vn 0.720800 -0.028084 -0.692574
vn 0.899539 -0.028084 -0.435937
vn 0.990225 -0.028084 -0.136626
vn 0.983979 -0.028084 0.176057
vn 0.881415 -0.028084 0.471507
vn 0.692574 -0.028084 0.720800
vn 0.435937 -0.028084 0.899539
vn 0.136627 -0.028084 0.990224
vn -0.176055 -0.028084 0.983980
vn -0.471507 -0.028084 0.881415
vn -0.720802 -0.028084 0.692572
vn -0.899539 -0.028084 0.435937
vn -0.990224 -0.028084 0.136629
vn -0.983980 -0.028084 -0.176054
vn -0.881416 -0.028084 -0.471506
vn -0.692573 -0.028084 -0.720801
vn -0.435937 -0.028084 -0.899539
vn -0.000000 1.000000 0.000000
vn -0.000000 1.000000 0.000000
vn -0.000000 1.000000 0.000000
vn -0.000000 1.000000 0.000000
vn -0.000000 1.000000 0.000000
vn -0.000000 1.000000 0.000000
vn -0.000000 1.000000 0.000000
vn -0.000000 1.000000 0.000000
vn -0.000000 1.000000 0.000000
vn -0.000000 1.000000 0.000000
vn -0.000000 1.000000 0.000000
vn -0.000000 1.000000 0.000000
vn -0.000000 1.000000 0.000000
vn -0.000000 1.000000 0.000000
vn -0.000000 1.000000 0.000000
vn -0.000000 1.000000 0.000000
vn -0.000000 1.000000 0.000000
vn -0.000000 1.000000 0.000000
vn -0.000000 1.000000 0.000000
vn -0.000000 1.000000 0.000000
vn 0.000001 -1.000000 -0.000004
vn -0.134991 -0.156839 -0.978355
vn 0.173946 -0.156837 -0.972186
vn 0.060176 -0.939821 -0.336325
vn -0.046700 -0.939821 -0.338460
vn 0.465853 -0.156834 -0.870853
vn 0.161161 -0.939821 -0.301270
vn 0.712162 -0.156836 -0.684271
vn 0.246371 -0.939821 -0.236722
vn 0.888758 -0.156834 -0.430712
vn 0.307464 -0.939821 -0.149004
vn 0.978356 -0.156833 -0.134990
vn 0.338460 -0.939821 -0.046699
vn 0.972187 -0.156829 0.173947
vn 0.336326 -0.939821 0.060177
vn 0.870853 -0.156830 0.465854
vn 0.301270 -0.939821 0.161161
vn 0.684272 -0.156834 0.712162
vn 0.236722 -0.939821 0.246371
vn 0.430712 -0.156831 0.888758
vn 0.149004 -0.939821 0.307464
vn 0.134990 -0.156833 0.978356
vn 0.046700 -0.939821 0.338460
vn -0.173946 -0.156832 0.972186
vn -0.060176 -0.939821 0.336326
vn -0.465855 -0.156832 0.870852
vn -0.161161 -0.939821 0.301269
vn -0.712162 -0.156834 0.684272
vn -0.246371 -0.939821 0.236722
vn -0.888758 -0.156833 0.430712
vn -0.307464 -0.939821 0.149004
vn -0.978356 -0.156835 0.134990
vn -0.338460 -0.939821 0.046699
vn -0.972186 -0.156834 -0.173947
vn -0.336326 -0.939821 -0.060176
vn -0.870853 -0.156834 -0.465853
vn -0.301270 -0.939821 -0.161161
vn -0.684272 -0.156834 -0.712162
vn -0.236722 -0.939821 -0.246371
vn -0.430712 -0.156834 -0.888757
vn -0.149004 -0.939821 -0.307464
vn 0.039596 -0.974400 -0.221308
vn -0.030730 -0.974400 -0.222712
vn 0.106047 -0.974400 -0.198240
vn 0.162117 -0.974400 -0.155767
vn 0.202317 -0.974400 -0.098047
vn 0.222712 -0.974400 -0.030730
vn 0.221308 -0.974400 0.039597
vn 0.198240 -0.974400 0.106047
vn 0.155767 -0.974400 0.162117
vn 0.098047 -0.974400 0.202316
vn 0.030730 -0.974400 0.222713
vn -0.039596 -0.974400 0.221308
vn -0.106047 -0.974400 0.198240
vn -0.162116 -0.974400 0.155767
vn -0.202317 -0.974400 0.098047
vn -0.222712 -0.974400 0.030729
vn -0.221308 -0.974400 -0.039597
vn -0.198240 -0.974400 -0.106047
vn -0.155767 -0.974400 -0.162117
vn -0.098047 -0.974400 -0.202317
vn 0.176063 0.026481 -0.984023
vn -0.136636 0.026481 -0.990267
vn 0.471527 0.026481 -0.881454
vn 0.720832 0.026481 -0.692603
vn 0.899579 0.026481 -0.435956
vn 0.990268 0.026481 -0.136633
vn 0.984023 0.026481 0.176063
vn 0.881454 0.026481 0.471527
vn 0.692603 0.026481 0.720832
vn 0.435956 0.026481 0.899579
vn 0.136633 0.026481 0.990268
vn -0.176061 0.026481 0.984023
vn -0.471527 0.026481 0.881454
vn -0.720833 0.026481 0.692602
vn -0.899579 0.026481 0.435956
vn -0.990267 0.026481 0.136635
vn -0.984023 0.026481 -0.176063
vn -0.881454 0.026481 -0.471528
vn -0.692603 0.026481 -0.720833
vn -0.435956 0.026481 -0.899578
vn 0.176055 -0.028084 -0.983980
vn -0.136630 -0.028084 -0.990224
vn 0.471506 -0.028084 -0.881415
vn 0.720800 -0.028084 -0.692574
vn 0.899539 -0.028084 -0.435937
vn 0.990225 -0.028084 -0.136626
vn 0.983980 -0.028084 0.176056
vn 0.881415 -0.028084 0.471506
vn 0.692573 -0.028084 0.720801
vn 0.435937 -0.028084 0.899539
vn 0.136626 -0.028084 0.990224
vn -0.176054 -0.028084 0.983980
vn -0.471506 -0.028084 0.881416
vn -0.720802 -0.028084 0.692572
vn -0.899539 -0.028084 0.435937
vn -0.990224 -0.028084 0.136629
vn -0.983979 -0.028084 -0.176056
vn -0.881415 -0.028084 -0.471507
vn -0.692573 -0.028084 -0.720801
vn -0.435937 -0.028084 -0.899539
vn -0.000000 1.000000 0.000000
vn -0.000000 1.000000 0.000000
vn -0.000000 1.000000 0.000000
vn -0.000000 1.000000 0.000000
vn -0.000000 1.000000 0.000000
vn -0.000000 1.000000 0.000000
vn -0.000000 1.000000 0.000000
vn -0.000000 1.000000 0.000000
vn -0.000000 1.000000 0.000000
vn -0.000000 1.000000 0.000000
vn -0.000000 1.000000 0.000000
vn -0.000000 1.000000 0.000000
vn -0.000000 1.000000 0.000000
vn -0.000000 1.000000 0.000000
vn -0.000000 1.000000 0.000000
vn -0.000000 1.000000 0.000000
vn -0.000000 1.000000 0.000000
vn -0.000000 1.000000 0.000000
vn -0.000000 1.000000 0.000000
vn -0.000000 1.000000 0.000000
vn 0.000001 -1.000000 -0.000004
vn -0.134991 -0.156842 -0.978355
vn 0.173945 -0.156848 -0.972184
vn 0.060176 -0.939822 -0.336325
vn -0.046700 -0.939822 -0.338459
vn 0.465854 -0.156840 -0.870851
vn 0.161162 -0.939820 -0.301271
vn 0.712163 -0.156835 -0.684271
vn 0.246372 -0.939821 -0.236723
vn 0.888758 -0.156833 -0.430712
vn 0.307464 -0.939821 -0.149004
vn 0.978357 -0.156825 -0.134991
vn 0.338459 -0.939821 -0.046700
vn 0.972186 -0.156837 0.173946
vn 0.336327 -0.939821 0.060177
vn 0.870848 -0.156855 0.465855
vn 0.301268 -0.939822 0.161161
vn 0.684271 -0.156840 0.712162
vn 0.236722 -0.939821 0.246370
vn 0.430712 -0.156827 0.888759
vn 0.149005 -0.939821 0.307465
vn 0.134991 -0.156836 0.978356
vn 0.046700 -0.939821 0.338460
vn -0.173944 -0.156837 0.972186
vn -0.060176 -0.939822 0.336325
vn -0.465854 -0.156832 0.870852
vn -0.161161 -0.939821 0.301270
vn -0.712163 -0.156833 0.684271
vn -0.246370 -0.939822 0.236722
vn -0.888758 -0.156831 0.430712
vn -0.307462 -0.939822 0.149003
vn -0.978355 -0.156839 0.134990
vn -0.338460 -0.939821 0.046699
vn -0.972185 -0.156844 -0.173946
vn -0.336327 -0.939821 -0.060177
vn -0.870851 -0.156842 -0.465852
vn -0.301268 -0.939822 -0.161160
vn -0.684271 -0.156844 -0.712161
vn -0.236721 -0.939822 -0.246369
vn -0.430713 -0.156839 -0.888756
vn -0.149004 -0.939821 -0.307464
vn 0.039595 -0.974400 -0.221307
vn -0.030731 -0.974400 -0.222713
vn 0.106049 -0.974399 -0.198242
vn 0.162117 -0.974400 -0.155767
vn 0.202315 -0.974400 -0.098046
vn 0.222711 -0.974400 -0.030729
vn 0.221310 -0.974399 0.039597
vn 0.198239 -0.974400 0.106047
vn 0.155768 -0.974400 0.162117
vn 0.098047 -0.974400 0.202317
vn 0.030729 -0.974400 0.222713
vn -0.039596 -0.974400 0.221306
vn -0.106048 -0.974399 0.198241
vn -0.162116 -0.974400 0.155767
vn -0.202314 -0.974400 0.098046
vn -0.222712 -0.974400 0.030729
vn -0.221311 -0.974399 -0.039597
vn -0.198237 -0.974401 -0.106046
vn -0.155766 -0.974400 -0.162117
vn -0.098047 -0.974400 -0.202316
vn 0.176056 0.026481 -0.984024
vn -0.136641 0.026482 -0.990267
vn 0.471528 0.026481 -0.881453
vn 0.720833 0.026480 -0.692603
vn 0.899579 0.026481 -0.435956
vn 0.990268 0.026481 -0.136635
vn 0.984023 0.026481 0.176061
vn 0.881451 0.026480 0.471533
vn 0.692604 0.026481 0.720831
vn 0.435956 0.026481 0.899579
vn 0.136633 0.026480 0.990268
vn -0.176057 0.026480 0.984024
vn -0.471531 0.026481 0.881452
vn -0.720834 0.026481 0.692601
vn -0.899579 0.026481 0.435956
vn -0.990267 0.026481 0.136637
vn -0.984024 0.026481 -0.176058
vn -0.881451 0.026480 -0.471532
vn -0.692598 0.026481 -0.720838
vn -0.435956 0.026481 -0.899579
vn 0.176049 -0.028085 -0.983981
vn -0.136635 -0.028085 -0.990223
vn 0.471507 -0.028084 -0.881415
vn 0.720801 -0.028085 -0.692573
vn 0.899539 -0.028084 -0.435937
vn 0.990224 -0.028084 -0.136627
vn 0.983980 -0.028086 0.176054
vn 0.881413 -0.028086 0.471512
vn 0.692573 -0.028083 0.720801
vn 0.435937 -0.028083 0.899539
vn 0.136628 -0.028084 0.990224
vn -0.176050 -0.028086 0.983981
vn -0.471510 -0.028085 0.881413
vn -0.720803 -0.028082 0.692571
vn -0.899539 -0.028085 0.435937
vn -0.990224 -0.028086 0.136630
vn -0.983980 -0.028084 -0.176051
vn -0.881413 -0.028085 -0.471511
vn -0.692567 -0.028085 -0.720806
vn -0.435937 -0.028084 -0.899539
vn 0.000000 1.000000 -0.000000
vn 0.000000 1.000000 -0.000000
vn 0.000000 1.000000 -0.000000
vn 0.000000 1.000000 -0.000000
vn 0.000000 1.000000 -0.000000
vn 0.000000 1.000000 -0.000000
vn 0.000000 1.000000 -0.000000
vn 0.000000 1.000000 -0.000000
vn 0.000000 1.000000 -0.000000
vn 0.000000 1.000000 -0.000000
vn 0.000000 1.000000 -0.000000
vn 0.000000 1.000000 -0.000000
vn 0.000000 1.000000 -0.000000
vn 0.000000 1.000000 -0.000000
vn 0.000000 1.000000 -0.000000
vn 0.000000 1.000000 -0.000000
vn 0.000000 1.000000 -0.000000
vn 0.000000 1.000000 -0.000000
vn 0.000000 1.000000 -0.000000
vn 0.000000 1.000000 -0.000000
vn -0.000004 -1.000000 0.000002
vn -0.134991 -0.156842 -0.978355
vn 0.173945 -0.156848 -0.972184
vn 0.060176 -0.939821 -0.336325
vn -0.046700 -0.939822 -0.338459
vn 0.465853 -0.156840 -0.870851
vn 0.161163 -0.939820 -0.301273
vn 0.712163 -0.156835 -0.684271
vn 0.246371 -0.939821 -0.236722
vn 0.888758 -0.156835 -0.430712
vn 0.307462 -0.939822 -0.149002
vn 0.978356 -0.156835 -0.134991
vn 0.338461 -0.939821 -0.046700
vn 0.972185 -0.156841 0.173947
vn 0.336328 -0.939820 0.060177
vn 0.870848 -0.156852 0.465855
vn 0.301268 -0.939821 0.161161
vn 0.684271 -0.156840 0.712162
vn 0.236722 -0.939821 0.246370
vn 0.430712 -0.156827 0.888759
vn 0.149004 -0.939821 0.307465
vn 0.134991 -0.156836 0.978356
vn 0.046700 -0.939822 0.338459
vn -0.173944 -0.156839 0.972186
vn -0.060175 -0.939822 0.336324
vn -0.465855 -0.156835 0.870852
vn -0.161162 -0.939821 0.301270
vn -0.712163 -0.156832 0.684272
vn -0.246371 -0.939821 0.236722
vn -0.888759 -0.156829 0.430712
vn -0.307462 -0.939822 0.149003
vn -0.978356 -0.156838 0.134990
vn -0.338460 -0.939821 0.046699
vn -0.972185 -0.156844 -0.173946
vn -0.336327 -0.939821 -0.060176
vn -0.870850 -0.156852 -0.465852
vn -0.301268 -0.939822 -0.161160
vn -0.684270 -0.156854 -0.712160
vn -0.236720 -0.939822 -0.246369
vn -0.430713 -0.156839 -0.888756
vn -0.149004 -0.939821 -0.307464
vn 0.039596 -0.974400 -0.221307
vn -0.030731 -0.974400 -0.222712
vn 0.106049 -0.974399 -0.198243
vn 0.162116 -0.974400 -0.155766
vn 0.202314 -0.974400 -0.098046
vn 0.222712 -0.974400 -0.030730
vn 0.221311 -0.974399 0.039597
vn 0.198239 -0.974400 0.106047
vn 0.155768 -0.974400 0.162117
vn 0.098047 -0.974400 0.202317
vn 0.030729 -0.974400 0.222713
vn -0.039595 -0.974400 0.221306
vn -0.106048 -0.974399 0.198242
vn -0.162116 -0.974400 0.155767
vn -0.202314 -0.974400 0.098046
vn -0.222712 -0.974400 0.030729
vn -0.221311 -0.974399 -0.039597
vn -0.198237 -0.974400 -0.106047
vn -0.155766 -0.974400 -0.162117
vn -0.098047 -0.974400 -0.202317
vn 0.176057 0.026481 -0.984024
vn -0.136641 0.026482 -0.990267
vn 0.471530 0.026481 -0.881453
vn 0.720833 0.026480 -0.692603
vn 0.899579 0.026481 -0.435956
vn 0.990268 0.026481 -0.136635
vn 0.984023 0.026481 0.176059
vn 0.881451 0.026481 0.471532
vn 0.692604 0.026481 0.720832
vn 0.435956 0.026481 0.899579
vn 0.136632 0.026480 0.990268
vn -0.176056 0.026480 0.984024
vn -0.471530 0.026481 0.881453
vn -0.720834 0.026481 0.692601
vn -0.899579 0.026481 0.435956
vn -0.990267 0.026481 0.136637
vn -0.984023 0.026481 -0.176059
vn -0.881451 0.026480 -0.471533
vn -0.692598 0.026481 -0.720837
vn -0.435956 0.026481 -0.899579
vn 0.176050 -0.028085 -0.983981
vn -0.136635 -0.028085 -0.990223
vn 0.471508 -0.028084 -0.881414
vn 0.720801 -0.028085 -0.692573
vn 0.899539 -0.028084 -0.435937
vn 0.990224 -0.028084 -0.136627
vn 0.983980 -0.028086 0.176052
vn 0.881413 -0.028086 0.471511
vn 0.692573 -0.028083 0.720801
vn 0.435937 -0.028083 0.899539
vn 0.136627 -0.028084 0.990224
vn -0.176049 -0.028086 0.983981
vn -0.471508 -0.028085 0.881414
vn -0.720803 -0.028082 0.692571
vn -0.899539 -0.028085 0.435937
vn -0.990224 -0.028086 0.136630
vn -0.983980 -0.028084 -0.176052
vn -0.881413 -0.028085 -0.471512
vn -0.692568 -0.028085 -0.720806
vn -0.435937 -0.028084 -0.899539
vn 0.000000 1.000000 -0.000000
vn 0.000000 1.000000 -0.000000
vn 0.000000 1.000000 -0.000000
vn 0.000000 1.000000 -0.000000
vn 0.000000 1.000000 -0.000000
vn 0.000000 1.000000 -0.000000
vn 0.000000 1.000000 -0.000000
vn 0.000000 1.000000 -0.000000
vn 0.000000 1.000000 -0.000000
vn 0.000000 1.000000 -0.000000
vn 0.000000 1.000000 -0.000000
vn 0.000000 1.000000 -0.000000
vn 0.000000 1.000000 -0.000000
vn 0.000000 1.000000 -0.000000
vn 0.000000 1.000000 -0.000000
vn 0.000000 1.000000 -0.000000
vn 0.000000 1.000000 -0.000000
vn 0.000000 1.000000 -0.000000
vn 0.000000 1.000000 -0.000000
vn 0.000000 1.000000 -0.000000
vn -0.000004 -1.000000 0.000002
s off
g Board2
usemtl initialShadingGroup
f 2021/2621/2461 2022/2622/2462 2024/2624/2463 2023/2623/2464
f 2023/2623/2465 2024/2624/2466 2026/2626/2467 2025/2625/2468
f 2025/2625/2469 2026/2626/2470 2028/2628/2471 2027/2627/2472
f 2027/2627/2473 2028/2628/2474 2022/2630/2475 2021/2629/2476
f 2022/2622/2477 2028/2631/2478 2026/2632/2479 2024/2624/2480
f 2027/2633/2481 2021/2621/2482 2023/2623/2483 2025/2634/2484
s 1
f 2029/2635/2485 2030/2636/2486 2034/2637/2487 2033/2638/2488
f 2030/2636/2486 2031/2639/2489 2035/2640/2490 2034/2637/2487
f 2031/2639/2489 2032/2641/2491 2036/2642/2492 2035/2640/2490
f 2032/2641/2491 2029/2643/2485 2033/2644/2488 2036/2642/2492
f 2033/2638/2488 2034/2637/2487 2038/2645/2493 2037/2646/2494
f 2034/2637/2487 2035/2640/2490 2039/2647/2495 2038/2645/2493
f 2035/2640/2490 2036/2642/2492 2040/2648/2496 2039/2647/2495
f 2036/2642/2492 2033/2644/2488 2037/2649/2494 2040/2648/2496
f 2037/2646/2494 2038/2645/2493 2042/2650/2497 2041/2651/2498
f 2038/2645/2493 2039/2647/2495 2043/2652/2499 2042/2650/2497
f 2039/2647/2495 2040/2648/2496 2044/2653/2500 2043/2652/2499
f 2040/2648/2496 2037/2649/2494 2041/2654/2498 2044/2653/2500
f 2041/2651/2498 2042/2650/2497 2046/2655/2501 2045/2656/2502
f 2042/2650/2497 2043/2652/2499 2047/2657/2503 2046/2655/2501
f 2043/2652/2499 2044/2653/2500 2048/2658/2504 2047/2657/2503
f 2044/2653/2500 2041/2654/2498 2045/2659/2502 2048/2658/2504
f 2045/2656/2502 2046/2655/2501 2050/2660/2505 2049/2661/2506
f 2046/2655/2501 2047/2657/2503 2051/2662/2507 2050/2660/2505
f 2047/2657/2503 2048/2658/2504 2052/2663/2508 2051/2662/2507
f 2048/2658/2504 2045/2659/2502 2049/2664/2506 2052/2663/2508
f 2049/2661/2506 2050/2660/2505 2054/2665/2509 2053/2666/2510
f 2050/2660/2505 2051/2662/2507 2055/2667/2511 2054/2665/2509
f 2051/2662/2507 2052/2663/2508 2056/2668/2512 2055/2667/2511
f 2052/2663/2508 2049/2664/2506 2053/2669/2510 2056/2668/2512
f 2053/2666/2510 2054/2665/2509 2058/2670/2513 2057/2671/2514
f 2054/2665/2509 2055/2667/2511 2059/2672/2515 2058/2670/2513
f 2055/2667/2511 2056/2668/2512 2060/2673/2516 2059/2672/2515
f 2056/2668/2512 2053/2669/2510 2057/2674/2514 2060/2673/2516
s off
f 2029/2675/2517 2032/2676/2518 2031/2677/2519 2030/2678/2520
s 1
f 2057/2671/2514 2058/2670/2513 2061/2679/2521
f 2058/2670/2513 2059/2672/2515 2061/2679/2522
f 2059/2672/2515 2060/2673/2516 2061/2679/2523
f 2060/2673/2516 2057/2674/2514 2061/2679/2524
s 2
f 2062/2680/2525 2063/2681/2526 2067/2682/2527 2066/2683/2528
f 2063/2681/2526 2064/2684/2529 2068/2685/2530 2067/2682/2527
f 2064/2684/2529 2065/2686/2531 2069/2687/2532 2068/2685/2530
f 2065/2686/2531 2062/2688/2525 2066/2689/2528 2069/2687/2532
f 2066/2683/2528 2067/2682/2527 2071/2690/2533 2070/2691/2534
f 2067/2682/2527 2068/2685/2530 2072/2692/2535 2071/2690/2533
f 2068/2685/2530 2069/2687/2532 2073/2693/2536 2072/2692/2535
f 2069/2687/2532 2066/2689/2528 2070/2694/2534 2073/2693/2536
f 2070/2691/2534 2071/2690/2533 2075/2695/2537 2074/2696/2538
f 2071/2690/2533 2072/2692/2535 2076/2697/2539 2075/2695/2537
f 2072/2692/2535 2073/2693/2536 2077/2698/2540 2076/2697/2539
f 2073/2693/2536 2070/2694/2534 2074/2699/2538 2077/2698/2540
f 2074/2696/2538 2075/2695/2537 2079/2700/2541 2078/2701/2542
f 2075/2695/2537 2076/2697/2539 2080/2702/2543 2079/2700/2541
f 2076/2697/2539 2077/2698/2540 2081/2703/2544 2080/2702/2543
f 2077/2698/2540 2074/2699/2538 2078/2704/2542 2081/2703/2544
f 2078/2701/2542 2079/2700/2541 2083/2705/2545 2082/2706/2546
f 2079/2700/2541 2080/2702/2543 2084/2707/2547 2083/2705/2545
f 2080/2702/2543 2081/2703/2544 2085/2708/2548 2084/2707/2547
f 2081/2703/2544 2078/2704/2542 2082/2709/2546 2085/2708/2548
f 2082/2706/2546 2083/2705/2545 2087/2710/2549 2086/2711/2550
f 2083/2705/2545 2084/2707/2547 2088/2712/2551 2087/2710/2549
f 2084/2707/2547 2085/2708/2548 2089/2713/2552 2088/2712/2551
f 2085/2708/2548 2082/2709/2546 2086/2714/2550 2089/2713/2552
f 2086/2711/2550 2087/2710/2549 2091/2715/2553 2090/2716/2554
f 2087/2710/2549 2088/2712/2551 2092/2717/2555 2091/2715/2553
f 2088/2712/2551 2089/2713/2552 2093/2718/2556 2092/2717/2555
f 2089/2713/2552 2086/2714/2550 2090/2719/2554 2093/2718/2556
s off
f 2062/2720/2557 2065/2721/2558 2064/2722/2559 2063/2723/2560
s 2
f 2090/2716/2554 2091/2715/2553 2094/2724/2561
f 2091/2715/2553 2092/2717/2555 2094/2724/2562
f 2092/2717/2555 2093/2718/2556 2094/2724/2563
f 2093/2718/2556 2090/2719/2554 2094/2724/2564
s 3
f 2095/2725/2565 2096/2726/2566 2100/2727/2567 2099/2728/2568
f 2096/2726/2566 2097/2729/2569 2101/2730/2570 2100/2727/2567
f 2097/2729/2569 2098/2731/2571 2102/2732/2572 2101/2730/2570
f 2098/2731/2571 2095/2733/2565 2099/2734/2568 2102/2732/2572
f 2099/2728/2568 2100/2727/2567 2104/2735/2573 2103/2736/2574
f 2100/2727/2567 2101/2730/2570 2105/2737/2575 2104/2735/2573
f 2101/2730/2570 2102/2732/2572 2106/2738/2576 2105/2737/2575
f 2102/2732/2572 2099/2734/2568 2103/2739/2574 2106/2738/2576
f 2103/2736/2574 2104/2735/2573 2108/2740/2577 2107/2741/2578
f 2104/2735/2573 2105/2737/2575 2109/2742/2579 2108/2740/2577
f 2105/2737/2575 2106/2738/2576 2110/2743/2580 2109/2742/2579
f 2106/2738/2576 2103/2739/2574 2107/2744/2578 2110/2743/2580
f 2107/2741/2578 2108/2740/2577 2112/2745/2581 2111/2746/2582
f 2108/2740/2577 2109/2742/2579 2113/2747/2583 2112/2745/2581
f 2109/2742/2579 2110/2743/2580 2114/2748/2584 2113/2747/2583
f 2110/2743/2580 2107/2744/2578 2111/2749/2582 2114/2748/2584
f 2111/2746/2582 2112/2745/2581 2116/2750/2585 2115/2751/2586
f 2112/2745/2581 2113/2747/2583 2117/2752/2587 2116/2750/2585
f 2113/2747/2583 2114/2748/2584 2118/2753/2588 2117/2752/2587
f 2114/2748/2584 2111/2749/2582 2115/2754/2586 2118/2753/2588
f 2115/2751/2586 2116/2750/2585 2120/2755/2589 2119/2756/2590
f 2116/2750/2585 2117/2752/2587 2121/2757/2591 2120/2755/2589
f 2117/2752/2587 2118/2753/2588 2122/2758/2592 2121/2757/2591
f 2118/2753/2588 2115/2754/2586 2119/2759/2590 2122/2758/2592
f 2119/2756/2590 2120/2755/2589 2124/2760/2593 2123/2761/2594
f 2120/2755/2589 2121/2757/2591 2125/2762/2595 2124/2760/2593
f 2121/2757/2591 2122/2758/2592 2126/2763/2596 2125/2762/2595
f 2122/2758/2592 2119/2759/2590 2123/2764/2594 2126/2763/2596
s off
f 2095/2765/2597 2098/2766/2598 2097/2767/2599 2096/2768/2600
s 3
f 2123/2761/2594 2124/2760/2593 2127/2769/2601
f 2124/2760/2593 2125/2762/2595 2127/2769/2602
f 2125/2762/2595 2126/2763/2596 2127/2769/2603
f 2126/2763/2596 2123/2764/2594 2127/2769/2604
s 4
f 2128/2770/2605 2129/2771/2606 2133/2772/2607 2132/2773/2608
f 2129/2771/2606 2130/2774/2609 2134/2775/2610 2133/2772/2607
f 2130/2774/2609 2131/2776/2611 2135/2777/2612 2134/2775/2610
f 2131/2776/2611 2128/2778/2605 2132/2779/2608 2135/2777/2612
f 2132/2773/2608 2133/2772/2607 2137/2780/2613 2136/2781/2614
f 2133/2772/2607 2134/2775/2610 2138/2782/2615 2137/2780/2613
f 2134/2775/2610 2135/2777/2612 2139/2783/2616 2138/2782/2615
f 2135/2777/2612 2132/2779/2608 2136/2784/2614 2139/2783/2616
f 2136/2781/2614 2137/2780/2613 2141/2785/2617 2140/2786/2618
f 2137/2780/2613 2138/2782/2615 2142/2787/2619 2141/2785/2617
f 2138/2782/2615 2139/2783/2616 2143/2788/2620 2142/2787/2619
f 2139/2783/2616 2136/2784/2614 2140/2789/2618 2143/2788/2620
f 2140/2786/2618 2141/2785/2617 2145/2790/2621 2144/2791/2622
f 2141/2785/2617 2142/2787/2619 2146/2792/2623 2145/2790/2621
f 2142/2787/2619 2143/2788/2620 2147/2793/2624 2146/2792/2623
f 2143/2788/2620 2140/2789/2618 2144/2794/2622 2147/2793/2624
f 2144/2791/2622 2145/2790/2621 2149/2795/2625 2148/2796/2626
f 2145/2790/2621 2146/2792/2623 2150/2797/2627 2149/2795/2625
f 2146/2792/2623 2147/2793/2624 2151/2798/2628 2150/2797/2627
f 2147/2793/2624 2144/2794/2622 2148/2799/2626 2151/2798/2628
f 2148/2796/2626 2149/2795/2625 2153/2800/2629 2152/2801/2630
f 2149/2795/2625 2150/2797/2627 2154/2802/2631 2153/2800/2629
f 2150/2797/2627 2151/2798/2628 2155/2803/2632 2154/2802/2631
f 2151/2798/2628 2148/2799/2626 2152/2804/2630 2155/2803/2632
f 2152/2801/2630 2153/2800/2629 2157/2805/2633 2156/2806/2634
f 2153/2800/2629 2154/2802/2631 2158/2807/2635 2157/2805/2633
f 2154/2802/2631 2155/2803/2632 2159/2808/2636 2158/2807/2635
f 2155/2803/2632 2152/2804/2630 2156/2809/2634 2159/2808/2636
s off
f 2128/2810/2637 2131/2811/2638 2130/2812/2639 2129/2813/2640
s 4
f 2156/2806/2634 2157/2805/2633 2160/2814/2641
f 2157/2805/2633 2158/2807/2635 2160/2814/2642
f 2158/2807/2635 2159/2808/2636 2160/2814/2643
f 2159/2808/2636 2156/2809/2634 2160/2814/2644
s 5
f 2161/2815/2645 2162/2816/2646 2166/2817/2647 2165/2818/2648
f 2162/2816/2646 2163/2819/2649 2167/2820/2650 2166/2817/2647
f 2163/2819/2649 2164/2821/2651 2168/2822/2652 2167/2820/2650
f 2164/2821/2651 2161/2823/2645 2165/2824/2648 2168/2822/2652
f 2165/2818/2648 2166/2817/2647 2170/2825/2653 2169/2826/2654
f 2166/2817/2647 2167/2820/2650 2171/2827/2655 2170/2825/2653
f 2167/2820/2650 2168/2822/2652 2172/2828/2656 2171/2827/2655
f 2168/2822/2652 2165/2824/2648 2169/2829/2654 2172/2828/2656
f 2169/2826/2654 2170/2825/2653 2174/2830/2657 2173/2831/2658
f 2170/2825/2653 2171/2827/2655 2175/2832/2659 2174/2830/2657
f 2171/2827/2655 2172/2828/2656 2176/2833/2660 2175/2832/2659
f 2172/2828/2656 2169/2829/2654 2173/2834/2658 2176/2833/2660
f 2173/2831/2658 2174/2830/2657 2178/2835/2661 2177/2836/2662
f 2174/2830/2657 2175/2832/2659 2179/2837/2663 2178/2835/2661
f 2175/2832/2659 2176/2833/2660 2180/2838/2664 2179/2837/2663
f 2176/2833/2660 2173/2834/2658 2177/2839/2662 2180/2838/2664
f 2177/2836/2662 2178/2835/2661 2182/2840/2665 2181/2841/2666
f 2178/2835/2661 2179/2837/2663 2183/2842/2667 2182/2840/2665
f 2179/2837/2663 2180/2838/2664 2184/2843/2668 2183/2842/2667
f 2180/2838/2664 2177/2839/2662 2181/2844/2666 2184/2843/2668
f 2181/2841/2666 2182/2840/2665 2186/2845/2669 2185/2846/2670
f 2182/2840/2665 2183/2842/2667 2187/2847/2671 2186/2845/2669
f 2183/2842/2667 2184/2843/2668 2188/2848/2672 2187/2847/2671
f 2184/2843/2668 2181/2844/2666 2185/2849/2670 2188/2848/2672
f 2185/2846/2670 2186/2845/2669 2190/2850/2673 2189/2851/2674
f 2186/2845/2669 2187/2847/2671 2191/2852/2675 2190/2850/2673
f 2187/2847/2671 2188/2848/2672 2192/2853/2676 2191/2852/2675
f 2188/2848/2672 2185/2849/2670 2189/2854/2674 2192/2853/2676
s off
f 2161/2855/2677 2164/2856/2678 2163/2857/2679 2162/2858/2680
s 5
f 2189/2851/2674 2190/2850/2673 2193/2859/2681
f 2190/2850/2673 2191/2852/2675 2193/2859/2682
f 2191/2852/2675 2192/2853/2676 2193/2859/2683
f 2192/2853/2676 2189/2854/2674 2193/2859/2684
s 6
f 2194/2860/2685 2195/2861/2686 2199/2862/2687 2198/2863/2688
f 2195/2861/2686 2196/2864/2689 2200/2865/2690 2199/2862/2687
f 2196/2864/2689 2197/2866/2691 2201/2867/2692 2200/2865/2690
f 2197/2866/2691 2194/2868/2685 2198/2869/2688 2201/2867/2692
f 2198/2863/2688 2199/2862/2687 2203/2870/2693 2202/2871/2694
f 2199/2862/2687 2200/2865/2690 2204/2872/2695 2203/2870/2693
f 2200/2865/2690 2201/2867/2692 2205/2873/2696 2204/2872/2695
f 2201/2867/2692 2198/2869/2688 2202/2874/2694 2205/2873/2696
f 2202/2871/2694 2203/2870/2693 2207/2875/2697 2206/2876/2698
f 2203/2870/2693 2204/2872/2695 2208/2877/2699 2207/2875/2697
f 2204/2872/2695 2205/2873/2696 2209/2878/2700 2208/2877/2699
f 2205/2873/2696 2202/2874/2694 2206/2879/2698 2209/2878/2700
f 2206/2876/2698 2207/2875/2697 2211/2880/2701 2210/2881/2702
f 2207/2875/2697 2208/2877/2699 2212/2882/2703 2211/2880/2701
f 2208/2877/2699 2209/2878/2700 2213/2883/2704 2212/2882/2703
f 2209/2878/2700 2206/2879/2698 2210/2884/2702 2213/2883/2704
f 2210/2881/2702 2211/2880/2701 2215/2885/2705 2214/2886/2706
f 2211/2880/2701 2212/2882/2703 2216/2887/2707 2215/2885/2705
f 2212/2882/2703 2213/2883/2704 2217/2888/2708 2216/2887/2707
f 2213/2883/2704 2210/2884/2702 2214/2889/2706 2217/2888/2708
f 2214/2886/2706 2215/2885/2705 2219/2890/2709 2218/2891/2710
f 2215/2885/2705 2216/2887/2707 2220/2892/2711 2219/2890/2709
f 2216/2887/2707 2217/2888/2708 2221/2893/2712 2220/2892/2711
f 2217/2888/2708 2214/2889/2706 2218/2894/2710 2221/2893/2712
f 2218/2891/2710 2219/2890/2709 2223/2895/2713 2222/2896/2714
f 2219/2890/2709 2220/2892/2711 2224/2897/2715 2223/2895/2713
f 2220/2892/2711 2221/2893/2712 2225/2898/2716 2224/2897/2715
f 2221/2893/2712 2218/2894/2710 2222/2899/2714 2225/2898/2716
s off
f 2194/2900/2717 2197/2901/2718 2196/2902/2719 2195/2903/2720
s 6
f 2222/2896/2714 2223/2895/2713 2226/2904/2721
f 2223/2895/2713 2224/2897/2715 2226/2904/2722
f 2224/2897/2715 2225/2898/2716 2226/2904/2723
f 2225/2898/2716 2222/2899/2714 2226/2904/2724
s 7
f 2227/2905/2725 2228/2906/2726 2232/2907/2727 2231/2908/2728
f 2228/2906/2726 2229/2909/2729 2233/2910/2730 2232/2907/2727
f 2229/2909/2729 2230/2911/2731 2234/2912/2732 2233/2910/2730
f 2230/2911/2731 2227/2913/2725 2231/2914/2728 2234/2912/2732
f 2231/2908/2728 2232/2907/2727 2236/2915/2733 2235/2916/2734
f 2232/2907/2727 2233/2910/2730 2237/2917/2735 2236/2915/2733
f 2233/2910/2730 2234/2912/2732 2238/2918/2736 2237/2917/2735
f 2234/2912/2732 2231/2914/2728 2235/2919/2734 2238/2918/2736
f 2235/2916/2734 2236/2915/2733 2240/2920/2737 2239/2921/2738
f 2236/2915/2733 2237/2917/2735 2241/2922/2739 2240/2920/2737
f 2237/2917/2735 2238/2918/2736 2242/2923/2740 2241/2922/2739
f 2238/2918/2736 2235/2919/2734 2239/2924/2738 2242/2923/2740
f 2239/2921/2738 2240/2920/2737 2244/2925/2741 2243/2926/2742
f 2240/2920/2737 2241/2922/2739 2245/2927/2743 2244/2925/2741
f 2241/2922/2739 2242/2923/2740 2246/2928/2744 2245/2927/2743
f 2242/2923/2740 2239/2924/2738 2243/2929/2742 2246/2928/2744
f 2243/2926/2742 2244/2925/2741 2248/2930/2745 2247/2931/2746
f 2244/2925/2741 2245/2927/2743 2249/2932/2747 2248/2930/2745
f 2245/2927/2743 2246/2928/2744 2250/2933/2748 2249/2932/2747
f 2246/2928/2744 2243/2929/2742 2247/2934/2746 2250/2933/2748
f 2247/2931/2746 2248/2930/2745 2252/2935/2749 2251/2936/2750
f 2248/2930/2745 2249/2932/2747 2253/2937/2751 2252/2935/2749
f 2249/2932/2747 2250/2933/2748 2254/2938/2752 2253/2937/2751
f 2250/2933/2748 2247/2934/2746 2251/2939/2750 2254/2938/2752
f 2251/2936/2750 2252/2935/2749 2256/2940/2753 2255/2941/2754
f 2252/2935/2749 2253/2937/2751 2257/2942/2755 2256/2940/2753
f 2253/2937/2751 2254/2938/2752 2258/2943/2756 2257/2942/2755
f 2254/2938/2752 2251/2939/2750 2255/2944/2754 2258/2943/2756
s off
f 2227/2945/2757 2230/2946/2758 2229/2947/2759 2228/2948/2760
s 7
f 2255/2941/2754 2256/2940/2753 2259/2949/2761
f 2256/2940/2753 2257/2942/2755 2259/2949/2762
f 2257/2942/2755 2258/2943/2756 2259/2949/2763
f 2258/2943/2756 2255/2944/2754 2259/2949/2764
s 8
f 2260/2950/2765 2261/2951/2766 2265/2952/2767 2264/2953/2768
f 2261/2951/2766 2262/2954/2769 2266/2955/2770 2265/2952/2767
f 2262/2954/2769 2263/2956/2771 2267/2957/2772 2266/2955/2770
f 2263/2956/2771 2260/2958/2765 2264/2959/2768 2267/2957/2772
f 2264/2953/2768 2265/2952/2767 2269/2960/2773 2268/2961/2774
f 2265/2952/2767 2266/2955/2770 2270/2962/2775 2269/2960/2773
f 2266/2955/2770 2267/2957/2772 2271/2963/2776 2270/2962/2775
f 2267/2957/2772 2264/2959/2768 2268/2964/2774 2271/2963/2776
f 2268/2961/2774 2269/2960/2773 2273/2965/2777 2272/2966/2778
f 2269/2960/2773 2270/2962/2775 2274/2967/2779 2273/2965/2777
f 2270/2962/2775 2271/2963/2776 2275/2968/2780 2274/2967/2779
f 2271/2963/2776 2268/2964/2774 2272/2969/2778 2275/2968/2780
f 2272/2966/2778 2273/2965/2777 2277/2970/2781 2276/2971/2782
f 2273/2965/2777 2274/2967/2779 2278/2972/2783 2277/2970/2781
f 2274/2967/2779 2275/2968/2780 2279/2973/2784 2278/2972/2783
f 2275/2968/2780 2272/2969/2778 2276/2974/2782 2279/2973/2784
f 2276/2971/2782 2277/2970/2781 2281/2975/2785 2280/2976/2786
f 2277/2970/2781 2278/2972/2783 2282/2977/2787 2281/2975/2785
f 2278/2972/2783 2279/2973/2784 2283/2978/2788 2282/2977/2787
f 2279/2973/2784 2276/2974/2782 2280/2979/2786 2283/2978/2788
f 2280/2976/2786 2281/2975/2785 2285/2980/2789 2284/2981/2790
f 2281/2975/2785 2282/2977/2787 2286/2982/2791 2285/2980/2789
f 2282/2977/2787 2283/2978/2788 2287/2983/2792 2286/2982/2791
f 2283/2978/2788 2280/2979/2786 2284/2984/2790 2287/2983/2792
f 2284/2981/2790 2285/2980/2789 2289/2985/2793 2288/2986/2794
f 2285/2980/2789 2286/2982/2791 2290/2987/2795 2289/2985/2793
f 2286/2982/2791 2287/2983/2792 2291/2988/2796 2290/2987/2795
f 2287/2983/2792 2284/2984/2790 2288/2989/2794 2291/2988/2796
s off
f 2260/2990/2797 2263/2991/2798 2262/2992/2799 2261/2993/2800
s 8
f 2288/2986/2794 2289/2985/2793 2292/2994/2801
f 2289/2985/2793 2290/2987/2795 2292/2994/2802
f 2290/2987/2795 2291/2988/2796 2292/2994/2803
f 2291/2988/2796 2288/2989/2794 2292/2994/2804
s 9
f 2293/2995/2805 2294/2996/2806 2298/2997/2807 2297/2998/2808
f 2294/2996/2806 2295/2999/2809 2299/3000/2810 2298/2997/2807
f 2295/2999/2809 2296/3001/2811 2300/3002/2812 2299/3000/2810
f 2296/3001/2811 2293/3003/2805 2297/3004/2808 2300/3002/2812
f 2297/2998/2808 2298/2997/2807 2302/3005/2813 2301/3006/2814
f 2298/2997/2807 2299/3000/2810 2303/3007/2815 2302/3005/2813
f 2299/3000/2810 2300/3002/2812 2304/3008/2816 2303/3007/2815
f 2300/3002/2812 2297/3004/2808 2301/3009/2814 2304/3008/2816
f 2301/3006/2814 2302/3005/2813 2306/3010/2817 2305/3011/2818
f 2302/3005/2813 2303/3007/2815 2307/3012/2819 2306/3010/2817
f 2303/3007/2815 2304/3008/2816 2308/3013/2820 2307/3012/2819
f 2304/3008/2816 2301/3009/2814 2305/3014/2818 2308/3013/2820
f 2305/3011/2818 2306/3010/2817 2310/3015/2821 2309/3016/2822
f 2306/3010/2817 2307/3012/2819 2311/3017/2823 2310/3015/2821
f 2307/3012/2819 2308/3013/2820 2312/3018/2824 2311/3017/2823
f 2308/3013/2820 2305/3014/2818 2309/3019/2822 2312/3018/2824
f 2309/3016/2822 2310/3015/2821 2314/3020/2825 2313/3021/2826
f 2310/3015/2821 2311/3017/2823 2315/3022/2827 2314/3020/2825
f 2311/3017/2823 2312/3018/2824 2316/3023/2828 2315/3022/2827
f 2312/3018/2824 2309/3019/2822 2313/3024/2826 2316/3023/2828
f 2313/3021/2826 2314/3020/2825 2318/3025/2829 2317/3026/2830
f 2314/3020/2825 2315/3022/2827 2319/3027/2831 2318/3025/2829
f 2315/3022/2827 2316/3023/2828 2320/3028/2832 2319/3027/2831
f 2316/3023/2828 2313/3024/2826 2317/3029/2830 2320/3028/2832
f 2317/3026/2830 2318/3025/2829 2322/3030/2833 2321/3031/2834
f 2318/3025/2829 2319/3027/2831 2323/3032/2835 2322/3030/2833
f 2319/3027/2831 2320/3028/2832 2324/3033/2836 2323/3032/2835
f 2320/3028/2832 2317/3029/2830 2321/3034/2834 2324/3033/2836
s off
f 2293/3035/2837 2296/3036/2838 2295/3037/2839 2294/3038/2840
s 9
f 2321/3031/2834 2322/3030/2833 2325/3039/2841
f 2322/3030/2833 2323/3032/2835 2325/3039/2842
f 2323/3032/2835 2324/3033/2836 2325/3039/2843
f 2324/3033/2836 2321/3034/2834 2325/3039/2844
s 10
f 2326/3040/2845 2327/3041/2846 2331/3042/2847 2330/3043/2848
f 2327/3041/2846 2328/3044/2849 2332/3045/2850 2331/3042/2847
f 2328/3044/2849 2329/3046/2851 2333/3047/2852 2332/3045/2850
f 2329/3046/2851 2326/3048/2845 2330/3049/2848 2333/3047/2852
f 2330/3043/2848 2331/3042/2847 2335/3050/2853 2334/3051/2854
f 2331/3042/2847 2332/3045/2850 2336/3052/2855 2335/3050/2853
f 2332/3045/2850 2333/3047/2852 2337/3053/2856 2336/3052/2855
f 2333/3047/2852 2330/3049/2848 2334/3054/2854 2337/3053/2856
f 2334/3051/2854 2335/3050/2853 2339/3055/2857 2338/3056/2858
f 2335/3050/2853 2336/3052/2855 2340/3057/2859 2339/3055/2857
f 2336/3052/2855 2337/3053/2856 2341/3058/2860 2340/3057/2859
f 2337/3053/2856 2334/3054/2854 2338/3059/2858 2341/3058/2860
f 2338/3056/2858 2339/3055/2857 2343/3060/2861 2342/3061/2862
f 2339/3055/2857 2340/3057/2859 2344/3062/2863 2343/3060/2861
f 2340/3057/2859 2341/3058/2860 2345/3063/2864 2344/3062/2863
f 2341/3058/2860 2338/3059/2858 2342/3064/2862 2345/3063/2864
f 2342/3061/2862 2343/3060/2861 2347/3065/2865 2346/3066/2866
f 2343/3060/2861 2344/3062/2863 2348/3067/2867 2347/3065/2865
f 2344/3062/2863 2345/3063/2864 2349/3068/2868 2348/3067/2867
f 2345/3063/2864 2342/3064/2862 2346/3069/2866 2349/3068/2868
f 2346/3066/2866 2347/3065/2865 2351/3070/2869 2350/3071/2870
f 2347/3065/2865 2348/3067/2867 2352/3072/2871 2351/3070/2869
f 2348/3067/2867 2349/3068/2868 2353/3073/2872 2352/3072/2871
f 2349/3068/2868 2346/3069/2866 2350/3074/2870 2353/3073/2872
f 2350/3071/2870 2351/3070/2869 2355/3075/2873 2354/3076/2874
f 2351/3070/2869 2352/3072/2871 2356/3077/2875 2355/3075/2873
f 2352/3072/2871 2353/3073/2872 2357/3078/2876 2356/3077/2875
f 2353/3073/2872 2350/3074/2870 2354/3079/2874 2357/3078/2876
s off
f 2326/3080/2877 2329/3081/2878 2328/3082/2879 2327/3083/2880
s 10
f 2354/3076/2874 2355/3075/2873 2358/3084/2881
f 2355/3075/2873 2356/3077/2875 2358/3084/2882
f 2356/3077/2875 2357/3078/2876 2358/3084/2883
f 2357/3078/2876 2354/3079/2874 2358/3084/2884
s 11
f 2359/3085/2885 2360/3086/2886 2364/3087/2887 2363/3088/2888
f 2360/3086/2886 2361/3089/2889 2365/3090/2890 2364/3087/2887
f 2361/3089/2889 2362/3091/2891 2366/3092/2892 2365/3090/2890
f 2362/3091/2891 2359/3093/2885 2363/3094/2888 2366/3092/2892
f 2363/3088/2888 2364/3087/2887 2368/3095/2893 2367/3096/2894
f 2364/3087/2887 2365/3090/2890 2369/3097/2895 2368/3095/2893
f 2365/3090/2890 2366/3092/2892 2370/3098/2896 2369/3097/2895
f 2366/3092/2892 2363/3094/2888 2367/3099/2894 2370/3098/2896
f 2367/3096/2894 2368/3095/2893 2372/3100/2897 2371/3101/2898
f 2368/3095/2893 2369/3097/2895 2373/3102/2899 2372/3100/2897
f 2369/3097/2895 2370/3098/2896 2374/3103/2900 2373/3102/2899
f 2370/3098/2896 2367/3099/2894 2371/3104/2898 2374/3103/2900
f 2371/3101/2898 2372/3100/2897 2376/3105/2901 2375/3106/2902
f 2372/3100/2897 2373/3102/2899 2377/3107/2903 2376/3105/2901
f 2373/3102/2899 2374/3103/2900 2378/3108/2904 2377/3107/2903
f 2374/3103/2900 2371/3104/2898 2375/3109/2902 2378/3108/2904
f 2375/3106/2902 2376/3105/2901 2380/3110/2905 2379/3111/2906
f 2376/3105/2901 2377/3107/2903 2381/3112/2907 2380/3110/2905
f 2377/3107/2903 2378/3108/2904 2382/3113/2908 2381/3112/2907
f 2378/3108/2904 2375/3109/2902 2379/3114/2906 2382/3113/2908
f 2379/3111/2906 2380/3110/2905 2384/3115/2909 2383/3116/2910
f 2380/3110/2905 2381/3112/2907 2385/3117/2911 2384/3115/2909
f 2381/3112/2907 2382/3113/2908 2386/3118/2912 2385/3117/2911
f 2382/3113/2908 2379/3114/2906 2383/3119/2910 2386/3118/2912
f 2383/3116/2910 2384/3115/2909 2388/3120/2913 2387/3121/2914
f 2384/3115/2909 2385/3117/2911 2389/3122/2915 2388/3120/2913
f 2385/3117/2911 2386/3118/2912 2390/3123/2916 2389/3122/2915
f 2386/3118/2912 2383/3119/2910 2387/3124/2914 2390/3123/2916
s off
f 2359/3125/2917 2362/3126/2918 2361/3127/2919 2360/3128/2920
s 11
f 2387/3121/2914 2388/3120/2913 2391/3129/2921
f 2388/3120/2913 2389/3122/2915 2391/3129/2922
f 2389/3122/2915 2390/3123/2916 2391/3129/2923
f 2390/3123/2916 2387/3124/2914 2391/3129/2924
s 12
f 2392/3130/2925 2393/3131/2926 2397/3132/2927 2396/3133/2928
f 2393/3131/2926 2394/3134/2929 2398/3135/2930 2397/3132/2927
f 2394/3134/2929 2395/3136/2931 2399/3137/2932 2398/3135/2930
f 2395/3136/2931 2392/3138/2925 2396/3139/2928 2399/3137/2932
f 2396/3133/2928 2397/3132/2927 2401/3140/2933 2400/3141/2934
f 2397/3132/2927 2398/3135/2930 2402/3142/2935 2401/3140/2933
f 2398/3135/2930 2399/3137/2932 2403/3143/2936 2402/3142/2935
f 2399/3137/2932 2396/3139/2928 2400/3144/2934 2403/3143/2936
f 2400/3141/2934 2401/3140/2933 2405/3145/2937 2404/3146/2938
f 2401/3140/2933 2402/3142/2935 2406/3147/2939 2405/3145/2937
f 2402/3142/2935 2403/3143/2936 2407/3148/2940 2406/3147/2939
f 2403/3143/2936 2400/3144/2934 2404/3149/2938 2407/3148/2940
f 2404/3146/2938 2405/3145/2937 2409/3150/2941 2408/3151/2942
f 2405/3145/2937 2406/3147/2939 2410/3152/2943 2409/3150/2941
f 2406/3147/2939 2407/3148/2940 2411/3153/2944 2410/3152/2943
f 2407/3148/2940 2404/3149/2938 2408/3154/2942 2411/3153/2944
f 2408/3151/2942 2409/3150/2941 2413/3155/2945 2412/3156/2946
f 2409/3150/2941 2410/3152/2943 2414/3157/2947 2413/3155/2945
f 2410/3152/2943 2411/3153/2944 2415/3158/2948 2414/3157/2947
f 2411/3153/2944 2408/3154/2942 2412/3159/2946 2415/3158/2948
f 2412/3156/2946 2413/3155/2945 2417/3160/2949 2416/3161/2950
f 2413/3155/2945 2414/3157/2947 2418/3162/2951 2417/3160/2949
f 2414/3157/2947 2415/3158/2948 2419/3163/2952 2418/3162/2951
f 2415/3158/2948 2412/3159/2946 2416/3164/2950 2419/3163/2952
f 2416/3161/2950 2417/3160/2949 2421/3165/2953 2420/3166/2954
f 2417/3160/2949 2418/3162/2951 2422/3167/2955 2421/3165/2953
f 2418/3162/2951 2419/3163/2952 2423/3168/2956 2422/3167/2955
f 2419/3163/2952 2416/3164/2950 2420/3169/2954 2423/3168/2956
s off
f 2392/3170/2957 2395/3171/2958 2394/3172/2959 2393/3173/2960
s 12
f 2420/3166/2954 2421/3165/2953 2424/3174/2961
f 2421/3165/2953 2422/3167/2955 2424/3174/2962
f 2422/3167/2955 2423/3168/2956 2424/3174/2963
f 2423/3168/2956 2420/3169/2954 2424/3174/2964
s 13
f 2425/3175/2965 2426/3176/2966 2446/3177/2967 2445/3178/2968
f 2426/3176/2966 2427/3179/2969 2447/3180/2970 2446/3177/2967
f 2427/3179/2969 2428/3181/2971 2448/3182/2972 2447/3180/2970
f 2428/3181/2971 2429/3183/2973 2449/3184/2974 2448/3182/2972
f 2429/3183/2973 2430/3185/2975 2450/3186/2976 2449/3184/2974
f 2430/3185/2975 2431/3187/2977 2451/3188/2978 2450/3186/2976
f 2431/3187/2977 2432/3189/2979 2452/3190/2980 2451/3188/2978
f 2432/3189/2979 2433/3191/2981 2453/3192/2982 2452/3190/2980
f 2433/3191/2981 2434/3193/2983 2454/3194/2984 2453/3192/2982
f 2434/3193/2983 2435/3195/2985 2455/3196/2986 2454/3194/2984
f 2435/3195/2985 2436/3197/2987 2456/3198/2988 2455/3196/2986
f 2436/3197/2987 2437/3199/2989 2457/3200/2990 2456/3198/2988
f 2437/3199/2989 2438/3201/2991 2458/3202/2992 2457/3200/2990
f 2438/3201/2991 2439/3203/2993 2459/3204/2994 2458/3202/2992
f 2439/3203/2993 2440/3205/2995 2460/3206/2996 2459/3204/2994
f 2440/3205/2995 2441/3207/2997 2461/3208/2998 2460/3206/2996
f 2441/3207/2997 2442/3209/2999 2462/3210/3000 2461/3208/2998
f 2442/3209/2999 2443/3211/3001 2463/3212/3002 2462/3210/3000
f 2443/3211/3001 2444/3213/3003 2464/3214/3004 2463/3212/3002
f 2444/3213/3003 2425/3215/2965 2445/3216/2968 2464/3214/3004
f 2445/3178/2968 2446/3177/2967 2466/3217/3005 2465/3218/3006
f 2446/3177/2967 2447/3180/2970 2467/3219/3007 2466/3217/3005
f 2447/3180/2970 2448/3182/2972 2468/3220/3008 2467/3219/3007
f 2448/3182/2972 2449/3184/2974 2469/3221/3009 2468/3220/3008
f 2449/3184/2974 2450/3186/2976 2470/3222/3010 2469/3221/3009
f 2450/3186/2976 2451/3188/2978 2471/3223/3011 2470/3222/3010
f 2451/3188/2978 2452/3190/2980 2472/3224/3012 2471/3223/3011
f 2452/3190/2980 2453/3192/2982 2473/3225/3013 2472/3224/3012
f 2453/3192/2982 2454/3194/2984 2474/3226/3014 2473/3225/3013
f 2454/3194/2984 2455/3196/2986 2475/3227/3015 2474/3226/3014
f 2455/3196/2986 2456/3198/2988 2476/3228/3016 2475/3227/3015
f 2456/3198/2988 2457/3200/2990 2477/3229/3017 2476/3228/3016
f 2457/3200/2990 2458/3202/2992 2478/3230/3018 2477/3229/3017
f 2458/3202/2992 2459/3204/2994 2479/3231/3019 2478/3230/3018
f 2459/3204/2994 2460/3206/2996 2480/3232/3020 2479/3231/3019
f 2460/3206/2996 2461/3208/2998 2481/3233/3021 2480/3232/3020
f 2461/3208/2998 2462/3210/3000 2482/3234/3022 2481/3233/3021
f 2462/3210/3000 2463/3212/3002 2483/3235/3023 2482/3234/3022
f 2463/3212/3002 2464/3214/3004 2484/3236/3024 2483/3235/3023
f 2464/3214/3004 2445/3216/2968 2465/3237/3006 2484/3236/3024
f 2465/3218/3006 2466/3217/3005 2486/3238/3025 2485/3239/3026
f 2466/3217/3005 2467/3219/3007 2487/3240/3027 2486/3238/3025
f 2467/3219/3007 2468/3220/3008 2488/3241/3028 2487/3240/3027
f 2468/3220/3008 2469/3221/3009 2489/3242/3029 2488/3241/3028
f 2469/3221/3009 2470/3222/3010 2490/3243/3030 2489/3242/3029
f 2470/3222/3010 2471/3223/3011 2491/3244/3031 2490/3243/3030
f 2471/3223/3011 2472/3224/3012 2492/3245/3032 2491/3244/3031
f 2472/3224/3012 2473/3225/3013 2493/3246/3033 2492/3245/3032
f 2473/3225/3013 2474/3226/3014 2494/3247/3034 2493/3246/3033
f 2474/3226/3014 2475/3227/3015 2495/3248/3035 2494/3247/3034
f 2475/3227/3015 2476/3228/3016 2496/3249/3036 2495/3248/3035
f 2476/3228/3016 2477/3229/3017 2497/3250/3037 2496/3249/3036
f 2477/3229/3017 2478/3230/3018 2498/3251/3038 2497/3250/3037
f 2478/3230/3018 2479/3231/3019 2499/3252/3039 2498/3251/3038
f 2479/3231/3019 2480/3232/3020 2500/3253/3040 2499/3252/3039
f 2480/3232/3020 2481/3233/3021 2501/3254/3041 2500/3253/3040
f 2481/3233/3021 2482/3234/3022 2502/3255/3042 2501/3254/3041
f 2482/3234/3022 2483/3235/3023 2503/3256/3043 2502/3255/3042
f 2483/3235/3023 2484/3236/3024 2504/3257/3044 2503/3256/3043
f 2484/3236/3024 2465/3237/3006 2485/3258/3026 2504/3257/3044
f 2485/3239/3026 2486/3238/3025 2506/3259/3045 2505/3260/3046
f 2486/3238/3025 2487/3240/3027 2507/3261/3047 2506/3259/3045
f 2487/3240/3027 2488/3241/3028 2508/3262/3048 2507/3261/3047
f 2488/3241/3028 2489/3242/3029 2509/3263/3049 2508/3262/3048
f 2489/3242/3029 2490/3243/3030 2510/3264/3050 2509/3263/3049
f 2490/3243/3030 2491/3244/3031 2511/3265/3051 2510/3264/3050
f 2491/3244/3031 2492/3245/3032 2512/3266/3052 2511/3265/3051
f 2492/3245/3032 2493/3246/3033 2513/3267/3053 2512/3266/3052
f 2493/3246/3033 2494/3247/3034 2514/3268/3054 2513/3267/3053
f 2494/3247/3034 2495/3248/3035 2515/3269/3055 2514/3268/3054
f 2495/3248/3035 2496/3249/3036 2516/3270/3056 2515/3269/3055
f 2496/3249/3036 2497/3250/3037 2517/3271/3057 2516/3270/3056
f 2497/3250/3037 2498/3251/3038 2518/3272/3058 2517/3271/3057
f 2498/3251/3038 2499/3252/3039 2519/3273/3059 2518/3272/3058
f 2499/3252/3039 2500/3253/3040 2520/3274/3060 2519/3273/3059
f 2500/3253/3040 2501/3254/3041 2521/3275/3061 2520/3274/3060
f 2501/3254/3041 2502/3255/3042 2522/3276/3062 2521/3275/3061
f 2502/3255/3042 2503/3256/3043 2523/3277/3063 2522/3276/3062
f 2503/3256/3043 2504/3257/3044 2524/3278/3064 2523/3277/3063
f 2504/3257/3044 2485/3258/3026 2505/3279/3046 2524/3278/3064
s off
f 2425/3280/3065 2444/3281/3066 2443/3282/3067 2442/3283/3068 2441/3284/3069 2440/3285/3070 2439/3286/3071 2438/3287/3072 2437/3288/3073 2436/3289/3074 2435/3290/3075 2434/3291/3076 2433/3292/3077 2432/3293/3078 2431/3294/3079 2430/3295/3080 2429/3296/3081 2428/3297/3082 2427/3298/3083 2426/3299/3084
s 13
f 2505/3260/3046 2506/3259/3045 2525/3300/3085
f 2506/3259/3045 2507/3261/3047 2525/3300/3085
f 2507/3261/3047 2508/3262/3048 2525/3300/3085
f 2508/3262/3048 2509/3263/3049 2525/3300/3085
f 2509/3263/3049 2510/3264/3050 2525/3300/3085
f 2510/3264/3050 2511/3265/3051 2525/3300/3085
f 2511/3265/3051 2512/3266/3052 2525/3300/3085
f 2512/3266/3052 2513/3267/3053 2525/3300/3085
f 2513/3267/3053 2514/3268/3054 2525/3300/3085
f 2514/3268/3054 2515/3269/3055 2525/3300/3085
f 2515/3269/3055 2516/3270/3056 2525/3300/3085
f 2516/3270/3056 2517/3271/3057 2525/3300/3085
f 2517/3271/3057 2518/3272/3058 2525/3300/3085
f 2518/3272/3058 2519/3273/3059 2525/3300/3085
f 2519/3273/3059 2520/3274/3060 2525/3300/3085
f 2520/3274/3060 2521/3275/3061 2525/3300/3085
f 2521/3275/3061 2522/3276/3062 2525/3300/3085
f 2522/3276/3062 2523/3277/3063 2525/3300/3085
f 2523/3277/3063 2524/3278/3064 2525/3300/3085
f 2524/3278/3064 2505/3279/3046 2525/3300/3085
s 14
f 2526/3301/3086 2527/3302/3087 2547/3303/3088 2546/3304/3089
f 2527/3302/3087 2528/3305/3090 2548/3306/3091 2547/3303/3088
f 2528/3305/3090 2529/3307/3092 2549/3308/3093 2548/3306/3091
f 2529/3307/3092 2530/3309/3094 2550/3310/3095 2549/3308/3093
f 2530/3309/3094 2531/3311/3096 2551/3312/3097 2550/3310/3095
f 2531/3311/3096 2532/3313/3098 2552/3314/3099 2551/3312/3097
f 2532/3313/3098 2533/3315/3100 2553/3316/3101 2552/3314/3099
f 2533/3315/3100 2534/3317/3102 2554/3318/3103 2553/3316/3101
f 2534/3317/3102 2535/3319/3104 2555/3320/3105 2554/3318/3103
f 2535/3319/3104 2536/3321/3106 2556/3322/3107 2555/3320/3105
f 2536/3321/3106 2537/3323/3108 2557/3324/3109 2556/3322/3107
f 2537/3323/3108 2538/3325/3110 2558/3326/3111 2557/3324/3109
f 2538/3325/3110 2539/3327/3112 2559/3328/3113 2558/3326/3111
f 2539/3327/3112 2540/3329/3114 2560/3330/3115 2559/3328/3113
f 2540/3329/3114 2541/3331/3116 2561/3332/3117 2560/3330/3115
f 2541/3331/3116 2542/3333/3118 2562/3334/3119 2561/3332/3117
f 2542/3333/3118 2543/3335/3120 2563/3336/3121 2562/3334/3119
f 2543/3335/3120 2544/3337/3122 2564/3338/3123 2563/3336/3121
f 2544/3337/3122 2545/3339/3124 2565/3340/3125 2564/3338/3123
f 2545/3339/3124 2526/3341/3086 2546/3342/3089 2565/3340/3125
f 2546/3304/3089 2547/3303/3088 2567/3343/3126 2566/3344/3127
f 2547/3303/3088 2548/3306/3091 2568/3345/3128 2567/3343/3126
f 2548/3306/3091 2549/3308/3093 2569/3346/3129 2568/3345/3128
f 2549/3308/3093 2550/3310/3095 2570/3347/3130 2569/3346/3129
f 2550/3310/3095 2551/3312/3097 2571/3348/3131 2570/3347/3130
f 2551/3312/3097 2552/3314/3099 2572/3349/3132 2571/3348/3131
f 2552/3314/3099 2553/3316/3101 2573/3350/3133 2572/3349/3132
f 2553/3316/3101 2554/3318/3103 2574/3351/3134 2573/3350/3133
f 2554/3318/3103 2555/3320/3105 2575/3352/3135 2574/3351/3134
f 2555/3320/3105 2556/3322/3107 2576/3353/3136 2575/3352/3135
f 2556/3322/3107 2557/3324/3109 2577/3354/3137 2576/3353/3136
f 2557/3324/3109 2558/3326/3111 2578/3355/3138 2577/3354/3137
f 2558/3326/3111 2559/3328/3113 2579/3356/3139 2578/3355/3138
f 2559/3328/3113 2560/3330/3115 2580/3357/3140 2579/3356/3139
f 2560/3330/3115 2561/3332/3117 2581/3358/3141 2580/3357/3140
f 2561/3332/3117 2562/3334/3119 2582/3359/3142 2581/3358/3141
f 2562/3334/3119 2563/3336/3121 2583/3360/3143 2582/3359/3142
f 2563/3336/3121 2564/3338/3123 2584/3361/3144 2583/3360/3143
f 2564/3338/3123 2565/3340/3125 2585/3362/3145 2584/3361/3144
f 2565/3340/3125 2546/3342/3089 2566/3363/3127 2585/3362/3145
f 2566/3344/3127 2567/3343/3126 2587/3364/3146 2586/3365/3147
f 2567/3343/3126 2568/3345/3128 2588/3366/3148 2587/3364/3146
f 2568/3345/3128 2569/3346/3129 2589/3367/3149 2588/3366/3148
f 2569/3346/3129 2570/3347/3130 2590/3368/3150 2589/3367/3149
f 2570/3347/3130 2571/3348/3131 2591/3369/3151 2590/3368/3150
f 2571/3348/3131 2572/3349/3132 2592/3370/3152 2591/3369/3151
f 2572/3349/3132 2573/3350/3133 2593/3371/3153 2592/3370/3152
f 2573/3350/3133 2574/3351/3134 2594/3372/3154 2593/3371/3153
f 2574/3351/3134 2575/3352/3135 2595/3373/3155 2594/3372/3154
f 2575/3352/3135 2576/3353/3136 2596/3374/3156 2595/3373/3155
f 2576/3353/3136 2577/3354/3137 2597/3375/3157 2596/3374/3156
f 2577/3354/3137 2578/3355/3138 2598/3376/3158 2597/3375/3157
f 2578/3355/3138 2579/3356/3139 2599/3377/3159 2598/3376/3158
f 2579/3356/3139 2580/3357/3140 2600/3378/3160 2599/3377/3159
f 2580/3357/3140 2581/3358/3141 2601/3379/3161 2600/3378/3160
f 2581/3358/3141 2582/3359/3142 2602/3380/3162 2601/3379/3161
f 2582/3359/3142 2583/3360/3143 2603/3381/3163 2602/3380/3162
f 2583/3360/3143 2584/3361/3144 2604/3382/3164 2603/3381/3163
f 2584/3361/3144 2585/3362/3145 2605/3383/3165 2604/3382/3164
f 2585/3362/3145 2566/3363/3127 2586/3384/3147 2605/3383/3165
f 2586/3365/3147 2587/3364/3146 2607/3385/3166 2606/3386/3167
f 2587/3364/3146 2588/3366/3148 2608/3387/3168 2607/3385/3166
f 2588/3366/3148 2589/3367/3149 2609/3388/3169 2608/3387/3168
f 2589/3367/3149 2590/3368/3150 2610/3389/3170 2609/3388/3169
f 2590/3368/3150 2591/3369/3151 2611/3390/3171 2610/3389/3170
f 2591/3369/3151 2592/3370/3152 2612/3391/3172 2611/3390/3171
f 2592/3370/3152 2593/3371/3153 2613/3392/3173 2612/3391/3172
f 2593/3371/3153 2594/3372/3154 2614/3393/3174 2613/3392/3173
f 2594/3372/3154 2595/3373/3155 2615/3394/3175 2614/3393/3174
f 2595/3373/3155 2596/3374/3156 2616/3395/3176 2615/3394/3175
f 2596/3374/3156 2597/3375/3157 2617/3396/3177 2616/3395/3176
f 2597/3375/3157 2598/3376/3158 2618/3397/3178 2617/3396/3177
f 2598/3376/3158 2599/3377/3159 2619/3398/3179 2618/3397/3178
f 2599/3377/3159 2600/3378/3160 2620/3399/3180 2619/3398/3179
f 2600/3378/3160 2601/3379/3161 2621/3400/3181 2620/3399/3180
f 2601/3379/3161 2602/3380/3162 2622/3401/3182 2621/3400/3181
f 2602/3380/3162 2603/3381/3163 2623/3402/3183 2622/3401/3182
f 2603/3381/3163 2604/3382/3164 2624/3403/3184 2623/3402/3183
f 2604/3382/3164 2605/3383/3165 2625/3404/3185 2624/3403/3184
f 2605/3383/3165 2586/3384/3147 2606/3405/3167 2625/3404/3185
s off
f 2526/3406/3186 2545/3407/3187 2544/3408/3188 2543/3409/3189 2542/3410/3190 2541/3411/3191 2540/3412/3192 2539/3413/3193 2538/3414/3194 2537/3415/3195 2536/3416/3196 2535/3417/3197 2534/3418/3198 2533/3419/3199 2532/3420/3200 2531/3421/3201 2530/3422/3202 2529/3423/3203 2528/3424/3204 2527/3425/3205
s 14
f 2606/3386/3167 2607/3385/3166 2626/3426/3206
f 2607/3385/3166 2608/3387/3168 2626/3426/3206
f 2608/3387/3168 2609/3388/3169 2626/3426/3206
f 2609/3388/3169 2610/3389/3170 2626/3426/3206
f 2610/3389/3170 2611/3390/3171 2626/3426/3206
f 2611/3390/3171 2612/3391/3172 2626/3426/3206
f 2612/3391/3172 2613/3392/3173 2626/3426/3206
f 2613/3392/3173 2614/3393/3174 2626/3426/3206
f 2614/3393/3174 2615/3394/3175 2626/3426/3206
f 2615/3394/3175 2616/3395/3176 2626/3426/3206
f 2616/3395/3176 2617/3396/3177 2626/3426/3206
f 2617/3396/3177 2618/3397/3178 2626/3426/3206
f 2618/3397/3178 2619/3398/3179 2626/3426/3206
f 2619/3398/3179 2620/3399/3180 2626/3426/3206
f 2620/3399/3180 2621/3400/3181 2626/3426/3206
f 2621/3400/3181 2622/3401/3182 2626/3426/3206
f 2622/3401/3182 2623/3402/3183 2626/3426/3206
f 2623/3402/3183 2624/3403/3184 2626/3426/3206
f 2624/3403/3184 2625/3404/3185 2626/3426/3206
f 2625/3404/3185 2606/3405/3167 2626/3426/3206
s 15
f 2627/3427/3207 2628/3428/3208 2648/3429/3209 2647/3430/3210
f 2628/3428/3208 2629/3431/3211 2649/3432/3212 2648/3429/3209
f 2629/3431/3211 2630/3433/3213 2650/3434/3214 2649/3432/3212
f 2630/3433/3213 2631/3435/3215 2651/3436/3216 2650/3434/3214
f 2631/3435/3215 2632/3437/3217 2652/3438/3218 2651/3436/3216
f 2632/3437/3217 2633/3439/3219 2653/3440/3220 2652/3438/3218
f 2633/3439/3219 2634/3441/3221 2654/3442/3222 2653/3440/3220
f 2634/3441/3221 2635/3443/3223 2655/3444/3224 2654/3442/3222
f 2635/3443/3223 2636/3445/3225 2656/3446/3226 2655/3444/3224
f 2636/3445/3225 2637/3447/3227 2657/3448/3228 2656/3446/3226
f 2637/3447/3227 2638/3449/3229 2658/3450/3230 2657/3448/3228
f 2638/3449/3229 2639/3451/3231 2659/3452/3232 2658/3450/3230
f 2639/3451/3231 2640/3453/3233 2660/3454/3234 2659/3452/3232
f 2640/3453/3233 2641/3455/3235 2661/3456/3236 2660/3454/3234
f 2641/3455/3235 2642/3457/3237 2662/3458/3238 2661/3456/3236
f 2642/3457/3237 2643/3459/3239 2663/3460/3240 2662/3458/3238
f 2643/3459/3239 2644/3461/3241 2664/3462/3242 2663/3460/3240
f 2644/3461/3241 2645/3463/3243 2665/3464/3244 2664/3462/3242
f 2645/3463/3243 2646/3465/3245 2666/3466/3246 2665/3464/3244
f 2646/3465/3245 2627/3467/3207 2647/3468/3210 2666/3466/3246
f 2647/3430/3210 2648/3429/3209 2668/3469/3247 2667/3470/3248
f 2648/3429/3209 2649/3432/3212 2669/3471/3249 2668/3469/3247
f 2649/3432/3212 2650/3434/3214 2670/3472/3250 2669/3471/3249
f 2650/3434/3214 2651/3436/3216 2671/3473/3251 2670/3472/3250
f 2651/3436/3216 2652/3438/3218 2672/3474/3252 2671/3473/3251
f 2652/3438/3218 2653/3440/3220 2673/3475/3253 2672/3474/3252
f 2653/3440/3220 2654/3442/3222 2674/3476/3254 2673/3475/3253
f 2654/3442/3222 2655/3444/3224 2675/3477/3255 2674/3476/3254
f 2655/3444/3224 2656/3446/3226 2676/3478/3256 2675/3477/3255
f 2656/3446/3226 2657/3448/3228 2677/3479/3257 2676/3478/3256
f 2657/3448/3228 2658/3450/3230 2678/3480/3258 2677/3479/3257
f 2658/3450/3230 2659/3452/3232 2679/3481/3259 2678/3480/3258
f 2659/3452/3232 2660/3454/3234 2680/3482/3260 2679/3481/3259
f 2660/3454/3234 2661/3456/3236 2681/3483/3261 2680/3482/3260
f 2661/3456/3236 2662/3458/3238 2682/3484/3262 2681/3483/3261
f 2662/3458/3238 2663/3460/3240 2683/3485/3263 2682/3484/3262
f 2663/3460/3240 2664/3462/3242 2684/3486/3264 2683/3485/3263
f 2664/3462/3242 2665/3464/3244 2685/3487/3265 2684/3486/3264
f 2665/3464/3244 2666/3466/3246 2686/3488/3266 2685/3487/3265
f 2666/3466/3246 2647/3468/3210 2667/3489/3248 2686/3488/3266
f 2667/3470/3248 2668/3469/3247 2688/3490/3267 2687/3491/3268
f 2668/3469/3247 2669/3471/3249 2689/3492/3269 2688/3490/3267
f 2669/3471/3249 2670/3472/3250 2690/3493/3270 2689/3492/3269
f 2670/3472/3250 2671/3473/3251 2691/3494/3271 2690/3493/3270
f 2671/3473/3251 2672/3474/3252 2692/3495/3272 2691/3494/3271
f 2672/3474/3252 2673/3475/3253 2693/3496/3273 2692/3495/3272
f 2673/3475/3253 2674/3476/3254 2694/3497/3274 2693/3496/3273
f 2674/3476/3254 2675/3477/3255 2695/3498/3275 2694/3497/3274
f 2675/3477/3255 2676/3478/3256 2696/3499/3276 2695/3498/3275
f 2676/3478/3256 2677/3479/3257 2697/3500/3277 2696/3499/3276
f 2677/3479/3257 2678/3480/3258 2698/3501/3278 2697/3500/3277
f 2678/3480/3258 2679/3481/3259 2699/3502/3279 2698/3501/3278
f 2679/3481/3259 2680/3482/3260 2700/3503/3280 2699/3502/3279
f 2680/3482/3260 2681/3483/3261 2701/3504/3281 2700/3503/3280
f 2681/3483/3261 2682/3484/3262 2702/3505/3282 2701/3504/3281
f 2682/3484/3262 2683/3485/3263 2703/3506/3283 2702/3505/3282
f 2683/3485/3263 2684/3486/3264 2704/3507/3284 2703/3506/3283
f 2684/3486/3264 2685/3487/3265 2705/3508/3285 2704/3507/3284
f 2685/3487/3265 2686/3488/3266 2706/3509/3286 2705/3508/3285
f 2686/3488/3266 2667/3489/3248 2687/3510/3268 2706/3509/3286
f 2687/3491/3268 2688/3490/3267 2708/3511/3287 2707/3512/3288
f 2688/3490/3267 2689/3492/3269 2709/3513/3289 2708/3511/3287
f 2689/3492/3269 2690/3493/3270 2710/3514/3290 2709/3513/3289
f 2690/3493/3270 2691/3494/3271 2711/3515/3291 2710/3514/3290
f 2691/3494/3271 2692/3495/3272 2712/3516/3292 2711/3515/3291
f 2692/3495/3272 2693/3496/3273 2713/3517/3293 2712/3516/3292
f 2693/3496/3273 2694/3497/3274 2714/3518/3294 2713/3517/3293
f 2694/3497/3274 2695/3498/3275 2715/3519/3295 2714/3518/3294
f 2695/3498/3275 2696/3499/3276 2716/3520/3296 2715/3519/3295
f 2696/3499/3276 2697/3500/3277 2717/3521/3297 2716/3520/3296
f 2697/3500/3277 2698/3501/3278 2718/3522/3298 2717/3521/3297
f 2698/3501/3278 2699/3502/3279 2719/3523/3299 2718/3522/3298
f 2699/3502/3279 2700/3503/3280 2720/3524/3300 2719/3523/3299
f 2700/3503/3280 2701/3504/3281 2721/3525/3301 2720/3524/3300
f 2701/3504/3281 2702/3505/3282 2722/3526/3302 2721/3525/3301
f 2702/3505/3282 2703/3506/3283 2723/3527/3303 2722/3526/3302
f 2703/3506/3283 2704/3507/3284 2724/3528/3304 2723/3527/3303
f 2704/3507/3284 2705/3508/3285 2725/3529/3305 2724/3528/3304
f 2705/3508/3285 2706/3509/3286 2726/3530/3306 2725/3529/3305
f 2706/3509/3286 2687/3510/3268 2707/3531/3288 2726/3530/3306
s off
f 2627/3532/3307 2646/3533/3308 2645/3534/3309 2644/3535/3310 2643/3536/3311 2642/3537/3312 2641/3538/3313 2640/3539/3314 2639/3540/3315 2638/3541/3316 2637/3542/3317 2636/3543/3318 2635/3544/3319 2634/3545/3320 2633/3546/3321 2632/3547/3322 2631/3548/3323 2630/3549/3324 2629/3550/3325 2628/3551/3326
s 15
f 2707/3512/3288 2708/3511/3287 2727/3552/3327
f 2708/3511/3287 2709/3513/3289 2727/3552/3327
f 2709/3513/3289 2710/3514/3290 2727/3552/3327
f 2710/3514/3290 2711/3515/3291 2727/3552/3327
f 2711/3515/3291 2712/3516/3292 2727/3552/3327
f 2712/3516/3292 2713/3517/3293 2727/3552/3327
f 2713/3517/3293 2714/3518/3294 2727/3552/3327
f 2714/3518/3294 2715/3519/3295 2727/3552/3327
f 2715/3519/3295 2716/3520/3296 2727/3552/3327
f 2716/3520/3296 2717/3521/3297 2727/3552/3327
f 2717/3521/3297 2718/3522/3298 2727/3552/3327
f 2718/3522/3298 2719/3523/3299 2727/3552/3327
f 2719/3523/3299 2720/3524/3300 2727/3552/3327
f 2720/3524/3300 2721/3525/3301 2727/3552/3327
f 2721/3525/3301 2722/3526/3302 2727/3552/3327
f 2722/3526/3302 2723/3527/3303 2727/3552/3327
f 2723/3527/3303 2724/3528/3304 2727/3552/3327
f 2724/3528/3304 2725/3529/3305 2727/3552/3327
f 2725/3529/3305 2726/3530/3306 2727/3552/3327
f 2726/3530/3306 2707/3531/3288 2727/3552/3327
s 16
f 2728/3553/3328 2729/3554/3329 2749/3555/3330 2748/3556/3331
f 2729/3554/3329 2730/3557/3332 2750/3558/3333 2749/3555/3330
f 2730/3557/3332 2731/3559/3334 2751/3560/3335 2750/3558/3333
f 2731/3559/3334 2732/3561/3336 2752/3562/3337 2751/3560/3335
f 2732/3561/3336 2733/3563/3338 2753/3564/3339 2752/3562/3337
f 2733/3563/3338 2734/3565/3340 2754/3566/3341 2753/3564/3339
f 2734/3565/3340 2735/3567/3342 2755/3568/3343 2754/3566/3341
f 2735/3567/3342 2736/3569/3344 2756/3570/3345 2755/3568/3343
f 2736/3569/3344 2737/3571/3346 2757/3572/3347 2756/3570/3345
f 2737/3571/3346 2738/3573/3348 2758/3574/3349 2757/3572/3347
f 2738/3573/3348 2739/3575/3350 2759/3576/3351 2758/3574/3349
f 2739/3575/3350 2740/3577/3352 2760/3578/3353 2759/3576/3351
f 2740/3577/3352 2741/3579/3354 2761/3580/3355 2760/3578/3353
f 2741/3579/3354 2742/3581/3356 2762/3582/3357 2761/3580/3355
f 2742/3581/3356 2743/3583/3358 2763/3584/3359 2762/3582/3357
f 2743/3583/3358 2744/3585/3360 2764/3586/3361 2763/3584/3359
f 2744/3585/3360 2745/3587/3362 2765/3588/3363 2764/3586/3361
f 2745/3587/3362 2746/3589/3364 2766/3590/3365 2765/3588/3363
f 2746/3589/3364 2747/3591/3366 2767/3592/3367 2766/3590/3365
f 2747/3591/3366 2728/3593/3328 2748/3594/3331 2767/3592/3367
f 2748/3556/3331 2749/3555/3330 2769/3595/3368 2768/3596/3369
f 2749/3555/3330 2750/3558/3333 2770/3597/3370 2769/3595/3368
f 2750/3558/3333 2751/3560/3335 2771/3598/3371 2770/3597/3370
f 2751/3560/3335 2752/3562/3337 2772/3599/3372 2771/3598/3371
f 2752/3562/3337 2753/3564/3339 2773/3600/3373 2772/3599/3372
f 2753/3564/3339 2754/3566/3341 2774/3601/3374 2773/3600/3373
f 2754/3566/3341 2755/3568/3343 2775/3602/3375 2774/3601/3374
f 2755/3568/3343 2756/3570/3345 2776/3603/3376 2775/3602/3375
f 2756/3570/3345 2757/3572/3347 2777/3604/3377 2776/3603/3376
f 2757/3572/3347 2758/3574/3349 2778/3605/3378 2777/3604/3377
f 2758/3574/3349 2759/3576/3351 2779/3606/3379 2778/3605/3378
f 2759/3576/3351 2760/3578/3353 2780/3607/3380 2779/3606/3379
f 2760/3578/3353 2761/3580/3355 2781/3608/3381 2780/3607/3380
f 2761/3580/3355 2762/3582/3357 2782/3609/3382 2781/3608/3381
f 2762/3582/3357 2763/3584/3359 2783/3610/3383 2782/3609/3382
f 2763/3584/3359 2764/3586/3361 2784/3611/3384 2783/3610/3383
f 2764/3586/3361 2765/3588/3363 2785/3612/3385 2784/3611/3384
f 2765/3588/3363 2766/3590/3365 2786/3613/3386 2785/3612/3385
f 2766/3590/3365 2767/3592/3367 2787/3614/3387 2786/3613/3386
f 2767/3592/3367 2748/3594/3331 2768/3615/3369 2787/3614/3387
f 2768/3596/3369 2769/3595/3368 2789/3616/3388 2788/3617/3389
f 2769/3595/3368 2770/3597/3370 2790/3618/3390 2789/3616/3388
f 2770/3597/3370 2771/3598/3371 2791/3619/3391 2790/3618/3390
f 2771/3598/3371 2772/3599/3372 2792/3620/3392 2791/3619/3391
f 2772/3599/3372 2773/3600/3373 2793/3621/3393 2792/3620/3392
f 2773/3600/3373 2774/3601/3374 2794/3622/3394 2793/3621/3393
f 2774/3601/3374 2775/3602/3375 2795/3623/3395 2794/3622/3394
f 2775/3602/3375 2776/3603/3376 2796/3624/3396 2795/3623/3395
f 2776/3603/3376 2777/3604/3377 2797/3625/3397 2796/3624/3396
f 2777/3604/3377 2778/3605/3378 2798/3626/3398 2797/3625/3397
f 2778/3605/3378 2779/3606/3379 2799/3627/3399 2798/3626/3398
f 2779/3606/3379 2780/3607/3380 2800/3628/3400 2799/3627/3399
f 2780/3607/3380 2781/3608/3381 2801/3629/3401 2800/3628/3400
f 2781/3608/3381 2782/3609/3382 2802/3630/3402 2801/3629/3401
f 2782/3609/3382 2783/3610/3383 2803/3631/3403 2802/3630/3402
f 2783/3610/3383 2784/3611/3384 2804/3632/3404 2803/3631/3403
f 2784/3611/3384 2785/3612/3385 2805/3633/3405 2804/3632/3404
f 2785/3612/3385 2786/3613/3386 2806/3634/3406 2805/3633/3405
f 2786/3613/3386 2787/3614/3387 2807/3635/3407 2806/3634/3406
f 2787/3614/3387 2768/3615/3369 2788/3636/3389 2807/3635/3407
f 2788/3617/3389 2789/3616/3388 2809/3637/3408 2808/3638/3409
f 2789/3616/3388 2790/3618/3390 2810/3639/3410 2809/3637/3408
f 2790/3618/3390 2791/3619/3391 2811/3640/3411 2810/3639/3410
f 2791/3619/3391 2792/3620/3392 2812/3641/3412 2811/3640/3411
f 2792/3620/3392 2793/3621/3393 2813/3642/3413 2812/3641/3412
f 2793/3621/3393 2794/3622/3394 2814/3643/3414 2813/3642/3413
f 2794/3622/3394 2795/3623/3395 2815/3644/3415 2814/3643/3414
f 2795/3623/3395 2796/3624/3396 2816/3645/3416 2815/3644/3415
f 2796/3624/3396 2797/3625/3397 2817/3646/3417 2816/3645/3416
f 2797/3625/3397 2798/3626/3398 2818/3647/3418 2817/3646/3417
f 2798/3626/3398 2799/3627/3399 2819/3648/3419 2818/3647/3418
f 2799/3627/3399 2800/3628/3400 2820/3649/3420 2819/3648/3419
f 2800/3628/3400 2801/3629/3401 2821/3650/3421 2820/3649/3420
f 2801/3629/3401 2802/3630/3402 2822/3651/3422 2821/3650/3421
f 2802/3630/3402 2803/3631/3403 2823/3652/3423 2822/3651/3422
f 2803/3631/3403 2804/3632/3404 2824/3653/3424 2823/3652/3423
f 2804/3632/3404 2805/3633/3405 2825/3654/3425 2824/3653/3424
f 2805/3633/3405 2806/3634/3406 2826/3655/3426 2825/3654/3425
f 2806/3634/3406 2807/3635/3407 2827/3656/3427 2826/3655/3426
f 2807/3635/3407 2788/3636/3389 2808/3657/3409 2827/3656/3427
s off
f 2728/3658/3428 2747/3659/3429 2746/3660/3430 2745/3661/3431 2744/3662/3432 2743/3663/3433 2742/3664/3434 2741/3665/3435 2740/3666/3436 2739/3667/3437 2738/3668/3438 2737/3669/3439 2736/3670/3440 2735/3671/3441 2734/3672/3442 2733/3673/3443 2732/3674/3444 2731/3675/3445 2730/3676/3446 2729/3677/3447
s 16
f 2808/3638/3409 2809/3637/3408 2828/3678/3448
f 2809/3637/3408 2810/3639/3410 2828/3678/3448
f 2810/3639/3410 2811/3640/3411 2828/3678/3448
f 2811/3640/3411 2812/3641/3412 2828/3678/3448
f 2812/3641/3412 2813/3642/3413 2828/3678/3448
f 2813/3642/3413 2814/3643/3414 2828/3678/3448
f 2814/3643/3414 2815/3644/3415 2828/3678/3448
f 2815/3644/3415 2816/3645/3416 2828/3678/3448
f 2816/3645/3416 2817/3646/3417 2828/3678/3448
f 2817/3646/3417 2818/3647/3418 2828/3678/3448
f 2818/3647/3418 2819/3648/3419 2828/3678/3448
f 2819/3648/3419 2820/3649/3420 2828/3678/3448
f 2820/3649/3420 2821/3650/3421 2828/3678/3448
f 2821/3650/3421 2822/3651/3422 2828/3678/3448
f 2822/3651/3422 2823/3652/3423 2828/3678/3448
f 2823/3652/3423 2824/3653/3424 2828/3678/3448
f 2824/3653/3424 2825/3654/3425 2828/3678/3448
f 2825/3654/3425 2826/3655/3426 2828/3678/3448
f 2826/3655/3426 2827/3656/3427 2828/3678/3448
f 2827/3656/3427 2808/3657/3409 2828/3678/3448
s 17
f 2829/3679/3449 2830/3680/3450 2850/3681/3451 2849/3682/3452
f 2830/3680/3450 2831/3683/3453 2851/3684/3454 2850/3681/3451
f 2831/3683/3453 2832/3685/3455 2852/3686/3456 2851/3684/3454
f 2832/3685/3455 2833/3687/3457 2853/3688/3458 2852/3686/3456
f 2833/3687/3457 2834/3689/3459 2854/3690/3460 2853/3688/3458
f 2834/3689/3459 2835/3691/3461 2855/3692/3462 2854/3690/3460
f 2835/3691/3461 2836/3693/3463 2856/3694/3464 2855/3692/3462
f 2836/3693/3463 2837/3695/3465 2857/3696/3466 2856/3694/3464
f 2837/3695/3465 2838/3697/3467 2858/3698/3468 2857/3696/3466
f 2838/3697/3467 2839/3699/3469 2859/3700/3470 2858/3698/3468
f 2839/3699/3469 2840/3701/3471 2860/3702/3472 2859/3700/3470
f 2840/3701/3471 2841/3703/3473 2861/3704/3474 2860/3702/3472
f 2841/3703/3473 2842/3705/3475 2862/3706/3476 2861/3704/3474
f 2842/3705/3475 2843/3707/3477 2863/3708/3478 2862/3706/3476
f 2843/3707/3477 2844/3709/3479 2864/3710/3480 2863/3708/3478
f 2844/3709/3479 2845/3711/3481 2865/3712/3482 2864/3710/3480
f 2845/3711/3481 2846/3713/3483 2866/3714/3484 2865/3712/3482
f 2846/3713/3483 2847/3715/3485 2867/3716/3486 2866/3714/3484
f 2847/3715/3485 2848/3717/3487 2868/3718/3488 2867/3716/3486
f 2848/3717/3487 2829/3719/3449 2849/3720/3452 2868/3718/3488
f 2849/3682/3452 2850/3681/3451 2870/3721/3489 2869/3722/3490
f 2850/3681/3451 2851/3684/3454 2871/3723/3491 2870/3721/3489
f 2851/3684/3454 2852/3686/3456 2872/3724/3492 2871/3723/3491
f 2852/3686/3456 2853/3688/3458 2873/3725/3493 2872/3724/3492
f 2853/3688/3458 2854/3690/3460 2874/3726/3494 2873/3725/3493
f 2854/3690/3460 2855/3692/3462 2875/3727/3495 2874/3726/3494
f 2855/3692/3462 2856/3694/3464 2876/3728/3496 2875/3727/3495
f 2856/3694/3464 2857/3696/3466 2877/3729/3497 2876/3728/3496
f 2857/3696/3466 2858/3698/3468 2878/3730/3498 2877/3729/3497
f 2858/3698/3468 2859/3700/3470 2879/3731/3499 2878/3730/3498
f 2859/3700/3470 2860/3702/3472 2880/3732/3500 2879/3731/3499
f 2860/3702/3472 2861/3704/3474 2881/3733/3501 2880/3732/3500
f 2861/3704/3474 2862/3706/3476 2882/3734/3502 2881/3733/3501
f 2862/3706/3476 2863/3708/3478 2883/3735/3503 2882/3734/3502
f 2863/3708/3478 2864/3710/3480 2884/3736/3504 2883/3735/3503
f 2864/3710/3480 2865/3712/3482 2885/3737/3505 2884/3736/3504
f 2865/3712/3482 2866/3714/3484 2886/3738/3506 2885/3737/3505
f 2866/3714/3484 2867/3716/3486 2887/3739/3507 2886/3738/3506
f 2867/3716/3486 2868/3718/3488 2888/3740/3508 2887/3739/3507
f 2868/3718/3488 2849/3720/3452 2869/3741/3490 2888/3740/3508
f 2869/3722/3490 2870/3721/3489 2890/3742/3509 2889/3743/3510
f 2870/3721/3489 2871/3723/3491 2891/3744/3511 2890/3742/3509
f 2871/3723/3491 2872/3724/3492 2892/3745/3512 2891/3744/3511
f 2872/3724/3492 2873/3725/3493 2893/3746/3513 2892/3745/3512
f 2873/3725/3493 2874/3726/3494 2894/3747/3514 2893/3746/3513
f 2874/3726/3494 2875/3727/3495 2895/3748/3515 2894/3747/3514
f 2875/3727/3495 2876/3728/3496 2896/3749/3516 2895/3748/3515
f 2876/3728/3496 2877/3729/3497 2897/3750/3517 2896/3749/3516
f 2877/3729/3497 2878/3730/3498 2898/3751/3518 2897/3750/3517
f 2878/3730/3498 2879/3731/3499 2899/3752/3519 2898/3751/3518
f 2879/3731/3499 2880/3732/3500 2900/3753/3520 2899/3752/3519
f 2880/3732/3500 2881/3733/3501 2901/3754/3521 2900/3753/3520
f 2881/3733/3501 2882/3734/3502 2902/3755/3522 2901/3754/3521
f 2882/3734/3502 2883/3735/3503 2903/3756/3523 2902/3755/3522
f 2883/3735/3503 2884/3736/3504 2904/3757/3524 2903/3756/3523
f 2884/3736/3504 2885/3737/3505 2905/3758/3525 2904/3757/3524
f 2885/3737/3505 2886/3738/3506 2906/3759/3526 2905/3758/3525
f 2886/3738/3506 2887/3739/3507 2907/3760/3527 2906/3759/3526
f 2887/3739/3507 2888/3740/3508 2908/3761/3528 2907/3760/3527
f 2888/3740/3508 2869/3741/3490 2889/3762/3510 2908/3761/3528
f 2889/3743/3510 2890/3742/3509 2910/3763/3529 2909/3764/3530
f 2890/3742/3509 2891/3744/3511 2911/3765/3531 2910/3763/3529
f 2891/3744/3511 2892/3745/3512 2912/3766/3532 2911/3765/3531
f 2892/3745/3512 2893/3746/3513 2913/3767/3533 2912/3766/3532
f 2893/3746/3513 2894/3747/3514 2914/3768/3534 2913/3767/3533
f 2894/3747/3514 2895/3748/3515 2915/3769/3535 2914/3768/3534
f 2895/3748/3515 2896/3749/3516 2916/3770/3536 2915/3769/3535
f 2896/3749/3516 2897/3750/3517 2917/3771/3537 2916/3770/3536
f 2897/3750/3517 2898/3751/3518 2918/3772/3538 2917/3771/3537
f 2898/3751/3518 2899/3752/3519 2919/3773/3539 2918/3772/3538
f 2899/3752/3519 2900/3753/3520 2920/3774/3540 2919/3773/3539
f 2900/3753/3520 2901/3754/3521 2921/3775/3541 2920/3774/3540
f 2901/3754/3521 2902/3755/3522 2922/3776/3542 2921/3775/3541
f 2902/3755/3522 2903/3756/3523 2923/3777/3543 2922/3776/3542
f 2903/3756/3523 2904/3757/3524 2924/3778/3544 2923/3777/3543
f 2904/3757/3524 2905/3758/3525 2925/3779/3545 2924/3778/3544
f 2905/3758/3525 2906/3759/3526 2926/3780/3546 2925/3779/3545
f 2906/3759/3526 2907/3760/3527 2927/3781/3547 2926/3780/3546
f 2907/3760/3527 2908/3761/3528 2928/3782/3548 2927/3781/3547
f 2908/3761/3528 2889/3762/3510 2909/3783/3530 2928/3782/3548
s off
f 2829/3784/3549 2848/3785/3550 2847/3786/3551 2846/3787/3552 2845/3788/3553 2844/3789/3554 2843/3790/3555 2842/3791/3556 2841/3792/3557 2840/3793/3558 2839/3794/3559 2838/3795/3560 2837/3796/3561 2836/3797/3562 2835/3798/3563 2834/3799/3564 2833/3800/3565 2832/3801/3566 2831/3802/3567 2830/3803/3568
s 17
f 2909/3764/3530 2910/3763/3529 2929/3804/3569
f 2910/3763/3529 2911/3765/3531 2929/3804/3569
f 2911/3765/3531 2912/3766/3532 2929/3804/3569
f 2912/3766/3532 2913/3767/3533 2929/3804/3569
f 2913/3767/3533 2914/3768/3534 2929/3804/3569
f 2914/3768/3534 2915/3769/3535 2929/3804/3569
f 2915/3769/3535 2916/3770/3536 2929/3804/3569
f 2916/3770/3536 2917/3771/3537 2929/3804/3569
f 2917/3771/3537 2918/3772/3538 2929/3804/3569
f 2918/3772/3538 2919/3773/3539 2929/3804/3569
f 2919/3773/3539 2920/3774/3540 2929/3804/3569
f 2920/3774/3540 2921/3775/3541 2929/3804/3569
f 2921/3775/3541 2922/3776/3542 2929/3804/3569
f 2922/3776/3542 2923/3777/3543 2929/3804/3569
f 2923/3777/3543 2924/3778/3544 2929/3804/3569
f 2924/3778/3544 2925/3779/3545 2929/3804/3569
f 2925/3779/3545 2926/3780/3546 2929/3804/3569
f 2926/3780/3546 2927/3781/3547 2929/3804/3569
f 2927/3781/3547 2928/3782/3548 2929/3804/3569
f 2928/3782/3548 2909/3783/3530 2929/3804/3569
s 18
f 2930/3805/3570 2931/3806/3571 2951/3807/3572 2950/3808/3573
f 2931/3806/3571 2932/3809/3574 2952/3810/3575 2951/3807/3572
f 2932/3809/3574 2933/3811/3576 2953/3812/3577 2952/3810/3575
f 2933/3811/3576 2934/3813/3578 2954/3814/3579 2953/3812/3577
f 2934/3813/3578 2935/3815/3580 2955/3816/3581 2954/3814/3579
f 2935/3815/3580 2936/3817/3582 2956/3818/3583 2955/3816/3581
f 2936/3817/3582 2937/3819/3584 2957/3820/3585 2956/3818/3583
f 2937/3819/3584 2938/3821/3586 2958/3822/3587 2957/3820/3585
f 2938/3821/3586 2939/3823/3588 2959/3824/3589 2958/3822/3587
f 2939/3823/3588 2940/3825/3590 2960/3826/3591 2959/3824/3589
f 2940/3825/3590 2941/3827/3592 2961/3828/3593 2960/3826/3591
f 2941/3827/3592 2942/3829/3594 2962/3830/3595 2961/3828/3593
f 2942/3829/3594 2943/3831/3596 2963/3832/3597 2962/3830/3595
f 2943/3831/3596 2944/3833/3598 2964/3834/3599 2963/3832/3597
f 2944/3833/3598 2945/3835/3600 2965/3836/3601 2964/3834/3599
f 2945/3835/3600 2946/3837/3602 2966/3838/3603 2965/3836/3601
f 2946/3837/3602 2947/3839/3604 2967/3840/3605 2966/3838/3603
f 2947/3839/3604 2948/3841/3606 2968/3842/3607 2967/3840/3605
f 2948/3841/3606 2949/3843/3608 2969/3844/3609 2968/3842/3607
f 2949/3843/3608 2930/3845/3570 2950/3846/3573 2969/3844/3609
f 2950/3808/3573 2951/3807/3572 2971/3847/3610 2970/3848/3611
f 2951/3807/3572 2952/3810/3575 2972/3849/3612 2971/3847/3610
f 2952/3810/3575 2953/3812/3577 2973/3850/3613 2972/3849/3612
f 2953/3812/3577 2954/3814/3579 2974/3851/3614 2973/3850/3613
f 2954/3814/3579 2955/3816/3581 2975/3852/3615 2974/3851/3614
f 2955/3816/3581 2956/3818/3583 2976/3853/3616 2975/3852/3615
f 2956/3818/3583 2957/3820/3585 2977/3854/3617 2976/3853/3616
f 2957/3820/3585 2958/3822/3587 2978/3855/3618 2977/3854/3617
f 2958/3822/3587 2959/3824/3589 2979/3856/3619 2978/3855/3618
f 2959/3824/3589 2960/3826/3591 2980/3857/3620 2979/3856/3619
f 2960/3826/3591 2961/3828/3593 2981/3858/3621 2980/3857/3620
f 2961/3828/3593 2962/3830/3595 2982/3859/3622 2981/3858/3621
f 2962/3830/3595 2963/3832/3597 2983/3860/3623 2982/3859/3622
f 2963/3832/3597 2964/3834/3599 2984/3861/3624 2983/3860/3623
f 2964/3834/3599 2965/3836/3601 2985/3862/3625 2984/3861/3624
f 2965/3836/3601 2966/3838/3603 2986/3863/3626 2985/3862/3625
f 2966/3838/3603 2967/3840/3605 2987/3864/3627 2986/3863/3626
f 2967/3840/3605 2968/3842/3607 2988/3865/3628 2987/3864/3627
f 2968/3842/3607 2969/3844/3609 2989/3866/3629 2988/3865/3628
f 2969/3844/3609 2950/3846/3573 2970/3867/3611 2989/3866/3629
f 2970/3848/3611 2971/3847/3610 2991/3868/3630 2990/3869/3631
f 2971/3847/3610 2972/3849/3612 2992/3870/3632 2991/3868/3630
f 2972/3849/3612 2973/3850/3613 2993/3871/3633 2992/3870/3632
f 2973/3850/3613 2974/3851/3614 2994/3872/3634 2993/3871/3633
f 2974/3851/3614 2975/3852/3615 2995/3873/3635 2994/3872/3634
f 2975/3852/3615 2976/3853/3616 2996/3874/3636 2995/3873/3635
f 2976/3853/3616 2977/3854/3617 2997/3875/3637 2996/3874/3636
f 2977/3854/3617 2978/3855/3618 2998/3876/3638 2997/3875/3637
f 2978/3855/3618 2979/3856/3619 2999/3877/3639 2998/3876/3638
f 2979/3856/3619 2980/3857/3620 3000/3878/3640 2999/3877/3639
f 2980/3857/3620 2981/3858/3621 3001/3879/3641 3000/3878/3640
f 2981/3858/3621 2982/3859/3622 3002/3880/3642 3001/3879/3641
f 2982/3859/3622 2983/3860/3623 3003/3881/3643 3002/3880/3642
f 2983/3860/3623 2984/3861/3624 3004/3882/3644 3003/3881/3643
f 2984/3861/3624 2985/3862/3625 3005/3883/3645 3004/3882/3644
f 2985/3862/3625 2986/3863/3626 3006/3884/3646 3005/3883/3645
f 2986/3863/3626 2987/3864/3627 3007/3885/3647 3006/3884/3646
f 2987/3864/3627 2988/3865/3628 3008/3886/3648 3007/3885/3647
f 2988/3865/3628 2989/3866/3629 3009/3887/3649 3008/3886/3648
f 2989/3866/3629 2970/3867/3611 2990/3888/3631 3009/3887/3649
f 2990/3869/3631 2991/3868/3630 3011/3889/3650 3010/3890/3651
f 2991/3868/3630 2992/3870/3632 3012/3891/3652 3011/3889/3650
f 2992/3870/3632 2993/3871/3633 3013/3892/3653 3012/3891/3652
f 2993/3871/3633 2994/3872/3634 3014/3893/3654 3013/3892/3653
f 2994/3872/3634 2995/3873/3635 3015/3894/3655 3014/3893/3654
f 2995/3873/3635 2996/3874/3636 3016/3895/3656 3015/3894/3655
f 2996/3874/3636 2997/3875/3637 3017/3896/3657 3016/3895/3656
f 2997/3875/3637 2998/3876/3638 3018/3897/3658 3017/3896/3657
f 2998/3876/3638 2999/3877/3639 3019/3898/3659 3018/3897/3658
f 2999/3877/3639 3000/3878/3640 3020/3899/3660 3019/3898/3659
f 3000/3878/3640 3001/3879/3641 3021/3900/3661 3020/3899/3660
f 3001/3879/3641 3002/3880/3642 3022/3901/3662 3021/3900/3661
f 3002/3880/3642 3003/3881/3643 3023/3902/3663 3022/3901/3662
f 3003/3881/3643 3004/3882/3644 3024/3903/3664 3023/3902/3663
f 3004/3882/3644 3005/3883/3645 3025/3904/3665 3024/3903/3664
f 3005/3883/3645 3006/3884/3646 3026/3905/3666 3025/3904/3665
f 3006/3884/3646 3007/3885/3647 3027/3906/3667 3026/3905/3666
f 3007/3885/3647 3008/3886/3648 3028/3907/3668 3027/3906/3667
f 3008/3886/3648 3009/3887/3649 3029/3908/3669 3028/3907/3668
f 3009/3887/3649 2990/3888/3631 3010/3909/3651 3029/3908/3669
s off
f 2930/3910/3670 2949/3911/3671 2948/3912/3672 2947/3913/3673 2946/3914/3674 2945/3915/3675 2944/3916/3676 2943/3917/3677 2942/3918/3678 2941/3919/3679 2940/3920/3680 2939/3921/3681 2938/3922/3682 2937/3923/3683 2936/3924/3684 2935/3925/3685 2934/3926/3686 2933/3927/3687 2932/3928/3688 2931/3929/3689
s 18
f 3010/3890/3651 3011/3889/3650 3030/3930/3690
f 3011/3889/3650 3012/3891/3652 3030/3930/3690
f 3012/3891/3652 3013/3892/3653 3030/3930/3690
f 3013/3892/3653 3014/3893/3654 3030/3930/3690
f 3014/3893/3654 3015/3894/3655 3030/3930/3690
f 3015/3894/3655 3016/3895/3656 3030/3930/3690
f 3016/3895/3656 3017/3896/3657 3030/3930/3690
f 3017/3896/3657 3018/3897/3658 3030/3930/3690
f 3018/3897/3658 3019/3898/3659 3030/3930/3690
f 3019/3898/3659 3020/3899/3660 3030/3930/3690
f 3020/3899/3660 3021/3900/3661 3030/3930/3690
f 3021/3900/3661 3022/3901/3662 3030/3930/3690
f 3022/3901/3662 3023/3902/3663 3030/3930/3690
f 3023/3902/3663 3024/3903/3664 3030/3930/3690
f 3024/3903/3664 3025/3904/3665 3030/3930/3690
f 3025/3904/3665 3026/3905/3666 3030/3930/3690
f 3026/3905/3666 3027/3906/3667 3030/3930/3690
f 3027/3906/3667 3028/3907/3668 3030/3930/3690
f 3028/3907/3668 3029/3908/3669 3030/3930/3690
f 3029/3908/3669 3010/3909/3651 3030/3930/3690
g default
v 24.867426 -0.500000 -2.632794
v 6.018091 -0.500000 7.970949
v 24.867426 0.500000 -2.632794
v 6.018091 0.500000 7.970949
v 26.491666 0.500000 0.254473
v 7.642331 0.500000 10.858216
v 26.491666 -0.500000 0.254473
v 7.642331 -0.500000 10.858216
v 22.252175 -0.516574 2.480582
v 21.832390 -0.056216 0.445155
v 20.059658 0.070963 0.489582
v 20.491028 -0.228887 2.545602
v 22.155680 0.081799 2.428203
v 21.744340 0.294043 0.671109
v 20.224789 0.423559 0.663968
v 20.631763 0.150823 2.413301
v 22.062168 0.672874 2.378134
v 21.679923 0.456451 0.826735
v 20.382878 0.573729 0.819381
v 20.731598 0.334375 2.311722
v 22.053953 1.055311 2.394084
v 21.728695 0.647614 1.066563
v 20.644008 0.718195 1.069712
v 20.926835 0.544392 2.322200
v 21.959691 1.416290 2.329154
v 21.714932 1.165761 1.242090
v 20.822285 1.229129 1.266001
v 21.038232 1.078651 2.301738
v 21.668797 2.083107 2.101251
v 21.517320 2.143471 1.325365
v 20.854025 2.141327 1.351508
v 21.005356 2.077567 2.127051
v 21.480756 3.002766 1.984012
v 21.371753 3.070828 1.462789
v 20.923835 3.092129 1.474591
v 21.031834 3.027071 1.995070
v 21.504831 3.685299 2.048292
v 21.452011 3.722324 1.789420
v 21.229231 3.737471 1.796688
v 21.282051 3.700446 2.055560
v 21.479997 4.270452 2.061357
v 8.068753 -0.188920 9.439209
v 9.567979 0.358473 9.361682
v 9.776374 -0.007879 7.671840
v 8.240444 -0.384504 7.703523
v 8.047049 0.419949 9.168333
v 9.371307 0.683426 9.116029
v 9.580624 0.395009 7.671106
v 8.270199 0.067173 7.740688
v 8.024121 1.021750 8.902054
v 9.246167 0.823011 8.968840
v 9.424925 0.584035 7.733605
v 8.307618 0.297737 7.796545
v 7.966191 1.421517 8.767191
v 9.039200 1.017225 8.897979
v 9.185267 0.787547 7.871775
v 8.245607 0.573077 7.906739
v 7.982809 1.781665 8.577979
v 8.848008 1.544554 8.678086
v 8.951896 1.359235 7.827047
v 8.178285 1.169732 7.841567
v 8.109745 2.423747 8.144885
v 8.694269 2.513349 8.160455
v 8.771412 2.322968 7.542107
v 8.187583 2.229774 7.527578
v 8.109136 3.351643 7.700129
v 8.499444 3.438829 7.694996
v 8.553018 3.334783 7.271395
v 8.163030 3.250550 7.274796
v 7.973824 4.072800 7.487162
v 8.167085 4.119870 7.484789
v 8.192140 4.072800 7.272316
v 7.998878 4.025730 7.274689
v 7.895294 4.682032 7.272034
v 9.569905 -0.464801 8.658133
v 11.155072 -0.480402 8.687950
v 11.337270 -0.276151 6.965386
v 9.771754 -0.082606 6.960115
v 9.749128 0.169653 8.638224
v 11.081786 -0.041846 8.596412
v 11.274473 0.143665 7.130717
v 9.934409 0.288101 7.163280
v 9.924794 0.796742 8.620000
v 11.014305 0.175362 8.521243
v 11.181153 0.340635 7.271130
v 10.036319 0.456597 7.299687
v 9.998786 1.213307 8.649914
v 10.881769 0.441721 8.543349
v 11.008653 0.552698 7.493185
v 10.054829 0.679522 7.510458
v 10.134253 1.588588 8.609150
v 10.873432 1.045887 8.551850
v 10.963939 1.148408 7.684099
v 10.175566 1.246569 7.680181
v 10.473076 2.257651 8.440713
v 11.051023 2.127358 8.448069
v 11.101485 2.152637 7.796395
v 10.523046 2.279186 7.788600
v 10.778671 3.224536 8.378423
v 11.173753 3.166888 8.379251
v 11.216990 3.206968 7.942739
v 10.823202 3.267694 7.941395
v 10.881339 3.975996 8.462706
v 11.078136 3.950795 8.464747
v 11.099656 3.975996 8.247860
v 10.902860 4.001198 8.245819
v 11.003856 4.610828 8.498695
v 17.041854 0.365443 5.039235
v 17.046263 0.083417 3.415423
v 15.671838 -0.309672 2.603878
v 15.651789 0.083417 4.199888
v 16.901499 0.711881 4.789739
v 16.891776 0.335966 3.419102
v 15.719528 0.001908 2.688653
v 15.735146 0.335966 4.069768
v 16.763918 1.054967 4.545173
v 16.792611 0.458187 3.442624
v 15.791388 0.177084 2.816392
v 15.806737 0.458187 3.997230
v 16.705614 1.302258 4.441531
v 16.760093 0.649026 3.562981
v 15.924571 0.398382 3.053140
v 15.926483 0.649026 4.031931
v 16.599767 1.493805 4.253377
v 16.650127 1.018374 3.519752
v 15.957841 0.820355 3.112281
v 15.946634 1.018375 3.915504
v 16.335654 1.791127 3.783886
v 16.358602 1.611935 3.201921
v 15.848926 1.435044 2.918673
v 15.826368 1.611935 3.501331
v 16.096600 2.304348 3.358940
v 16.102971 2.199678 2.956785
v 15.756975 2.093521 2.755219
v 15.749593 2.199678 3.155579
v 16.015298 2.764433 3.214417
v 16.019053 2.714879 3.014351
v 15.846118 2.665325 2.913681
v 15.842364 2.714879 3.113748
v 15.918885 3.136868 3.043032
v 12.047565 0.363286 4.637269
v 12.101308 0.076100 6.364452
v 13.534862 -0.322703 7.281105
v 13.495783 0.076100 5.579987
v 12.191832 0.710979 4.893719
v 12.253574 0.329906 6.356825
v 13.477473 -0.009101 7.179089
v 13.410204 0.329906 5.706159
v 12.333180 1.055316 5.144980
v 12.351404 0.452754 6.330929
v 13.396736 0.167442 7.035570
v 13.337278 0.452754 5.776323
v 12.391093 1.303718 5.247928
v 12.376886 0.644904 6.198066
v 13.249117 0.390684 6.773160
v 13.210496 0.644904 5.729116
v 12.501249 1.495815 5.443743
v 12.483063 1.016128 6.234561
v 13.205090 0.815234 6.694899
v 13.186557 1.016128 5.838809
v 12.779637 1.793477 5.938608
v 12.778663 1.612016 6.559635
v 13.310298 1.432868 6.881917
v 13.310898 1.612016 6.260225
v 13.026853 2.308398 6.378061
v 13.035465 2.202259 6.806853
v 13.396399 2.094628 7.034971
v 13.388844 2.202259 6.608059
v 13.105363 2.770689 6.517622
v 13.109003 2.720419 6.730833
v 13.289332 2.670149 6.844648
v 13.285692 2.720419 6.631437
v 13.201842 3.144753 6.689124
v 18.069910 -0.471606 2.451945
v 19.167292 0.387058 3.766985
v 20.506996 0.623686 3.124351
v 19.367483 -0.066086 1.761862
v 18.074802 0.187842 2.327937
v 19.088561 0.732465 3.488091
v 20.252488 0.964885 2.967237
v 19.254607 0.356610 1.824965
v 18.077539 0.838861 2.204758
v 19.049355 0.885621 3.312212
v 20.042339 1.091468 2.867098
v 19.190888 0.565255 1.894618
v 18.018683 1.248922 2.105262
v 18.882959 1.048998 3.102736
v 19.713738 1.189966 2.729482
v 19.002633 0.778111 1.904083
v 18.063433 1.654440 2.044100
v 18.741611 1.579234 2.849531
v 19.415676 1.697407 2.524910
v 18.842605 1.350630 1.837974
v 18.281485 2.428459 1.975324
v 18.710812 2.631177 2.504876
v 19.215772 2.664536 2.268158
v 18.787220 2.458224 1.739572
v 18.335073 3.450467 1.799774
v 18.624896 3.616738 2.147055
v 18.964824 3.664754 1.986637
v 18.675627 3.501905 1.638930
v 18.185121 4.174031 1.607542
v 18.327547 4.260005 1.779742
v 18.495340 4.288561 1.697880
v 18.352913 4.202588 1.525680
v 18.109288 4.804069 1.459951
v 14.826124 0.061460 6.464037
v 15.962854 0.247645 5.150195
v 14.549351 0.253082 3.524584
v 13.412620 0.247645 4.838426
v 14.808826 0.705909 6.280321
v 15.745368 0.658651 5.123607
v 14.566649 0.679512 3.708300
v 13.630106 0.658651 4.865014
v 14.791962 1.342878 6.101222
v 15.589875 0.854541 5.111390
v 14.584885 0.879585 3.901970
v 13.786894 0.854541 4.890974
v 14.787526 1.766005 6.054115
v 15.463959 1.103037 5.235792
v 14.615932 1.094989 4.231704
v 13.939442 1.103037 5.049418
v 14.772627 2.147199 5.895870
v 15.346322 1.697870 5.235503
v 14.633443 1.700084 4.417679
v 14.059763 1.697870 5.078219
v 14.730642 2.826802 5.449977
v 15.166617 2.771566 4.970967
v 14.629220 2.720134 4.372832
v 14.193258 2.771566 4.851973
v 14.699135 3.808920 5.115360
v 14.987307 3.801561 4.783577
v 14.629367 3.791075 4.374393
v 14.341044 3.801561 4.704570
v 14.696016 4.572219 5.082233
v 14.840283 4.572219 4.918269
v 14.661419 4.572219 4.714801
v 14.517152 4.572219 4.878766
v 14.687711 5.217052 4.994024
v 10.445025 -0.140526 5.990514
v 11.472743 -0.414754 7.520646
v 12.948807 -0.463406 7.321269
v 11.930285 -0.076392 5.814372
v 10.633692 0.233956 6.154991
v 11.532675 -0.129431 7.427969
v 12.814627 -0.169661 7.294455
v 11.912177 0.151219 6.012719
v 10.818060 0.604464 6.316454
v 11.564825 0.014555 7.345629
v 12.660484 -0.015665 7.234118
v 11.888301 0.253772 6.139316
v 10.879558 0.861404 6.391779
v 11.482455 0.209376 7.221578
v 12.391674 0.168379 7.115294
v 11.755971 0.411647 6.201575
v 11.033219 1.075449 6.511096
v 11.521971 0.598482 7.212104
v 12.264668 0.573951 7.110442
v 11.752795 0.769181 6.351311
v 11.446123 1.432404 6.796588
v 11.812903 1.252308 7.354390
v 12.354619 1.203709 7.261497
v 11.987535 1.381452 6.703149
v 11.780006 1.994876 7.071525
v 12.036682 1.891525 7.451753
v 12.407784 1.872209 7.398473
v 12.152630 1.977270 7.019360
v 11.846950 2.466187 7.184366
v 11.973840 2.417097 7.374097
v 12.158704 2.410881 7.347632
v 12.031813 2.459970 7.157901
v 11.954601 2.855284 7.306455
v 17.962416 -0.363898 2.421960
v 16.623621 -0.076774 2.952648
v 16.771681 -0.266203 4.703905
v 18.125254 -0.439588 4.186264
v 17.939705 0.040204 2.610236
v 16.785284 0.150919 3.087519
v 16.881945 0.003568 4.592929
v 18.030797 -0.150013 4.110728
v 17.918278 0.439634 2.794408
v 16.896059 0.252026 3.171887
v 16.977789 0.130975 4.457933
v 17.957694 -0.004478 4.044036
v 17.933539 0.705529 2.861299
v 17.056401 0.389691 3.148050
v 17.130728 0.269089 4.219055
v 17.954071 0.172802 3.885500
v 17.899758 0.944171 3.010918
v 17.180943 0.747185 3.237540
v 17.256527 0.651306 4.119232
v 17.938497 0.564150 3.859883
v 17.772320 1.368352 3.404029
v 17.260224 1.398640 3.580140
v 17.321520 1.292843 4.227466
v 17.833359 1.260163 4.050979
v 17.715284 1.983764 3.733116
v 17.372033 2.022213 3.862766
v 17.409719 1.966766 4.303565
v 17.752567 1.930271 4.175380
v 17.764094 2.463827 3.813774
v 17.593561 2.485382 3.877377
v 17.613294 2.460966 4.097288
v 17.783828 2.439411 4.033684
v 17.780613 2.868914 3.928382
v 22.826958 -0.559458 1.755323
v 23.533688 -0.423222 0.314996
v 22.370676 -0.224818 -1.187549
v 21.681085 -0.181533 0.261266
v 22.858414 0.089640 1.601092
v 23.414670 0.005609 0.329713
v 22.440766 0.189701 -0.983034
v 21.878050 0.206075 0.285147
v 22.889907 0.731082 1.451147
v 23.320927 0.214630 0.342522
v 22.490997 0.378908 -0.779151
v 22.011163 0.385501 0.304536
v 22.922427 1.153652 1.423708
v 23.266174 0.467693 0.493277
v 22.564645 0.576662 -0.437910
v 22.158697 0.612173 0.461158
v 22.933031 1.540030 1.282695
v 23.238448 1.069067 0.533018
v 22.652041 1.168522 -0.222736
v 22.303835 1.190996 0.505912
v 22.925504 2.236916 0.866830
v 23.186892 2.162371 0.333708
v 22.741529 2.183856 -0.219875
v 22.479801 2.254617 0.313201
v 22.964623 3.228801 0.576915
v 23.138733 3.209097 0.210523
v 22.843333 3.247457 -0.168020
v 22.669259 3.270344 0.196907
v 23.031656 3.988550 0.579490
v 23.119372 3.982258 0.398402
v 22.972349 4.006589 0.210506
v 22.884634 4.012881 0.391594
v 23.078565 4.633340 0.521187
v 21.440053 -0.464801 1.980551
v 23.025219 -0.480402 2.010367
v 23.207417 -0.276151 0.287804
v 21.641902 -0.082606 0.282532
v 21.619275 0.169653 1.960642
v 22.951933 -0.041846 1.918829
v 23.144621 0.143665 0.453135
v 21.804557 0.288101 0.485697
v 21.794941 0.796742 1.942417
v 22.884453 0.175362 1.843660
v 23.051300 0.340635 0.593547
v 21.906466 0.456597 0.622104
v 21.868934 1.213307 1.972331
v 22.751917 0.441721 1.865767
v 22.878801 0.552698 0.815602
v 21.924976 0.679522 0.832875
v 22.004401 1.588588 1.931567
v 22.743579 1.045887 1.874268
v 22.834086 1.148408 1.006516
v 22.045714 1.246569 1.002598
v 22.343223 2.257651 1.763130
v 22.921170 2.127358 1.770486
v 22.971632 2.152637 1.118813
v 22.393194 2.279186 1.111017
v 22.648819 3.224536 1.700840
v 23.043901 3.166888 1.701669
v 23.087138 3.206968 1.265156
v 22.693350 3.267694 1.263812
v 22.751487 3.975996 1.785124
v 22.948283 3.950795 1.787164
v 22.969803 3.975996 1.570277
v 22.773008 4.001198 1.568236
v 22.874004 4.610828 1.821112
v 25.110847 0.061460 0.913581
v 25.388098 0.247645 -1.025205
v 23.587178 0.253082 -1.794911
v 23.309927 0.247645 0.143875
v 25.015617 0.705909 0.744300
v 25.210869 0.658651 -0.925505
v 23.682407 0.679512 -1.625630
v 23.487155 0.658651 0.044175
v 24.922782 1.342878 0.579274
v 25.087193 0.854541 -0.847596
v 23.782796 0.879585 -1.447178
v 23.617955 0.854541 -0.021072
v 24.898363 1.766005 0.535868
v 25.047042 1.103037 -0.653458
v 23.953714 1.094989 -1.143352
v 23.804720 1.103037 0.045413
v 24.816337 2.147199 0.390057
v 24.957475 1.697870 -0.585779
v 24.050114 1.700084 -0.971989
v 23.909066 1.697870 0.004006
v 24.585208 2.826802 -0.020801
v 24.702664 2.771566 -0.740100
v 24.026868 2.720134 -1.013312
v 23.909480 2.771566 -0.293892
v 24.411758 3.808920 -0.329127
v 24.482620 3.801561 -0.819371
v 24.027677 3.791075 -1.011874
v 23.955984 3.801561 -0.523110
v 24.394587 4.572219 -0.359651
v 24.431017 4.572219 -0.602997
v 24.204128 4.572219 -0.698212
v 24.167699 4.572219 -0.454867
v 24.348864 5.217052 -0.440929
v 6.266893 0.837269 8.218842
v 6.250914 0.837269 8.101312
v 6.267327 0.837269 7.991671
v 6.314527 0.837269 7.900653
v 6.387893 0.837269 7.837169
v 6.480242 0.837269 7.807430
v 6.582536 0.837269 7.814350
v 6.684762 0.837269 7.857249
v 6.776911 0.837269 7.931930
v 6.849966 0.837269 8.031082
v 6.896774 0.837269 8.144998
v 6.912753 0.837269 8.262529
v 6.896339 0.837269 8.372169
v 6.849140 0.837269 8.463187
v 6.775774 0.837269 8.526671
v 6.683425 0.837269 8.556410
v 6.581131 0.837269 8.549491
v 6.478905 0.837269 8.506591
v 6.386755 0.837269 8.431911
v 6.313701 0.837269 8.332759
v 6.272987 0.789072 8.218128
v 6.257317 0.789072 8.102871
v 6.273412 0.789072 7.995352
v 6.319699 0.789072 7.906096
v 6.391645 0.789072 7.843839
v 6.482208 0.789072 7.814676
v 6.582523 0.789072 7.821461
v 6.682770 0.789072 7.863531
v 6.773137 0.789072 7.936767
v 6.844778 0.789072 8.034000
v 6.890680 0.789072 8.145713
v 6.906350 0.789072 8.260969
v 6.890254 0.789072 8.368488
v 6.843967 0.789072 8.457744
v 6.772022 0.789072 8.520001
v 6.681459 0.789072 8.549164
v 6.581145 0.789072 8.542379
v 6.480897 0.789072 8.500309
v 6.390530 0.789072 8.427073
v 6.318889 0.789072 8.329840
v 6.524540 0.761486 8.188637
v 6.521633 0.761486 8.167256
v 6.524619 0.761486 8.147310
v 6.533205 0.761486 8.130753
v 6.546552 0.761486 8.119203
v 6.563352 0.761486 8.113793
v 6.581961 0.761486 8.115052
v 6.600558 0.761486 8.122856
v 6.617322 0.761486 8.136442
v 6.630612 0.761486 8.154480
v 6.639127 0.761486 8.175203
v 6.642034 0.761486 8.196584
v 6.639048 0.761486 8.216530
v 6.630461 0.761486 8.233088
v 6.617115 0.761486 8.244637
v 6.600315 0.761486 8.250047
v 6.581706 0.761486 8.248788
v 6.563109 0.761486 8.240984
v 6.546345 0.761486 8.227398
v 6.533055 0.761486 8.209361
v 6.522991 0.605046 8.188818
v 6.520005 0.605046 8.166859
v 6.523072 0.605046 8.146375
v 6.531891 0.605046 8.129369
v 6.545598 0.605046 8.117508
v 6.562852 0.605046 8.111952
v 6.581965 0.605046 8.113244
v 6.601064 0.605046 8.121260
v 6.618281 0.605046 8.135213
v 6.631931 0.605046 8.153738
v 6.640676 0.605046 8.175022
v 6.643662 0.605046 8.196981
v 6.640595 0.605046 8.217466
v 6.631776 0.605046 8.234472
v 6.618069 0.605046 8.246333
v 6.600815 0.605046 8.251889
v 6.581702 0.605046 8.250597
v 6.562603 0.605046 8.242581
v 6.545386 0.605046 8.228628
v 6.531736 0.605046 8.210103
v 6.502550 -0.294602 8.191215
v 6.498527 -0.294602 8.161628
v 6.502659 -0.294602 8.134027
v 6.514542 -0.294602 8.111114
v 6.533011 -0.294602 8.095132
v 6.556259 -0.294602 8.087646
v 6.582010 -0.294602 8.089388
v 6.607745 -0.294602 8.100187
v 6.630943 -0.294602 8.118988
v 6.649333 -0.294602 8.143948
v 6.661117 -0.294602 8.172626
v 6.665139 -0.294602 8.202213
v 6.661007 -0.294602 8.229814
v 6.649125 -0.294602 8.252727
v 6.630656 -0.294602 8.268708
v 6.607408 -0.294602 8.276195
v 6.581656 -0.294602 8.274453
v 6.555922 -0.294602 8.263653
v 6.532724 -0.294602 8.244853
v 6.514334 -0.294602 8.219892
v 6.581833 -0.582507 8.181920
v 7.495946 0.837269 10.403622
v 7.479968 0.837269 10.286092
v 7.496381 0.837269 10.176451
v 7.543581 0.837269 10.085433
v 7.616946 0.837269 10.021949
v 7.709296 0.837269 9.992210
v 7.811590 0.837269 9.999130
v 7.913815 0.837269 10.042029
v 8.005965 0.837269 10.116710
v 8.079019 0.837269 10.215862
v 8.125827 0.837269 10.329778
v 8.141807 0.837269 10.447309
v 8.125393 0.837269 10.556949
v 8.078193 0.837269 10.647967
v 8.004828 0.837269 10.711452
v 7.912479 0.837269 10.741190
v 7.810185 0.837269 10.734271
v 7.707959 0.837269 10.691371
v 7.615809 0.837269 10.616691
v 7.542755 0.837269 10.517539
v 7.502041 0.789072 10.402908
v 7.486371 0.789072 10.287651
v 7.502466 0.789072 10.180132
v 7.548753 0.789072 10.090876
v 7.620699 0.789072 10.028619
v 7.711261 0.789072 9.999456
v 7.811577 0.789072 10.006241
v 7.911824 0.789072 10.048311
v 8.002190 0.789072 10.121547
v 8.073831 0.789072 10.218780
v 8.119733 0.789072 10.330493
v 8.135403 0.789072 10.445749
v 8.119308 0.789072 10.553268
v 8.073021 0.789072 10.642524
v 8.001076 0.789072 10.704781
v 7.910513 0.789072 10.733944
v 7.810198 0.789072 10.727159
v 7.709951 0.789072 10.685089
v 7.619584 0.789072 10.611853
v 7.547943 0.789072 10.514620
v 7.753594 0.761486 10.373417
v 7.750686 0.761486 10.352036
v 7.753673 0.761486 10.332090
v 7.762259 0.761486 10.315533
v 7.775606 0.761486 10.303983
v 7.792406 0.761486 10.298573
v 7.811015 0.761486 10.299832
v 7.829612 0.761486 10.307636
v 7.846375 0.761486 10.321222
v 7.859665 0.761486 10.339260
v 7.868181 0.761486 10.359983
v 7.871088 0.761486 10.381364
v 7.868102 0.761486 10.401310
v 7.859515 0.761486 10.417868
v 7.846169 0.761486 10.429417
v 7.829368 0.761486 10.434827
v 7.810760 0.761486 10.433568
v 7.792162 0.761486 10.425764
v 7.775399 0.761486 10.412178
v 7.762109 0.761486 10.394141
v 7.752045 0.605046 10.373598
v 7.749059 0.605046 10.351639
v 7.752125 0.605046 10.331155
v 7.760944 0.605046 10.314149
v 7.774652 0.605046 10.302288
v 7.791906 0.605046 10.296732
v 7.811019 0.605046 10.298024
v 7.830118 0.605046 10.306040
v 7.847335 0.605046 10.319993
v 7.860985 0.605046 10.338518
v 7.869730 0.605046 10.359802
v 7.872715 0.605046 10.381761
v 7.869649 0.605046 10.402246
v 7.860830 0.605046 10.419252
v 7.847123 0.605046 10.431113
v 7.829868 0.605046 10.436669
v 7.810756 0.605046 10.435377
v 7.791656 0.605046 10.427361
v 7.774440 0.605046 10.413408
v 7.760790 0.605046 10.394883
v 7.731604 -0.294602 10.375995
v 7.727581 -0.294602 10.346408
v 7.731713 -0.294602 10.318807
v 7.743595 -0.294602 10.295894
v 7.762064 -0.294602 10.279912
v 7.785312 -0.294602 10.272426
v 7.811064 -0.294602 10.274168
v 7.836799 -0.294602 10.284967
v 7.859996 -0.294602 10.303768
v 7.878387 -0.294602 10.328728
v 7.890170 -0.294602 10.357406
v 7.894193 -0.294602 10.386993
v 7.890061 -0.294602 10.414594
v 7.878179 -0.294602 10.437507
v 7.859710 -0.294602 10.453488
v 7.836462 -0.294602 10.460975
v 7.810710 -0.294602 10.459233
v 7.784976 -0.294602 10.448433
v 7.761778 -0.294602 10.429633
v 7.743388 -0.294602 10.404672
v 7.810887 -0.582507 10.366700
v 17.212700 0.837269 4.937437
v 17.196721 0.837269 4.819906
v 17.213135 0.837269 4.710266
v 17.260334 0.837269 4.619248
v 17.333700 0.837269 4.555764
v 17.426049 0.837269 4.526025
v 17.528343 0.837269 4.532944
v 17.630569 0.837269 4.575844
v 17.722719 0.837269 4.650525
v 17.795773 0.837269 4.749676
v 17.842581 0.837269 4.863593
v 17.858560 0.837269 4.981124
v 17.842146 0.837269 5.090764
v 17.794947 0.837269 5.181782
v 17.721581 0.837269 5.245266
v 17.629232 0.837269 5.275005
v 17.526938 0.837269 5.268085
v 17.424713 0.837269 5.225185
v 17.332563 0.837269 5.150505
v 17.259509 0.837269 5.051353
v 17.218794 0.789072 4.936722
v 17.203124 0.789072 4.821466
v 17.219220 0.789072 4.713947
v 17.265507 0.789072 4.624691
v 17.337452 0.789072 4.562434
v 17.428015 0.789072 4.533271
v 17.528330 0.789072 4.540056
v 17.628577 0.789072 4.582126
v 17.718944 0.789072 4.655362
v 17.790585 0.789072 4.752595
v 17.836487 0.789072 4.864307
v 17.852157 0.789072 4.979564
v 17.836061 0.789072 5.087083
v 17.789775 0.789072 5.176339
v 17.717829 0.789072 5.238596
v 17.627266 0.789072 5.267759
v 17.526952 0.789072 5.260973
v 17.426704 0.789072 5.218904
v 17.336337 0.789072 5.145668
v 17.264696 0.789072 5.048435
v 17.470347 0.761486 4.907232
v 17.467440 0.761486 4.885851
v 17.470426 0.761486 4.865905
v 17.479013 0.761486 4.849347
v 17.492359 0.761486 4.837798
v 17.509159 0.761486 4.832388
v 17.527768 0.761486 4.833647
v 17.546365 0.761486 4.841451
v 17.563129 0.761486 4.855037
v 17.576419 0.761486 4.873074
v 17.584934 0.761486 4.893798
v 17.587841 0.761486 4.915179
v 17.584855 0.761486 4.935125
v 17.576269 0.761486 4.951683
v 17.562922 0.761486 4.963232
v 17.546122 0.761486 4.968642
v 17.527513 0.761486 4.967383
v 17.508916 0.761486 4.959579
v 17.492152 0.761486 4.945993
v 17.478862 0.761486 4.927955
v 17.468798 0.605046 4.907413
v 17.465812 0.605046 4.885454
v 17.468879 0.605046 4.864969
v 17.477698 0.605046 4.847964
v 17.491405 0.605046 4.836102
v 17.508660 0.605046 4.830546
v 17.527772 0.605046 4.831839
v 17.546872 0.605046 4.839854
v 17.564089 0.605046 4.853807
v 17.577738 0.605046 4.872333
v 17.586483 0.605046 4.893617
v 17.589469 0.605046 4.915576
v 17.586402 0.605046 4.936061
v 17.577584 0.605046 4.953066
v 17.563876 0.605046 4.964928
v 17.546622 0.605046 4.970484
v 17.527509 0.605046 4.969191
v 17.508410 0.605046 4.961176
v 17.491193 0.605046 4.947223
v 17.477543 0.605046 4.928697
v 17.448358 -0.294602 4.909810
v 17.444335 -0.294602 4.880222
v 17.448467 -0.294602 4.852622
v 17.460349 -0.294602 4.829709
v 17.478818 -0.294602 4.813727
v 17.502066 -0.294602 4.806241
v 17.527818 -0.294602 4.807982
v 17.553552 -0.294602 4.818782
v 17.576750 -0.294602 4.837582
v 17.595141 -0.294602 4.862543
v 17.606924 -0.294602 4.891220
v 17.610947 -0.294602 4.920807
v 17.606815 -0.294602 4.948408
v 17.594933 -0.294602 4.971321
v 17.576464 -0.294602 4.987303
v 17.553215 -0.294602 4.994789
v 17.527464 -0.294602 4.993047
v 17.501730 -0.294602 4.982248
v 17.478532 -0.294602 4.963448
v 17.460141 -0.294602 4.938487
v 17.527641 -0.582507 4.900515
v 15.983646 0.837269 2.752657
v 15.967668 0.837269 2.635126
v 15.984081 0.837269 2.525486
v 16.031280 0.837269 2.434468
v 16.104646 0.837269 2.370983
v 16.196996 0.837269 2.341245
v 16.299290 0.837269 2.348164
v 16.401515 0.837269 2.391064
v 16.493665 0.837269 2.465745
v 16.566719 0.837269 2.564896
v 16.613527 0.837269 2.678813
v 16.629506 0.837269 2.796344
v 16.613093 0.837269 2.905984
v 16.565893 0.837269 2.997002
v 16.492528 0.837269 3.060486
v 16.400178 0.837269 3.090225
v 16.297884 0.837269 3.083305
v 16.195659 0.837269 3.040406
v 16.103509 0.837269 2.965725
v 16.030455 0.837269 2.866573
v 15.989741 0.789072 2.751942
v 15.974071 0.789072 2.636686
v 15.990166 0.789072 2.529167
v 16.036453 0.789072 2.439910
v 16.108399 0.789072 2.377654
v 16.198961 0.789072 2.348491
v 16.299276 0.789072 2.355276
v 16.399524 0.789072 2.397346
v 16.489890 0.789072 2.470582
v 16.561532 0.789072 2.567815
v 16.607433 0.789072 2.679527
v 16.623103 0.789072 2.794784
v 16.607008 0.789072 2.902303
v 16.560721 0.789072 2.991559
v 16.488775 0.789072 3.053816
v 16.398213 0.789072 3.082979
v 16.297898 0.789072 3.076193
v 16.197650 0.789072 3.034124
v 16.107284 0.789072 2.960888
v 16.035643 0.789072 2.863655
v 16.241293 0.761486 2.722452
v 16.238386 0.761486 2.701071
v 16.241372 0.761486 2.681125
v 16.249959 0.761486 2.664567
v 16.263305 0.761486 2.653018
v 16.280106 0.761486 2.647608
v 16.298715 0.761486 2.648867
v 16.317312 0.761486 2.656671
v 16.334075 0.761486 2.670257
v 16.347365 0.761486 2.688294
v 16.355880 0.761486 2.709018
v 16.358788 0.761486 2.730399
v 16.355802 0.761486 2.750345
v 16.347215 0.761486 2.766903
v 16.333868 0.761486 2.778452
v 16.317068 0.761486 2.783862
v 16.298459 0.761486 2.782603
v 16.279862 0.761486 2.774799
v 16.263099 0.761486 2.761213
v 16.249809 0.761486 2.743175
v 16.239744 0.605046 2.722633
v 16.236759 0.605046 2.700674
v 16.239825 0.605046 2.680189
v 16.248644 0.605046 2.663184
v 16.262351 0.605046 2.651322
v 16.279606 0.605046 2.645766
v 16.298718 0.605046 2.647059
v 16.317818 0.605046 2.655074
v 16.335035 0.605046 2.669027
v 16.348684 0.605046 2.687553
v 16.357430 0.605046 2.708837
v 16.360415 0.605046 2.730796
v 16.357349 0.605046 2.751281
v 16.348530 0.605046 2.768286
v 16.334823 0.605046 2.780148
v 16.317568 0.605046 2.785704
v 16.298456 0.605046 2.784411
v 16.279356 0.605046 2.776396
v 16.262139 0.605046 2.762443
v 16.248490 0.605046 2.743917
v 16.219304 -0.294602 2.725030
v 16.215281 -0.294602 2.695442
v 16.219413 -0.294602 2.667842
v 16.231295 -0.294602 2.644929
v 16.249764 -0.294602 2.628947
v 16.273012 -0.294602 2.621461
v 16.298764 -0.294602 2.623203
v 16.324498 -0.294602 2.634002
v 16.347696 -0.294602 2.652802
v 16.366087 -0.294602 2.677763
v 16.377870 -0.294602 2.706440
v 16.381893 -0.294602 2.736027
v 16.377761 -0.294602 2.763628
v 16.365879 -0.294602 2.786541
v 16.347410 -0.294602 2.802523
v 16.324162 -0.294602 2.810009
v 16.298410 -0.294602 2.808267
v 16.272676 -0.294602 2.797468
v 16.249478 -0.294602 2.778668
v 16.231087 -0.294602 2.753707
v 16.298587 -0.582507 2.715735
v 25.566716 0.837269 0.237863
v 25.550738 0.837269 0.120332
v 25.567151 0.837269 0.010692
v 25.614351 0.837269 -0.080326
v 25.687716 0.837269 -0.143810
v 25.780066 0.837269 -0.173549
v 25.882360 0.837269 -0.166630
v 25.984586 0.837269 -0.123730
v 26.076735 0.837269 -0.049049
v 26.149789 0.837269 0.050102
v 26.196597 0.837269 0.164019
v 26.212577 0.837269 0.281550
v 26.196163 0.837269 0.391190
v 26.148964 0.837269 0.482208
v 26.075598 0.837269 0.545692
v 25.983249 0.837269 0.575431
v 25.880955 0.837269 0.568511
v 25.778729 0.837269 0.525612
v 25.686579 0.837269 0.450931
v 25.613525 0.837269 0.351779
v 25.572811 0.789072 0.237148
v 25.557141 0.789072 0.121892
v 25.573236 0.789072 0.014373
v 25.619523 0.789072 -0.074884
v 25.691469 0.789072 -0.137140
v 25.782032 0.789072 -0.166303
v 25.882347 0.789072 -0.159518
v 25.982594 0.789072 -0.117448
v 26.072961 0.789072 -0.044212
v 26.144602 0.789072 0.053021
v 26.190503 0.789072 0.164733
v 26.206173 0.789072 0.279990
v 26.190078 0.789072 0.387509
v 26.143791 0.789072 0.476765
v 26.071846 0.789072 0.539022
v 25.981283 0.789072 0.568185
v 25.880968 0.789072 0.561399
v 25.780721 0.789072 0.519329
v 25.690354 0.789072 0.446094
v 25.618713 0.789072 0.348861
v 25.824364 0.761486 0.207658
v 25.821456 0.761486 0.186277
v 25.824443 0.761486 0.166331
v 25.833029 0.761486 0.149773
v 25.846376 0.761486 0.138224
v 25.863176 0.761486 0.132814
v 25.881785 0.761486 0.134073
v 25.900382 0.761486 0.141877
v 25.917146 0.761486 0.155463
v 25.930436 0.761486 0.173500
v 25.938951 0.761486 0.194224
v 25.941858 0.761486 0.215605
v 25.938872 0.761486 0.235551
v 25.930285 0.761486 0.252108
v 25.916939 0.761486 0.263658
v 25.900139 0.761486 0.269068
v 25.881530 0.761486 0.267809
v 25.862932 0.761486 0.260005
v 25.846169 0.761486 0.246419
v 25.832879 0.761486 0.228381
v 25.822815 0.605046 0.207839
v 25.819829 0.605046 0.185880
v 25.822895 0.605046 0.165395
v 25.831715 0.605046 0.148389
v 25.845422 0.605046 0.136528
v 25.862676 0.605046 0.130972
v 25.881789 0.605046 0.132265
v 25.900888 0.605046 0.140280
v 25.918105 0.605046 0.154233
v 25.931755 0.605046 0.172758
v 25.940500 0.605046 0.194043
v 25.943485 0.605046 0.216002
v 25.940419 0.605046 0.236487
v 25.931600 0.605046 0.253492
v 25.917893 0.605046 0.265354
v 25.900639 0.605046 0.270910
v 25.881526 0.605046 0.269617
v 25.862426 0.605046 0.261602
v 25.845210 0.605046 0.247648
v 25.831560 0.605046 0.229123
v 25.802374 -0.294602 0.210236
v 25.798351 -0.294602 0.180648
v 25.802483 -0.294602 0.153048
v 25.814366 -0.294602 0.130135
v 25.832834 -0.294602 0.114153
v 25.856083 -0.294602 0.106667
v 25.881834 -0.294602 0.108408
v 25.907569 -0.294602 0.119208
v 25.930766 -0.294602 0.138008
v 25.949157 -0.294602 0.162969
v 25.960941 -0.294602 0.191646
v 25.964963 -0.294602 0.221233
v 25.960831 -0.294602 0.248834
v 25.948949 -0.294602 0.271747
v 25.930480 -0.294602 0.287729
v 25.907232 -0.294602 0.295215
v 25.881480 -0.294602 0.293473
v 25.855746 -0.294602 0.282674
v 25.832548 -0.294602 0.263874
v 25.814158 -0.294602 0.238913
v 25.881657 -0.582507 0.200941
v 24.337663 0.837269 -1.946917
v 24.321684 0.837269 -2.064448
v 24.338097 0.837269 -2.174088
v 24.385297 0.837269 -2.265106
v 24.458663 0.837269 -2.328591
v 24.551012 0.837269 -2.358329
v 24.653307 0.837269 -2.351410
v 24.755532 0.837269 -2.308510
v 24.847682 0.837269 -2.233829
v 24.920736 0.837269 -2.134678
v 24.967544 0.837269 -2.020761
v 24.983523 0.837269 -1.903230
v 24.967109 0.837269 -1.793590
v 24.919910 0.837269 -1.702572
v 24.846544 0.837269 -1.639088
v 24.754195 0.837269 -1.609349
v 24.651901 0.837269 -1.616269
v 24.549675 0.837269 -1.659168
v 24.457526 0.837269 -1.733849
v 24.384471 0.837269 -1.833001
v 24.343757 0.789072 -1.947632
v 24.328087 0.789072 -2.062888
v 24.344183 0.789072 -2.170407
v 24.390469 0.789072 -2.259664
v 24.462415 0.789072 -2.321920
v 24.552978 0.789072 -2.351083
v 24.653293 0.789072 -2.344298
v 24.753540 0.789072 -2.302228
v 24.843907 0.789072 -2.228992
v 24.915548 0.789072 -2.131759
v 24.961450 0.789072 -2.020047
v 24.977120 0.789072 -1.904790
v 24.961024 0.789072 -1.797271
v 24.914738 0.789072 -1.708015
v 24.842792 0.789072 -1.645758
v 24.752229 0.789072 -1.616595
v 24.651915 0.789072 -1.623381
v 24.551667 0.789072 -1.665451
v 24.461300 0.789072 -1.738686
v 24.389659 0.789072 -1.835919
v 24.595310 0.761486 -1.977122
v 24.592403 0.761486 -1.998503
v 24.595389 0.761486 -2.018449
v 24.603975 0.761486 -2.035007
v 24.617322 0.761486 -2.046556
v 24.634122 0.761486 -2.051966
v 24.652731 0.761486 -2.050707
v 24.671328 0.761486 -2.042903
v 24.688092 0.761486 -2.029317
v 24.701382 0.761486 -2.011280
v 24.709897 0.761486 -1.990556
v 24.712804 0.761486 -1.969175
v 24.709818 0.761486 -1.949229
v 24.701232 0.761486 -1.932672
v 24.687885 0.761486 -1.921122
v 24.671085 0.761486 -1.915712
v 24.652476 0.761486 -1.916971
v 24.633879 0.761486 -1.924775
v 24.617115 0.761486 -1.938361
v 24.603825 0.761486 -1.956399
v 24.593761 0.605046 -1.976941
v 24.590775 0.605046 -1.998900
v 24.593842 0.605046 -2.019385
v 24.602661 0.605046 -2.036390
v 24.616368 0.605046 -2.048252
v 24.633622 0.605046 -2.053808
v 24.652735 0.605046 -2.052515
v 24.671834 0.605046 -2.044500
v 24.689051 0.605046 -2.030547
v 24.702701 0.605046 -2.012022
v 24.711446 0.605046 -1.990737
v 24.714432 0.605046 -1.968778
v 24.711365 0.605046 -1.948293
v 24.702546 0.605046 -1.931288
v 24.688839 0.605046 -1.919426
v 24.671585 0.605046 -1.913870
v 24.652472 0.605046 -1.915163
v 24.633373 0.605046 -1.923178
v 24.616156 0.605046 -1.937132
v 24.602507 0.605046 -1.955657
v 24.573320 -0.294602 -1.974544
v 24.569298 -0.294602 -2.004132
v 24.573430 -0.294602 -2.031732
v 24.585312 -0.294602 -2.054645
v 24.603781 -0.294602 -2.070627
v 24.627029 -0.294602 -2.078113
v 24.652781 -0.294602 -2.076372
v 24.678515 -0.294602 -2.065572
v 24.701713 -0.294602 -2.046772
v 24.720103 -0.294602 -2.021811
v 24.731887 -0.294602 -1.993134
v 24.735910 -0.294602 -1.963547
v 24.731778 -0.294602 -1.935946
v 24.719895 -0.294602 -1.913033
v 24.701426 -0.294602 -1.897051
v 24.678178 -0.294602 -1.889565
v 24.652426 -0.294602 -1.891307
v 24.626692 -0.294602 -1.902106
v 24.603494 -0.294602 -1.920906
v 24.585104 -0.294602 -1.945867
v 24.652604 -0.582507 -1.983839
vt 0.375000 0.000000
vt 0.625000 0.000000
vt 0.375000 0.250000
vt 0.625000 0.250000
vt 0.375000 0.500000
vt 0.625000 0.500000
vt 0.375000 0.750000
vt 0.625000 0.750000
vt 0.375000 1.000000
vt 0.625000 1.000000
vt 0.875000 0.000000
vt 0.875000 0.250000
vt 0.125000 0.000000
vt 0.125000 0.250000
vt 0.250000 0.500000
vt 0.375000 0.500000
vt 0.390625 0.562500
vt 0.281250 0.562500
vt 0.500000 0.500000
vt 0.500000 0.562500
vt 0.625000 0.500000
vt 0.609375 0.562500
vt 0.750000 0.500000
vt 0.718750 0.562500
vt 0.406250 0.625000
vt 0.312500 0.625000
vt 0.500000 0.625000
vt 0.593750 0.625000
vt 0.687500 0.625000
vt 0.421875 0.687500
vt 0.343750 0.687500
vt 0.500000 0.687500
vt 0.578125 0.687500
vt 0.656250 0.687500
vt 0.437500 0.750000
vt 0.375000 0.750000
vt 0.500000 0.750000
vt 0.562500 0.750000
vt 0.625000 0.750000
vt 0.453125 0.812500
vt 0.406250 0.812500
vt 0.500000 0.812500
vt 0.546875 0.812500
vt 0.593750 0.812500
vt 0.468750 0.875000
vt 0.437500 0.875000
vt 0.500000 0.875000
vt 0.531250 0.875000
vt 0.562500 0.875000
vt 0.484375 0.937500
vt 0.468750 0.937500
vt 0.500000 0.937500
vt 0.515625 0.937500
vt 0.531250 0.937500
vt 0.500000 0.000000
vt 0.750000 0.250000
vt 0.500000 0.500000
vt 0.250000 0.250000
vt 0.500000 1.000000
vt 0.250000 0.500000
vt 0.375000 0.500000
vt 0.390625 0.562500
vt 0.281250 0.562500
vt 0.500000 0.500000
vt 0.500000 0.562500
vt 0.625000 0.500000
vt 0.609375 0.562500
vt 0.750000 0.500000
vt 0.718750 0.562500
vt 0.406250 0.625000
vt 0.312500 0.625000
vt 0.500000 0.625000
vt 0.593750 0.625000
vt 0.687500 0.625000
vt 0.421875 0.687500
vt 0.343750 0.687500
vt 0.500000 0.687500
vt 0.578125 0.687500
vt 0.656250 0.687500
vt 0.437500 0.750000
vt 0.375000 0.750000
vt 0.500000 0.750000
vt 0.562500 0.750000
vt 0.625000 0.750000
vt 0.453125 0.812500
vt 0.406250 0.812500
vt 0.500000 0.812500
vt 0.546875 0.812500
vt 0.593750 0.812500
vt 0.468750 0.875000
vt 0.437500 0.875000
vt 0.500000 0.875000
vt 0.531250 0.875000
vt 0.562500 0.875000
vt 0.484375 0.937500
vt 0.468750 0.937500
vt 0.500000 0.937500
vt 0.515625 0.937500
vt 0.531250 0.937500
vt 0.500000 0.000000
vt 0.750000 0.250000
vt 0.500000 0.500000
vt 0.250000 0.250000
vt 0.500000 1.000000
vt 0.250000 0.500000
vt 0.375000 0.500000
vt 0.390625 0.562500
vt 0.281250 0.562500
vt 0.500000 0.500000
vt 0.500000 0.562500
vt 0.625000 0.500000
vt 0.609375 0.562500
vt 0.750000 0.500000
vt 0.718750 0.562500
vt 0.406250 0.625000
vt 0.312500 0.625000
vt 0.500000 0.625000
vt 0.593750 0.625000
vt 0.687500 0.625000
vt 0.421875 0.687500
vt 0.343750 0.687500
vt 0.500000 0.687500
vt 0.578125 0.687500
vt 0.656250 0.687500
vt 0.437500 0.750000
vt 0.375000 0.750000
vt 0.500000 0.750000
vt 0.562500 0.750000
vt 0.625000 0.750000
vt 0.453125 0.812500
vt 0.406250 0.812500
vt 0.500000 0.812500
vt 0.546875 0.812500
vt 0.593750 0.812500
vt 0.468750 0.875000
vt 0.437500 0.875000
vt 0.500000 0.875000
vt 0.531250 0.875000
vt 0.562500 0.875000
vt 0.484375 0.937500
vt 0.468750 0.937500
vt 0.500000 0.937500
vt 0.515625 0.937500
vt 0.531250 0.937500
vt 0.500000 0.000000
vt 0.750000 0.250000
vt 0.500000 0.500000
vt 0.250000 0.250000
vt 0.500000 1.000000
vt 0.250000 0.500000
vt 0.375000 0.500000
vt 0.390625 0.562500
vt 0.281250 0.562500
vt 0.500000 0.500000
vt 0.500000 0.562500
vt 0.625000 0.500000
vt 0.609375 0.562500
vt 0.750000 0.500000
vt 0.718750 0.562500
vt 0.406250 0.625000
vt 0.312500 0.625000
vt 0.500000 0.625000
vt 0.593750 0.625000
vt 0.687500 0.625000
vt 0.421875 0.687500
vt 0.343750 0.687500
vt 0.500000 0.687500
vt 0.578125 0.687500
vt 0.656250 0.687500
vt 0.437500 0.750000
vt 0.375000 0.750000
vt 0.500000 0.750000
vt 0.562500 0.750000
vt 0.625000 0.750000
vt 0.453125 0.812500
vt 0.406250 0.812500
vt 0.500000 0.812500
vt 0.546875 0.812500
vt 0.593750 0.812500
vt 0.468750 0.875000
vt 0.437500 0.875000
vt 0.500000 0.875000
vt 0.531250 0.875000
vt 0.562500 0.875000
vt 0.484375 0.937500
vt 0.468750 0.937500
vt 0.500000 0.937500
vt 0.515625 0.937500
vt 0.531250 0.937500
vt 0.500000 0.000000
vt 0.750000 0.250000
vt 0.500000 0.500000
vt 0.250000 0.250000
vt 0.500000 1.000000
vt 0.250000 0.500000
vt 0.375000 0.500000
vt 0.390625 0.562500
vt 0.281250 0.562500
vt 0.500000 0.500000
vt 0.500000 0.562500
vt 0.625000 0.500000
vt 0.609375 0.562500
vt 0.750000 0.500000
vt 0.718750 0.562500
vt 0.406250 0.625000
vt 0.312500 0.625000
vt 0.500000 0.625000
vt 0.593750 0.625000
vt 0.687500 0.625000
vt 0.421875 0.687500
vt 0.343750 0.687500
vt 0.500000 0.687500
vt 0.578125 0.687500
vt 0.656250 0.687500
vt 0.437500 0.750000
vt 0.375000 0.750000
vt 0.500000 0.750000
vt 0.562500 0.750000
vt 0.625000 0.750000
vt 0.453125 0.812500
vt 0.406250 0.812500
vt 0.500000 0.812500
vt 0.546875 0.812500
vt 0.593750 0.812500
vt 0.468750 0.875000
vt 0.437500 0.875000
vt 0.500000 0.875000
vt 0.531250 0.875000
vt 0.562500 0.875000
vt 0.484375 0.937500
vt 0.468750 0.937500
vt 0.500000 0.937500
vt 0.515625 0.937500
vt 0.531250 0.937500
vt 0.500000 0.000000
vt 0.750000 0.250000
vt 0.500000 0.500000
vt 0.250000 0.250000
vt 0.500000 1.000000
vt 0.250000 0.500000
vt 0.375000 0.500000
vt 0.390625 0.562500
vt 0.281250 0.562500
vt 0.500000 0.500000
vt 0.500000 0.562500
vt 0.625000 0.500000
vt 0.609375 0.562500
vt 0.750000 0.500000
vt 0.718750 0.562500
vt 0.406250 0.625000
vt 0.312500 0.625000
vt 0.500000 0.625000
vt 0.593750 0.625000
vt 0.687500 0.625000
vt 0.421875 0.687500
vt 0.343750 0.687500
vt 0.500000 0.687500
vt 0.578125 0.687500
vt 0.656250 0.687500
vt 0.437500 0.750000
vt 0.375000 0.750000
vt 0.500000 0.750000
vt 0.562500 0.750000
vt 0.625000 0.750000
vt 0.453125 0.812500
vt 0.406250 0.812500
vt 0.500000 0.812500
vt 0.546875 0.812500
vt 0.593750 0.812500
vt 0.468750 0.875000
vt 0.437500 0.875000
vt 0.500000 0.875000
vt 0.531250 0.875000
vt 0.562500 0.875000
vt 0.484375 0.937500
vt 0.468750 0.937500
vt 0.500000 0.937500
vt 0.515625 0.937500
vt 0.531250 0.937500
vt 0.500000 0.000000
vt 0.750000 0.250000
vt 0.500000 0.500000
vt 0.250000 0.250000
vt 0.500000 1.000000
vt 0.250000 0.500000
vt 0.375000 0.500000
vt 0.390625 0.562500
vt 0.281250 0.562500
vt 0.500000 0.500000
vt 0.500000 0.562500
vt 0.625000 0.500000
vt 0.609375 0.562500
vt 0.750000 0.500000
vt 0.718750 0.562500
vt 0.406250 0.625000
vt 0.312500 0.625000
vt 0.500000 0.625000
vt 0.593750 0.625000
vt 0.687500 0.625000
vt 0.421875 0.687500
vt 0.343750 0.687500
vt 0.500000 0.687500
vt 0.578125 0.687500
vt 0.656250 0.687500
vt 0.437500 0.750000
vt 0.375000 0.750000
vt 0.500000 0.750000
vt 0.562500 0.750000
vt 0.625000 0.750000
vt 0.453125 0.812500
vt 0.406250 0.812500
vt 0.500000 0.812500
vt 0.546875 0.812500
vt 0.593750 0.812500
vt 0.468750 0.875000
vt 0.437500 0.875000
vt 0.500000 0.875000
vt 0.531250 0.875000
vt 0.562500 0.875000
vt 0.484375 0.937500
vt 0.468750 0.937500
vt 0.500000 0.937500
vt 0.515625 0.937500
vt 0.531250 0.937500
vt 0.500000 0.000000
vt 0.750000 0.250000
vt 0.500000 0.500000
vt 0.250000 0.250000
vt 0.500000 1.000000
vt 0.250000 0.500000
vt 0.375000 0.500000
vt 0.390625 0.562500
vt 0.281250 0.562500
vt 0.500000 0.500000
vt 0.500000 0.562500
vt 0.625000 0.500000
vt 0.609375 0.562500
vt 0.750000 0.500000
vt 0.718750 0.562500
vt 0.406250 0.625000
vt 0.312500 0.625000
vt 0.500000 0.625000
vt 0.593750 0.625000
vt 0.687500 0.625000
vt 0.421875 0.687500
vt 0.343750 0.687500
vt 0.500000 0.687500
vt 0.578125 0.687500
vt 0.656250 0.687500
vt 0.437500 0.750000
vt 0.375000 0.750000
vt 0.500000 0.750000
vt 0.562500 0.750000
vt 0.625000 0.750000
vt 0.453125 0.812500
vt 0.406250 0.812500
vt 0.500000 0.812500
vt 0.546875 0.812500
vt 0.593750 0.812500
vt 0.468750 0.875000
vt 0.437500 0.875000
vt 0.500000 0.875000
vt 0.531250 0.875000
vt 0.562500 0.875000
vt 0.484375 0.937500
vt 0.468750 0.937500
vt 0.500000 0.937500
vt 0.515625 0.937500
vt 0.531250 0.937500
vt 0.500000 0.000000
vt 0.750000 0.250000
vt 0.500000 0.500000
vt 0.250000 0.250000
vt 0.500000 1.000000
vt 0.250000 0.500000
vt 0.375000 0.500000
vt 0.390625 0.562500
vt 0.281250 0.562500
vt 0.500000 0.500000
vt 0.500000 0.562500
vt 0.625000 0.500000
vt 0.609375 0.562500
vt 0.750000 0.500000
vt 0.718750 0.562500
vt 0.406250 0.625000
vt 0.312500 0.625000
vt 0.500000 0.625000
vt 0.593750 0.625000
vt 0.687500 0.625000
vt 0.421875 0.687500
vt 0.343750 0.687500
vt 0.500000 0.687500
vt 0.578125 0.687500
vt 0.656250 0.687500
vt 0.437500 0.750000
vt 0.375000 0.750000
vt 0.500000 0.750000
vt 0.562500 0.750000
vt 0.625000 0.750000
vt 0.453125 0.812500
vt 0.406250 0.812500
vt 0.500000 0.812500
vt 0.546875 0.812500
vt 0.593750 0.812500
vt 0.468750 0.875000
vt 0.437500 0.875000
vt 0.500000 0.875000
vt 0.531250 0.875000
vt 0.562500 0.875000
vt 0.484375 0.937500
vt 0.468750 0.937500
vt 0.500000 0.937500
vt 0.515625 0.937500
vt 0.531250 0.937500
vt 0.500000 0.000000
vt 0.750000 0.250000
vt 0.500000 0.500000
vt 0.250000 0.250000
vt 0.500000 1.000000
vt 0.250000 0.500000
vt 0.375000 0.500000
vt 0.390625 0.562500
vt 0.281250 0.562500
vt 0.500000 0.500000
vt 0.500000 0.562500
vt 0.625000 0.500000
vt 0.609375 0.562500
vt 0.750000 0.500000
vt 0.718750 0.562500
vt 0.406250 0.625000
vt 0.312500 0.625000
vt 0.500000 0.625000
vt 0.593750 0.625000
vt 0.687500 0.625000
vt 0.421875 0.687500
vt 0.343750 0.687500
vt 0.500000 0.687500
vt 0.578125 0.687500
vt 0.656250 0.687500
vt 0.437500 0.750000
vt 0.375000 0.750000
vt 0.500000 0.750000
vt 0.562500 0.750000
vt 0.625000 0.750000
vt 0.453125 0.812500
vt 0.406250 0.812500
vt 0.500000 0.812500
vt 0.546875 0.812500
vt 0.593750 0.812500
vt 0.468750 0.875000
vt 0.437500 0.875000
vt 0.500000 0.875000
vt 0.531250 0.875000
vt 0.562500 0.875000
vt 0.484375 0.937500
vt 0.468750 0.937500
vt 0.500000 0.937500
vt 0.515625 0.937500
vt 0.531250 0.937500
vt 0.500000 0.000000
vt 0.750000 0.250000
vt 0.500000 0.500000
vt 0.250000 0.250000
vt 0.500000 1.000000
vt 0.250000 0.500000
vt 0.375000 0.500000
vt 0.390625 0.562500
vt 0.281250 0.562500
vt 0.500000 0.500000
vt 0.500000 0.562500
vt 0.625000 0.500000
vt 0.609375 0.562500
vt 0.750000 0.500000
vt 0.718750 0.562500
vt 0.406250 0.625000
vt 0.312500 0.625000
vt 0.500000 0.625000
vt 0.593750 0.625000
vt 0.687500 0.625000
vt 0.421875 0.687500
vt 0.343750 0.687500
vt 0.500000 0.687500
vt 0.578125 0.687500
vt 0.656250 0.687500
vt 0.437500 0.750000
vt 0.375000 0.750000
vt 0.500000 0.750000
vt 0.562500 0.750000
vt 0.625000 0.750000
vt 0.453125 0.812500
vt 0.406250 0.812500
vt 0.500000 0.812500
vt 0.546875 0.812500
vt 0.593750 0.812500
vt 0.468750 0.875000
vt 0.437500 0.875000
vt 0.500000 0.875000
vt 0.531250 0.875000
vt 0.562500 0.875000
vt 0.484375 0.937500
vt 0.468750 0.937500
vt 0.500000 0.937500
vt 0.515625 0.937500
vt 0.531250 0.937500
vt 0.500000 0.000000
vt 0.750000 0.250000
vt 0.500000 0.500000
vt 0.250000 0.250000
vt 0.500000 1.000000
vt 0.250000 0.500000
vt 0.375000 0.500000
vt 0.390625 0.562500
vt 0.281250 0.562500
vt 0.500000 0.500000
vt 0.500000 0.562500
vt 0.625000 0.500000
vt 0.609375 0.562500
vt 0.750000 0.500000
vt 0.718750 0.562500
vt 0.406250 0.625000
vt 0.312500 0.625000
vt 0.500000 0.625000
vt 0.593750 0.625000
vt 0.687500 0.625000
vt 0.421875 0.687500
vt 0.343750 0.687500
vt 0.500000 0.687500
vt 0.578125 0.687500
vt 0.656250 0.687500
vt 0.437500 0.750000
vt 0.375000 0.750000
vt 0.500000 0.750000
vt 0.562500 0.750000
vt 0.625000 0.750000
vt 0.453125 0.812500
vt 0.406250 0.812500
vt 0.500000 0.812500
vt 0.546875 0.812500
vt 0.593750 0.812500
vt 0.468750 0.875000
vt 0.437500 0.875000
vt 0.500000 0.875000
vt 0.531250 0.875000
vt 0.562500 0.875000
vt 0.484375 0.937500
vt 0.468750 0.937500
vt 0.500000 0.937500
vt 0.515625 0.937500
vt 0.531250 0.937500
vt 0.500000 0.000000
vt 0.750000 0.250000
vt 0.500000 0.500000
vt 0.250000 0.250000
vt 0.500000 1.000000
vt 0.250000 0.500000
vt 0.275000 0.500000
vt 0.320000 0.600000
vt 0.300000 0.600000
vt 0.300000 0.500000
vt 0.340000 0.600000
vt 0.325000 0.500000
vt 0.360000 0.600000
vt 0.350000 0.500000
vt 0.380000 0.600000
vt 0.375000 0.500000
vt 0.400000 0.600000
vt 0.400000 0.500000
vt 0.420000 0.600000
vt 0.425000 0.500000
vt 0.440000 0.600000
vt 0.450000 0.500000
vt 0.460000 0.600000
vt 0.475000 0.500000
vt 0.480000 0.600000
vt 0.500000 0.500000
vt 0.500000 0.600000
vt 0.525000 0.500000
vt 0.520000 0.600000
vt 0.550000 0.500000
vt 0.540000 0.600000
vt 0.575000 0.500000
vt 0.560000 0.600000
vt 0.600000 0.500000
vt 0.580000 0.600000
vt 0.625000 0.500000
vt 0.600000 0.600000
vt 0.650000 0.500000
vt 0.620000 0.600000
vt 0.675000 0.500000
vt 0.640000 0.600000
vt 0.700000 0.500000
vt 0.660000 0.600000
vt 0.725000 0.500000
vt 0.680000 0.600000
vt 0.750000 0.500000
vt 0.700000 0.600000
vt 0.365000 0.700000
vt 0.350000 0.700000
vt 0.380000 0.700000
vt 0.395000 0.700000
vt 0.410000 0.700000
vt 0.425000 0.700000
vt 0.440000 0.700000
vt 0.455000 0.700000
vt 0.470000 0.700000
vt 0.485000 0.700000
vt 0.500000 0.700000
vt 0.515000 0.700000
vt 0.530000 0.700000
vt 0.545000 0.700000
vt 0.560000 0.700000
vt 0.575000 0.700000
vt 0.590000 0.700000
vt 0.605000 0.700000
vt 0.620000 0.700000
vt 0.635000 0.700000
vt 0.650000 0.700000
vt 0.410000 0.800000
vt 0.400000 0.800000
vt 0.420000 0.800000
vt 0.430000 0.800000
vt 0.440000 0.800000
vt 0.450000 0.800000
vt 0.460000 0.800000
vt 0.470000 0.800000
vt 0.480000 0.800000
vt 0.490000 0.800000
vt 0.500000 0.800000
vt 0.510000 0.800000
vt 0.520000 0.800000
vt 0.530000 0.800000
vt 0.540000 0.800000
vt 0.550000 0.800000
vt 0.560000 0.800000
vt 0.570000 0.800000
vt 0.580000 0.800000
vt 0.590000 0.800000
vt 0.600000 0.800000
vt 0.455000 0.900000
vt 0.450000 0.900000
vt 0.460000 0.900000
vt 0.465000 0.900000
vt 0.470000 0.900000
vt 0.475000 0.900000
vt 0.480000 0.900000
vt 0.485000 0.900000
vt 0.490000 0.900000
vt 0.495000 0.900000
vt 0.500000 0.900000
vt 0.505000 0.900000
vt 0.510000 0.900000
vt 0.515000 0.900000
vt 0.520000 0.900000
vt 0.525000 0.900000
vt 0.530000 0.900000
vt 0.535000 0.900000
vt 0.540000 0.900000
vt 0.545000 0.900000
vt 0.550000 0.900000
vt 0.737764 0.172746
vt 0.750000 0.250000
vt 0.737764 0.327254
vt 0.702254 0.396946
vt 0.646946 0.452254
vt 0.577254 0.487764
vt 0.500000 0.500000
vt 0.422746 0.487764
vt 0.353054 0.452254
vt 0.297746 0.396946
vt 0.262236 0.327254
vt 0.250000 0.250000
vt 0.262236 0.172746
vt 0.297746 0.103054
vt 0.353054 0.047746
vt 0.422746 0.012236
vt 0.500000 -0.000000
vt 0.577254 0.012236
vt 0.646946 0.047746
vt 0.702254 0.103054
vt 0.500000 1.000000
vt 0.250000 0.500000
vt 0.275000 0.500000
vt 0.320000 0.600000
vt 0.300000 0.600000
vt 0.300000 0.500000
vt 0.340000 0.600000
vt 0.325000 0.500000
vt 0.360000 0.600000
vt 0.350000 0.500000
vt 0.380000 0.600000
vt 0.375000 0.500000
vt 0.400000 0.600000
vt 0.400000 0.500000
vt 0.420000 0.600000
vt 0.425000 0.500000
vt 0.440000 0.600000
vt 0.450000 0.500000
vt 0.460000 0.600000
vt 0.475000 0.500000
vt 0.480000 0.600000
vt 0.500000 0.500000
vt 0.500000 0.600000
vt 0.525000 0.500000
vt 0.520000 0.600000
vt 0.550000 0.500000
vt 0.540000 0.600000
vt 0.575000 0.500000
vt 0.560000 0.600000
vt 0.600000 0.500000
vt 0.580000 0.600000
vt 0.625000 0.500000
vt 0.600000 0.600000
vt 0.650000 0.500000
vt 0.620000 0.600000
vt 0.675000 0.500000
vt 0.640000 0.600000
vt 0.700000 0.500000
vt 0.660000 0.600000
vt 0.725000 0.500000
vt 0.680000 0.600000
vt 0.750000 0.500000
vt 0.700000 0.600000
vt 0.365000 0.700000
vt 0.350000 0.700000
vt 0.380000 0.700000
vt 0.395000 0.700000
vt 0.410000 0.700000
vt 0.425000 0.700000
vt 0.440000 0.700000
vt 0.455000 0.700000
vt 0.470000 0.700000
vt 0.485000 0.700000
vt 0.500000 0.700000
vt 0.515000 0.700000
vt 0.530000 0.700000
vt 0.545000 0.700000
vt 0.560000 0.700000
vt 0.575000 0.700000
vt 0.590000 0.700000
vt 0.605000 0.700000
vt 0.620000 0.700000
vt 0.635000 0.700000
vt 0.650000 0.700000
vt 0.410000 0.800000
vt 0.400000 0.800000
vt 0.420000 0.800000
vt 0.430000 0.800000
vt 0.440000 0.800000
vt 0.450000 0.800000
vt 0.460000 0.800000
vt 0.470000 0.800000
vt 0.480000 0.800000
vt 0.490000 0.800000
vt 0.500000 0.800000
vt 0.510000 0.800000
vt 0.520000 0.800000
vt 0.530000 0.800000
vt 0.540000 0.800000
vt 0.550000 0.800000
vt 0.560000 0.800000
vt 0.570000 0.800000
vt 0.580000 0.800000
vt 0.590000 0.800000
vt 0.600000 0.800000
vt 0.455000 0.900000
vt 0.450000 0.900000
vt 0.460000 0.900000
vt 0.465000 0.900000
vt 0.470000 0.900000
vt 0.475000 0.900000
vt 0.480000 0.900000
vt 0.485000 0.900000
vt 0.490000 0.900000
vt 0.495000 0.900000
vt 0.500000 0.900000
vt 0.505000 0.900000
vt 0.510000 0.900000
vt 0.515000 0.900000
vt 0.520000 0.900000
vt 0.525000 0.900000
vt 0.530000 0.900000
vt 0.535000 0.900000
vt 0.540000 0.900000
vt 0.545000 0.900000
vt 0.550000 0.900000
vt 0.737764 0.172746
vt 0.750000 0.250000
vt 0.737764 0.327254
vt 0.702254 0.396946
vt 0.646946 0.452254
vt 0.577254 0.487764
vt 0.500000 0.500000
vt 0.422746 0.487764
vt 0.353054 0.452254
vt 0.297746 0.396946
vt 0.262236 0.327254
vt 0.250000 0.250000
vt 0.262236 0.172746
vt 0.297746 0.103054
vt 0.353054 0.047746
vt 0.422746 0.012236
vt 0.500000 -0.000000
vt 0.577254 0.012236
vt 0.646946 0.047746
vt 0.702254 0.103054
vt 0.500000 1.000000
vt 0.250000 0.500000
vt 0.275000 0.500000
vt 0.320000 0.600000
vt 0.300000 0.600000
vt 0.300000 0.500000
vt 0.340000 0.600000
vt 0.325000 0.500000
vt 0.360000 0.600000
vt 0.350000 0.500000
vt 0.380000 0.600000
vt 0.375000 0.500000
vt 0.400000 0.600000
vt 0.400000 0.500000
vt 0.420000 0.600000
vt 0.425000 0.500000
vt 0.440000 0.600000
vt 0.450000 0.500000
vt 0.460000 0.600000
vt 0.475000 0.500000
vt 0.480000 0.600000
vt 0.500000 0.500000
vt 0.500000 0.600000
vt 0.525000 0.500000
vt 0.520000 0.600000
vt 0.550000 0.500000
vt 0.540000 0.600000
vt 0.575000 0.500000
vt 0.560000 0.600000
vt 0.600000 0.500000
vt 0.580000 0.600000
vt 0.625000 0.500000
vt 0.600000 0.600000
vt 0.650000 0.500000
vt 0.620000 0.600000
vt 0.675000 0.500000
vt 0.640000 0.600000
vt 0.700000 0.500000
vt 0.660000 0.600000
vt 0.725000 0.500000
vt 0.680000 0.600000
vt 0.750000 0.500000
vt 0.700000 0.600000
vt 0.365000 0.700000
vt 0.350000 0.700000
vt 0.380000 0.700000
vt 0.395000 0.700000
vt 0.410000 0.700000
vt 0.425000 0.700000
vt 0.440000 0.700000
vt 0.455000 0.700000
vt 0.470000 0.700000
vt 0.485000 0.700000
vt 0.500000 0.700000
vt 0.515000 0.700000
vt 0.530000 0.700000
vt 0.545000 0.700000
vt 0.560000 0.700000
vt 0.575000 0.700000
vt 0.590000 0.700000
vt 0.605000 0.700000
vt 0.620000 0.700000
vt 0.635000 0.700000
vt 0.650000 0.700000
vt 0.410000 0.800000
vt 0.400000 0.800000
vt 0.420000 0.800000
vt 0.430000 0.800000
vt 0.440000 0.800000
vt 0.450000 0.800000
vt 0.460000 0.800000
vt 0.470000 0.800000
vt 0.480000 0.800000
vt 0.490000 0.800000
vt 0.500000 0.800000
vt 0.510000 0.800000
vt 0.520000 0.800000
vt 0.530000 0.800000
vt 0.540000 0.800000
vt 0.550000 0.800000
vt 0.560000 0.800000
vt 0.570000 0.800000
vt 0.580000 0.800000
vt 0.590000 0.800000
vt 0.600000 0.800000
vt 0.455000 0.900000
vt 0.450000 0.900000
vt 0.460000 0.900000
vt 0.465000 0.900000
vt 0.470000 0.900000
vt 0.475000 0.900000
vt 0.480000 0.900000
vt 0.485000 0.900000
vt 0.490000 0.900000
vt 0.495000 0.900000
vt 0.500000 0.900000
vt 0.505000 0.900000
vt 0.510000 0.900000
vt 0.515000 0.900000
vt 0.520000 0.900000
vt 0.525000 0.900000
vt 0.530000 0.900000
vt 0.535000 0.900000
vt 0.540000 0.900000
vt 0.545000 0.900000
vt 0.550000 0.900000
vt 0.737764 0.172746
vt 0.750000 0.250000
vt 0.737764 0.327254
vt 0.702254 0.396946
vt 0.646946 0.452254
vt 0.577254 0.487764
vt 0.500000 0.500000
vt 0.422746 0.487764
vt 0.353054 0.452254
vt 0.297746 0.396946
vt 0.262236 0.327254
vt 0.250000 0.250000
vt 0.262236 0.172746
vt 0.297746 0.103054
vt 0.353054 0.047746
vt 0.422746 0.012236
vt 0.500000 -0.000000
vt 0.577254 0.012236
vt 0.646946 0.047746
vt 0.702254 0.103054
vt 0.500000 1.000000
vt 0.250000 0.500000
vt 0.275000 0.500000
vt 0.320000 0.600000
vt 0.300000 0.600000
vt 0.300000 0.500000
vt 0.340000 0.600000
vt 0.325000 0.500000
vt 0.360000 0.600000
vt 0.350000 0.500000
vt 0.380000 0.600000
vt 0.375000 0.500000
vt 0.400000 0.600000
vt 0.400000 0.500000
vt 0.420000 0.600000
vt 0.425000 0.500000
vt 0.440000 0.600000
vt 0.450000 0.500000
vt 0.460000 0.600000
vt 0.475000 0.500000
vt 0.480000 0.600000
vt 0.500000 0.500000
vt 0.500000 0.600000
vt 0.525000 0.500000
vt 0.520000 0.600000
vt 0.550000 0.500000
vt 0.540000 0.600000
vt 0.575000 0.500000
vt 0.560000 0.600000
vt 0.600000 0.500000
vt 0.580000 0.600000
vt 0.625000 0.500000
vt 0.600000 0.600000
vt 0.650000 0.500000
vt 0.620000 0.600000
vt 0.675000 0.500000
vt 0.640000 0.600000
vt 0.700000 0.500000
vt 0.660000 0.600000
vt 0.725000 0.500000
vt 0.680000 0.600000
vt 0.750000 0.500000
vt 0.700000 0.600000
vt 0.365000 0.700000
vt 0.350000 0.700000
vt 0.380000 0.700000
vt 0.395000 0.700000
vt 0.410000 0.700000
vt 0.425000 0.700000
vt 0.440000 0.700000
vt 0.455000 0.700000
vt 0.470000 0.700000
vt 0.485000 0.700000
vt 0.500000 0.700000
vt 0.515000 0.700000
vt 0.530000 0.700000
vt 0.545000 0.700000
vt 0.560000 0.700000
vt 0.575000 0.700000
vt 0.590000 0.700000
vt 0.605000 0.700000
vt 0.620000 0.700000
vt 0.635000 0.700000
vt 0.650000 0.700000
vt 0.410000 0.800000
vt 0.400000 0.800000
vt 0.420000 0.800000
vt 0.430000 0.800000
vt 0.440000 0.800000
vt 0.450000 0.800000
vt 0.460000 0.800000
vt 0.470000 0.800000
vt 0.480000 0.800000
vt 0.490000 0.800000
vt 0.500000 0.800000
vt 0.510000 0.800000
vt 0.520000 0.800000
vt 0.530000 0.800000
vt 0.540000 0.800000
vt 0.550000 0.800000
vt 0.560000 0.800000
vt 0.570000 0.800000
vt 0.580000 0.800000
vt 0.590000 0.800000
vt 0.600000 0.800000
vt 0.455000 0.900000
vt 0.450000 0.900000
vt 0.460000 0.900000
vt 0.465000 0.900000
vt 0.470000 0.900000
vt 0.475000 0.900000
vt 0.480000 0.900000
vt 0.485000 0.900000
vt 0.490000 0.900000
vt 0.495000 0.900000
vt 0.500000 0.900000
vt 0.505000 0.900000
vt 0.510000 0.900000
vt 0.515000 0.900000
vt 0.520000 0.900000
vt 0.525000 0.900000
vt 0.530000 0.900000
vt 0.535000 0.900000
vt 0.540000 0.900000
vt 0.545000 0.900000
vt 0.550000 0.900000
vt 0.737764 0.172746
vt 0.750000 0.250000
vt 0.737764 0.327254
vt 0.702254 0.396946
vt 0.646946 0.452254
vt 0.577254 0.487764
vt 0.500000 0.500000
vt 0.422746 0.487764
vt 0.353054 0.452254
vt 0.297746 0.396946
vt 0.262236 0.327254
vt 0.250000 0.250000
vt 0.262236 0.172746
vt 0.297746 0.103054
vt 0.353054 0.047746
vt 0.422746 0.012236
vt 0.500000 -0.000000
vt 0.577254 0.012236
vt 0.646946 0.047746
vt 0.702254 0.103054
vt 0.500000 1.000000
vt 0.250000 0.500000
vt 0.275000 0.500000
vt 0.320000 0.600000
vt 0.300000 0.600000
vt 0.300000 0.500000
vt 0.340000 0.600000
vt 0.325000 0.500000
vt 0.360000 0.600000
vt 0.350000 0.500000
vt 0.380000 0.600000
vt 0.375000 0.500000
vt 0.400000 0.600000
vt 0.400000 0.500000
vt 0.420000 0.600000
vt 0.425000 0.500000
vt 0.440000 0.600000
vt 0.450000 0.500000
vt 0.460000 0.600000
vt 0.475000 0.500000
vt 0.480000 0.600000
vt 0.500000 0.500000
vt 0.500000 0.600000
vt 0.525000 0.500000
vt 0.520000 0.600000
vt 0.550000 0.500000
vt 0.540000 0.600000
vt 0.575000 0.500000
vt 0.560000 0.600000
vt 0.600000 0.500000
vt 0.580000 0.600000
vt 0.625000 0.500000
vt 0.600000 0.600000
vt 0.650000 0.500000
vt 0.620000 0.600000
vt 0.675000 0.500000
vt 0.640000 0.600000
vt 0.700000 0.500000
vt 0.660000 0.600000
vt 0.725000 0.500000
vt 0.680000 0.600000
vt 0.750000 0.500000
vt 0.700000 0.600000
vt 0.365000 0.700000
vt 0.350000 0.700000
vt 0.380000 0.700000
vt 0.395000 0.700000
vt 0.410000 0.700000
vt 0.425000 0.700000
vt 0.440000 0.700000
vt 0.455000 0.700000
vt 0.470000 0.700000
vt 0.485000 0.700000
vt 0.500000 0.700000
vt 0.515000 0.700000
vt 0.530000 0.700000
vt 0.545000 0.700000
vt 0.560000 0.700000
vt 0.575000 0.700000
vt 0.590000 0.700000
vt 0.605000 0.700000
vt 0.620000 0.700000
vt 0.635000 0.700000
vt 0.650000 0.700000
vt 0.410000 0.800000
vt 0.400000 0.800000
vt 0.420000 0.800000
vt 0.430000 0.800000
vt 0.440000 0.800000
vt 0.450000 0.800000
vt 0.460000 0.800000
vt 0.470000 0.800000
vt 0.480000 0.800000
vt 0.490000 0.800000
vt 0.500000 0.800000
vt 0.510000 0.800000
vt 0.520000 0.800000
vt 0.530000 0.800000
vt 0.540000 0.800000
vt 0.550000 0.800000
vt 0.560000 0.800000
vt 0.570000 0.800000
vt 0.580000 0.800000
vt 0.590000 0.800000
vt 0.600000 0.800000
vt 0.455000 0.900000
vt 0.450000 0.900000
vt 0.460000 0.900000
vt 0.465000 0.900000
vt 0.470000 0.900000
vt 0.475000 0.900000
vt 0.480000 0.900000
vt 0.485000 0.900000
vt 0.490000 0.900000
vt 0.495000 0.900000
vt 0.500000 0.900000
vt 0.505000 0.900000
vt 0.510000 0.900000
vt 0.515000 0.900000
vt 0.520000 0.900000
vt 0.525000 0.900000
vt 0.530000 0.900000
vt 0.535000 0.900000
vt 0.540000 0.900000
vt 0.545000 0.900000
vt 0.550000 0.900000
vt 0.737764 0.172746
vt 0.750000 0.250000
vt 0.737764 0.327254
vt 0.702254 0.396946
vt 0.646946 0.452254
vt 0.577254 0.487764
vt 0.500000 0.500000
vt 0.422746 0.487764
vt 0.353054 0.452254
vt 0.297746 0.396946
vt 0.262236 0.327254
vt 0.250000 0.250000
vt 0.262236 0.172746
vt 0.297746 0.103054
vt 0.353054 0.047746
vt 0.422746 0.012236
vt 0.500000 -0.000000
vt 0.577254 0.012236
vt 0.646946 0.047746
vt 0.702254 0.103054
vt 0.500000 1.000000
vt 0.250000 0.500000
vt 0.275000 0.500000
vt 0.320000 0.600000
vt 0.300000 0.600000
vt 0.300000 0.500000
vt 0.340000 0.600000
vt 0.325000 0.500000
vt 0.360000 0.600000
vt 0.350000 0.500000
vt 0.380000 0.600000
vt 0.375000 0.500000
vt 0.400000 0.600000
vt 0.400000 0.500000
vt 0.420000 0.600000
vt 0.425000 0.500000
vt 0.440000 0.600000
vt 0.450000 0.500000
vt 0.460000 0.600000
vt 0.475000 0.500000
vt 0.480000 0.600000
vt 0.500000 0.500000
vt 0.500000 0.600000
vt 0.525000 0.500000
vt 0.520000 0.600000
vt 0.550000 0.500000
vt 0.540000 0.600000
vt 0.575000 0.500000
vt 0.560000 0.600000
vt 0.600000 0.500000
vt 0.580000 0.600000
vt 0.625000 0.500000
vt 0.600000 0.600000
vt 0.650000 0.500000
vt 0.620000 0.600000
vt 0.675000 0.500000
vt 0.640000 0.600000
vt 0.700000 0.500000
vt 0.660000 0.600000
vt 0.725000 0.500000
vt 0.680000 0.600000
vt 0.750000 0.500000
vt 0.700000 0.600000
vt 0.365000 0.700000
vt 0.350000 0.700000
vt 0.380000 0.700000
vt 0.395000 0.700000
vt 0.410000 0.700000
vt 0.425000 0.700000
vt 0.440000 0.700000
vt 0.455000 0.700000
vt 0.470000 0.700000
vt 0.485000 0.700000
vt 0.500000 0.700000
vt 0.515000 0.700000
vt 0.530000 0.700000
vt 0.545000 0.700000
vt 0.560000 0.700000
vt 0.575000 0.700000
vt 0.590000 0.700000
vt 0.605000 0.700000
vt 0.620000 0.700000
vt 0.635000 0.700000
vt 0.650000 0.700000
vt 0.410000 0.800000
vt 0.400000 0.800000
vt 0.420000 0.800000
vt 0.430000 0.800000
vt 0.440000 0.800000
vt 0.450000 0.800000
vt 0.460000 0.800000
vt 0.470000 0.800000
vt 0.480000 0.800000
vt 0.490000 0.800000
vt 0.500000 0.800000
vt 0.510000 0.800000
vt 0.520000 0.800000
vt 0.530000 0.800000
vt 0.540000 0.800000
vt 0.550000 0.800000
vt 0.560000 0.800000
vt 0.570000 0.800000
vt 0.580000 0.800000
vt 0.590000 0.800000
vt 0.600000 0.800000
vt 0.455000 0.900000
vt 0.450000 0.900000
vt 0.460000 0.900000
vt 0.465000 0.900000
vt 0.470000 0.900000
vt 0.475000 0.900000
vt 0.480000 0.900000
vt 0.485000 0.900000
vt 0.490000 0.900000
vt 0.495000 0.900000
vt 0.500000 0.900000
vt 0.505000 0.900000
vt 0.510000 0.900000
vt 0.515000 0.900000
vt 0.520000 0.900000
vt 0.525000 0.900000
vt 0.530000 0.900000
vt 0.535000 0.900000
vt 0.540000 0.900000
vt 0.545000 0.900000
vt 0.550000 0.900000
vt 0.737764 0.172746
vt 0.750000 0.250000
vt 0.737764 0.327254
vt 0.702254 0.396946
vt 0.646946 0.452254
vt 0.577254 0.487764
vt 0.500000 0.500000
vt 0.422746 0.487764
vt 0.353054 0.452254
vt 0.297746 0.396946
vt 0.262236 0.327254
vt 0.250000 0.250000
vt 0.262236 0.172746
vt 0.297746 0.103054
vt 0.353054 0.047746
vt 0.422746 0.012236
vt 0.500000 -0.000000
vt 0.577254 0.012236
vt 0.646946 0.047746
vt 0.702254 0.103054
vt 0.500000 1.000000
vn -0.490296 0.000000 -0.871556
vn -0.490296 0.000000 -0.871556
vn -0.490296 0.000000 -0.871556
vn -0.490296 0.000000 -0.871556
vn -0.000000 1.000000 0.000000
vn -0.000000 1.000000 0.000000
vn -0.000000 1.000000 0.000000
vn -0.000000 1.000000 0.000000
vn 0.490296 0.000000 0.871556
vn 0.490296 0.000000 0.871556
vn 0.490296 0.000000 0.871556
vn 0.490296 0.000000 0.871556
vn 0.000000 -1.000000 0.000000
vn 0.000000 -1.000000 0.000000
vn 0.000000 -1.000000 0.000000
vn 0.000000 -1.000000 0.000000
vn -0.871556 0.000000 0.490296
vn -0.871556 0.000000 0.490296
vn -0.871556 0.000000 0.490296
vn -0.871556 0.000000 0.490296
vn 0.871556 0.000000 -0.490296
vn 0.871556 0.000000 -0.490296
vn 0.871556 0.000000 -0.490296
vn 0.871556 0.000000 -0.490296
vn 0.792649 0.299855 0.530843
vn 0.730074 0.402739 -0.552081
vn 0.729477 0.419819 -0.540013
vn 0.788630 0.312826 0.529342
vn -0.686512 0.615038 -0.387852
vn -0.653641 0.664165 -0.362821
vn -0.506925 0.333721 0.794769
vn -0.494964 0.352831 0.794053
vn 0.702080 0.517165 -0.489515
vn 0.814540 0.216964 0.538007
vn -0.470247 0.851965 -0.230266
vn -0.450175 0.457779 0.766669
vn 0.679202 0.366512 -0.635888
vn 0.828476 0.144818 0.540976
vn -0.590393 0.742694 -0.315975
vn -0.599799 0.283715 0.748162
vn 0.636764 0.261137 -0.725492
vn 0.786368 0.319901 0.528478
vn -0.828078 0.233634 -0.509610
vn -0.686916 0.168833 0.706854
vn 0.620334 0.215214 -0.754234
vn 0.781910 0.333405 0.526742
vn -0.842456 0.096370 -0.530077
vn -0.713181 0.121612 0.690351
vn 0.613210 0.231457 -0.755249
vn 0.827092 0.153213 0.540782
vn -0.824121 0.256035 -0.505242
vn -0.715682 0.137197 0.684818
vn 0.708131 0.251150 -0.659905
vn 0.843511 -0.060303 0.533716
vn -0.723296 0.550691 -0.416632
vn -0.613959 0.166226 0.771636
vn -0.119947 -0.980258 -0.157183
vn -0.119947 -0.980258 -0.157183
vn -0.119947 -0.980258 -0.157183
vn -0.119947 -0.980258 -0.157183
vn 0.980045 0.045909 -0.193401
vn 0.000986 0.444391 -0.895833
vn -0.919409 0.316914 0.232922
vn 0.031175 -0.020989 0.999294
vn -0.805590 0.302570 0.509388
vn 0.448532 0.617596 0.646060
vn 0.430932 0.634267 0.641875
vn -0.804953 0.312191 0.504567
vn 0.629472 0.383494 -0.675793
vn 0.601367 0.429321 -0.673826
vn -0.787901 0.003148 -0.615793
vn -0.793314 0.024330 -0.608327
vn 0.391643 0.711728 0.583145
vn -0.807444 0.237973 0.539817
vn 0.426581 0.647387 -0.631600
vn -0.780179 0.125487 -0.612841
vn 0.564543 0.563973 0.602682
vn -0.806425 0.194952 0.558277
vn 0.537930 0.519863 -0.663607
vn -0.714313 -0.062083 -0.697067
vn 0.660386 0.476395 0.580464
vn -0.804346 0.320230 0.500479
vn 0.761658 0.075408 -0.643577
vn -0.645322 -0.158969 -0.747187
vn 0.688524 0.440150 0.576371
vn -0.803732 0.327581 0.496694
vn 0.785350 -0.022581 -0.618640
vn -0.622295 -0.197633 -0.757423
vn 0.692329 0.451429 0.562932
vn -0.806508 0.196884 0.557478
vn 0.757309 0.090327 -0.646780
vn -0.614393 -0.183977 -0.767251
vn 0.573264 0.489861 0.656815
vn -0.790042 0.047553 0.611206
vn 0.661927 0.324871 -0.675509
vn -0.729405 -0.148159 -0.667845
vn 0.292271 -0.938013 0.186304
vn 0.292271 -0.938013 0.186304
vn 0.292271 -0.938013 0.186304
vn 0.292271 -0.938013 0.186304
vn -0.067439 0.324466 0.943490
vn 0.898928 0.438005 0.008966
vn -0.010876 -0.005762 -0.999924
vn -0.984429 -0.155704 -0.081589
vn -0.702142 0.320362 0.635897
vn 0.591279 0.158655 0.790707
vn 0.580865 0.180095 0.793827
vn -0.698108 0.330699 0.635046
vn 0.760068 0.392062 -0.518252
vn 0.748231 0.438159 -0.498163
vn -0.702811 0.476252 -0.528433
vn -0.701423 0.493878 -0.513897
vn 0.574550 0.281453 0.768555
vn -0.726578 0.251170 0.639530
vn 0.654738 0.657520 -0.372808
vn -0.654340 0.581245 -0.483729
vn 0.683775 0.093125 0.723727
vn -0.740404 0.205307 0.640040
vn 0.717679 0.529091 -0.452768
vn -0.648654 0.426623 -0.630270
vn 0.745119 -0.003526 0.666923
vn -0.694656 0.339340 0.634273
vn 0.786956 0.078253 -0.612027
vn -0.612508 0.339321 -0.713929
vn 0.759598 -0.041986 0.649036
vn -0.691433 0.347247 0.633513
vn 0.777767 -0.023559 -0.628111
vn -0.603199 0.302310 -0.738078
vn 0.767751 -0.028255 0.640125
vn -0.739823 0.207364 0.640049
vn 0.787615 0.093658 -0.609008
vn -0.590349 0.315580 -0.742898
vn 0.663416 0.005702 0.748229
vn -0.774062 0.049682 0.631158
vn 0.772014 0.332944 -0.541427
vn -0.694229 0.344448 -0.631982
vn -0.063261 -0.982438 -0.175538
vn -0.063261 -0.982438 -0.175538
vn -0.063261 -0.982438 -0.175538
vn -0.063261 -0.982438 -0.175538
vn -0.017180 -0.053286 0.998431
vn 0.988276 0.105546 0.110324
vn 0.057540 0.374364 -0.925495
vn -0.978346 0.193045 -0.074647
vn 0.326484 0.746048 0.580362
vn 0.796897 0.366744 -0.480057
vn 0.790318 0.388436 -0.473830
vn 0.321091 0.755722 0.570776
vn -0.451780 0.388510 -0.803090
vn -0.440236 0.440205 -0.782568
vn -0.824041 0.366744 0.431806
vn -0.815303 0.388436 0.429416
vn 0.721404 0.488719 -0.490642
vn 0.358624 0.681901 0.637495
vn -0.359016 0.681043 -0.638191
vn -0.793890 0.488719 0.361790
vn 0.808493 0.284255 -0.515304
vn 0.395038 0.592306 0.702224
vn -0.401560 0.573772 -0.713817
vn -0.860185 0.284255 0.423415
vn 0.818331 0.186428 -0.543672
vn 0.322148 0.753849 0.572654
vn -0.486280 -0.127733 -0.864417
vn -0.889538 0.186428 0.417094
vn 0.813433 0.119390 -0.569274
vn 0.308281 0.777596 0.548003
vn -0.464960 -0.317301 -0.826518
vn -0.908875 0.119389 0.399615
vn 0.797170 0.129803 -0.589636
vn 0.386691 0.614793 0.687386
vn -0.486982 -0.116070 -0.865665
vn -0.917834 0.129803 0.375144
vn 0.849055 0.199296 -0.489271
vn 0.456867 0.362924 0.812132
vn -0.467166 0.303526 -0.830439
vn -0.858997 0.199296 0.471598
vn 0.115146 -0.972032 0.204685
vn 0.115146 -0.972032 0.204685
vn 0.115146 -0.972032 0.204685
vn 0.115146 -0.972032 0.204685
vn 0.971596 0.233317 -0.039555
vn 0.459441 0.168333 -0.872111
vn -0.983893 0.168333 -0.060160
vn -0.538277 0.233317 0.809828
vn -0.319754 0.758076 -0.568399
vn -0.797410 0.365738 0.479971
vn -0.790964 0.387929 0.473167
vn -0.314283 0.767537 -0.558672
vn 0.440259 0.440108 0.782609
vn 0.428034 0.487699 0.760879
vn 0.824234 0.365739 -0.432289
vn 0.815072 0.387929 -0.430312
vn -0.719342 0.491162 0.491230
vn -0.352248 0.695590 -0.626159
vn 0.341928 0.716691 0.607815
vn 0.793322 0.491162 -0.359723
vn -0.813577 0.280934 0.509085
vn -0.393829 0.595646 -0.700075
vn 0.382892 0.624605 0.680633
vn 0.857511 0.280934 -0.430989
vn -0.822729 0.191804 0.535096
vn -0.316886 0.763071 -0.563300
vn 0.488036 -0.095903 0.867539
vn 0.884492 0.191804 -0.425306
vn -0.816172 0.120416 0.565122
vn -0.299887 0.791133 -0.533082
vn 0.467171 -0.303490 0.830449
vn 0.906749 0.120416 -0.404112
vn -0.797974 0.131377 0.588198
vn -0.383026 0.624262 -0.680873
vn 0.488316 -0.089785 0.868036
vn 0.917022 0.131377 -0.376578
vn -0.851863 0.198285 0.484781
vn -0.458765 0.352822 -0.815507
vn 0.458307 0.355291 0.814692
vn 0.856618 0.198285 -0.476329
vn -0.108145 -0.975371 -0.192240
vn -0.108145 -0.975371 -0.192240
vn -0.108145 -0.975371 -0.192240
vn -0.108145 -0.975371 -0.192240
vn -0.973180 0.219642 0.068401
vn -0.485554 0.190106 0.853286
vn 0.981362 0.190106 0.028068
vn 0.563752 0.219641 -0.796204
vn -0.988907 0.089075 -0.118863
vn -0.487466 0.400008 0.776125
vn -0.496562 0.412697 0.763615
vn -0.987551 0.100215 -0.121245
vn 0.765411 0.639918 -0.068198
vn 0.727822 0.680939 -0.081222
vn 0.135102 0.082134 -0.987422
vn 0.119582 0.099506 -0.987825
vn -0.500346 0.490021 0.713816
vn -0.994613 0.014649 -0.102613
vn 0.500271 0.853971 -0.143045
vn 0.092307 0.194807 -0.976488
vn -0.401852 0.384819 0.830921
vn -0.995201 -0.034534 -0.091556
vn 0.643902 0.757600 -0.106925
vn 0.246174 0.047351 -0.968068
vn -0.323658 0.332190 0.885943
vn -0.986315 0.109532 -0.123227
vn 0.942538 0.333574 0.018717
vn 0.337153 -0.018647 -0.941265
vn -0.298294 0.306731 0.903846
vn -0.985103 0.118059 -0.125033
vn 0.972687 0.227580 0.045681
vn 0.364191 -0.046541 -0.930160
vn -0.291501 0.321193 0.901034
vn -0.995229 -0.032332 -0.092056
vn 0.936854 0.349417 0.014570
vn 0.369191 -0.032247 -0.928794
vn -0.409065 0.308193 0.858885
vn -0.978374 -0.200082 -0.052463
vn 0.809040 0.585490 -0.051543
vn 0.248387 -0.035565 -0.968008
vn 0.342256 -0.908570 0.239501
vn 0.342256 -0.908570 0.239501
vn 0.342256 -0.908570 0.239501
vn 0.342256 -0.908570 0.239501
vn -0.782009 0.051383 0.621145
vn 0.280962 0.567590 0.773888
vn 0.699841 0.208818 -0.683094
vn -0.388775 -0.254244 -0.885559
vn -0.112487 0.375115 0.920128
vn 0.929109 0.368047 0.036025
vn 0.920908 0.387517 0.041946
vn -0.111898 0.386892 0.915311
vn 0.107759 0.459807 -0.881457
vn 0.104060 0.514423 -0.851199
vn -0.914108 0.350579 0.203716
vn -0.906111 0.368554 0.207679
vn 0.872498 0.485994 0.050577
vn -0.115831 0.298084 0.947486
vn 0.081973 0.737342 -0.670527
vn -0.861896 0.462679 0.207517
vn 0.948592 0.307973 -0.072976
vn -0.117738 0.242093 0.963083
vn 0.097336 0.597155 -0.796198
vn -0.946220 0.305899 0.105325
vn 0.969967 0.187444 -0.155012
vn -0.111416 0.396209 0.911376
vn 0.120822 0.092948 -0.988313
vn -0.980892 0.192685 0.026897
vn 0.974742 0.144763 -0.170061
vn -0.111021 0.403667 0.908145
vn 0.121299 -0.028171 -0.992216
vn -0.988642 0.149803 0.012082
vn 0.972109 0.157925 -0.173390
vn -0.117647 0.245086 0.962337
vn 0.120535 0.115564 -0.985960
vn -0.986483 0.163669 0.008050
vn 0.977968 0.202368 -0.051233
vn -0.121130 0.059809 0.990833
vn 0.111560 0.393456 -0.912550
vn -0.971145 0.198901 0.131591
vn 0.008045 -0.997800 -0.065803
vn 0.008045 -0.997800 -0.065803
vn 0.008045 -0.997800 -0.065803
vn 0.008045 -0.997800 -0.065803
vn 0.747033 0.099535 0.657293
vn 0.727720 0.247340 -0.639723
vn -0.715736 0.301876 -0.629755
vn -0.748626 0.080381 0.658102
vn -0.786603 0.610896 -0.089787
vn -0.482907 0.254771 0.837791
vn -0.485081 0.277392 0.829307
vn -0.778768 0.621445 -0.085594
vn 0.805347 0.501884 0.315482
vn 0.775507 0.546388 0.316306
vn 0.393664 0.529750 -0.751261
vn 0.380921 0.552408 -0.741448
vn -0.426433 0.395450 0.813495
vn -0.831553 0.543361 -0.115232
vn 0.569706 0.763490 0.304170
vn 0.384046 0.653412 -0.652350
vn -0.464568 0.168533 0.869352
vn -0.884767 0.441324 -0.149736
vn 0.667258 0.675887 0.312958
vn 0.445847 0.441861 -0.778446
vn -0.439983 0.075892 0.894794
vn -0.782506 0.616452 -0.087586
vn 0.964792 0.018435 0.262367
vn 0.494120 0.348265 -0.796590
vn -0.399742 0.002378 0.916625
vn -0.757807 0.648193 -0.074668
vn 0.960106 -0.166918 0.224354
vn 0.542189 0.273550 -0.794482
vn -0.368263 0.018674 0.929534
vn -0.871455 0.469922 -0.140495
vn 0.964408 0.023859 0.263340
vn 0.566050 0.285749 -0.773262
vn -0.500614 0.074178 0.862487
vn -0.953675 0.211695 -0.213751
vn 0.850539 0.423347 0.312026
vn 0.432800 0.353744 -0.829186
vn -0.020200 -0.979652 -0.199686
vn -0.020200 -0.979652 -0.199686
vn -0.020200 -0.979652 -0.199686
vn -0.020200 -0.979652 -0.199686
vn -0.824018 0.050930 0.564271
vn 0.145133 0.157167 0.976849
vn 0.821108 0.334243 -0.462670
vn -0.123063 0.327943 -0.936648
vn 0.624426 0.474288 -0.620598
vn -0.670276 0.579984 -0.462978
vn -0.649228 0.601782 -0.465147
vn 0.622013 0.485413 -0.614390
vn -0.433518 0.572356 0.696039
vn -0.407004 0.614222 0.676077
vn 0.891820 0.260142 0.370114
vn 0.890150 0.283131 0.357029
vn -0.587468 0.707853 -0.392204
vn 0.636904 0.404467 -0.656322
vn -0.233047 0.818883 0.524518
vn 0.835037 0.411631 0.365067
vn -0.748604 0.494378 -0.441794
vn 0.647600 0.302732 -0.699262
vn -0.314115 0.736574 0.598991
vn 0.887791 0.172481 0.426706
vn -0.818380 0.399789 -0.412823
vn 0.623172 0.480140 -0.617351
vn -0.611171 0.126861 0.781266
vn 0.872211 0.076668 0.483084
vn -0.872138 0.324570 -0.366099
vn 0.615258 0.513921 -0.597782
vn -0.640379 -0.043034 0.766852
vn 0.839365 0.002454 0.543562
vn -0.879919 0.341522 -0.330310
vn 0.645473 0.330859 -0.688402
vn -0.610033 0.131811 0.781336
vn 0.817790 0.024826 0.574981
vn -0.777967 0.396033 -0.487776
vn 0.644620 0.084502 -0.759819
vn -0.474998 0.498869 0.724918
vn 0.909996 0.065577 0.409398
vn -0.189888 -0.980143 -0.057123
vn -0.189888 -0.980143 -0.057123
vn -0.189888 -0.980143 -0.057123
vn -0.189888 -0.980143 -0.057123
vn -0.306181 0.270702 -0.912674
vn -0.898053 0.421055 0.127333
vn 0.365310 0.224240 0.903474
vn 0.995740 -0.014857 -0.091001
vn 0.017114 0.340188 0.940202
vn 0.981216 0.184480 -0.056420
vn 0.978128 0.202363 -0.048106
vn 0.018797 0.352117 0.935767
vn 0.089954 0.497743 -0.862647
vn 0.095385 0.546129 -0.832253
vn -0.903579 0.345712 0.253036
vn -0.895403 0.362004 0.259241
vn 0.956188 0.288677 -0.048689
vn 0.005811 0.259254 0.965792
vn 0.117294 0.755909 -0.644083
vn -0.859753 0.445228 0.250192
vn 0.981666 0.132054 -0.137457
vn -0.001680 0.204715 0.978820
vn 0.105287 0.637355 -0.763343
vn -0.936154 0.302455 0.179267
vn 0.978747 0.054546 -0.197684
vn 0.020204 0.362054 0.931938
vn 0.046765 0.138544 -0.989251
vn -0.965765 0.228827 0.122211
vn 0.976475 0.023545 -0.214343
vn 0.021492 0.371119 0.928337
vn 0.030976 0.015260 -0.999404
vn -0.974465 0.197975 0.105939
vn 0.974487 0.035022 -0.221695
vn -0.001346 0.207174 0.978303
vn 0.049095 0.157052 -0.986369
vn -0.972831 0.209984 0.097499
vn 0.990879 0.059513 -0.120897
vn -0.026832 0.016513 0.999504
vn 0.082608 0.433749 -0.897239
vn -0.952610 0.229476 0.199686
vn -0.126160 -0.987665 -0.092749
vn -0.126160 -0.987665 -0.092749
vn -0.126160 -0.987665 -0.092749
vn -0.126160 -0.987665 -0.092749
vn 0.899322 -0.025955 0.436515
vn 0.787258 0.161564 -0.595082
vn -0.838431 0.349420 -0.418257
vn -0.775424 0.112595 0.621321
vn -0.702142 0.320362 0.635897
vn 0.591279 0.158657 0.790707
vn 0.580865 0.180096 0.793827
vn -0.698108 0.330699 0.635046
vn 0.760067 0.392064 -0.518251
vn 0.748231 0.438161 -0.498163
vn -0.702811 0.476252 -0.528433
vn -0.701423 0.493878 -0.513897
vn 0.574550 0.281453 0.768555
vn -0.726578 0.251170 0.639530
vn 0.654738 0.657520 -0.372808
vn -0.654340 0.581245 -0.483729
vn 0.683775 0.093124 0.723727
vn -0.740404 0.205307 0.640040
vn 0.717680 0.529091 -0.452768
vn -0.648654 0.426623 -0.630270
vn 0.745119 -0.003526 0.666923
vn -0.694656 0.339340 0.634273
vn 0.786956 0.078253 -0.612027
vn -0.612508 0.339321 -0.713929
vn 0.759598 -0.041986 0.649036
vn -0.691433 0.347247 0.633513
vn 0.777767 -0.023559 -0.628111
vn -0.603199 0.302310 -0.738078
vn 0.767751 -0.028255 0.640125
vn -0.739823 0.207364 0.640049
vn 0.787615 0.093659 -0.609008
vn -0.590349 0.315581 -0.742898
vn 0.663416 0.005702 0.748229
vn -0.774062 0.049682 0.631158
vn 0.772014 0.332944 -0.541427
vn -0.694229 0.344448 -0.631982
vn -0.063261 -0.982438 -0.175538
vn -0.063261 -0.982438 -0.175538
vn -0.063261 -0.982438 -0.175538
vn -0.063261 -0.982438 -0.175538
vn -0.017180 -0.053286 0.998431
vn 0.988276 0.105546 0.110324
vn 0.057540 0.374364 -0.925495
vn -0.978347 0.193043 -0.074647
vn 0.449432 0.399682 0.798915
vn 0.866386 0.343810 -0.362174
vn 0.862118 0.362002 -0.354552
vn 0.446763 0.411939 0.794172
vn -0.428167 0.487216 -0.761114
vn -0.411767 0.542844 -0.731962
vn -0.759373 0.343811 0.552401
vn -0.750643 0.362003 0.552711
vn 0.826546 0.456148 -0.329773
vn 0.464695 0.318911 0.826048
vn -0.317597 0.761840 -0.564564
vn -0.710996 0.456150 0.535175
vn 0.840427 0.292959 -0.455914
vn 0.473483 0.259632 0.841668
vn -0.382453 0.625722 -0.679854
vn -0.826009 0.292960 0.481543
vn 0.827167 0.180927 -0.532034
vn 0.444587 0.421619 0.790304
vn -0.487834 0.100082 -0.867180
vn -0.884179 0.180927 0.430688
vn 0.825556 0.140117 -0.546649
vn 0.442804 0.429354 0.787134
vn -0.490070 -0.030352 -0.871154
vn -0.895833 0.140117 0.421723
vn 0.822027 0.153009 -0.548506
vn 0.473061 0.262810 0.840919
vn -0.486488 0.124386 -0.864787
vn -0.895589 0.153008 0.417743
vn 0.872800 0.191003 -0.449152
vn 0.489277 0.064424 0.869745
vn -0.445237 0.418760 -0.791457
vn -0.837039 0.191004 0.512722
vn -0.030175 -0.998104 -0.053639
vn -0.030175 -0.998104 -0.053639
vn -0.030175 -0.998104 -0.053639
vn -0.030175 -0.998104 -0.053639
vn 0.985104 0.088439 0.147473
vn 0.372532 0.270568 -0.887701
vn -0.952091 0.270568 -0.142530
vn -0.385449 0.088440 0.918481
vn -0.957556 -0.124932 0.259766
vn -0.991281 -0.131751 -0.001895
vn -0.398395 -0.917214 -0.000762
vn -0.402259 -0.908999 0.109125
vn -0.943588 -0.141980 -0.299138
vn -0.355914 -0.927682 -0.112833
vn -0.779176 -0.152271 -0.608028
vn -0.276627 -0.936419 -0.215865
vn -0.484229 -0.156835 -0.860770
vn -0.167518 -0.939821 -0.297783
vn -0.115080 -0.152270 -0.981616
vn -0.040856 -0.936418 -0.348500
vn 0.234274 -0.141974 -0.961748
vn 0.088367 -0.927681 -0.362766
vn 0.513074 -0.131755 -0.848172
vn 0.206204 -0.917214 -0.340880
vn 0.719188 -0.124933 -0.683491
vn 0.302123 -0.908999 -0.287127
vn 0.864983 -0.122579 -0.486598
vn 0.369061 -0.905919 -0.207617
vn 0.957557 -0.124927 -0.259766
vn 0.402260 -0.908999 -0.109125
vn 0.991281 -0.131752 0.001894
vn 0.398397 -0.917213 0.000761
vn 0.943588 -0.141978 0.299139
vn 0.355914 -0.927682 0.112833
vn 0.779176 -0.152273 0.608027
vn 0.276625 -0.936420 0.215863
vn 0.484228 -0.156835 0.860770
vn 0.167519 -0.939820 0.297784
vn 0.115080 -0.152268 0.981617
vn 0.040856 -0.936418 0.348499
vn -0.234273 -0.141976 0.961748
vn -0.088366 -0.927683 0.362762
vn -0.513071 -0.131755 0.848173
vn -0.206204 -0.917213 0.340881
vn -0.719189 -0.124927 0.683492
vn -0.302124 -0.908999 0.287128
vn -0.864982 -0.122586 0.486600
vn -0.369061 -0.905919 0.207617
vn -0.265754 -0.964041 -0.000507
vn -0.269673 -0.960169 0.073158
vn -0.235921 -0.968890 -0.074793
vn -0.182399 -0.972868 -0.142335
vn -0.110230 -0.974400 -0.195946
vn -0.026940 -0.972867 -0.229789
vn 0.058574 -0.968890 -0.240463
vn 0.137552 -0.964040 -0.227388
vn 0.202543 -0.960169 -0.192490
vn 0.247879 -0.958703 -0.139445
vn 0.269674 -0.960169 -0.073157
vn 0.265756 -0.964040 0.000507
vn 0.235921 -0.968890 0.074793
vn 0.182398 -0.972868 0.142334
vn 0.110231 -0.974399 0.195947
vn 0.026940 -0.972867 0.229790
vn -0.058573 -0.968890 0.240461
vn -0.137552 -0.964040 0.227388
vn -0.202544 -0.960169 0.192489
vn -0.247879 -0.958703 0.139445
vn -0.999753 0.022167 -0.001906
vn -0.964903 0.020999 0.261765
vn -0.952970 0.023921 -0.302118
vn -0.788110 0.025692 -0.614998
vn -0.490124 0.026481 -0.871250
vn -0.116401 0.025693 -0.992870
vn 0.236599 0.023921 -0.971313
vn 0.517462 0.022166 -0.855419
vn 0.724707 0.020999 -0.688737
vn 0.871371 0.020599 -0.490192
vn 0.964905 0.020998 -0.261758
vn 0.999753 0.022166 0.001904
vn 0.952970 0.023922 0.302118
vn 0.788109 0.025692 0.615000
vn 0.490124 0.026481 0.871250
vn 0.116403 0.025693 0.992870
vn -0.236599 0.023921 0.971313
vn -0.517463 0.022166 0.855418
vn -0.724711 0.020998 0.688733
vn -0.871371 0.020599 0.490192
vn -0.999722 -0.023508 -0.001906
vn -0.964877 -0.022269 0.261757
vn -0.952937 -0.025369 -0.302106
vn -0.788078 -0.027248 -0.614971
vn -0.490103 -0.028085 -0.871212
vn -0.116394 -0.027245 -0.992829
vn 0.236591 -0.025368 -0.971278
vn 0.517446 -0.023509 -0.855393
vn 0.724687 -0.022270 -0.688718
vn 0.871348 -0.021847 -0.490179
vn 0.964878 -0.022270 -0.261751
vn 0.999722 -0.023509 0.001905
vn 0.952937 -0.025368 0.302106
vn 0.788076 -0.027246 0.614974
vn 0.490103 -0.028085 0.871212
vn 0.116398 -0.027247 0.992829
vn -0.236591 -0.025369 0.971278
vn -0.517447 -0.023508 0.855392
vn -0.724691 -0.022270 0.688714
vn -0.871348 -0.021846 0.490179
vn -0.000000 1.000000 -0.000000
vn -0.000000 1.000000 -0.000000
vn -0.000000 1.000000 -0.000000
vn -0.000000 1.000000 -0.000000
vn -0.000000 1.000000 -0.000000
vn -0.000000 1.000000 -0.000000
vn -0.000000 1.000000 -0.000000
vn -0.000000 1.000000 -0.000000
vn -0.000000 1.000000 -0.000000
vn -0.000000 1.000000 -0.000000
vn -0.000000 1.000000 -0.000000
vn -0.000000 1.000000 -0.000000
vn -0.000000 1.000000 -0.000000
vn -0.000000 1.000000 -0.000000
vn -0.000000 1.000000 -0.000000
vn -0.000000 1.000000 -0.000000
vn -0.000000 1.000000 -0.000000
vn -0.000000 1.000000 -0.000000
vn -0.000000 1.000000 -0.000000
vn -0.000000 1.000000 -0.000000
vn 0.000001 -1.000000 0.000002
vn -0.957556 -0.124932 0.259766
vn -0.991281 -0.131751 -0.001895
vn -0.398395 -0.917214 -0.000762
vn -0.402259 -0.908999 0.109125
vn -0.943588 -0.141980 -0.299139
vn -0.355914 -0.927682 -0.112833
vn -0.779177 -0.152271 -0.608027
vn -0.276627 -0.936419 -0.215865
vn -0.484229 -0.156834 -0.860770
vn -0.167519 -0.939820 -0.297784
vn -0.115081 -0.152271 -0.981616
vn -0.040857 -0.936418 -0.348499
vn 0.234273 -0.141980 -0.961747
vn 0.088366 -0.927682 -0.362763
vn 0.513074 -0.131760 -0.848171
vn 0.206204 -0.917214 -0.340879
vn 0.719188 -0.124933 -0.683491
vn 0.302123 -0.908999 -0.287127
vn 0.864983 -0.122579 -0.486598
vn 0.369062 -0.905919 -0.207617
vn 0.957557 -0.124927 -0.259766
vn 0.402260 -0.908999 -0.109125
vn 0.991281 -0.131748 0.001894
vn 0.398394 -0.917214 0.000761
vn 0.943589 -0.141973 0.299139
vn 0.355912 -0.927683 0.112832
vn 0.779176 -0.152272 0.608027
vn 0.276625 -0.936419 0.215863
vn 0.484229 -0.156835 0.860770
vn 0.167519 -0.939820 0.297784
vn 0.115080 -0.152269 0.981616
vn 0.040856 -0.936418 0.348499
vn -0.234273 -0.141985 0.961747
vn -0.088366 -0.927683 0.362762
vn -0.513071 -0.131764 0.848172
vn -0.206204 -0.917213 0.340881
vn -0.719189 -0.124927 0.683492
vn -0.302125 -0.908998 0.287128
vn -0.864982 -0.122586 0.486600
vn -0.369061 -0.905919 0.207617
vn -0.265754 -0.964041 -0.000507
vn -0.269673 -0.960169 0.073158
vn -0.235921 -0.968890 -0.074793
vn -0.182399 -0.972868 -0.142335
vn -0.110230 -0.974399 -0.195946
vn -0.026940 -0.972868 -0.229789
vn 0.058573 -0.968890 -0.240461
vn 0.137552 -0.964040 -0.227388
vn 0.202543 -0.960169 -0.192490
vn 0.247879 -0.958703 -0.139445
vn 0.269674 -0.960169 -0.073157
vn 0.265754 -0.964041 0.000507
vn 0.235919 -0.968890 0.074793
vn 0.182398 -0.972868 0.142334
vn 0.110231 -0.974399 0.195947
vn 0.026940 -0.972867 0.229790
vn -0.058573 -0.968890 0.240461
vn -0.137552 -0.964040 0.227389
vn -0.202544 -0.960169 0.192489
vn -0.247879 -0.958703 0.139445
vn -0.999752 0.022167 -0.001904
vn -0.964903 0.020999 0.261764
vn -0.952971 0.023921 -0.302116
vn -0.788110 0.025692 -0.614998
vn -0.490124 0.026481 -0.871250
vn -0.116401 0.025693 -0.992870
vn 0.236600 0.023921 -0.971313
vn 0.517463 0.022166 -0.855418
vn 0.724706 0.020999 -0.688738
vn 0.871371 0.020599 -0.490192
vn 0.964905 0.020998 -0.261758
vn 0.999753 0.022166 0.001905
vn 0.952970 0.023922 0.302119
vn 0.788109 0.025692 0.615000
vn 0.490124 0.026481 0.871250
vn 0.116403 0.025693 0.992870
vn -0.236597 0.023921 0.971313
vn -0.517462 0.022166 0.855419
vn -0.724711 0.020998 0.688732
vn -0.871371 0.020599 0.490192
vn -0.999722 -0.023508 -0.001905
vn -0.964877 -0.022269 0.261757
vn -0.952937 -0.025369 -0.302105
vn -0.788078 -0.027248 -0.614971
vn -0.490103 -0.028085 -0.871212
vn -0.116394 -0.027245 -0.992829
vn 0.236592 -0.025367 -0.971278
vn 0.517447 -0.023508 -0.855392
vn 0.724687 -0.022270 -0.688718
vn 0.871348 -0.021847 -0.490179
vn 0.964878 -0.022270 -0.261752
vn 0.999722 -0.023509 0.001906
vn 0.952936 -0.025368 0.302108
vn 0.788076 -0.027246 0.614974
vn 0.490103 -0.028085 0.871212
vn 0.116398 -0.027247 0.992829
vn -0.236589 -0.025369 0.971279
vn -0.517446 -0.023508 0.855393
vn -0.724691 -0.022269 0.688714
vn -0.871348 -0.021846 0.490179
vn -0.000000 1.000000 -0.000000
vn -0.000000 1.000000 -0.000000
vn -0.000000 1.000000 -0.000000
vn -0.000000 1.000000 -0.000000
vn -0.000000 1.000000 -0.000000
vn -0.000000 1.000000 -0.000000
vn -0.000000 1.000000 -0.000000
vn -0.000000 1.000000 -0.000000
vn -0.000000 1.000000 -0.000000
vn -0.000000 1.000000 -0.000000
vn -0.000000 1.000000 -0.000000
vn -0.000000 1.000000 -0.000000
vn -0.000000 1.000000 -0.000000
vn -0.000000 1.000000 -0.000000
vn -0.000000 1.000000 -0.000000
vn -0.000000 1.000000 -0.000000
vn -0.000000 1.000000 -0.000000
vn -0.000000 1.000000 -0.000000
vn -0.000000 1.000000 -0.000000
vn -0.000000 1.000000 -0.000000
vn 0.000001 -1.000000 0.000002
vn -0.957557 -0.124923 0.259766
vn -0.991280 -0.131755 -0.001896
vn -0.398395 -0.917214 -0.000762
vn -0.402260 -0.908999 0.109125
vn -0.943587 -0.141985 -0.299137
vn -0.355915 -0.927682 -0.112833
vn -0.779177 -0.152272 -0.608026
vn -0.276628 -0.936419 -0.215865
vn -0.484229 -0.156833 -0.860770
vn -0.167518 -0.939821 -0.297782
vn -0.115081 -0.152270 -0.981616
vn -0.040856 -0.936419 -0.348498
vn 0.234274 -0.141981 -0.961747
vn 0.088367 -0.927682 -0.362765
vn 0.513073 -0.131749 -0.848174
vn 0.206204 -0.917213 -0.340881
vn 0.719189 -0.124918 -0.683493
vn 0.302124 -0.908999 -0.287128
vn 0.864984 -0.122573 -0.486599
vn 0.369062 -0.905919 -0.207617
vn 0.957558 -0.124919 -0.259766
vn 0.402259 -0.908999 -0.109125
vn 0.991281 -0.131752 0.001896
vn 0.398396 -0.917213 0.000762
vn 0.943587 -0.141983 0.299138
vn 0.355915 -0.927682 0.112833
vn 0.779177 -0.152271 0.608027
vn 0.276627 -0.936419 0.215865
vn 0.484229 -0.156834 0.860771
vn 0.167518 -0.939821 0.297782
vn 0.115080 -0.152272 0.981616
vn 0.040856 -0.936418 0.348498
vn -0.234274 -0.141984 0.961746
vn -0.088366 -0.927682 0.362764
vn -0.513071 -0.131752 0.848174
vn -0.206203 -0.917213 0.340881
vn -0.719189 -0.124919 0.683493
vn -0.302124 -0.908999 0.287128
vn -0.864983 -0.122576 0.486599
vn -0.369062 -0.905919 0.207617
vn -0.265757 -0.964040 -0.000507
vn -0.269672 -0.960169 0.073157
vn -0.235920 -0.968890 -0.074792
vn -0.182400 -0.972867 -0.142336
vn -0.110230 -0.974400 -0.195946
vn -0.026940 -0.972868 -0.229789
vn 0.058574 -0.968890 -0.240461
vn 0.137552 -0.964040 -0.227390
vn 0.202542 -0.960169 -0.192489
vn 0.247878 -0.958703 -0.139445
vn 0.269672 -0.960169 -0.073157
vn 0.265757 -0.964040 0.000508
vn 0.235920 -0.968890 0.074792
vn 0.182400 -0.972867 0.142335
vn 0.110230 -0.974400 0.195946
vn 0.026940 -0.972867 0.229789
vn -0.058574 -0.968890 0.240461
vn -0.137552 -0.964040 0.227390
vn -0.202542 -0.960169 0.192489
vn -0.247878 -0.958703 0.139445
vn -0.999753 0.022166 -0.001910
vn -0.964904 0.020998 0.261760
vn -0.952972 0.023921 -0.302113
vn -0.788111 0.025692 -0.614997
vn -0.490124 0.026481 -0.871250
vn -0.116399 0.025692 -0.992870
vn 0.236604 0.023921 -0.971312
vn 0.517459 0.022166 -0.855421
vn 0.724707 0.020998 -0.688737
vn 0.871371 0.020599 -0.490192
vn 0.964905 0.020998 -0.261759
vn 0.999752 0.022166 0.001910
vn 0.952971 0.023921 0.302116
vn 0.788110 0.025693 0.614998
vn 0.490124 0.026481 0.871250
vn 0.116401 0.025692 0.992870
vn -0.236600 0.023921 0.971312
vn -0.517458 0.022166 0.855421
vn -0.724708 0.020998 0.688736
vn -0.871371 0.020599 0.490193
vn -0.999722 -0.023509 -0.001910
vn -0.964878 -0.022270 0.261753
vn -0.952938 -0.025369 -0.302102
vn -0.788079 -0.027248 -0.614970
vn -0.490103 -0.028084 -0.871212
vn -0.116393 -0.027248 -0.992829
vn 0.236595 -0.025369 -0.971277
vn 0.517443 -0.023509 -0.855395
vn 0.724687 -0.022270 -0.688719
vn 0.871348 -0.021846 -0.490179
vn 0.964878 -0.022270 -0.261751
vn 0.999722 -0.023509 0.001910
vn 0.952937 -0.025369 0.302105
vn 0.788077 -0.027248 0.614973
vn 0.490103 -0.028084 0.871212
vn 0.116396 -0.027248 0.992829
vn -0.236593 -0.025369 0.971278
vn -0.517442 -0.023509 0.855395
vn -0.724688 -0.022270 0.688718
vn -0.871348 -0.021846 0.490179
vn 0.000000 1.000000 0.000000
vn 0.000000 1.000000 0.000000
vn 0.000000 1.000000 0.000000
vn 0.000000 1.000000 0.000000
vn 0.000000 1.000000 0.000000
vn 0.000000 1.000000 0.000000
vn 0.000000 1.000000 0.000000
vn 0.000000 1.000000 0.000000
vn 0.000000 1.000000 0.000000
vn 0.000000 1.000000 0.000000
vn 0.000000 1.000000 0.000000
vn 0.000000 1.000000 0.000000
vn 0.000000 1.000000 0.000000
vn 0.000000 1.000000 0.000000
vn 0.000000 1.000000 0.000000
vn 0.000000 1.000000 0.000000
vn 0.000000 1.000000 0.000000
vn 0.000000 1.000000 0.000000
vn 0.000000 1.000000 0.000000
vn 0.000000 1.000000 0.000000
vn -0.000005 -1.000000 0.000000
vn -0.957557 -0.124923 0.259766
vn -0.991280 -0.131755 -0.001895
vn -0.398395 -0.917214 -0.000762
vn -0.402260 -0.908999 0.109125
vn -0.943588 -0.141985 -0.299137
vn -0.355915 -0.927682 -0.112833
vn -0.779177 -0.152272 -0.608027
vn -0.276627 -0.936418 -0.215865
vn -0.484229 -0.156834 -0.860770
vn -0.167518 -0.939821 -0.297781
vn -0.115080 -0.152270 -0.981616
vn -0.040856 -0.936419 -0.348498
vn 0.234274 -0.141980 -0.961747
vn 0.088367 -0.927682 -0.362765
vn 0.513072 -0.131749 -0.848174
vn 0.206204 -0.917213 -0.340881
vn 0.719189 -0.124918 -0.683493
vn 0.302124 -0.908999 -0.287128
vn 0.864984 -0.122573 -0.486599
vn 0.369062 -0.905919 -0.207617
vn 0.957558 -0.124918 -0.259766
vn 0.402259 -0.908999 -0.109125
vn 0.991281 -0.131751 0.001896
vn 0.398396 -0.917213 0.000762
vn 0.943587 -0.141983 0.299139
vn 0.355915 -0.927682 0.112833
vn 0.779177 -0.152271 0.608027
vn 0.276628 -0.936419 0.215865
vn 0.484229 -0.156833 0.860771
vn 0.167518 -0.939821 0.297782
vn 0.115080 -0.152272 0.981616
vn 0.040856 -0.936418 0.348498
vn -0.234274 -0.141985 0.961746
vn -0.088366 -0.927682 0.362764
vn -0.513071 -0.131752 0.848174
vn -0.206203 -0.917213 0.340881
vn -0.719189 -0.124919 0.683493
vn -0.302124 -0.908999 0.287128
vn -0.864983 -0.122576 0.486599
vn -0.369062 -0.905919 0.207617
vn -0.265756 -0.964040 -0.000507
vn -0.269672 -0.960169 0.073157
vn -0.235920 -0.968890 -0.074792
vn -0.182399 -0.972867 -0.142336
vn -0.110230 -0.974400 -0.195946
vn -0.026940 -0.972868 -0.229789
vn 0.058574 -0.968890 -0.240461
vn 0.137552 -0.964040 -0.227390
vn 0.202542 -0.960169 -0.192488
vn 0.247879 -0.958703 -0.139445
vn 0.269672 -0.960169 -0.073157
vn 0.265757 -0.964040 0.000508
vn 0.235920 -0.968890 0.074792
vn 0.182400 -0.972867 0.142335
vn 0.110230 -0.974400 0.195946
vn 0.026940 -0.972867 0.229789
vn -0.058574 -0.968890 0.240461
vn -0.137552 -0.964040 0.227390
vn -0.202543 -0.960169 0.192489
vn -0.247879 -0.958703 0.139445
vn -0.999752 0.022166 -0.001911
vn -0.964904 0.020998 0.261761
vn -0.952971 0.023921 -0.302115
vn -0.788111 0.025692 -0.614997
vn -0.490124 0.026481 -0.871250
vn -0.116399 0.025692 -0.992870
vn 0.236602 0.023921 -0.971312
vn 0.517458 0.022166 -0.855421
vn 0.724707 0.020998 -0.688737
vn 0.871371 0.020599 -0.490192
vn 0.964905 0.020998 -0.261758
vn 0.999752 0.022166 0.001909
vn 0.952972 0.023921 0.302115
vn 0.788110 0.025693 0.614998
vn 0.490124 0.026481 0.871250
vn 0.116401 0.025692 0.992870
vn -0.236602 0.023921 0.971312
vn -0.517459 0.022166 0.855421
vn -0.724707 0.020998 0.688737
vn -0.871371 0.020599 0.490193
vn -0.999722 -0.023509 -0.001911
vn -0.964878 -0.022270 0.261753
vn -0.952937 -0.025369 -0.302104
vn -0.788079 -0.027248 -0.614970
vn -0.490103 -0.028084 -0.871212
vn -0.116393 -0.027248 -0.992829
vn 0.236594 -0.025369 -0.971277
vn 0.517442 -0.023509 -0.855395
vn 0.724687 -0.022270 -0.688718
vn 0.871348 -0.021846 -0.490179
vn 0.964879 -0.022270 -0.261751
vn 0.999722 -0.023508 0.001910
vn 0.952938 -0.025369 0.302103
vn 0.788077 -0.027248 0.614973
vn 0.490103 -0.028084 0.871212
vn 0.116396 -0.027248 0.992829
vn -0.236594 -0.025369 0.971277
vn -0.517443 -0.023509 0.855395
vn -0.724687 -0.022270 0.688718
vn -0.871348 -0.021846 0.490179
vn 0.000000 1.000000 0.000000
vn 0.000000 1.000000 0.000000
vn 0.000000 1.000000 0.000000
vn 0.000000 1.000000 0.000000
vn 0.000000 1.000000 0.000000
vn 0.000000 1.000000 0.000000
vn 0.000000 1.000000 0.000000
vn 0.000000 1.000000 0.000000
vn 0.000000 1.000000 0.000000
vn 0.000000 1.000000 0.000000
vn 0.000000 1.000000 0.000000
vn 0.000000 1.000000 0.000000
vn 0.000000 1.000000 0.000000
vn 0.000000 1.000000 0.000000
vn 0.000000 1.000000 0.000000
vn 0.000000 1.000000 0.000000
vn 0.000000 1.000000 0.000000
vn 0.000000 1.000000 0.000000
vn 0.000000 1.000000 0.000000
vn 0.000000 1.000000 0.000000
vn -0.000005 -1.000000 0.000000
vn -0.957557 -0.124925 0.259766
vn -0.991279 -0.131764 -0.001895
vn -0.398395 -0.917214 -0.000762
vn -0.402259 -0.908999 0.109125
vn -0.943586 -0.141990 -0.299138
vn -0.355917 -0.927681 -0.112834
vn -0.779177 -0.152272 -0.608027
vn -0.276629 -0.936418 -0.215866
vn -0.484229 -0.156833 -0.860771
vn -0.167518 -0.939821 -0.297782
vn -0.115081 -0.152262 -0.981617
vn -0.040856 -0.936419 -0.348498
vn 0.234273 -0.141987 -0.961746
vn 0.088367 -0.927681 -0.362766
vn 0.513073 -0.131770 -0.848170
vn 0.206204 -0.917214 -0.340880
vn 0.719189 -0.124924 -0.683492
vn 0.302123 -0.908999 -0.287127
vn 0.864985 -0.122570 -0.486599
vn 0.369063 -0.905918 -0.207618
vn 0.957558 -0.124920 -0.259766
vn 0.402260 -0.908999 -0.109125
vn 0.991280 -0.131755 0.001894
vn 0.398395 -0.917214 0.000761
vn 0.943587 -0.141983 0.299138
vn 0.355915 -0.927682 0.112833
vn 0.779177 -0.152270 0.608027
vn 0.276627 -0.936419 0.215864
vn 0.484229 -0.156831 0.860771
vn 0.167517 -0.939822 0.297780
vn 0.115080 -0.152276 0.981615
vn 0.040856 -0.936419 0.348498
vn -0.234273 -0.141993 0.961745
vn -0.088367 -0.927681 0.362765
vn -0.513071 -0.131759 0.848173
vn -0.206202 -0.917214 0.340879
vn -0.719189 -0.124927 0.683492
vn -0.302122 -0.909000 0.287126
vn -0.864983 -0.122579 0.486600
vn -0.369061 -0.905919 0.207617
vn -0.265755 -0.964040 -0.000507
vn -0.269672 -0.960169 0.073158
vn -0.235923 -0.968889 -0.074794
vn -0.182400 -0.972867 -0.142335
vn -0.110229 -0.974400 -0.195944
vn -0.026940 -0.972868 -0.229788
vn 0.058574 -0.968889 -0.240464
vn 0.137552 -0.964040 -0.227389
vn 0.202543 -0.960169 -0.192489
vn 0.247879 -0.958703 -0.139445
vn 0.269673 -0.960169 -0.073157
vn 0.265755 -0.964040 0.000507
vn 0.235922 -0.968890 0.074793
vn 0.182399 -0.972868 0.142334
vn 0.110228 -0.974400 0.195943
vn 0.026940 -0.972867 0.229789
vn -0.058574 -0.968889 0.240465
vn -0.137551 -0.964041 0.227387
vn -0.202542 -0.960169 0.192487
vn -0.247879 -0.958703 0.139445
vn -0.999752 0.022167 -0.001904
vn -0.964903 0.020999 0.261764
vn -0.952971 0.023921 -0.302116
vn -0.788110 0.025692 -0.614998
vn -0.490124 0.026481 -0.871250
vn -0.116401 0.025693 -0.992870
vn 0.236600 0.023921 -0.971313
vn 0.517463 0.022166 -0.855418
vn 0.724706 0.020998 -0.688738
vn 0.871371 0.020599 -0.490192
vn 0.964905 0.020998 -0.261758
vn 0.999753 0.022165 0.001906
vn 0.952970 0.023921 0.302119
vn 0.788109 0.025693 0.615000
vn 0.490124 0.026481 0.871250
vn 0.116403 0.025692 0.992870
vn -0.236597 0.023921 0.971313
vn -0.517462 0.022166 0.855419
vn -0.724711 0.020998 0.688732
vn -0.871371 0.020599 0.490192
vn -0.999722 -0.023509 -0.001905
vn -0.964877 -0.022270 0.261757
vn -0.952937 -0.025369 -0.302105
vn -0.788078 -0.027248 -0.614971
vn -0.490103 -0.028084 -0.871212
vn -0.116394 -0.027247 -0.992829
vn 0.236592 -0.025371 -0.971278
vn 0.517447 -0.023510 -0.855392
vn 0.724687 -0.022269 -0.688718
vn 0.871348 -0.021845 -0.490179
vn 0.964878 -0.022270 -0.261752
vn 0.999722 -0.023510 0.001906
vn 0.952936 -0.025370 0.302108
vn 0.788076 -0.027245 0.614974
vn 0.490103 -0.028085 0.871212
vn 0.116398 -0.027250 0.992829
vn -0.236589 -0.025369 0.971279
vn -0.517446 -0.023509 0.855393
vn -0.724691 -0.022270 0.688714
vn -0.871348 -0.021846 0.490179
vn -0.000000 1.000000 -0.000000
vn -0.000000 1.000000 -0.000000
vn -0.000000 1.000000 -0.000000
vn -0.000000 1.000000 -0.000000
vn -0.000000 1.000000 -0.000000
vn -0.000000 1.000000 -0.000000
vn -0.000000 1.000000 -0.000000
vn -0.000000 1.000000 -0.000000
vn -0.000000 1.000000 -0.000000
vn -0.000000 1.000000 -0.000000
vn -0.000000 1.000000 -0.000000
vn -0.000000 1.000000 -0.000000
vn -0.000000 1.000000 -0.000000
vn -0.000000 1.000000 -0.000000
vn -0.000000 1.000000 -0.000000
vn -0.000000 1.000000 -0.000000
vn -0.000000 1.000000 -0.000000
vn -0.000000 1.000000 -0.000000
vn -0.000000 1.000000 -0.000000
vn -0.000000 1.000000 -0.000000
vn 0.000002 -1.000000 0.000004
vn -0.957557 -0.124925 0.259766
vn -0.991279 -0.131764 -0.001895
vn -0.398395 -0.917214 -0.000762
vn -0.402259 -0.908999 0.109125
vn -0.943587 -0.141990 -0.299138
vn -0.355918 -0.927680 -0.112834
vn -0.779176 -0.152272 -0.608028
vn -0.276627 -0.936419 -0.215865
vn -0.484229 -0.156835 -0.860770
vn -0.167516 -0.939822 -0.297779
vn -0.115080 -0.152271 -0.981616
vn -0.040857 -0.936418 -0.348499
vn 0.234274 -0.141991 -0.961746
vn 0.088367 -0.927681 -0.362767
vn 0.513073 -0.131768 -0.848171
vn 0.206204 -0.917214 -0.340880
vn 0.719189 -0.124924 -0.683492
vn 0.302123 -0.908999 -0.287127
vn 0.864985 -0.122570 -0.486599
vn 0.369063 -0.905918 -0.207618
vn 0.957558 -0.124920 -0.259766
vn 0.402258 -0.908999 -0.109125
vn 0.991280 -0.131756 0.001894
vn 0.398394 -0.917214 0.000761
vn 0.943587 -0.141985 0.299139
vn 0.355916 -0.927681 0.112833
vn 0.779177 -0.152269 0.608028
vn 0.276627 -0.936419 0.215865
vn 0.484229 -0.156829 0.860771
vn 0.167517 -0.939822 0.297780
vn 0.115080 -0.152275 0.981616
vn 0.040856 -0.936419 0.348498
vn -0.234273 -0.141993 0.961746
vn -0.088367 -0.927681 0.362765
vn -0.513071 -0.131767 0.848172
vn -0.206202 -0.917214 0.340879
vn -0.719188 -0.124935 0.683491
vn -0.302122 -0.909000 0.287126
vn -0.864983 -0.122579 0.486600
vn -0.369061 -0.905919 0.207617
vn -0.265755 -0.964040 -0.000507
vn -0.269672 -0.960169 0.073158
vn -0.235924 -0.968889 -0.074794
vn -0.182398 -0.972868 -0.142334
vn -0.110228 -0.974400 -0.195943
vn -0.026940 -0.972867 -0.229789
vn 0.058574 -0.968889 -0.240464
vn 0.137552 -0.964040 -0.227389
vn 0.202542 -0.960169 -0.192489
vn 0.247880 -0.958703 -0.139445
vn 0.269673 -0.960169 -0.073157
vn 0.265755 -0.964041 0.000507
vn 0.235923 -0.968889 0.074794
vn 0.182399 -0.972868 0.142334
vn 0.110228 -0.974400 0.195943
vn 0.026940 -0.972867 0.229789
vn -0.058574 -0.968889 0.240465
vn -0.137551 -0.964041 0.227387
vn -0.202543 -0.960169 0.192488
vn -0.247879 -0.958703 0.139445
vn -0.999753 0.022167 -0.001906
vn -0.964903 0.020999 0.261765
vn -0.952970 0.023921 -0.302118
vn -0.788110 0.025692 -0.614998
vn -0.490124 0.026481 -0.871250
vn -0.116401 0.025693 -0.992870
vn 0.236599 0.023921 -0.971313
vn 0.517462 0.022166 -0.855419
vn 0.724707 0.020998 -0.688738
vn 0.871371 0.020599 -0.490192
vn 0.964905 0.020998 -0.261757
vn 0.999753 0.022165 0.001904
vn 0.952970 0.023921 0.302118
vn 0.788109 0.025693 0.615000
vn 0.490124 0.026481 0.871250
vn 0.116403 0.025692 0.992870
vn -0.236599 0.023921 0.971313
vn -0.517463 0.022166 0.855418
vn -0.724711 0.020998 0.688733
vn -0.871371 0.020599 0.490192
vn -0.999722 -0.023509 -0.001906
vn -0.964877 -0.022270 0.261757
vn -0.952937 -0.025369 -0.302106
vn -0.788078 -0.027248 -0.614971
vn -0.490103 -0.028084 -0.871212
vn -0.116394 -0.027247 -0.992829
vn 0.236591 -0.025371 -0.971278
vn 0.517446 -0.023510 -0.855393
vn 0.724688 -0.022269 -0.688718
vn 0.871348 -0.021845 -0.490179
vn 0.964878 -0.022270 -0.261751
vn 0.999722 -0.023510 0.001905
vn 0.952937 -0.025370 0.302106
vn 0.788076 -0.027245 0.614974
vn 0.490103 -0.028085 0.871212
vn 0.116398 -0.027250 0.992829
vn -0.236591 -0.025369 0.971278
vn -0.517447 -0.023509 0.855392
vn -0.724691 -0.022270 0.688714
vn -0.871348 -0.021846 0.490179
vn -0.000000 1.000000 -0.000000
vn -0.000000 1.000000 -0.000000
vn -0.000000 1.000000 -0.000000
vn -0.000000 1.000000 -0.000000
vn -0.000000 1.000000 -0.000000
vn -0.000000 1.000000 -0.000000
vn -0.000000 1.000000 -0.000000
vn -0.000000 1.000000 -0.000000
vn -0.000000 1.000000 -0.000000
vn -0.000000 1.000000 -0.000000
vn -0.000000 1.000000 -0.000000
vn -0.000000 1.000000 -0.000000
vn -0.000000 1.000000 -0.000000
vn -0.000000 1.000000 -0.000000
vn -0.000000 1.000000 -0.000000
vn -0.000000 1.000000 -0.000000
vn -0.000000 1.000000 -0.000000
vn -0.000000 1.000000 -0.000000
vn -0.000000 1.000000 -0.000000
vn -0.000000 1.000000 -0.000000
vn 0.000002 -1.000000 0.000004
s off
g Board3
usemtl initialShadingGroup
f 3031/3931/3691 3032/3932/3692 3034/3934/3693 3033/3933/3694
f 3033/3933/3695 3034/3934/3696 3036/3936/3697 3035/3935/3698
f 3035/3935/3699 3036/3936/3700 3038/3938/3701 3037/3937/3702
f 3037/3937/3703 3038/3938/3704 3032/3940/3705 3031/3939/3706
f 3032/3932/3707 3038/3941/3708 3036/3942/3709 3034/3934/3710
f 3037/3943/3711 3031/3931/3712 3033/3933/3713 3035/3944/3714
s 1
f 3039/3945/3715 3040/3946/3716 3044/3947/3717 3043/3948/3718
f 3040/3946/3716 3041/3949/3719 3045/3950/3720 3044/3947/3717
f 3041/3949/3719 3042/3951/3721 3046/3952/3722 3045/3950/3720
f 3042/3951/3721 3039/3953/3715 3043/3954/3718 3046/3952/3722
f 3043/3948/3718 3044/3947/3717 3048/3955/3723 3047/3956/3724
f 3044/3947/3717 3045/3950/3720 3049/3957/3725 3048/3955/3723
f 3045/3950/3720 3046/3952/3722 3050/3958/3726 3049/3957/3725
f 3046/3952/3722 3043/3954/3718 3047/3959/3724 3050/3958/3726
f 3047/3956/3724 3048/3955/3723 3052/3960/3727 3051/3961/3728
f 3048/3955/3723 3049/3957/3725 3053/3962/3729 3052/3960/3727
f 3049/3957/3725 3050/3958/3726 3054/3963/3730 3053/3962/3729
f 3050/3958/3726 3047/3959/3724 3051/3964/3728 3054/3963/3730
f 3051/3961/3728 3052/3960/3727 3056/3965/3731 3055/3966/3732
f 3052/3960/3727 3053/3962/3729 3057/3967/3733 3056/3965/3731
f 3053/3962/3729 3054/3963/3730 3058/3968/3734 3057/3967/3733
f 3054/3963/3730 3051/3964/3728 3055/3969/3732 3058/3968/3734
f 3055/3966/3732 3056/3965/3731 3060/3970/3735 3059/3971/3736
f 3056/3965/3731 3057/3967/3733 3061/3972/3737 3060/3970/3735
f 3057/3967/3733 3058/3968/3734 3062/3973/3738 3061/3972/3737
f 3058/3968/3734 3055/3969/3732 3059/3974/3736 3062/3973/3738
f 3059/3971/3736 3060/3970/3735 3064/3975/3739 3063/3976/3740
f 3060/3970/3735 3061/3972/3737 3065/3977/3741 3064/3975/3739
f 3061/3972/3737 3062/3973/3738 3066/3978/3742 3065/3977/3741
f 3062/3973/3738 3059/3974/3736 3063/3979/3740 3066/3978/3742
f 3063/3976/3740 3064/3975/3739 3068/3980/3743 3067/3981/3744
f 3064/3975/3739 3065/3977/3741 3069/3982/3745 3068/3980/3743
f 3065/3977/3741 3066/3978/3742 3070/3983/3746 3069/3982/3745
f 3066/3978/3742 3063/3979/3740 3067/3984/3744 3070/3983/3746
s off
f 3039/3985/3747 3042/3986/3748 3041/3987/3749 3040/3988/3750
s 1
f 3067/3981/3744 3068/3980/3743 3071/3989/3751
f 3068/3980/3743 3069/3982/3745 3071/3989/3752
f 3069/3982/3745 3070/3983/3746 3071/3989/3753
f 3070/3983/3746 3067/3984/3744 3071/3989/3754
s 2
f 3072/3990/3755 3073/3991/3756 3077/3992/3757 3076/3993/3758
f 3073/3991/3756 3074/3994/3759 3078/3995/3760 3077/3992/3757
f 3074/3994/3759 3075/3996/3761 3079/3997/3762 3078/3995/3760
f 3075/3996/3761 3072/3998/3755 3076/3999/3758 3079/3997/3762
f 3076/3993/3758 3077/3992/3757 3081/4000/3763 3080/4001/3764
f 3077/3992/3757 3078/3995/3760 3082/4002/3765 3081/4000/3763
f 3078/3995/3760 3079/3997/3762 3083/4003/3766 3082/4002/3765
f 3079/3997/3762 3076/3999/3758 3080/4004/3764 3083/4003/3766
f 3080/4001/3764 3081/4000/3763 3085/4005/3767 3084/4006/3768
f 3081/4000/3763 3082/4002/3765 3086/4007/3769 3085/4005/3767
f 3082/4002/3765 3083/4003/3766 3087/4008/3770 3086/4007/3769
f 3083/4003/3766 3080/4004/3764 3084/4009/3768 3087/4008/3770
f 3084/4006/3768 3085/4005/3767 3089/4010/3771 3088/4011/3772
f 3085/4005/3767 3086/4007/3769 3090/4012/3773 3089/4010/3771
f 3086/4007/3769 3087/4008/3770 3091/4013/3774 3090/4012/3773
f 3087/4008/3770 3084/4009/3768 3088/4014/3772 3091/4013/3774
f 3088/4011/3772 3089/4010/3771 3093/4015/3775 3092/4016/3776
f 3089/4010/3771 3090/4012/3773 3094/4017/3777 3093/4015/3775
f 3090/4012/3773 3091/4013/3774 3095/4018/3778 3094/4017/3777
f 3091/4013/3774 3088/4014/3772 3092/4019/3776 3095/4018/3778
f 3092/4016/3776 3093/4015/3775 3097/4020/3779 3096/4021/3780
f 3093/4015/3775 3094/4017/3777 3098/4022/3781 3097/4020/3779
f 3094/4017/3777 3095/4018/3778 3099/4023/3782 3098/4022/3781
f 3095/4018/3778 3092/4019/3776 3096/4024/3780 3099/4023/3782
f 3096/4021/3780 3097/4020/3779 3101/4025/3783 3100/4026/3784
f 3097/4020/3779 3098/4022/3781 3102/4027/3785 3101/4025/3783
f 3098/4022/3781 3099/4023/3782 3103/4028/3786 3102/4027/3785
f 3099/4023/3782 3096/4024/3780 3100/4029/3784 3103/4028/3786
s off
f 3072/4030/3787 3075/4031/3788 3074/4032/3789 3073/4033/3790
s 2
f 3100/4026/3784 3101/4025/3783 3104/4034/3791
f 3101/4025/3783 3102/4027/3785 3104/4034/3792
f 3102/4027/3785 3103/4028/3786 3104/4034/3793
f 3103/4028/3786 3100/4029/3784 3104/4034/3794
s 3
f 3105/4035/3795 3106/4036/3796 3110/4037/3797 3109/4038/3798
f 3106/4036/3796 3107/4039/3799 3111/4040/3800 3110/4037/3797
f 3107/4039/3799 3108/4041/3801 3112/4042/3802 3111/4040/3800
f 3108/4041/3801 3105/4043/3795 3109/4044/3798 3112/4042/3802
f 3109/4038/3798 3110/4037/3797 3114/4045/3803 3113/4046/3804
f 3110/4037/3797 3111/4040/3800 3115/4047/3805 3114/4045/3803
f 3111/4040/3800 3112/4042/3802 3116/4048/3806 3115/4047/3805
f 3112/4042/3802 3109/4044/3798 3113/4049/3804 3116/4048/3806
f 3113/4046/3804 3114/4045/3803 3118/4050/3807 3117/4051/3808
f 3114/4045/3803 3115/4047/3805 3119/4052/3809 3118/4050/3807
f 3115/4047/3805 3116/4048/3806 3120/4053/3810 3119/4052/3809
f 3116/4048/3806 3113/4049/3804 3117/4054/3808 3120/4053/3810
f 3117/4051/3808 3118/4050/3807 3122/4055/3811 3121/4056/3812
f 3118/4050/3807 3119/4052/3809 3123/4057/3813 3122/4055/3811
f 3119/4052/3809 3120/4053/3810 3124/4058/3814 3123/4057/3813
f 3120/4053/3810 3117/4054/3808 3121/4059/3812 3124/4058/3814
f 3121/4056/3812 3122/4055/3811 3126/4060/3815 3125/4061/3816
f 3122/4055/3811 3123/4057/3813 3127/4062/3817 3126/4060/3815
f 3123/4057/3813 3124/4058/3814 3128/4063/3818 3127/4062/3817
f 3124/4058/3814 3121/4059/3812 3125/4064/3816 3128/4063/3818
f 3125/4061/3816 3126/4060/3815 3130/4065/3819 3129/4066/3820
f 3126/4060/3815 3127/4062/3817 3131/4067/3821 3130/4065/3819
f 3127/4062/3817 3128/4063/3818 3132/4068/3822 3131/4067/3821
f 3128/4063/3818 3125/4064/3816 3129/4069/3820 3132/4068/3822
f 3129/4066/3820 3130/4065/3819 3134/4070/3823 3133/4071/3824
f 3130/4065/3819 3131/4067/3821 3135/4072/3825 3134/4070/3823
f 3131/4067/3821 3132/4068/3822 3136/4073/3826 3135/4072/3825
f 3132/4068/3822 3129/4069/3820 3133/4074/3824 3136/4073/3826
s off
f 3105/4075/3827 3108/4076/3828 3107/4077/3829 3106/4078/3830
s 3
f 3133/4071/3824 3134/4070/3823 3137/4079/3831
f 3134/4070/3823 3135/4072/3825 3137/4079/3832
f 3135/4072/3825 3136/4073/3826 3137/4079/3833
f 3136/4073/3826 3133/4074/3824 3137/4079/3834
s 4
f 3138/4080/3835 3139/4081/3836 3143/4082/3837 3142/4083/3838
f 3139/4081/3836 3140/4084/3839 3144/4085/3840 3143/4082/3837
f 3140/4084/3839 3141/4086/3841 3145/4087/3842 3144/4085/3840
f 3141/4086/3841 3138/4088/3835 3142/4089/3838 3145/4087/3842
f 3142/4083/3838 3143/4082/3837 3147/4090/3843 3146/4091/3844
f 3143/4082/3837 3144/4085/3840 3148/4092/3845 3147/4090/3843
f 3144/4085/3840 3145/4087/3842 3149/4093/3846 3148/4092/3845
f 3145/4087/3842 3142/4089/3838 3146/4094/3844 3149/4093/3846
f 3146/4091/3844 3147/4090/3843 3151/4095/3847 3150/4096/3848
f 3147/4090/3843 3148/4092/3845 3152/4097/3849 3151/4095/3847
f 3148/4092/3845 3149/4093/3846 3153/4098/3850 3152/4097/3849
f 3149/4093/3846 3146/4094/3844 3150/4099/3848 3153/4098/3850
f 3150/4096/3848 3151/4095/3847 3155/4100/3851 3154/4101/3852
f 3151/4095/3847 3152/4097/3849 3156/4102/3853 3155/4100/3851
f 3152/4097/3849 3153/4098/3850 3157/4103/3854 3156/4102/3853
f 3153/4098/3850 3150/4099/3848 3154/4104/3852 3157/4103/3854
f 3154/4101/3852 3155/4100/3851 3159/4105/3855 3158/4106/3856
f 3155/4100/3851 3156/4102/3853 3160/4107/3857 3159/4105/3855
f 3156/4102/3853 3157/4103/3854 3161/4108/3858 3160/4107/3857
f 3157/4103/3854 3154/4104/3852 3158/4109/3856 3161/4108/3858
f 3158/4106/3856 3159/4105/3855 3163/4110/3859 3162/4111/3860
f 3159/4105/3855 3160/4107/3857 3164/4112/3861 3163/4110/3859
f 3160/4107/3857 3161/4108/3858 3165/4113/3862 3164/4112/3861
f 3161/4108/3858 3158/4109/3856 3162/4114/3860 3165/4113/3862
f 3162/4111/3860 3163/4110/3859 3167/4115/3863 3166/4116/3864
f 3163/4110/3859 3164/4112/3861 3168/4117/3865 3167/4115/3863
f 3164/4112/3861 3165/4113/3862 3169/4118/3866 3168/4117/3865
f 3165/4113/3862 3162/4114/3860 3166/4119/3864 3169/4118/3866
s off
f 3138/4120/3867 3141/4121/3868 3140/4122/3869 3139/4123/3870
s 4
f 3166/4116/3864 3167/4115/3863 3170/4124/3871
f 3167/4115/3863 3168/4117/3865 3170/4124/3872
f 3168/4117/3865 3169/4118/3866 3170/4124/3873
f 3169/4118/3866 3166/4119/3864 3170/4124/3874
s 5
f 3171/4125/3875 3172/4126/3876 3176/4127/3877 3175/4128/3878
f 3172/4126/3876 3173/4129/3879 3177/4130/3880 3176/4127/3877
f 3173/4129/3879 3174/4131/3881 3178/4132/3882 3177/4130/3880
f 3174/4131/3881 3171/4133/3875 3175/4134/3878 3178/4132/3882
f 3175/4128/3878 3176/4127/3877 3180/4135/3883 3179/4136/3884
f 3176/4127/3877 3177/4130/3880 3181/4137/3885 3180/4135/3883
f 3177/4130/3880 3178/4132/3882 3182/4138/3886 3181/4137/3885
f 3178/4132/3882 3175/4134/3878 3179/4139/3884 3182/4138/3886
f 3179/4136/3884 3180/4135/3883 3184/4140/3887 3183/4141/3888
f 3180/4135/3883 3181/4137/3885 3185/4142/3889 3184/4140/3887
f 3181/4137/3885 3182/4138/3886 3186/4143/3890 3185/4142/3889
f 3182/4138/3886 3179/4139/3884 3183/4144/3888 3186/4143/3890
f 3183/4141/3888 3184/4140/3887 3188/4145/3891 3187/4146/3892
f 3184/4140/3887 3185/4142/3889 3189/4147/3893 3188/4145/3891
f 3185/4142/3889 3186/4143/3890 3190/4148/3894 3189/4147/3893
f 3186/4143/3890 3183/4144/3888 3187/4149/3892 3190/4148/3894
f 3187/4146/3892 3188/4145/3891 3192/4150/3895 3191/4151/3896
f 3188/4145/3891 3189/4147/3893 3193/4152/3897 3192/4150/3895
f 3189/4147/3893 3190/4148/3894 3194/4153/3898 3193/4152/3897
f 3190/4148/3894 3187/4149/3892 3191/4154/3896 3194/4153/3898
f 3191/4151/3896 3192/4150/3895 3196/4155/3899 3195/4156/3900
f 3192/4150/3895 3193/4152/3897 3197/4157/3901 3196/4155/3899
f 3193/4152/3897 3194/4153/3898 3198/4158/3902 3197/4157/3901
f 3194/4153/3898 3191/4154/3896 3195/4159/3900 3198/4158/3902
f 3195/4156/3900 3196/4155/3899 3200/4160/3903 3199/4161/3904
f 3196/4155/3899 3197/4157/3901 3201/4162/3905 3200/4160/3903
f 3197/4157/3901 3198/4158/3902 3202/4163/3906 3201/4162/3905
f 3198/4158/3902 3195/4159/3900 3199/4164/3904 3202/4163/3906
s off
f 3171/4165/3907 3174/4166/3908 3173/4167/3909 3172/4168/3910
s 5
f 3199/4161/3904 3200/4160/3903 3203/4169/3911
f 3200/4160/3903 3201/4162/3905 3203/4169/3912
f 3201/4162/3905 3202/4163/3906 3203/4169/3913
f 3202/4163/3906 3199/4164/3904 3203/4169/3914
s 6
f 3204/4170/3915 3205/4171/3916 3209/4172/3917 3208/4173/3918
f 3205/4171/3916 3206/4174/3919 3210/4175/3920 3209/4172/3917
f 3206/4174/3919 3207/4176/3921 3211/4177/3922 3210/4175/3920
f 3207/4176/3921 3204/4178/3915 3208/4179/3918 3211/4177/3922
f 3208/4173/3918 3209/4172/3917 3213/4180/3923 3212/4181/3924
f 3209/4172/3917 3210/4175/3920 3214/4182/3925 3213/4180/3923
f 3210/4175/3920 3211/4177/3922 3215/4183/3926 3214/4182/3925
f 3211/4177/3922 3208/4179/3918 3212/4184/3924 3215/4183/3926
f 3212/4181/3924 3213/4180/3923 3217/4185/3927 3216/4186/3928
f 3213/4180/3923 3214/4182/3925 3218/4187/3929 3217/4185/3927
f 3214/4182/3925 3215/4183/3926 3219/4188/3930 3218/4187/3929
f 3215/4183/3926 3212/4184/3924 3216/4189/3928 3219/4188/3930
f 3216/4186/3928 3217/4185/3927 3221/4190/3931 3220/4191/3932
f 3217/4185/3927 3218/4187/3929 3222/4192/3933 3221/4190/3931
f 3218/4187/3929 3219/4188/3930 3223/4193/3934 3222/4192/3933
f 3219/4188/3930 3216/4189/3928 3220/4194/3932 3223/4193/3934
f 3220/4191/3932 3221/4190/3931 3225/4195/3935 3224/4196/3936
f 3221/4190/3931 3222/4192/3933 3226/4197/3937 3225/4195/3935
f 3222/4192/3933 3223/4193/3934 3227/4198/3938 3226/4197/3937
f 3223/4193/3934 3220/4194/3932 3224/4199/3936 3227/4198/3938
f 3224/4196/3936 3225/4195/3935 3229/4200/3939 3228/4201/3940
f 3225/4195/3935 3226/4197/3937 3230/4202/3941 3229/4200/3939
f 3226/4197/3937 3227/4198/3938 3231/4203/3942 3230/4202/3941
f 3227/4198/3938 3224/4199/3936 3228/4204/3940 3231/4203/3942
f 3228/4201/3940 3229/4200/3939 3233/4205/3943 3232/4206/3944
f 3229/4200/3939 3230/4202/3941 3234/4207/3945 3233/4205/3943
f 3230/4202/3941 3231/4203/3942 3235/4208/3946 3234/4207/3945
f 3231/4203/3942 3228/4204/3940 3232/4209/3944 3235/4208/3946
s off
f 3204/4210/3947 3207/4211/3948 3206/4212/3949 3205/4213/3950
s 6
f 3232/4206/3944 3233/4205/3943 3236/4214/3951
f 3233/4205/3943 3234/4207/3945 3236/4214/3952
f 3234/4207/3945 3235/4208/3946 3236/4214/3953
f 3235/4208/3946 3232/4209/3944 3236/4214/3954
s 7
f 3237/4215/3955 3238/4216/3956 3242/4217/3957 3241/4218/3958
f 3238/4216/3956 3239/4219/3959 3243/4220/3960 3242/4217/3957
f 3239/4219/3959 3240/4221/3961 3244/4222/3962 3243/4220/3960
f 3240/4221/3961 3237/4223/3955 3241/4224/3958 3244/4222/3962
f 3241/4218/3958 3242/4217/3957 3246/4225/3963 3245/4226/3964
f 3242/4217/3957 3243/4220/3960 3247/4227/3965 3246/4225/3963
f 3243/4220/3960 3244/4222/3962 3248/4228/3966 3247/4227/3965
f 3244/4222/3962 3241/4224/3958 3245/4229/3964 3248/4228/3966
f 3245/4226/3964 3246/4225/3963 3250/4230/3967 3249/4231/3968
f 3246/4225/3963 3247/4227/3965 3251/4232/3969 3250/4230/3967
f 3247/4227/3965 3248/4228/3966 3252/4233/3970 3251/4232/3969
f 3248/4228/3966 3245/4229/3964 3249/4234/3968 3252/4233/3970
f 3249/4231/3968 3250/4230/3967 3254/4235/3971 3253/4236/3972
f 3250/4230/3967 3251/4232/3969 3255/4237/3973 3254/4235/3971
f 3251/4232/3969 3252/4233/3970 3256/4238/3974 3255/4237/3973
f 3252/4233/3970 3249/4234/3968 3253/4239/3972 3256/4238/3974
f 3253/4236/3972 3254/4235/3971 3258/4240/3975 3257/4241/3976
f 3254/4235/3971 3255/4237/3973 3259/4242/3977 3258/4240/3975
f 3255/4237/3973 3256/4238/3974 3260/4243/3978 3259/4242/3977
f 3256/4238/3974 3253/4239/3972 3257/4244/3976 3260/4243/3978
f 3257/4241/3976 3258/4240/3975 3262/4245/3979 3261/4246/3980
f 3258/4240/3975 3259/4242/3977 3263/4247/3981 3262/4245/3979
f 3259/4242/3977 3260/4243/3978 3264/4248/3982 3263/4247/3981
f 3260/4243/3978 3257/4244/3976 3261/4249/3980 3264/4248/3982
f 3261/4246/3980 3262/4245/3979 3266/4250/3983 3265/4251/3984
f 3262/4245/3979 3263/4247/3981 3267/4252/3985 3266/4250/3983
f 3263/4247/3981 3264/4248/3982 3268/4253/3986 3267/4252/3985
f 3264/4248/3982 3261/4249/3980 3265/4254/3984 3268/4253/3986
s off
f 3237/4255/3987 3240/4256/3988 3239/4257/3989 3238/4258/3990
s 7
f 3265/4251/3984 3266/4250/3983 3269/4259/3991
f 3266/4250/3983 3267/4252/3985 3269/4259/3992
f 3267/4252/3985 3268/4253/3986 3269/4259/3993
f 3268/4253/3986 3265/4254/3984 3269/4259/3994
s 8
f 3270/4260/3995 3271/4261/3996 3275/4262/3997 3274/4263/3998
f 3271/4261/3996 3272/4264/3999 3276/4265/4000 3275/4262/3997
f 3272/4264/3999 3273/4266/4001 3277/4267/4002 3276/4265/4000
f 3273/4266/4001 3270/4268/3995 3274/4269/3998 3277/4267/4002
f 3274/4263/3998 3275/4262/3997 3279/4270/4003 3278/4271/4004
f 3275/4262/3997 3276/4265/4000 3280/4272/4005 3279/4270/4003
f 3276/4265/4000 3277/4267/4002 3281/4273/4006 3280/4272/4005
f 3277/4267/4002 3274/4269/3998 3278/4274/4004 3281/4273/4006
f 3278/4271/4004 3279/4270/4003 3283/4275/4007 3282/4276/4008
f 3279/4270/4003 3280/4272/4005 3284/4277/4009 3283/4275/4007
f 3280/4272/4005 3281/4273/4006 3285/4278/4010 3284/4277/4009
f 3281/4273/4006 3278/4274/4004 3282/4279/4008 3285/4278/4010
f 3282/4276/4008 3283/4275/4007 3287/4280/4011 3286/4281/4012
f 3283/4275/4007 3284/4277/4009 3288/4282/4013 3287/4280/4011
f 3284/4277/4009 3285/4278/4010 3289/4283/4014 3288/4282/4013
f 3285/4278/4010 3282/4279/4008 3286/4284/4012 3289/4283/4014
f 3286/4281/4012 3287/4280/4011 3291/4285/4015 3290/4286/4016
f 3287/4280/4011 3288/4282/4013 3292/4287/4017 3291/4285/4015
f 3288/4282/4013 3289/4283/4014 3293/4288/4018 3292/4287/4017
f 3289/4283/4014 3286/4284/4012 3290/4289/4016 3293/4288/4018
f 3290/4286/4016 3291/4285/4015 3295/4290/4019 3294/4291/4020
f 3291/4285/4015 3292/4287/4017 3296/4292/4021 3295/4290/4019
f 3292/4287/4017 3293/4288/4018 3297/4293/4022 3296/4292/4021
f 3293/4288/4018 3290/4289/4016 3294/4294/4020 3297/4293/4022
f 3294/4291/4020 3295/4290/4019 3299/4295/4023 3298/4296/4024
f 3295/4290/4019 3296/4292/4021 3300/4297/4025 3299/4295/4023
f 3296/4292/4021 3297/4293/4022 3301/4298/4026 3300/4297/4025
f 3297/4293/4022 3294/4294/4020 3298/4299/4024 3301/4298/4026
s off
f 3270/4300/4027 3273/4301/4028 3272/4302/4029 3271/4303/4030
s 8
f 3298/4296/4024 3299/4295/4023 3302/4304/4031
f 3299/4295/4023 3300/4297/4025 3302/4304/4032
f 3300/4297/4025 3301/4298/4026 3302/4304/4033
f 3301/4298/4026 3298/4299/4024 3302/4304/4034
s 9
f 3303/4305/4035 3304/4306/4036 3308/4307/4037 3307/4308/4038
f 3304/4306/4036 3305/4309/4039 3309/4310/4040 3308/4307/4037
f 3305/4309/4039 3306/4311/4041 3310/4312/4042 3309/4310/4040
f 3306/4311/4041 3303/4313/4035 3307/4314/4038 3310/4312/4042
f 3307/4308/4038 3308/4307/4037 3312/4315/4043 3311/4316/4044
f 3308/4307/4037 3309/4310/4040 3313/4317/4045 3312/4315/4043
f 3309/4310/4040 3310/4312/4042 3314/4318/4046 3313/4317/4045
f 3310/4312/4042 3307/4314/4038 3311/4319/4044 3314/4318/4046
f 3311/4316/4044 3312/4315/4043 3316/4320/4047 3315/4321/4048
f 3312/4315/4043 3313/4317/4045 3317/4322/4049 3316/4320/4047
f 3313/4317/4045 3314/4318/4046 3318/4323/4050 3317/4322/4049
f 3314/4318/4046 3311/4319/4044 3315/4324/4048 3318/4323/4050
f 3315/4321/4048 3316/4320/4047 3320/4325/4051 3319/4326/4052
f 3316/4320/4047 3317/4322/4049 3321/4327/4053 3320/4325/4051
f 3317/4322/4049 3318/4323/4050 3322/4328/4054 3321/4327/4053
f 3318/4323/4050 3315/4324/4048 3319/4329/4052 3322/4328/4054
f 3319/4326/4052 3320/4325/4051 3324/4330/4055 3323/4331/4056
f 3320/4325/4051 3321/4327/4053 3325/4332/4057 3324/4330/4055
f 3321/4327/4053 3322/4328/4054 3326/4333/4058 3325/4332/4057
f 3322/4328/4054 3319/4329/4052 3323/4334/4056 3326/4333/4058
f 3323/4331/4056 3324/4330/4055 3328/4335/4059 3327/4336/4060
f 3324/4330/4055 3325/4332/4057 3329/4337/4061 3328/4335/4059
f 3325/4332/4057 3326/4333/4058 3330/4338/4062 3329/4337/4061
f 3326/4333/4058 3323/4334/4056 3327/4339/4060 3330/4338/4062
f 3327/4336/4060 3328/4335/4059 3332/4340/4063 3331/4341/4064
f 3328/4335/4059 3329/4337/4061 3333/4342/4065 3332/4340/4063
f 3329/4337/4061 3330/4338/4062 3334/4343/4066 3333/4342/4065
f 3330/4338/4062 3327/4339/4060 3331/4344/4064 3334/4343/4066
s off
f 3303/4345/4067 3306/4346/4068 3305/4347/4069 3304/4348/4070
s 9
f 3331/4341/4064 3332/4340/4063 3335/4349/4071
f 3332/4340/4063 3333/4342/4065 3335/4349/4072
f 3333/4342/4065 3334/4343/4066 3335/4349/4073
f 3334/4343/4066 3331/4344/4064 3335/4349/4074
s 10
f 3336/4350/4075 3337/4351/4076 3341/4352/4077 3340/4353/4078
f 3337/4351/4076 3338/4354/4079 3342/4355/4080 3341/4352/4077
f 3338/4354/4079 3339/4356/4081 3343/4357/4082 3342/4355/4080
f 3339/4356/4081 3336/4358/4075 3340/4359/4078 3343/4357/4082
f 3340/4353/4078 3341/4352/4077 3345/4360/4083 3344/4361/4084
f 3341/4352/4077 3342/4355/4080 3346/4362/4085 3345/4360/4083
f 3342/4355/4080 3343/4357/4082 3347/4363/4086 3346/4362/4085
f 3343/4357/4082 3340/4359/4078 3344/4364/4084 3347/4363/4086
f 3344/4361/4084 3345/4360/4083 3349/4365/4087 3348/4366/4088
f 3345/4360/4083 3346/4362/4085 3350/4367/4089 3349/4365/4087
f 3346/4362/4085 3347/4363/4086 3351/4368/4090 3350/4367/4089
f 3347/4363/4086 3344/4364/4084 3348/4369/4088 3351/4368/4090
f 3348/4366/4088 3349/4365/4087 3353/4370/4091 3352/4371/4092
f 3349/4365/4087 3350/4367/4089 3354/4372/4093 3353/4370/4091
f 3350/4367/4089 3351/4368/4090 3355/4373/4094 3354/4372/4093
f 3351/4368/4090 3348/4369/4088 3352/4374/4092 3355/4373/4094
f 3352/4371/4092 3353/4370/4091 3357/4375/4095 3356/4376/4096
f 3353/4370/4091 3354/4372/4093 3358/4377/4097 3357/4375/4095
f 3354/4372/4093 3355/4373/4094 3359/4378/4098 3358/4377/4097
f 3355/4373/4094 3352/4374/4092 3356/4379/4096 3359/4378/4098
f 3356/4376/4096 3357/4375/4095 3361/4380/4099 3360/4381/4100
f 3357/4375/4095 3358/4377/4097 3362/4382/4101 3361/4380/4099
f 3358/4377/4097 3359/4378/4098 3363/4383/4102 3362/4382/4101
f 3359/4378/4098 3356/4379/4096 3360/4384/4100 3363/4383/4102
f 3360/4381/4100 3361/4380/4099 3365/4385/4103 3364/4386/4104
f 3361/4380/4099 3362/4382/4101 3366/4387/4105 3365/4385/4103
f 3362/4382/4101 3363/4383/4102 3367/4388/4106 3366/4387/4105
f 3363/4383/4102 3360/4384/4100 3364/4389/4104 3367/4388/4106
s off
f 3336/4390/4107 3339/4391/4108 3338/4392/4109 3337/4393/4110
s 10
f 3364/4386/4104 3365/4385/4103 3368/4394/4111
f 3365/4385/4103 3366/4387/4105 3368/4394/4112
f 3366/4387/4105 3367/4388/4106 3368/4394/4113
f 3367/4388/4106 3364/4389/4104 3368/4394/4114
s 11
f 3369/4395/4115 3370/4396/4116 3374/4397/4117 3373/4398/4118
f 3370/4396/4116 3371/4399/4119 3375/4400/4120 3374/4397/4117
f 3371/4399/4119 3372/4401/4121 3376/4402/4122 3375/4400/4120
f 3372/4401/4121 3369/4403/4115 3373/4404/4118 3376/4402/4122
f 3373/4398/4118 3374/4397/4117 3378/4405/4123 3377/4406/4124
f 3374/4397/4117 3375/4400/4120 3379/4407/4125 3378/4405/4123
f 3375/4400/4120 3376/4402/4122 3380/4408/4126 3379/4407/4125
f 3376/4402/4122 3373/4404/4118 3377/4409/4124 3380/4408/4126
f 3377/4406/4124 3378/4405/4123 3382/4410/4127 3381/4411/4128
f 3378/4405/4123 3379/4407/4125 3383/4412/4129 3382/4410/4127
f 3379/4407/4125 3380/4408/4126 3384/4413/4130 3383/4412/4129
f 3380/4408/4126 3377/4409/4124 3381/4414/4128 3384/4413/4130
f 3381/4411/4128 3382/4410/4127 3386/4415/4131 3385/4416/4132
f 3382/4410/4127 3383/4412/4129 3387/4417/4133 3386/4415/4131
f 3383/4412/4129 3384/4413/4130 3388/4418/4134 3387/4417/4133
f 3384/4413/4130 3381/4414/4128 3385/4419/4132 3388/4418/4134
f 3385/4416/4132 3386/4415/4131 3390/4420/4135 3389/4421/4136
f 3386/4415/4131 3387/4417/4133 3391/4422/4137 3390/4420/4135
f 3387/4417/4133 3388/4418/4134 3392/4423/4138 3391/4422/4137
f 3388/4418/4134 3385/4419/4132 3389/4424/4136 3392/4423/4138
f 3389/4421/4136 3390/4420/4135 3394/4425/4139 3393/4426/4140
f 3390/4420/4135 3391/4422/4137 3395/4427/4141 3394/4425/4139
f 3391/4422/4137 3392/4423/4138 3396/4428/4142 3395/4427/4141
f 3392/4423/4138 3389/4424/4136 3393/4429/4140 3396/4428/4142
f 3393/4426/4140 3394/4425/4139 3398/4430/4143 3397/4431/4144
f 3394/4425/4139 3395/4427/4141 3399/4432/4145 3398/4430/4143
f 3395/4427/4141 3396/4428/4142 3400/4433/4146 3399/4432/4145
f 3396/4428/4142 3393/4429/4140 3397/4434/4144 3400/4433/4146
s off
f 3369/4435/4147 3372/4436/4148 3371/4437/4149 3370/4438/4150
s 11
f 3397/4431/4144 3398/4430/4143 3401/4439/4151
f 3398/4430/4143 3399/4432/4145 3401/4439/4152
f 3399/4432/4145 3400/4433/4146 3401/4439/4153
f 3400/4433/4146 3397/4434/4144 3401/4439/4154
s 12
f 3402/4440/4155 3403/4441/4156 3407/4442/4157 3406/4443/4158
f 3403/4441/4156 3404/4444/4159 3408/4445/4160 3407/4442/4157
f 3404/4444/4159 3405/4446/4161 3409/4447/4162 3408/4445/4160
f 3405/4446/4161 3402/4448/4155 3406/4449/4158 3409/4447/4162
f 3406/4443/4158 3407/4442/4157 3411/4450/4163 3410/4451/4164
f 3407/4442/4157 3408/4445/4160 3412/4452/4165 3411/4450/4163
f 3408/4445/4160 3409/4447/4162 3413/4453/4166 3412/4452/4165
f 3409/4447/4162 3406/4449/4158 3410/4454/4164 3413/4453/4166
f 3410/4451/4164 3411/4450/4163 3415/4455/4167 3414/4456/4168
f 3411/4450/4163 3412/4452/4165 3416/4457/4169 3415/4455/4167
f 3412/4452/4165 3413/4453/4166 3417/4458/4170 3416/4457/4169
f 3413/4453/4166 3410/4454/4164 3414/4459/4168 3417/4458/4170
f 3414/4456/4168 3415/4455/4167 3419/4460/4171 3418/4461/4172
f 3415/4455/4167 3416/4457/4169 3420/4462/4173 3419/4460/4171
f 3416/4457/4169 3417/4458/4170 3421/4463/4174 3420/4462/4173
f 3417/4458/4170 3414/4459/4168 3418/4464/4172 3421/4463/4174
f 3418/4461/4172 3419/4460/4171 3423/4465/4175 3422/4466/4176
f 3419/4460/4171 3420/4462/4173 3424/4467/4177 3423/4465/4175
f 3420/4462/4173 3421/4463/4174 3425/4468/4178 3424/4467/4177
f 3421/4463/4174 3418/4464/4172 3422/4469/4176 3425/4468/4178
f 3422/4466/4176 3423/4465/4175 3427/4470/4179 3426/4471/4180
f 3423/4465/4175 3424/4467/4177 3428/4472/4181 3427/4470/4179
f 3424/4467/4177 3425/4468/4178 3429/4473/4182 3428/4472/4181
f 3425/4468/4178 3422/4469/4176 3426/4474/4180 3429/4473/4182
f 3426/4471/4180 3427/4470/4179 3431/4475/4183 3430/4476/4184
f 3427/4470/4179 3428/4472/4181 3432/4477/4185 3431/4475/4183
f 3428/4472/4181 3429/4473/4182 3433/4478/4186 3432/4477/4185
f 3429/4473/4182 3426/4474/4180 3430/4479/4184 3433/4478/4186
s off
f 3402/4480/4187 3405/4481/4188 3404/4482/4189 3403/4483/4190
s 12
f 3430/4476/4184 3431/4475/4183 3434/4484/4191
f 3431/4475/4183 3432/4477/4185 3434/4484/4192
f 3432/4477/4185 3433/4478/4186 3434/4484/4193
f 3433/4478/4186 3430/4479/4184 3434/4484/4194
s 13
f 3435/4485/4195 3436/4486/4196 3456/4487/4197 3455/4488/4198
f 3436/4486/4196 3437/4489/4199 3457/4490/4200 3456/4487/4197
f 3437/4489/4199 3438/4491/4201 3458/4492/4202 3457/4490/4200
f 3438/4491/4201 3439/4493/4203 3459/4494/4204 3458/4492/4202
f 3439/4493/4203 3440/4495/4205 3460/4496/4206 3459/4494/4204
f 3440/4495/4205 3441/4497/4207 3461/4498/4208 3460/4496/4206
f 3441/4497/4207 3442/4499/4209 3462/4500/4210 3461/4498/4208
f 3442/4499/4209 3443/4501/4211 3463/4502/4212 3462/4500/4210
f 3443/4501/4211 3444/4503/4213 3464/4504/4214 3463/4502/4212
f 3444/4503/4213 3445/4505/4215 3465/4506/4216 3464/4504/4214
f 3445/4505/4215 3446/4507/4217 3466/4508/4218 3465/4506/4216
f 3446/4507/4217 3447/4509/4219 3467/4510/4220 3466/4508/4218
f 3447/4509/4219 3448/4511/4221 3468/4512/4222 3467/4510/4220
f 3448/4511/4221 3449/4513/4223 3469/4514/4224 3468/4512/4222
f 3449/4513/4223 3450/4515/4225 3470/4516/4226 3469/4514/4224
f 3450/4515/4225 3451/4517/4227 3471/4518/4228 3470/4516/4226
f 3451/4517/4227 3452/4519/4229 3472/4520/4230 3471/4518/4228
f 3452/4519/4229 3453/4521/4231 3473/4522/4232 3472/4520/4230
f 3453/4521/4231 3454/4523/4233 3474/4524/4234 3473/4522/4232
f 3454/4523/4233 3435/4525/4195 3455/4526/4198 3474/4524/4234
f 3455/4488/4198 3456/4487/4197 3476/4527/4235 3475/4528/4236
f 3456/4487/4197 3457/4490/4200 3477/4529/4237 3476/4527/4235
f 3457/4490/4200 3458/4492/4202 3478/4530/4238 3477/4529/4237
f 3458/4492/4202 3459/4494/4204 3479/4531/4239 3478/4530/4238
f 3459/4494/4204 3460/4496/4206 3480/4532/4240 3479/4531/4239
f 3460/4496/4206 3461/4498/4208 3481/4533/4241 3480/4532/4240
f 3461/4498/4208 3462/4500/4210 3482/4534/4242 3481/4533/4241
f 3462/4500/4210 3463/4502/4212 3483/4535/4243 3482/4534/4242
f 3463/4502/4212 3464/4504/4214 3484/4536/4244 3483/4535/4243
f 3464/4504/4214 3465/4506/4216 3485/4537/4245 3484/4536/4244
f 3465/4506/4216 3466/4508/4218 3486/4538/4246 3485/4537/4245
f 3466/4508/4218 3467/4510/4220 3487/4539/4247 3486/4538/4246
f 3467/4510/4220 3468/4512/4222 3488/4540/4248 3487/4539/4247
f 3468/4512/4222 3469/4514/4224 3489/4541/4249 3488/4540/4248
f 3469/4514/4224 3470/4516/4226 3490/4542/4250 3489/4541/4249
f 3470/4516/4226 3471/4518/4228 3491/4543/4251 3490/4542/4250
f 3471/4518/4228 3472/4520/4230 3492/4544/4252 3491/4543/4251
f 3472/4520/4230 3473/4522/4232 3493/4545/4253 3492/4544/4252
f 3473/4522/4232 3474/4524/4234 3494/4546/4254 3493/4545/4253
f 3474/4524/4234 3455/4526/4198 3475/4547/4236 3494/4546/4254
f 3475/4528/4236 3476/4527/4235 3496/4548/4255 3495/4549/4256
f 3476/4527/4235 3477/4529/4237 3497/4550/4257 3496/4548/4255
f 3477/4529/4237 3478/4530/4238 3498/4551/4258 3497/4550/4257
f 3478/4530/4238 3479/4531/4239 3499/4552/4259 3498/4551/4258
f 3479/4531/4239 3480/4532/4240 3500/4553/4260 3499/4552/4259
f 3480/4532/4240 3481/4533/4241 3501/4554/4261 3500/4553/4260
f 3481/4533/4241 3482/4534/4242 3502/4555/4262 3501/4554/4261
f 3482/4534/4242 3483/4535/4243 3503/4556/4263 3502/4555/4262
f 3483/4535/4243 3484/4536/4244 3504/4557/4264 3503/4556/4263
f 3484/4536/4244 3485/4537/4245 3505/4558/4265 3504/4557/4264
f 3485/4537/4245 3486/4538/4246 3506/4559/4266 3505/4558/4265
f 3486/4538/4246 3487/4539/4247 3507/4560/4267 3506/4559/4266
f 3487/4539/4247 3488/4540/4248 3508/4561/4268 3507/4560/4267
f 3488/4540/4248 3489/4541/4249 3509/4562/4269 3508/4561/4268
f 3489/4541/4249 3490/4542/4250 3510/4563/4270 3509/4562/4269
f 3490/4542/4250 3491/4543/4251 3511/4564/4271 3510/4563/4270
f 3491/4543/4251 3492/4544/4252 3512/4565/4272 3511/4564/4271
f 3492/4544/4252 3493/4545/4253 3513/4566/4273 3512/4565/4272
f 3493/4545/4253 3494/4546/4254 3514/4567/4274 3513/4566/4273
f 3494/4546/4254 3475/4547/4236 3495/4568/4256 3514/4567/4274
f 3495/4549/4256 3496/4548/4255 3516/4569/4275 3515/4570/4276
f 3496/4548/4255 3497/4550/4257 3517/4571/4277 3516/4569/4275
f 3497/4550/4257 3498/4551/4258 3518/4572/4278 3517/4571/4277
f 3498/4551/4258 3499/4552/4259 3519/4573/4279 3518/4572/4278
f 3499/4552/4259 3500/4553/4260 3520/4574/4280 3519/4573/4279
f 3500/4553/4260 3501/4554/4261 3521/4575/4281 3520/4574/4280
f 3501/4554/4261 3502/4555/4262 3522/4576/4282 3521/4575/4281
f 3502/4555/4262 3503/4556/4263 3523/4577/4283 3522/4576/4282
f 3503/4556/4263 3504/4557/4264 3524/4578/4284 3523/4577/4283
f 3504/4557/4264 3505/4558/4265 3525/4579/4285 3524/4578/4284
f 3505/4558/4265 3506/4559/4266 3526/4580/4286 3525/4579/4285
f 3506/4559/4266 3507/4560/4267 3527/4581/4287 3526/4580/4286
f 3507/4560/4267 3508/4561/4268 3528/4582/4288 3527/4581/4287
f 3508/4561/4268 3509/4562/4269 3529/4583/4289 3528/4582/4288
f 3509/4562/4269 3510/4563/4270 3530/4584/4290 3529/4583/4289
f 3510/4563/4270 3511/4564/4271 3531/4585/4291 3530/4584/4290
f 3511/4564/4271 3512/4565/4272 3532/4586/4292 3531/4585/4291
f 3512/4565/4272 3513/4566/4273 3533/4587/4293 3532/4586/4292
f 3513/4566/4273 3514/4567/4274 3534/4588/4294 3533/4587/4293
f 3514/4567/4274 3495/4568/4256 3515/4589/4276 3534/4588/4294
s off
f 3435/4590/4295 3454/4591/4296 3453/4592/4297 3452/4593/4298 3451/4594/4299 3450/4595/4300 3449/4596/4301 3448/4597/4302 3447/4598/4303 3446/4599/4304 3445/4600/4305 3444/4601/4306 3443/4602/4307 3442/4603/4308 3441/4604/4309 3440/4605/4310 3439/4606/4311 3438/4607/4312 3437/4608/4313 3436/4609/4314
s 13
f 3515/4570/4276 3516/4569/4275 3535/4610/4315
f 3516/4569/4275 3517/4571/4277 3535/4610/4315
f 3517/4571/4277 3518/4572/4278 3535/4610/4315
f 3518/4572/4278 3519/4573/4279 3535/4610/4315
f 3519/4573/4279 3520/4574/4280 3535/4610/4315
f 3520/4574/4280 3521/4575/4281 3535/4610/4315
f 3521/4575/4281 3522/4576/4282 3535/4610/4315
f 3522/4576/4282 3523/4577/4283 3535/4610/4315
f 3523/4577/4283 3524/4578/4284 3535/4610/4315
f 3524/4578/4284 3525/4579/4285 3535/4610/4315
f 3525/4579/4285 3526/4580/4286 3535/4610/4315
f 3526/4580/4286 3527/4581/4287 3535/4610/4315
f 3527/4581/4287 3528/4582/4288 3535/4610/4315
f 3528/4582/4288 3529/4583/4289 3535/4610/4315
f 3529/4583/4289 3530/4584/4290 3535/4610/4315
f 3530/4584/4290 3531/4585/4291 3535/4610/4315
f 3531/4585/4291 3532/4586/4292 3535/4610/4315
f 3532/4586/4292 3533/4587/4293 3535/4610/4315
f 3533/4587/4293 3534/4588/4294 3535/4610/4315
f 3534/4588/4294 3515/4589/4276 3535/4610/4315
s 14
f 3536/4611/4316 3537/4612/4317 3557/4613/4318 3556/4614/4319
f 3537/4612/4317 3538/4615/4320 3558/4616/4321 3557/4613/4318
f 3538/4615/4320 3539/4617/4322 3559/4618/4323 3558/4616/4321
f 3539/4617/4322 3540/4619/4324 3560/4620/4325 3559/4618/4323
f 3540/4619/4324 3541/4621/4326 3561/4622/4327 3560/4620/4325
f 3541/4621/4326 3542/4623/4328 3562/4624/4329 3561/4622/4327
f 3542/4623/4328 3543/4625/4330 3563/4626/4331 3562/4624/4329
f 3543/4625/4330 3544/4627/4332 3564/4628/4333 3563/4626/4331
f 3544/4627/4332 3545/4629/4334 3565/4630/4335 3564/4628/4333
f 3545/4629/4334 3546/4631/4336 3566/4632/4337 3565/4630/4335
f 3546/4631/4336 3547/4633/4338 3567/4634/4339 3566/4632/4337
f 3547/4633/4338 3548/4635/4340 3568/4636/4341 3567/4634/4339
f 3548/4635/4340 3549/4637/4342 3569/4638/4343 3568/4636/4341
f 3549/4637/4342 3550/4639/4344 3570/4640/4345 3569/4638/4343
f 3550/4639/4344 3551/4641/4346 3571/4642/4347 3570/4640/4345
f 3551/4641/4346 3552/4643/4348 3572/4644/4349 3571/4642/4347
f 3552/4643/4348 3553/4645/4350 3573/4646/4351 3572/4644/4349
f 3553/4645/4350 3554/4647/4352 3574/4648/4353 3573/4646/4351
f 3554/4647/4352 3555/4649/4354 3575/4650/4355 3574/4648/4353
f 3555/4649/4354 3536/4651/4316 3556/4652/4319 3575/4650/4355
f 3556/4614/4319 3557/4613/4318 3577/4653/4356 3576/4654/4357
f 3557/4613/4318 3558/4616/4321 3578/4655/4358 3577/4653/4356
f 3558/4616/4321 3559/4618/4323 3579/4656/4359 3578/4655/4358
f 3559/4618/4323 3560/4620/4325 3580/4657/4360 3579/4656/4359
f 3560/4620/4325 3561/4622/4327 3581/4658/4361 3580/4657/4360
f 3561/4622/4327 3562/4624/4329 3582/4659/4362 3581/4658/4361
f 3562/4624/4329 3563/4626/4331 3583/4660/4363 3582/4659/4362
f 3563/4626/4331 3564/4628/4333 3584/4661/4364 3583/4660/4363
f 3564/4628/4333 3565/4630/4335 3585/4662/4365 3584/4661/4364
f 3565/4630/4335 3566/4632/4337 3586/4663/4366 3585/4662/4365
f 3566/4632/4337 3567/4634/4339 3587/4664/4367 3586/4663/4366
f 3567/4634/4339 3568/4636/4341 3588/4665/4368 3587/4664/4367
f 3568/4636/4341 3569/4638/4343 3589/4666/4369 3588/4665/4368
f 3569/4638/4343 3570/4640/4345 3590/4667/4370 3589/4666/4369
f 3570/4640/4345 3571/4642/4347 3591/4668/4371 3590/4667/4370
f 3571/4642/4347 3572/4644/4349 3592/4669/4372 3591/4668/4371
f 3572/4644/4349 3573/4646/4351 3593/4670/4373 3592/4669/4372
f 3573/4646/4351 3574/4648/4353 3594/4671/4374 3593/4670/4373
f 3574/4648/4353 3575/4650/4355 3595/4672/4375 3594/4671/4374
f 3575/4650/4355 3556/4652/4319 3576/4673/4357 3595/4672/4375
f 3576/4654/4357 3577/4653/4356 3597/4674/4376 3596/4675/4377
f 3577/4653/4356 3578/4655/4358 3598/4676/4378 3597/4674/4376
f 3578/4655/4358 3579/4656/4359 3599/4677/4379 3598/4676/4378
f 3579/4656/4359 3580/4657/4360 3600/4678/4380 3599/4677/4379
f 3580/4657/4360 3581/4658/4361 3601/4679/4381 3600/4678/4380
f 3581/4658/4361 3582/4659/4362 3602/4680/4382 3601/4679/4381
f 3582/4659/4362 3583/4660/4363 3603/4681/4383 3602/4680/4382
f 3583/4660/4363 3584/4661/4364 3604/4682/4384 3603/4681/4383
f 3584/4661/4364 3585/4662/4365 3605/4683/4385 3604/4682/4384
f 3585/4662/4365 3586/4663/4366 3606/4684/4386 3605/4683/4385
f 3586/4663/4366 3587/4664/4367 3607/4685/4387 3606/4684/4386
f 3587/4664/4367 3588/4665/4368 3608/4686/4388 3607/4685/4387
f 3588/4665/4368 3589/4666/4369 3609/4687/4389 3608/4686/4388
f 3589/4666/4369 3590/4667/4370 3610/4688/4390 3609/4687/4389
f 3590/4667/4370 3591/4668/4371 3611/4689/4391 3610/4688/4390
f 3591/4668/4371 3592/4669/4372 3612/4690/4392 3611/4689/4391
f 3592/4669/4372 3593/4670/4373 3613/4691/4393 3612/4690/4392
f 3593/4670/4373 3594/4671/4374 3614/4692/4394 3613/4691/4393
f 3594/4671/4374 3595/4672/4375 3615/4693/4395 3614/4692/4394
f 3595/4672/4375 3576/4673/4357 3596/4694/4377 3615/4693/4395
f 3596/4675/4377 3597/4674/4376 3617/4695/4396 3616/4696/4397
f 3597/4674/4376 3598/4676/4378 3618/4697/4398 3617/4695/4396
f 3598/4676/4378 3599/4677/4379 3619/4698/4399 3618/4697/4398
f 3599/4677/4379 3600/4678/4380 3620/4699/4400 3619/4698/4399
f 3600/4678/4380 3601/4679/4381 3621/4700/4401 3620/4699/4400
f 3601/4679/4381 3602/4680/4382 3622/4701/4402 3621/4700/4401
f 3602/4680/4382 3603/4681/4383 3623/4702/4403 3622/4701/4402
f 3603/4681/4383 3604/4682/4384 3624/4703/4404 3623/4702/4403
f 3604/4682/4384 3605/4683/4385 3625/4704/4405 3624/4703/4404
f 3605/4683/4385 3606/4684/4386 3626/4705/4406 3625/4704/4405
f 3606/4684/4386 3607/4685/4387 3627/4706/4407 3626/4705/4406
f 3607/4685/4387 3608/4686/4388 3628/4707/4408 3627/4706/4407
f 3608/4686/4388 3609/4687/4389 3629/4708/4409 3628/4707/4408
f 3609/4687/4389 3610/4688/4390 3630/4709/4410 3629/4708/4409
f 3610/4688/4390 3611/4689/4391 3631/4710/4411 3630/4709/4410
f 3611/4689/4391 3612/4690/4392 3632/4711/4412 3631/4710/4411
f 3612/4690/4392 3613/4691/4393 3633/4712/4413 3632/4711/4412
f 3613/4691/4393 3614/4692/4394 3634/4713/4414 3633/4712/4413
f 3614/4692/4394 3615/4693/4395 3635/4714/4415 3634/4713/4414
f 3615/4693/4395 3596/4694/4377 3616/4715/4397 3635/4714/4415
s off
f 3536/4716/4416 3555/4717/4417 3554/4718/4418 3553/4719/4419 3552/4720/4420 3551/4721/4421 3550/4722/4422 3549/4723/4423 3548/4724/4424 3547/4725/4425 3546/4726/4426 3545/4727/4427 3544/4728/4428 3543/4729/4429 3542/4730/4430 3541/4731/4431 3540/4732/4432 3539/4733/4433 3538/4734/4434 3537/4735/4435
s 14
f 3616/4696/4397 3617/4695/4396 3636/4736/4436
f 3617/4695/4396 3618/4697/4398 3636/4736/4436
f 3618/4697/4398 3619/4698/4399 3636/4736/4436
f 3619/4698/4399 3620/4699/4400 3636/4736/4436
f 3620/4699/4400 3621/4700/4401 3636/4736/4436
f 3621/4700/4401 3622/4701/4402 3636/4736/4436
f 3622/4701/4402 3623/4702/4403 3636/4736/4436
f 3623/4702/4403 3624/4703/4404 3636/4736/4436
f 3624/4703/4404 3625/4704/4405 3636/4736/4436
f 3625/4704/4405 3626/4705/4406 3636/4736/4436
f 3626/4705/4406 3627/4706/4407 3636/4736/4436
f 3627/4706/4407 3628/4707/4408 3636/4736/4436
f 3628/4707/4408 3629/4708/4409 3636/4736/4436
f 3629/4708/4409 3630/4709/4410 3636/4736/4436
f 3630/4709/4410 3631/4710/4411 3636/4736/4436
f 3631/4710/4411 3632/4711/4412 3636/4736/4436
f 3632/4711/4412 3633/4712/4413 3636/4736/4436
f 3633/4712/4413 3634/4713/4414 3636/4736/4436
f 3634/4713/4414 3635/4714/4415 3636/4736/4436
f 3635/4714/4415 3616/4715/4397 3636/4736/4436
s 15
f 3637/4737/4437 3638/4738/4438 3658/4739/4439 3657/4740/4440
f 3638/4738/4438 3639/4741/4441 3659/4742/4442 3658/4739/4439
f 3639/4741/4441 3640/4743/4443 3660/4744/4444 3659/4742/4442
f 3640/4743/4443 3641/4745/4445 3661/4746/4446 3660/4744/4444
f 3641/4745/4445 3642/4747/4447 3662/4748/4448 3661/4746/4446
f 3642/4747/4447 3643/4749/4449 3663/4750/4450 3662/4748/4448
f 3643/4749/4449 3644/4751/4451 3664/4752/4452 3663/4750/4450
f 3644/4751/4451 3645/4753/4453 3665/4754/4454 3664/4752/4452
f 3645/4753/4453 3646/4755/4455 3666/4756/4456 3665/4754/4454
f 3646/4755/4455 3647/4757/4457 3667/4758/4458 3666/4756/4456
f 3647/4757/4457 3648/4759/4459 3668/4760/4460 3667/4758/4458
f 3648/4759/4459 3649/4761/4461 3669/4762/4462 3668/4760/4460
f 3649/4761/4461 3650/4763/4463 3670/4764/4464 3669/4762/4462
f 3650/4763/4463 3651/4765/4465 3671/4766/4466 3670/4764/4464
f 3651/4765/4465 3652/4767/4467 3672/4768/4468 3671/4766/4466
f 3652/4767/4467 3653/4769/4469 3673/4770/4470 3672/4768/4468
f 3653/4769/4469 3654/4771/4471 3674/4772/4472 3673/4770/4470
f 3654/4771/4471 3655/4773/4473 3675/4774/4474 3674/4772/4472
f 3655/4773/4473 3656/4775/4475 3676/4776/4476 3675/4774/4474
f 3656/4775/4475 3637/4777/4437 3657/4778/4440 3676/4776/4476
f 3657/4740/4440 3658/4739/4439 3678/4779/4477 3677/4780/4478
f 3658/4739/4439 3659/4742/4442 3679/4781/4479 3678/4779/4477
f 3659/4742/4442 3660/4744/4444 3680/4782/4480 3679/4781/4479
f 3660/4744/4444 3661/4746/4446 3681/4783/4481 3680/4782/4480
f 3661/4746/4446 3662/4748/4448 3682/4784/4482 3681/4783/4481
f 3662/4748/4448 3663/4750/4450 3683/4785/4483 3682/4784/4482
f 3663/4750/4450 3664/4752/4452 3684/4786/4484 3683/4785/4483
f 3664/4752/4452 3665/4754/4454 3685/4787/4485 3684/4786/4484
f 3665/4754/4454 3666/4756/4456 3686/4788/4486 3685/4787/4485
f 3666/4756/4456 3667/4758/4458 3687/4789/4487 3686/4788/4486
f 3667/4758/4458 3668/4760/4460 3688/4790/4488 3687/4789/4487
f 3668/4760/4460 3669/4762/4462 3689/4791/4489 3688/4790/4488
f 3669/4762/4462 3670/4764/4464 3690/4792/4490 3689/4791/4489
f 3670/4764/4464 3671/4766/4466 3691/4793/4491 3690/4792/4490
f 3671/4766/4466 3672/4768/4468 3692/4794/4492 3691/4793/4491
f 3672/4768/4468 3673/4770/4470 3693/4795/4493 3692/4794/4492
f 3673/4770/4470 3674/4772/4472 3694/4796/4494 3693/4795/4493
f 3674/4772/4472 3675/4774/4474 3695/4797/4495 3694/4796/4494
f 3675/4774/4474 3676/4776/4476 3696/4798/4496 3695/4797/4495
f 3676/4776/4476 3657/4778/4440 3677/4799/4478 3696/4798/4496
f 3677/4780/4478 3678/4779/4477 3698/4800/4497 3697/4801/4498
f 3678/4779/4477 3679/4781/4479 3699/4802/4499 3698/4800/4497
f 3679/4781/4479 3680/4782/4480 3700/4803/4500 3699/4802/4499
f 3680/4782/4480 3681/4783/4481 3701/4804/4501 3700/4803/4500
f 3681/4783/4481 3682/4784/4482 3702/4805/4502 3701/4804/4501
f 3682/4784/4482 3683/4785/4483 3703/4806/4503 3702/4805/4502
f 3683/4785/4483 3684/4786/4484 3704/4807/4504 3703/4806/4503
f 3684/4786/4484 3685/4787/4485 3705/4808/4505 3704/4807/4504
f 3685/4787/4485 3686/4788/4486 3706/4809/4506 3705/4808/4505
f 3686/4788/4486 3687/4789/4487 3707/4810/4507 3706/4809/4506
f 3687/4789/4487 3688/4790/4488 3708/4811/4508 3707/4810/4507
f 3688/4790/4488 3689/4791/4489 3709/4812/4509 3708/4811/4508
f 3689/4791/4489 3690/4792/4490 3710/4813/4510 3709/4812/4509
f 3690/4792/4490 3691/4793/4491 3711/4814/4511 3710/4813/4510
f 3691/4793/4491 3692/4794/4492 3712/4815/4512 3711/4814/4511
f 3692/4794/4492 3693/4795/4493 3713/4816/4513 3712/4815/4512
f 3693/4795/4493 3694/4796/4494 3714/4817/4514 3713/4816/4513
f 3694/4796/4494 3695/4797/4495 3715/4818/4515 3714/4817/4514
f 3695/4797/4495 3696/4798/4496 3716/4819/4516 3715/4818/4515
f 3696/4798/4496 3677/4799/4478 3697/4820/4498 3716/4819/4516
f 3697/4801/4498 3698/4800/4497 3718/4821/4517 3717/4822/4518
f 3698/4800/4497 3699/4802/4499 3719/4823/4519 3718/4821/4517
f 3699/4802/4499 3700/4803/4500 3720/4824/4520 3719/4823/4519
f 3700/4803/4500 3701/4804/4501 3721/4825/4521 3720/4824/4520
f 3701/4804/4501 3702/4805/4502 3722/4826/4522 3721/4825/4521
f 3702/4805/4502 3703/4806/4503 3723/4827/4523 3722/4826/4522
f 3703/4806/4503 3704/4807/4504 3724/4828/4524 3723/4827/4523
f 3704/4807/4504 3705/4808/4505 3725/4829/4525 3724/4828/4524
f 3705/4808/4505 3706/4809/4506 3726/4830/4526 3725/4829/4525
f 3706/4809/4506 3707/4810/4507 3727/4831/4527 3726/4830/4526
f 3707/4810/4507 3708/4811/4508 3728/4832/4528 3727/4831/4527
f 3708/4811/4508 3709/4812/4509 3729/4833/4529 3728/4832/4528
f 3709/4812/4509 3710/4813/4510 3730/4834/4530 3729/4833/4529
f 3710/4813/4510 3711/4814/4511 3731/4835/4531 3730/4834/4530
f 3711/4814/4511 3712/4815/4512 3732/4836/4532 3731/4835/4531
f 3712/4815/4512 3713/4816/4513 3733/4837/4533 3732/4836/4532
f 3713/4816/4513 3714/4817/4514 3734/4838/4534 3733/4837/4533
f 3714/4817/4514 3715/4818/4515 3735/4839/4535 3734/4838/4534
f 3715/4818/4515 3716/4819/4516 3736/4840/4536 3735/4839/4535
f 3716/4819/4516 3697/4820/4498 3717/4841/4518 3736/4840/4536
s off
f 3637/4842/4537 3656/4843/4538 3655/4844/4539 3654/4845/4540 3653/4846/4541 3652/4847/4542 3651/4848/4543 3650/4849/4544 3649/4850/4545 3648/4851/4546 3647/4852/4547 3646/4853/4548 3645/4854/4549 3644/4855/4550 3643/4856/4551 3642/4857/4552 3641/4858/4553 3640/4859/4554 3639/4860/4555 3638/4861/4556
s 15
f 3717/4822/4518 3718/4821/4517 3737/4862/4557
f 3718/4821/4517 3719/4823/4519 3737/4862/4557
f 3719/4823/4519 3720/4824/4520 3737/4862/4557
f 3720/4824/4520 3721/4825/4521 3737/4862/4557
f 3721/4825/4521 3722/4826/4522 3737/4862/4557
f 3722/4826/4522 3723/4827/4523 3737/4862/4557
f 3723/4827/4523 3724/4828/4524 3737/4862/4557
f 3724/4828/4524 3725/4829/4525 3737/4862/4557
f 3725/4829/4525 3726/4830/4526 3737/4862/4557
f 3726/4830/4526 3727/4831/4527 3737/4862/4557
f 3727/4831/4527 3728/4832/4528 3737/4862/4557
f 3728/4832/4528 3729/4833/4529 3737/4862/4557
f 3729/4833/4529 3730/4834/4530 3737/4862/4557
f 3730/4834/4530 3731/4835/4531 3737/4862/4557
f 3731/4835/4531 3732/4836/4532 3737/4862/4557
f 3732/4836/4532 3733/4837/4533 3737/4862/4557
f 3733/4837/4533 3734/4838/4534 3737/4862/4557
f 3734/4838/4534 3735/4839/4535 3737/4862/4557
f 3735/4839/4535 3736/4840/4536 3737/4862/4557
f 3736/4840/4536 3717/4841/4518 3737/4862/4557
s 16
f 3738/4863/4558 3739/4864/4559 3759/4865/4560 3758/4866/4561
f 3739/4864/4559 3740/4867/4562 3760/4868/4563 3759/4865/4560
f 3740/4867/4562 3741/4869/4564 3761/4870/4565 3760/4868/4563
f 3741/4869/4564 3742/4871/4566 3762/4872/4567 3761/4870/4565
f 3742/4871/4566 3743/4873/4568 3763/4874/4569 3762/4872/4567
f 3743/4873/4568 3744/4875/4570 3764/4876/4571 3763/4874/4569
f 3744/4875/4570 3745/4877/4572 3765/4878/4573 3764/4876/4571
f 3745/4877/4572 3746/4879/4574 3766/4880/4575 3765/4878/4573
f 3746/4879/4574 3747/4881/4576 3767/4882/4577 3766/4880/4575
f 3747/4881/4576 3748/4883/4578 3768/4884/4579 3767/4882/4577
f 3748/4883/4578 3749/4885/4580 3769/4886/4581 3768/4884/4579
f 3749/4885/4580 3750/4887/4582 3770/4888/4583 3769/4886/4581
f 3750/4887/4582 3751/4889/4584 3771/4890/4585 3770/4888/4583
f 3751/4889/4584 3752/4891/4586 3772/4892/4587 3771/4890/4585
f 3752/4891/4586 3753/4893/4588 3773/4894/4589 3772/4892/4587
f 3753/4893/4588 3754/4895/4590 3774/4896/4591 3773/4894/4589
f 3754/4895/4590 3755/4897/4592 3775/4898/4593 3774/4896/4591
f 3755/4897/4592 3756/4899/4594 3776/4900/4595 3775/4898/4593
f 3756/4899/4594 3757/4901/4596 3777/4902/4597 3776/4900/4595
f 3757/4901/4596 3738/4903/4558 3758/4904/4561 3777/4902/4597
f 3758/4866/4561 3759/4865/4560 3779/4905/4598 3778/4906/4599
f 3759/4865/4560 3760/4868/4563 3780/4907/4600 3779/4905/4598
f 3760/4868/4563 3761/4870/4565 3781/4908/4601 3780/4907/4600
f 3761/4870/4565 3762/4872/4567 3782/4909/4602 3781/4908/4601
f 3762/4872/4567 3763/4874/4569 3783/4910/4603 3782/4909/4602
f 3763/4874/4569 3764/4876/4571 3784/4911/4604 3783/4910/4603
f 3764/4876/4571 3765/4878/4573 3785/4912/4605 3784/4911/4604
f 3765/4878/4573 3766/4880/4575 3786/4913/4606 3785/4912/4605
f 3766/4880/4575 3767/4882/4577 3787/4914/4607 3786/4913/4606
f 3767/4882/4577 3768/4884/4579 3788/4915/4608 3787/4914/4607
f 3768/4884/4579 3769/4886/4581 3789/4916/4609 3788/4915/4608
f 3769/4886/4581 3770/4888/4583 3790/4917/4610 3789/4916/4609
f 3770/4888/4583 3771/4890/4585 3791/4918/4611 3790/4917/4610
f 3771/4890/4585 3772/4892/4587 3792/4919/4612 3791/4918/4611
f 3772/4892/4587 3773/4894/4589 3793/4920/4613 3792/4919/4612
f 3773/4894/4589 3774/4896/4591 3794/4921/4614 3793/4920/4613
f 3774/4896/4591 3775/4898/4593 3795/4922/4615 3794/4921/4614
f 3775/4898/4593 3776/4900/4595 3796/4923/4616 3795/4922/4615
f 3776/4900/4595 3777/4902/4597 3797/4924/4617 3796/4923/4616
f 3777/4902/4597 3758/4904/4561 3778/4925/4599 3797/4924/4617
f 3778/4906/4599 3779/4905/4598 3799/4926/4618 3798/4927/4619
f 3779/4905/4598 3780/4907/4600 3800/4928/4620 3799/4926/4618
f 3780/4907/4600 3781/4908/4601 3801/4929/4621 3800/4928/4620
f 3781/4908/4601 3782/4909/4602 3802/4930/4622 3801/4929/4621
f 3782/4909/4602 3783/4910/4603 3803/4931/4623 3802/4930/4622
f 3783/4910/4603 3784/4911/4604 3804/4932/4624 3803/4931/4623
f 3784/4911/4604 3785/4912/4605 3805/4933/4625 3804/4932/4624
f 3785/4912/4605 3786/4913/4606 3806/4934/4626 3805/4933/4625
f 3786/4913/4606 3787/4914/4607 3807/4935/4627 3806/4934/4626
f 3787/4914/4607 3788/4915/4608 3808/4936/4628 3807/4935/4627
f 3788/4915/4608 3789/4916/4609 3809/4937/4629 3808/4936/4628
f 3789/4916/4609 3790/4917/4610 3810/4938/4630 3809/4937/4629
f 3790/4917/4610 3791/4918/4611 3811/4939/4631 3810/4938/4630
f 3791/4918/4611 3792/4919/4612 3812/4940/4632 3811/4939/4631
f 3792/4919/4612 3793/4920/4613 3813/4941/4633 3812/4940/4632
f 3793/4920/4613 3794/4921/4614 3814/4942/4634 3813/4941/4633
f 3794/4921/4614 3795/4922/4615 3815/4943/4635 3814/4942/4634
f 3795/4922/4615 3796/4923/4616 3816/4944/4636 3815/4943/4635
f 3796/4923/4616 3797/4924/4617 3817/4945/4637 3816/4944/4636
f 3797/4924/4617 3778/4925/4599 3798/4946/4619 3817/4945/4637
f 3798/4927/4619 3799/4926/4618 3819/4947/4638 3818/4948/4639
f 3799/4926/4618 3800/4928/4620 3820/4949/4640 3819/4947/4638
f 3800/4928/4620 3801/4929/4621 3821/4950/4641 3820/4949/4640
f 3801/4929/4621 3802/4930/4622 3822/4951/4642 3821/4950/4641
f 3802/4930/4622 3803/4931/4623 3823/4952/4643 3822/4951/4642
f 3803/4931/4623 3804/4932/4624 3824/4953/4644 3823/4952/4643
f 3804/4932/4624 3805/4933/4625 3825/4954/4645 3824/4953/4644
f 3805/4933/4625 3806/4934/4626 3826/4955/4646 3825/4954/4645
f 3806/4934/4626 3807/4935/4627 3827/4956/4647 3826/4955/4646
f 3807/4935/4627 3808/4936/4628 3828/4957/4648 3827/4956/4647
f 3808/4936/4628 3809/4937/4629 3829/4958/4649 3828/4957/4648
f 3809/4937/4629 3810/4938/4630 3830/4959/4650 3829/4958/4649
f 3810/4938/4630 3811/4939/4631 3831/4960/4651 3830/4959/4650
f 3811/4939/4631 3812/4940/4632 3832/4961/4652 3831/4960/4651
f 3812/4940/4632 3813/4941/4633 3833/4962/4653 3832/4961/4652
f 3813/4941/4633 3814/4942/4634 3834/4963/4654 3833/4962/4653
f 3814/4942/4634 3815/4943/4635 3835/4964/4655 3834/4963/4654
f 3815/4943/4635 3816/4944/4636 3836/4965/4656 3835/4964/4655
f 3816/4944/4636 3817/4945/4637 3837/4966/4657 3836/4965/4656
f 3817/4945/4637 3798/4946/4619 3818/4967/4639 3837/4966/4657
s off
f 3738/4968/4658 3757/4969/4659 3756/4970/4660 3755/4971/4661 3754/4972/4662 3753/4973/4663 3752/4974/4664 3751/4975/4665 3750/4976/4666 3749/4977/4667 3748/4978/4668 3747/4979/4669 3746/4980/4670 3745/4981/4671 3744/4982/4672 3743/4983/4673 3742/4984/4674 3741/4985/4675 3740/4986/4676 3739/4987/4677
s 16
f 3818/4948/4639 3819/4947/4638 3838/4988/4678
f 3819/4947/4638 3820/4949/4640 3838/4988/4678
f 3820/4949/4640 3821/4950/4641 3838/4988/4678
f 3821/4950/4641 3822/4951/4642 3838/4988/4678
f 3822/4951/4642 3823/4952/4643 3838/4988/4678
f 3823/4952/4643 3824/4953/4644 3838/4988/4678
f 3824/4953/4644 3825/4954/4645 3838/4988/4678
f 3825/4954/4645 3826/4955/4646 3838/4988/4678
f 3826/4955/4646 3827/4956/4647 3838/4988/4678
f 3827/4956/4647 3828/4957/4648 3838/4988/4678
f 3828/4957/4648 3829/4958/4649 3838/4988/4678
f 3829/4958/4649 3830/4959/4650 3838/4988/4678
f 3830/4959/4650 3831/4960/4651 3838/4988/4678
f 3831/4960/4651 3832/4961/4652 3838/4988/4678
f 3832/4961/4652 3833/4962/4653 3838/4988/4678
f 3833/4962/4653 3834/4963/4654 3838/4988/4678
f 3834/4963/4654 3835/4964/4655 3838/4988/4678
f 3835/4964/4655 3836/4965/4656 3838/4988/4678
f 3836/4965/4656 3837/4966/4657 3838/4988/4678
f 3837/4966/4657 3818/4967/4639 3838/4988/4678
s 17
f 3839/4989/4679 3840/4990/4680 3860/4991/4681 3859/4992/4682
f 3840/4990/4680 3841/4993/4683 3861/4994/4684 3860/4991/4681
f 3841/4993/4683 3842/4995/4685 3862/4996/4686 3861/4994/4684
f 3842/4995/4685 3843/4997/4687 3863/4998/4688 3862/4996/4686
f 3843/4997/4687 3844/4999/4689 3864/5000/4690 3863/4998/4688
f 3844/4999/4689 3845/5001/4691 3865/5002/4692 3864/5000/4690
f 3845/5001/4691 3846/5003/4693 3866/5004/4694 3865/5002/4692
f 3846/5003/4693 3847/5005/4695 3867/5006/4696 3866/5004/4694
f 3847/5005/4695 3848/5007/4697 3868/5008/4698 3867/5006/4696
f 3848/5007/4697 3849/5009/4699 3869/5010/4700 3868/5008/4698
f 3849/5009/4699 3850/5011/4701 3870/5012/4702 3869/5010/4700
f 3850/5011/4701 3851/5013/4703 3871/5014/4704 3870/5012/4702
f 3851/5013/4703 3852/5015/4705 3872/5016/4706 3871/5014/4704
f 3852/5015/4705 3853/5017/4707 3873/5018/4708 3872/5016/4706
f 3853/5017/4707 3854/5019/4709 3874/5020/4710 3873/5018/4708
f 3854/5019/4709 3855/5021/4711 3875/5022/4712 3874/5020/4710
f 3855/5021/4711 3856/5023/4713 3876/5024/4714 3875/5022/4712
f 3856/5023/4713 3857/5025/4715 3877/5026/4716 3876/5024/4714
f 3857/5025/4715 3858/5027/4717 3878/5028/4718 3877/5026/4716
f 3858/5027/4717 3839/5029/4679 3859/5030/4682 3878/5028/4718
f 3859/4992/4682 3860/4991/4681 3880/5031/4719 3879/5032/4720
f 3860/4991/4681 3861/4994/4684 3881/5033/4721 3880/5031/4719
f 3861/4994/4684 3862/4996/4686 3882/5034/4722 3881/5033/4721
f 3862/4996/4686 3863/4998/4688 3883/5035/4723 3882/5034/4722
f 3863/4998/4688 3864/5000/4690 3884/5036/4724 3883/5035/4723
f 3864/5000/4690 3865/5002/4692 3885/5037/4725 3884/5036/4724
f 3865/5002/4692 3866/5004/4694 3886/5038/4726 3885/5037/4725
f 3866/5004/4694 3867/5006/4696 3887/5039/4727 3886/5038/4726
f 3867/5006/4696 3868/5008/4698 3888/5040/4728 3887/5039/4727
f 3868/5008/4698 3869/5010/4700 3889/5041/4729 3888/5040/4728
f 3869/5010/4700 3870/5012/4702 3890/5042/4730 3889/5041/4729
f 3870/5012/4702 3871/5014/4704 3891/5043/4731 3890/5042/4730
f 3871/5014/4704 3872/5016/4706 3892/5044/4732 3891/5043/4731
f 3872/5016/4706 3873/5018/4708 3893/5045/4733 3892/5044/4732
f 3873/5018/4708 3874/5020/4710 3894/5046/4734 3893/5045/4733
f 3874/5020/4710 3875/5022/4712 3895/5047/4735 3894/5046/4734
f 3875/5022/4712 3876/5024/4714 3896/5048/4736 3895/5047/4735
f 3876/5024/4714 3877/5026/4716 3897/5049/4737 3896/5048/4736
f 3877/5026/4716 3878/5028/4718 3898/5050/4738 3897/5049/4737
f 3878/5028/4718 3859/5030/4682 3879/5051/4720 3898/5050/4738
f 3879/5032/4720 3880/5031/4719 3900/5052/4739 3899/5053/4740
f 3880/5031/4719 3881/5033/4721 3901/5054/4741 3900/5052/4739
f 3881/5033/4721 3882/5034/4722 3902/5055/4742 3901/5054/4741
f 3882/5034/4722 3883/5035/4723 3903/5056/4743 3902/5055/4742
f 3883/5035/4723 3884/5036/4724 3904/5057/4744 3903/5056/4743
f 3884/5036/4724 3885/5037/4725 3905/5058/4745 3904/5057/4744
f 3885/5037/4725 3886/5038/4726 3906/5059/4746 3905/5058/4745
f 3886/5038/4726 3887/5039/4727 3907/5060/4747 3906/5059/4746
f 3887/5039/4727 3888/5040/4728 3908/5061/4748 3907/5060/4747
f 3888/5040/4728 3889/5041/4729 3909/5062/4749 3908/5061/4748
f 3889/5041/4729 3890/5042/4730 3910/5063/4750 3909/5062/4749
f 3890/5042/4730 3891/5043/4731 3911/5064/4751 3910/5063/4750
f 3891/5043/4731 3892/5044/4732 3912/5065/4752 3911/5064/4751
f 3892/5044/4732 3893/5045/4733 3913/5066/4753 3912/5065/4752
f 3893/5045/4733 3894/5046/4734 3914/5067/4754 3913/5066/4753
f 3894/5046/4734 3895/5047/4735 3915/5068/4755 3914/5067/4754
f 3895/5047/4735 3896/5048/4736 3916/5069/4756 3915/5068/4755
f 3896/5048/4736 3897/5049/4737 3917/5070/4757 3916/5069/4756
f 3897/5049/4737 3898/5050/4738 3918/5071/4758 3917/5070/4757
f 3898/5050/4738 3879/5051/4720 3899/5072/4740 3918/5071/4758
f 3899/5053/4740 3900/5052/4739 3920/5073/4759 3919/5074/4760
f 3900/5052/4739 3901/5054/4741 3921/5075/4761 3920/5073/4759
f 3901/5054/4741 3902/5055/4742 3922/5076/4762 3921/5075/4761
f 3902/5055/4742 3903/5056/4743 3923/5077/4763 3922/5076/4762
f 3903/5056/4743 3904/5057/4744 3924/5078/4764 3923/5077/4763
f 3904/5057/4744 3905/5058/4745 3925/5079/4765 3924/5078/4764
f 3905/5058/4745 3906/5059/4746 3926/5080/4766 3925/5079/4765
f 3906/5059/4746 3907/5060/4747 3927/5081/4767 3926/5080/4766
f 3907/5060/4747 3908/5061/4748 3928/5082/4768 3927/5081/4767
f 3908/5061/4748 3909/5062/4749 3929/5083/4769 3928/5082/4768
f 3909/5062/4749 3910/5063/4750 3930/5084/4770 3929/5083/4769
f 3910/5063/4750 3911/5064/4751 3931/5085/4771 3930/5084/4770
f 3911/5064/4751 3912/5065/4752 3932/5086/4772 3931/5085/4771
f 3912/5065/4752 3913/5066/4753 3933/5087/4773 3932/5086/4772
f 3913/5066/4753 3914/5067/4754 3934/5088/4774 3933/5087/4773
f 3914/5067/4754 3915/5068/4755 3935/5089/4775 3934/5088/4774
f 3915/5068/4755 3916/5069/4756 3936/5090/4776 3935/5089/4775
f 3916/5069/4756 3917/5070/4757 3937/5091/4777 3936/5090/4776
f 3917/5070/4757 3918/5071/4758 3938/5092/4778 3937/5091/4777
f 3918/5071/4758 3899/5072/4740 3919/5093/4760 3938/5092/4778
s off
f 3839/5094/4779 3858/5095/4780 3857/5096/4781 3856/5097/4782 3855/5098/4783 3854/5099/4784 3853/5100/4785 3852/5101/4786 3851/5102/4787 3850/5103/4788 3849/5104/4789 3848/5105/4790 3847/5106/4791 3846/5107/4792 3845/5108/4793 3844/5109/4794 3843/5110/4795 3842/5111/4796 3841/5112/4797 3840/5113/4798
s 17
f 3919/5074/4760 3920/5073/4759 3939/5114/4799
f 3920/5073/4759 3921/5075/4761 3939/5114/4799
f 3921/5075/4761 3922/5076/4762 3939/5114/4799
f 3922/5076/4762 3923/5077/4763 3939/5114/4799
f 3923/5077/4763 3924/5078/4764 3939/5114/4799
f 3924/5078/4764 3925/5079/4765 3939/5114/4799
f 3925/5079/4765 3926/5080/4766 3939/5114/4799
f 3926/5080/4766 3927/5081/4767 3939/5114/4799
f 3927/5081/4767 3928/5082/4768 3939/5114/4799
f 3928/5082/4768 3929/5083/4769 3939/5114/4799
f 3929/5083/4769 3930/5084/4770 3939/5114/4799
f 3930/5084/4770 3931/5085/4771 3939/5114/4799
f 3931/5085/4771 3932/5086/4772 3939/5114/4799
f 3932/5086/4772 3933/5087/4773 3939/5114/4799
f 3933/5087/4773 3934/5088/4774 3939/5114/4799
f 3934/5088/4774 3935/5089/4775 3939/5114/4799
f 3935/5089/4775 3936/5090/4776 3939/5114/4799
f 3936/5090/4776 3937/5091/4777 3939/5114/4799
f 3937/5091/4777 3938/5092/4778 3939/5114/4799
f 3938/5092/4778 3919/5093/4760 3939/5114/4799
s 18
f 3940/5115/4800 3941/5116/4801 3961/5117/4802 3960/5118/4803
f 3941/5116/4801 3942/5119/4804 3962/5120/4805 3961/5117/4802
f 3942/5119/4804 3943/5121/4806 3963/5122/4807 3962/5120/4805
f 3943/5121/4806 3944/5123/4808 3964/5124/4809 3963/5122/4807
f 3944/5123/4808 3945/5125/4810 3965/5126/4811 3964/5124/4809
f 3945/5125/4810 3946/5127/4812 3966/5128/4813 3965/5126/4811
f 3946/5127/4812 3947/5129/4814 3967/5130/4815 3966/5128/4813
f 3947/5129/4814 3948/5131/4816 3968/5132/4817 3967/5130/4815
f 3948/5131/4816 3949/5133/4818 3969/5134/4819 3968/5132/4817
f 3949/5133/4818 3950/5135/4820 3970/5136/4821 3969/5134/4819
f 3950/5135/4820 3951/5137/4822 3971/5138/4823 3970/5136/4821
f 3951/5137/4822 3952/5139/4824 3972/5140/4825 3971/5138/4823
f 3952/5139/4824 3953/5141/4826 3973/5142/4827 3972/5140/4825
f 3953/5141/4826 3954/5143/4828 3974/5144/4829 3973/5142/4827
f 3954/5143/4828 3955/5145/4830 3975/5146/4831 3974/5144/4829
f 3955/5145/4830 3956/5147/4832 3976/5148/4833 3975/5146/4831
f 3956/5147/4832 3957/5149/4834 3977/5150/4835 3976/5148/4833
f 3957/5149/4834 3958/5151/4836 3978/5152/4837 3977/5150/4835
f 3958/5151/4836 3959/5153/4838 3979/5154/4839 3978/5152/4837
f 3959/5153/4838 3940/5155/4800 3960/5156/4803 3979/5154/4839
f 3960/5118/4803 3961/5117/4802 3981/5157/4840 3980/5158/4841
f 3961/5117/4802 3962/5120/4805 3982/5159/4842 3981/5157/4840
f 3962/5120/4805 3963/5122/4807 3983/5160/4843 3982/5159/4842
f 3963/5122/4807 3964/5124/4809 3984/5161/4844 3983/5160/4843
f 3964/5124/4809 3965/5126/4811 3985/5162/4845 3984/5161/4844
f 3965/5126/4811 3966/5128/4813 3986/5163/4846 3985/5162/4845
f 3966/5128/4813 3967/5130/4815 3987/5164/4847 3986/5163/4846
f 3967/5130/4815 3968/5132/4817 3988/5165/4848 3987/5164/4847
f 3968/5132/4817 3969/5134/4819 3989/5166/4849 3988/5165/4848
f 3969/5134/4819 3970/5136/4821 3990/5167/4850 3989/5166/4849
f 3970/5136/4821 3971/5138/4823 3991/5168/4851 3990/5167/4850
f 3971/5138/4823 3972/5140/4825 3992/5169/4852 3991/5168/4851
f 3972/5140/4825 3973/5142/4827 3993/5170/4853 3992/5169/4852
f 3973/5142/4827 3974/5144/4829 3994/5171/4854 3993/5170/4853
f 3974/5144/4829 3975/5146/4831 3995/5172/4855 3994/5171/4854
f 3975/5146/4831 3976/5148/4833 3996/5173/4856 3995/5172/4855
f 3976/5148/4833 3977/5150/4835 3997/5174/4857 3996/5173/4856
f 3977/5150/4835 3978/5152/4837 3998/5175/4858 3997/5174/4857
f 3978/5152/4837 3979/5154/4839 3999/5176/4859 3998/5175/4858
f 3979/5154/4839 3960/5156/4803 3980/5177/4841 3999/5176/4859
f 3980/5158/4841 3981/5157/4840 4001/5178/4860 4000/5179/4861
f 3981/5157/4840 3982/5159/4842 4002/5180/4862 4001/5178/4860
f 3982/5159/4842 3983/5160/4843 4003/5181/4863 4002/5180/4862
f 3983/5160/4843 3984/5161/4844 4004/5182/4864 4003/5181/4863
f 3984/5161/4844 3985/5162/4845 4005/5183/4865 4004/5182/4864
f 3985/5162/4845 3986/5163/4846 4006/5184/4866 4005/5183/4865
f 3986/5163/4846 3987/5164/4847 4007/5185/4867 4006/5184/4866
f 3987/5164/4847 3988/5165/4848 4008/5186/4868 4007/5185/4867
f 3988/5165/4848 3989/5166/4849 4009/5187/4869 4008/5186/4868
f 3989/5166/4849 3990/5167/4850 4010/5188/4870 4009/5187/4869
f 3990/5167/4850 3991/5168/4851 4011/5189/4871 4010/5188/4870
f 3991/5168/4851 3992/5169/4852 4012/5190/4872 4011/5189/4871
f 3992/5169/4852 3993/5170/4853 4013/5191/4873 4012/5190/4872
f 3993/5170/4853 3994/5171/4854 4014/5192/4874 4013/5191/4873
f 3994/5171/4854 3995/5172/4855 4015/5193/4875 4014/5192/4874
f 3995/5172/4855 3996/5173/4856 4016/5194/4876 4015/5193/4875
f 3996/5173/4856 3997/5174/4857 4017/5195/4877 4016/5194/4876
f 3997/5174/4857 3998/5175/4858 4018/5196/4878 4017/5195/4877
f 3998/5175/4858 3999/5176/4859 4019/5197/4879 4018/5196/4878
f 3999/5176/4859 3980/5177/4841 4000/5198/4861 4019/5197/4879
f 4000/5179/4861 4001/5178/4860 4021/5199/4880 4020/5200/4881
f 4001/5178/4860 4002/5180/4862 4022/5201/4882 4021/5199/4880
f 4002/5180/4862 4003/5181/4863 4023/5202/4883 4022/5201/4882
f 4003/5181/4863 4004/5182/4864 4024/5203/4884 4023/5202/4883
f 4004/5182/4864 4005/5183/4865 4025/5204/4885 4024/5203/4884
f 4005/5183/4865 4006/5184/4866 4026/5205/4886 4025/5204/4885
f 4006/5184/4866 4007/5185/4867 4027/5206/4887 4026/5205/4886
f 4007/5185/4867 4008/5186/4868 4028/5207/4888 4027/5206/4887
f 4008/5186/4868 4009/5187/4869 4029/5208/4889 4028/5207/4888
f 4009/5187/4869 4010/5188/4870 4030/5209/4890 4029/5208/4889
f 4010/5188/4870 4011/5189/4871 4031/5210/4891 4030/5209/4890
f 4011/5189/4871 4012/5190/4872 4032/5211/4892 4031/5210/4891
f 4012/5190/4872 4013/5191/4873 4033/5212/4893 4032/5211/4892
f 4013/5191/4873 4014/5192/4874 4034/5213/4894 4033/5212/4893
f 4014/5192/4874 4015/5193/4875 4035/5214/4895 4034/5213/4894
f 4015/5193/4875 4016/5194/4876 4036/5215/4896 4035/5214/4895
f 4016/5194/4876 4017/5195/4877 4037/5216/4897 4036/5215/4896
f 4017/5195/4877 4018/5196/4878 4038/5217/4898 4037/5216/4897
f 4018/5196/4878 4019/5197/4879 4039/5218/4899 4038/5217/4898
f 4019/5197/4879 4000/5198/4861 4020/5219/4881 4039/5218/4899
s off
f 3940/5220/4900 3959/5221/4901 3958/5222/4902 3957/5223/4903 3956/5224/4904 3955/5225/4905 3954/5226/4906 3953/5227/4907 3952/5228/4908 3951/5229/4909 3950/5230/4910 3949/5231/4911 3948/5232/4912 3947/5233/4913 3946/5234/4914 3945/5235/4915 3944/5236/4916 3943/5237/4917 3942/5238/4918 3941/5239/4919
s 18
f 4020/5200/4881 4021/5199/4880 4040/5240/4920
f 4021/5199/4880 4022/5201/4882 4040/5240/4920
f 4022/5201/4882 4023/5202/4883 4040/5240/4920
f 4023/5202/4883 4024/5203/4884 4040/5240/4920
f 4024/5203/4884 4025/5204/4885 4040/5240/4920
f 4025/5204/4885 4026/5205/4886 4040/5240/4920
f 4026/5205/4886 4027/5206/4887 4040/5240/4920
f 4027/5206/4887 4028/5207/4888 4040/5240/4920
f 4028/5207/4888 4029/5208/4889 4040/5240/4920
f 4029/5208/4889 4030/5209/4890 4040/5240/4920
f 4030/5209/4890 4031/5210/4891 4040/5240/4920
f 4031/5210/4891 4032/5211/4892 4040/5240/4920
f 4032/5211/4892 4033/5212/4893 4040/5240/4920
f 4033/5212/4893 4034/5213/4894 4040/5240/4920
f 4034/5213/4894 4035/5214/4895 4040/5240/4920
f 4035/5214/4895 4036/5215/4896 4040/5240/4920
f 4036/5215/4896 4037/5216/4897 4040/5240/4920
f 4037/5216/4897 4038/5217/4898 4040/5240/4920
f 4038/5217/4898 4039/5218/4899 4040/5240/4920
f 4039/5218/4899 4020/5219/4881 4040/5240/4920
g default
v -15.485091 -0.500000 -6.949384
v -17.334262 -0.500000 14.598641
v -15.485091 0.500000 -6.949384
v -17.334262 0.500000 14.598641
v -12.184449 0.500000 -6.666135
v -14.033620 0.500000 14.881890
v -12.184449 -0.500000 -6.666135
v -14.033620 -0.500000 14.881890
v -12.731617 -0.516574 -1.909093
v -14.650129 -0.056216 -2.708151
v -15.611497 0.070963 -1.218076
v -13.669443 -0.228887 -0.416997
v -12.829234 0.081799 -1.858835
v -14.512964 0.294043 -2.508166
v -15.374404 0.423559 -1.256364
v -13.699546 0.150823 -0.607795
v -12.923262 0.672874 -1.809743
v -14.420617 0.456451 -2.367309
v -15.156957 0.573729 -1.299515
v -13.727286 0.334375 -0.747494
v -12.914705 1.055311 -1.793974
v -14.194953 0.647614 -2.272587
v -14.803051 0.718195 -1.374383
v -13.608703 0.544392 -0.902947
v -13.021438 1.416290 -1.752628
v -14.057638 1.165761 -2.162388
v -14.540456 1.229129 -1.411204
v -13.562896 1.078651 -1.006531
v -13.373566 2.083107 -1.640535
v -14.100076 2.143471 -1.952187
v -14.451919 2.141327 -1.389293
v -13.725774 2.077567 -1.077713
v -13.576328 3.002766 -1.551138
v -14.068460 3.070828 -1.754512
v -14.310893 3.092129 -1.377688
v -13.819941 3.027071 -1.173904
v -13.509650 3.685299 -1.534843
v -13.753332 3.722324 -1.636941
v -13.872754 3.737471 -1.448734
v -13.629072 3.700446 -1.346637
v -13.512834 4.270452 -1.506964
v -14.966264 -0.188920 13.730547
v -14.186240 0.358473 12.447872
v -15.465469 -0.007879 11.324230
v -16.304043 -0.384504 12.611427
v -15.202347 0.419949 13.595975
v -14.499989 0.683426 12.472102
v -15.576286 0.395009 11.485593
v -16.256577 0.067173 12.607761
v -15.435320 1.021750 13.465003
v -14.692089 0.823011 12.492653
v -15.612296 0.584035 11.649458
v -16.189346 0.297737 12.608284
v -15.579393 1.421517 13.436948
v -14.867178 1.017225 12.623803
v -15.633039 0.787547 11.925313
v -16.133190 0.573077 12.721575
v -15.726410 1.781665 13.316683
v -15.156552 1.544554 12.658008
v -15.801396 1.359235 12.092998
v -16.224955 1.169732 12.740519
v -16.012870 2.423747 12.967938
v -15.670904 2.513349 12.493628
v -16.138500 2.322968 12.081732
v -16.479214 2.229774 12.556053
v -16.380778 3.351643 12.718035
v -16.165269 3.438829 12.392577
v -16.485188 3.334783 12.109805
v -16.701948 3.250550 12.434023
v -16.632967 4.072800 12.709958
v -16.526118 4.119870 12.548901
v -16.687608 4.072800 12.408569
v -16.794458 4.025730 12.569625
v -16.854972 4.682032 12.653736
v -14.766599 -0.464801 12.050168
v -13.849477 -0.480402 10.756906
v -15.170496 -0.276151 9.636491
v -16.056269 -0.082606 10.927332
v -14.682147 0.169653 11.890841
v -13.966389 -0.041846 10.765934
v -15.069215 0.143665 9.781473
v -15.796787 0.288101 10.907293
v -14.598305 0.796742 11.735402
v -14.066505 0.175362 10.779381
v -15.005713 0.340635 9.937653
v -15.626677 0.456597 10.899871
v -14.531923 1.213307 11.691094
v -14.122855 0.441721 10.901362
v -14.919318 0.552698 10.205235
v -15.442066 0.679522 11.003242
v -14.489342 1.588588 11.556187
v -14.120524 1.045887 10.913038
v -14.786714 1.148408 10.349678
v -15.233822 1.246569 10.999016
v -14.437781 2.257651 11.181337
v -14.106306 2.127358 10.707838
v -14.616466 2.152637 10.299228
v -14.948581 2.279186 10.772886
v -14.317204 3.224536 10.893709
v -14.094080 3.166888 10.567663
v -14.430490 3.206968 10.286164
v -14.653311 3.267694 10.610851
v -14.189744 3.975996 10.856313
v -14.077257 3.950795 10.694821
v -14.244386 3.975996 10.554924
v -14.356872 4.001198 10.716415
v -14.091022 4.610828 10.775322
v -13.550553 0.365443 3.837515
v -14.890059 0.083417 2.919631
v -16.334583 -0.309672 3.598599
v -15.026860 0.083417 4.513755
v -13.835769 0.711881 3.813038
v -14.973997 0.335966 3.049377
v -16.237672 0.001908 3.606916
v -15.087466 0.335966 4.371605
v -14.115351 1.054967 3.789046
v -15.010389 0.458187 3.144575
v -16.091643 0.177084 3.619448
v -15.107106 0.458187 4.271598
v -14.233831 1.302258 3.778878
v -14.929229 0.649026 3.239213
v -15.821000 0.398382 3.642673
v -15.011009 0.649026 4.192172
v -14.448924 1.493805 3.760420
v -15.026869 1.018374 3.305754
v -15.753391 0.820355 3.648475
v -15.095884 1.018375 4.109968
v -14.985632 1.791127 3.714361
v -15.453673 1.611935 3.367738
v -15.974719 1.435044 3.629482
v -15.505887 1.611935 3.976173
v -15.471418 2.304348 3.672673
v -15.800189 2.199678 3.440986
v -16.161575 2.093521 3.613446
v -15.834856 2.199678 3.844958
v -15.636633 2.764433 3.658495
v -15.799862 2.714879 3.542750
v -15.980425 2.665325 3.628992
v -15.817196 2.714879 3.744736
v -15.832555 3.136868 3.641682
v -16.694642 0.363286 7.738694
v -15.236964 0.076100 8.666718
v -13.672283 -0.322703 7.998062
v -15.100163 0.076100 7.072595
v -16.401475 0.710979 7.763853
v -15.157540 0.329906 8.536585
v -13.788905 -0.009101 7.988054
v -15.044071 0.329906 7.214358
v -16.114240 1.055316 7.788502
v -15.123861 0.452754 8.441154
v -13.952972 0.167442 7.973974
v -15.027144 0.452754 7.314131
v -15.996553 1.303718 7.798602
v -15.219317 0.644904 8.345290
v -14.252951 0.390684 7.948231
v -15.137538 0.644904 7.392330
v -15.772703 1.495815 7.817812
v -15.129376 1.016128 8.278088
v -14.342417 0.815234 7.940553
v -15.060361 1.016128 7.473874
v -15.206987 1.793477 7.866359
v -14.694292 1.612016 8.216815
v -14.128623 1.432868 7.958900
v -14.642078 1.612016 7.608379
v -14.704617 2.308398 7.909471
v -14.345396 2.202259 8.143771
v -13.953657 2.094628 7.973915
v -14.310728 2.202259 7.739799
v -14.545075 2.770689 7.923162
v -14.366818 2.720419 8.040196
v -14.171229 2.670149 7.955244
v -14.349485 2.720419 7.838210
v -14.349019 3.144753 7.939987
v -15.109984 -0.471606 1.531188
v -13.405330 0.387058 1.364659
v -13.182150 0.623686 -0.104347
v -14.949738 -0.066086 0.070287
v -15.209715 0.187842 1.457326
v -13.680147 0.732465 1.272702
v -13.455289 0.964885 0.017531
v -14.961138 0.356610 0.199101
v -15.309975 0.838861 1.385711
v -13.847575 0.885621 1.206080
v -13.656366 1.091468 0.134828
v -14.939450 0.565255 0.290977
v -15.425339 1.248922 1.378335
v -14.114379 1.048998 1.225658
v -13.955107 1.189966 0.328917
v -15.037619 0.778111 0.451889
v -15.450691 1.654440 1.306916
v -14.403220 1.579234 1.199915
v -14.291988 1.697407 0.460070
v -15.182353 1.350630 0.546921
v -15.384763 2.428459 1.087986
v -14.705399 2.631177 1.031320
v -14.616730 2.664536 0.480723
v -15.294859 2.458224 0.537292
v -15.499674 3.450467 0.944860
v -15.049490 3.616738 0.900864
v -14.990680 3.664754 0.529615
v -15.440863 3.501905 0.572853
v -15.742969 4.174031 0.960557
v -15.520466 4.260005 0.939801
v -15.493650 4.288561 0.755041
v -15.716153 4.202588 0.775796
v -15.907640 4.804069 0.940132
v -13.620537 0.061460 6.470882
v -14.066350 0.247645 4.791719
v -16.205655 0.253082 5.044647
v -15.759842 0.247645 6.723810
v -13.782107 0.705909 6.381742
v -14.210772 0.658651 4.956489
v -16.044086 0.679512 5.133786
v -15.615420 0.658651 6.559040
v -13.939616 1.342878 6.294843
v -14.308415 0.854541 5.078117
v -15.873762 0.879585 5.227756
v -15.505691 0.854541 6.444079
v -13.981045 1.766005 6.271986
v -14.276496 1.103037 5.252220
v -15.583775 1.094989 5.387744
v -15.288858 1.103037 6.407215
v -14.120214 2.147199 6.195205
v -14.342968 1.697870 5.349277
v -15.420218 1.700084 5.477980
v -15.197312 1.697870 6.323992
v -14.512357 2.826802 5.978856
v -14.662769 2.771566 5.348855
v -15.459659 2.720134 5.456220
v -15.309131 2.771566 6.086284
v -14.806638 3.808920 5.816498
v -14.918592 3.801561 5.391539
v -15.458286 3.791075 5.456978
v -15.347745 3.801561 5.881157
v -14.835772 4.572219 5.800425
v -14.890054 4.572219 5.588881
v -15.158912 4.572219 5.622145
v -15.104630 4.572219 5.833689
v -14.913348 5.217052 5.757625
v -16.478525 -0.140526 9.825007
v -14.635331 -0.414754 9.837152
v -13.969051 -0.463406 8.505016
v -15.787864 -0.076392 8.498353
v -16.236371 0.233956 9.761689
v -14.678181 -0.129431 9.735443
v -14.066758 -0.169661 8.600812
v -15.634136 0.151219 8.624991
v -15.999127 0.604464 9.700226
v -14.728129 0.014555 9.662514
v -14.203408 -0.015665 8.694231
v -15.542954 0.253772 8.716001
v -15.902251 0.861404 9.691811
v -14.877026 0.209376 9.660744
v -14.452954 0.168379 8.849486
v -15.566005 0.411647 8.860416
v -15.717128 1.075449 9.631997
v -14.862607 0.598482 9.622753
v -14.528471 0.573951 8.951718
v -15.444045 0.769181 8.947346
v -15.248711 1.432404 9.451493
v -14.581216 1.252308 9.462424
v -14.352989 1.203709 8.962426
v -15.021108 1.381452 8.951439
v -14.833509 1.994876 9.330353
v -14.374758 1.891525 9.332300
v -14.209853 1.872209 8.995608
v -14.666825 1.977270 8.993031
v -14.702561 2.466187 9.338559
v -14.474317 2.417097 9.340515
v -14.392108 2.410881 9.172834
v -14.620351 2.459970 9.170880
v -14.541052 2.855284 9.318330
v -15.195286 -0.363898 1.603143
v -15.510472 -0.076774 3.008370
v -13.979797 -0.266203 3.872000
v -13.645508 -0.439588 2.461906
v -15.052474 0.040204 1.727915
v -15.307988 0.150919 2.950699
v -14.009431 0.003568 3.718390
v -13.761116 -0.150013 2.497441
v -14.912330 0.439634 1.849316
v -15.175895 0.252026 2.906650
v -14.067036 0.130975 3.563176
v -13.857392 -0.004478 2.520308
v -14.848456 0.705529 1.874366
v -15.105319 0.389691 2.760716
v -14.178347 0.269089 3.302287
v -13.990453 0.172802 2.434043
v -14.743824 0.944171 1.986521
v -14.961241 0.747185 2.708175
v -14.190017 0.651306 3.142119
v -14.020392 0.564150 2.432491
v -14.490690 1.368352 2.313172
v -14.633465 1.398640 2.835544
v -14.063976 1.292843 3.149344
v -13.921656 1.260163 2.626973
v -14.250831 1.983764 2.545591
v -14.336940 2.022213 2.902264
v -13.951426 1.966766 3.119298
v -13.864334 1.930271 2.763783
v -14.156691 2.463827 2.550664
v -14.200140 2.485382 2.727411
v -14.007286 2.460966 2.834916
v -13.963837 2.439411 2.658170
v -14.052673 2.868914 2.601540
v -13.007387 -0.559458 -2.792453
v -13.799832 -0.423222 -4.187459
v -15.696399 -0.224818 -4.072260
v -14.887290 -0.181533 -2.686639
v -13.117140 0.089640 -2.905285
v -13.854679 0.005609 -4.080812
v -15.487917 0.189701 -4.015039
v -14.756658 0.206075 -2.835974
v -13.223330 0.731082 -3.015734
v -13.896872 0.214630 -3.996127
v -15.291138 0.378908 -3.941762
v -14.665690 0.385501 -2.935068
v -13.227697 1.153652 -3.058059
v -13.803108 0.467693 -3.865998
v -14.967657 0.576662 -3.810501
v -14.453185 0.612173 -2.968815
v -13.338266 1.540030 -3.146216
v -13.785876 1.069067 -3.820709
v -14.740622 1.168522 -3.761583
v -14.334483 1.190996 -3.063566
v -13.686193 2.236916 -3.374136
v -13.979621 2.162371 -3.890317
v -14.687874 2.183856 -3.833928
v -14.394675 2.254617 -3.317493
v -13.903766 3.228801 -3.569693
v -14.108541 3.209097 -3.919872
v -14.587701 3.247457 -3.888867
v -14.384117 3.270344 -3.539545
v -13.863897 3.988550 -3.623643
v -13.964171 3.982258 -3.798091
v -14.202232 4.006589 -3.782375
v -14.101959 4.012881 -3.607927
v -13.885671 4.633340 -3.695236
v -13.602105 -0.464801 -1.519448
v -12.684983 -0.480402 -2.812710
v -14.006002 -0.276151 -3.933125
v -14.891776 -0.082606 -2.642283
v -13.517653 0.169653 -1.678774
v -12.801895 -0.041846 -2.803681
v -13.904721 0.143665 -3.788142
v -14.632294 0.288101 -2.662323
v -13.433811 0.796742 -1.834213
v -12.902011 0.175362 -2.790234
v -13.841220 0.340635 -3.631963
v -14.462183 0.456597 -2.669745
v -13.367430 1.213307 -1.878521
v -12.958362 0.441721 -2.668254
v -13.754825 0.552698 -3.364381
v -14.277572 0.679522 -2.566374
v -13.324848 1.588588 -2.013428
v -12.956030 1.045887 -2.656578
v -13.622220 1.148408 -3.219938
v -14.069328 1.246569 -2.570599
v -13.273288 2.257651 -2.388278
v -12.941812 2.127358 -2.861777
v -13.451972 2.152637 -3.270387
v -13.784088 2.279186 -2.796729
v -13.152711 3.224536 -2.675907
v -12.929586 3.166888 -3.001953
v -13.265996 3.206968 -3.283451
v -13.488817 3.267694 -2.958764
v -13.025251 3.975996 -2.713303
v -12.912764 3.950795 -2.874795
v -13.079892 3.975996 -3.014692
v -13.192379 4.001198 -2.853201
v -12.926528 4.610828 -2.794294
v -12.417163 0.061460 -5.153876
v -13.863362 0.247645 -6.474584
v -15.513434 0.253082 -5.419586
v -14.067236 0.247645 -4.098878
v -12.610680 0.705909 -5.170482
v -13.880748 0.658651 -6.271982
v -15.319917 0.679512 -5.402979
v -14.049849 0.658651 -4.301480
v -12.799333 1.342878 -5.186672
v -13.885993 0.854541 -6.125906
v -15.115916 0.879585 -5.385472
v -14.030129 0.854541 -4.446314
v -12.848954 1.766005 -5.190930
v -13.748155 1.103037 -5.983419
v -14.768590 1.094989 -5.355666
v -13.870030 1.103037 -4.563233
v -13.015641 2.147199 -5.205235
v -13.742650 1.697870 -5.871293
v -14.572693 1.700084 -5.338855
v -13.845502 1.697870 -4.672781
v -13.485322 2.826802 -5.245541
v -14.013651 2.771566 -5.747592
v -14.619932 2.720134 -5.342909
v -14.091465 2.771566 -4.840847
v -13.837791 3.808920 -5.275789
v -14.203053 3.801561 -5.610368
v -14.618288 3.791075 -5.342768
v -14.254718 3.801561 -5.008333
v -13.872686 4.572219 -5.278783
v -14.053286 4.572219 -5.445899
v -14.259719 4.572219 -5.311997
v -14.079119 4.572219 -5.144881
v -13.965600 5.217052 -5.286757
v -16.989312 0.837269 14.532590
v -17.095440 0.837269 14.479623
v -17.176811 0.837269 14.404328
v -17.225458 0.837269 14.314076
v -17.236618 0.837269 14.217700
v -17.209200 0.837269 14.124635
v -17.145888 0.837269 14.043990
v -17.052879 0.837269 13.983661
v -16.939277 0.837269 13.949551
v -16.816203 0.837269 13.945000
v -16.695704 0.837269 13.970453
v -16.589575 0.837269 14.023420
v -16.508204 0.837269 14.098714
v -16.459558 0.837269 14.188967
v -16.448398 0.837269 14.285342
v -16.475815 0.837269 14.378407
v -16.539127 0.837269 14.459051
v -16.632136 0.837269 14.519382
v -16.745738 0.837269 14.553492
v -16.868812 0.837269 14.558042
v -16.986471 0.789072 14.527150
v -17.090546 0.789072 14.475209
v -17.170343 0.789072 14.401372
v -17.218048 0.789072 14.312865
v -17.228992 0.789072 14.218355
v -17.202105 0.789072 14.127090
v -17.140018 0.789072 14.048006
v -17.048808 0.789072 13.988844
v -16.937405 0.789072 13.955394
v -16.816712 0.789072 13.950931
v -16.698544 0.789072 13.975892
v -16.594469 0.789072 14.027833
v -16.514672 0.789072 14.101671
v -16.466968 0.789072 14.190177
v -16.456023 0.789072 14.284688
v -16.482910 0.789072 14.375952
v -16.544997 0.789072 14.455036
v -16.636207 0.789072 14.514199
v -16.747610 0.789072 14.547649
v -16.868303 0.789072 14.552112
v -16.869214 0.761486 14.302653
v -16.888521 0.761486 14.293018
v -16.903324 0.761486 14.279319
v -16.912173 0.761486 14.262901
v -16.914204 0.761486 14.245369
v -16.909216 0.761486 14.228438
v -16.897698 0.761486 14.213768
v -16.880778 0.761486 14.202792
v -16.860112 0.761486 14.196587
v -16.837722 0.761486 14.195759
v -16.815801 0.761486 14.200390
v -16.796494 0.761486 14.210025
v -16.781691 0.761486 14.223723
v -16.772842 0.761486 14.240141
v -16.770812 0.761486 14.257674
v -16.775799 0.761486 14.274604
v -16.787317 0.761486 14.289275
v -16.804237 0.761486 14.300251
v -16.824903 0.761486 14.306455
v -16.847293 0.761486 14.307283
v -16.869936 0.605046 14.304035
v -16.889765 0.605046 14.294139
v -16.904968 0.605046 14.280072
v -16.914057 0.605046 14.263209
v -16.916142 0.605046 14.245202
v -16.911020 0.605046 14.227814
v -16.899191 0.605046 14.212746
v -16.881813 0.605046 14.201475
v -16.860588 0.605046 14.195102
v -16.837593 0.605046 14.194251
v -16.815079 0.605046 14.199007
v -16.795250 0.605046 14.208903
v -16.780047 0.605046 14.222971
v -16.770958 0.605046 14.239834
v -16.768873 0.605046 14.257840
v -16.773995 0.605046 14.275228
v -16.785824 0.605046 14.290296
v -16.803202 0.605046 14.301568
v -16.824427 0.605046 14.307940
v -16.847422 0.605046 14.308791
v -16.879464 -0.294602 14.322278
v -16.906181 -0.294602 14.308944
v -16.926665 -0.294602 14.289989
v -16.938911 -0.294602 14.267269
v -16.941721 -0.294602 14.243007
v -16.934819 -0.294602 14.219579
v -16.918881 -0.294602 14.199277
v -16.895466 -0.294602 14.184090
v -16.866868 -0.294602 14.175503
v -16.835886 -0.294602 14.174358
v -16.805551 -0.294602 14.180765
v -16.778834 -0.294602 14.194099
v -16.758350 -0.294602 14.213053
v -16.746103 -0.294602 14.235774
v -16.743294 -0.294602 14.260035
v -16.750196 -0.294602 14.283464
v -16.766134 -0.294602 14.303765
v -16.789548 -0.294602 14.318953
v -16.818147 -0.294602 14.327540
v -16.849129 -0.294602 14.328685
v -16.842507 -0.582507 14.251521
v -14.491733 0.837269 14.746923
v -14.597862 0.837269 14.693956
v -14.679232 0.837269 14.618661
v -14.727879 0.837269 14.528409
v -14.739039 0.837269 14.432033
v -14.711622 0.837269 14.338968
v -14.648309 0.837269 14.258323
v -14.555300 0.837269 14.197993
v -14.441699 0.837269 14.163884
v -14.318625 0.837269 14.159333
v -14.198125 0.837269 14.184786
v -14.091996 0.837269 14.237752
v -14.010626 0.837269 14.313047
v -13.961979 0.837269 14.403300
v -13.950819 0.837269 14.499675
v -13.978236 0.837269 14.592740
v -14.041549 0.837269 14.673384
v -14.134558 0.837269 14.733715
v -14.248159 0.837269 14.767825
v -14.371233 0.837269 14.772375
v -14.488892 0.789072 14.741483
v -14.592968 0.789072 14.689542
v -14.672764 0.789072 14.615705
v -14.720469 0.789072 14.527198
v -14.731414 0.789072 14.432687
v -14.704527 0.789072 14.341423
v -14.642440 0.789072 14.262339
v -14.551230 0.789072 14.203176
v -14.439826 0.789072 14.169727
v -14.319134 0.789072 14.165264
v -14.200966 0.789072 14.190225
v -14.096890 0.789072 14.242166
v -14.017094 0.789072 14.316003
v -13.969389 0.789072 14.404510
v -13.958444 0.789072 14.499021
v -13.985332 0.789072 14.590285
v -14.047419 0.789072 14.669369
v -14.138628 0.789072 14.728532
v -14.250032 0.789072 14.761981
v -14.370725 0.789072 14.766445
v -14.371635 0.761486 14.516986
v -14.390942 0.761486 14.507350
v -14.405745 0.761486 14.493652
v -14.414595 0.761486 14.477234
v -14.416625 0.761486 14.459701
v -14.411637 0.761486 14.442771
v -14.400120 0.761486 14.428101
v -14.383200 0.761486 14.417125
v -14.362533 0.761486 14.410920
v -14.340144 0.761486 14.410092
v -14.318223 0.761486 14.414723
v -14.298916 0.761486 14.424358
v -14.284113 0.761486 14.438056
v -14.275263 0.761486 14.454474
v -14.273233 0.761486 14.472007
v -14.278221 0.761486 14.488937
v -14.289738 0.761486 14.503608
v -14.306659 0.761486 14.514583
v -14.327325 0.761486 14.520788
v -14.349714 0.761486 14.521616
v -14.372358 0.605046 14.518368
v -14.392186 0.605046 14.508472
v -14.407390 0.605046 14.494404
v -14.416478 0.605046 14.477541
v -14.418564 0.605046 14.459535
v -14.413441 0.605046 14.442147
v -14.401612 0.605046 14.427079
v -14.384234 0.605046 14.415808
v -14.363009 0.605046 14.409435
v -14.340014 0.605046 14.408584
v -14.317501 0.605046 14.413340
v -14.297672 0.605046 14.423236
v -14.282468 0.605046 14.437304
v -14.273380 0.605046 14.454167
v -14.271294 0.605046 14.472173
v -14.276417 0.605046 14.489561
v -14.288246 0.605046 14.504629
v -14.305624 0.605046 14.515901
v -14.326849 0.605046 14.522273
v -14.349844 0.605046 14.523124
v -14.381886 -0.294602 14.536610
v -14.408602 -0.294602 14.523277
v -14.429087 -0.294602 14.504322
v -14.441333 -0.294602 14.481602
v -14.444143 -0.294602 14.457340
v -14.437240 -0.294602 14.433912
v -14.421302 -0.294602 14.413610
v -14.397888 -0.294602 14.398423
v -14.369290 -0.294602 14.389836
v -14.338307 -0.294602 14.388690
v -14.307972 -0.294602 14.395098
v -14.281256 -0.294602 14.408431
v -14.260771 -0.294602 14.427386
v -14.248525 -0.294602 14.450107
v -14.245716 -0.294602 14.474368
v -14.252618 -0.294602 14.497796
v -14.268556 -0.294602 14.518098
v -14.291970 -0.294602 14.533286
v -14.320568 -0.294602 14.541872
v -14.351551 -0.294602 14.543018
v -14.344929 -0.582507 14.465854
v -13.538493 0.837269 3.639006
v -13.644622 0.837269 3.586039
v -13.725993 0.837269 3.510744
v -13.774639 0.837269 3.420492
v -13.785799 0.837269 3.324116
v -13.758382 0.837269 3.231051
v -13.695070 0.837269 3.150407
v -13.602060 0.837269 3.090077
v -13.488459 0.837269 3.055967
v -13.365385 0.837269 3.051416
v -13.244885 0.837269 3.076869
v -13.138756 0.837269 3.129836
v -13.057386 0.837269 3.205130
v -13.008739 0.837269 3.295383
v -12.997579 0.837269 3.391758
v -13.024996 0.837269 3.484823
v -13.088309 0.837269 3.565468
v -13.181318 0.837269 3.625798
v -13.294919 0.837269 3.659908
v -13.417994 0.837269 3.664458
v -13.535653 0.789072 3.633567
v -13.639728 0.789072 3.581625
v -13.719524 0.789072 3.507788
v -13.767229 0.789072 3.419281
v -13.778174 0.789072 3.324771
v -13.751287 0.789072 3.233506
v -13.689200 0.789072 3.154422
v -13.597990 0.789072 3.095259
v -13.486586 0.789072 3.061810
v -13.365894 0.789072 3.057346
v -13.247726 0.789072 3.082308
v -13.143650 0.789072 3.134249
v -13.063854 0.789072 3.208087
v -13.016149 0.789072 3.296593
v -13.005204 0.789072 3.391104
v -13.032092 0.789072 3.482368
v -13.094179 0.789072 3.561452
v -13.185389 0.789072 3.620615
v -13.296792 0.789072 3.654065
v -13.417485 0.789072 3.658528
v -13.418396 0.761486 3.409069
v -13.437703 0.761486 3.399433
v -13.452505 0.761486 3.385736
v -13.461355 0.761486 3.369317
v -13.463385 0.761486 3.351785
v -13.458397 0.761486 3.334854
v -13.446880 0.761486 3.320183
v -13.429960 0.761486 3.309208
v -13.409293 0.761486 3.303003
v -13.386904 0.761486 3.302175
v -13.364983 0.761486 3.306806
v -13.345676 0.761486 3.316441
v -13.330873 0.761486 3.330139
v -13.322023 0.761486 3.346557
v -13.319993 0.761486 3.364090
v -13.324981 0.761486 3.381020
v -13.336498 0.761486 3.395691
v -13.353419 0.761486 3.406666
v -13.374085 0.761486 3.412871
v -13.396475 0.761486 3.413699
v -13.419118 0.605046 3.410451
v -13.438947 0.605046 3.400555
v -13.454150 0.605046 3.386487
v -13.463239 0.605046 3.369625
v -13.465324 0.605046 3.351618
v -13.460201 0.605046 3.334230
v -13.448372 0.605046 3.319163
v -13.430994 0.605046 3.307891
v -13.409769 0.605046 3.301518
v -13.386774 0.605046 3.300667
v -13.364261 0.605046 3.305423
v -13.344432 0.605046 3.315319
v -13.329229 0.605046 3.329387
v -13.320140 0.605046 3.346250
v -13.318054 0.605046 3.364256
v -13.323177 0.605046 3.381644
v -13.335006 0.605046 3.396712
v -13.352384 0.605046 3.407984
v -13.373609 0.605046 3.414357
v -13.396604 0.605046 3.415207
v -13.428646 -0.294602 3.428693
v -13.455363 -0.294602 3.415360
v -13.475847 -0.294602 3.396405
v -13.488093 -0.294602 3.373685
v -13.490903 -0.294602 3.349423
v -13.484001 -0.294602 3.325995
v -13.468062 -0.294602 3.305693
v -13.444648 -0.294602 3.290506
v -13.416050 -0.294602 3.281919
v -13.385067 -0.294602 3.280773
v -13.354733 -0.294602 3.287181
v -13.328016 -0.294602 3.300515
v -13.307531 -0.294602 3.319470
v -13.295285 -0.294602 3.342190
v -13.292476 -0.294602 3.366451
v -13.299378 -0.294602 3.389880
v -13.315316 -0.294602 3.410181
v -13.338730 -0.294602 3.425369
v -13.367328 -0.294602 3.433955
v -13.398311 -0.294602 3.435101
v -13.391689 -0.582507 3.357937
v -16.036072 0.837269 3.424673
v -16.142201 0.837269 3.371706
v -16.223571 0.837269 3.296411
v -16.272218 0.837269 3.206159
v -16.283378 0.837269 3.109783
v -16.255961 0.837269 3.016718
v -16.192648 0.837269 2.936074
v -16.099639 0.837269 2.875744
v -15.986037 0.837269 2.841634
v -15.862963 0.837269 2.837083
v -15.742464 0.837269 2.862536
v -15.636335 0.837269 2.915503
v -15.554964 0.837269 2.990798
v -15.506318 0.837269 3.081050
v -15.495158 0.837269 3.177425
v -15.522575 0.837269 3.270491
v -15.585887 0.837269 3.351135
v -15.678896 0.837269 3.411465
v -15.792498 0.837269 3.445575
v -15.915572 0.837269 3.450125
v -16.033231 0.789072 3.419234
v -16.137307 0.789072 3.367292
v -16.217103 0.789072 3.293455
v -16.264808 0.789072 3.204949
v -16.275752 0.789072 3.110438
v -16.248865 0.789072 3.019173
v -16.186778 0.789072 2.940089
v -16.095569 0.789072 2.880926
v -15.984165 0.789072 2.847477
v -15.863472 0.789072 2.843014
v -15.745304 0.789072 2.867975
v -15.641229 0.789072 2.919916
v -15.561433 0.789072 2.993754
v -15.513728 0.789072 3.082260
v -15.502783 0.789072 3.176771
v -15.529670 0.789072 3.268035
v -15.591757 0.789072 3.347119
v -15.682967 0.789072 3.406282
v -15.794370 0.789072 3.439732
v -15.915063 0.789072 3.444195
v -15.915974 0.761486 3.194736
v -15.935281 0.761486 3.185101
v -15.950084 0.761486 3.171403
v -15.958933 0.761486 3.154984
v -15.960964 0.761486 3.137452
v -15.955976 0.761486 3.120521
v -15.944458 0.761486 3.105851
v -15.927538 0.761486 3.094875
v -15.906872 0.761486 3.088670
v -15.884482 0.761486 3.087842
v -15.862561 0.761486 3.092473
v -15.843254 0.761486 3.102108
v -15.828451 0.761486 3.115806
v -15.819602 0.761486 3.132225
v -15.817572 0.761486 3.149757
v -15.822559 0.761486 3.166687
v -15.834077 0.761486 3.181358
v -15.850997 0.761486 3.192333
v -15.871663 0.761486 3.198538
v -15.894053 0.761486 3.199366
v -15.916696 0.605046 3.196119
v -15.936525 0.605046 3.186223
v -15.951728 0.605046 3.172155
v -15.960817 0.605046 3.155292
v -15.962902 0.605046 3.137285
v -15.957780 0.605046 3.119897
v -15.945951 0.605046 3.104830
v -15.928573 0.605046 3.093558
v -15.907348 0.605046 3.087185
v -15.884353 0.605046 3.086335
v -15.861839 0.605046 3.091090
v -15.842010 0.605046 3.100986
v -15.826807 0.605046 3.115054
v -15.817718 0.605046 3.131917
v -15.815633 0.605046 3.149923
v -15.820756 0.605046 3.167312
v -15.832585 0.605046 3.182379
v -15.849962 0.605046 3.193651
v -15.871187 0.605046 3.200024
v -15.894182 0.605046 3.200874
v -15.926224 -0.294602 3.214361
v -15.952941 -0.294602 3.201027
v -15.973425 -0.294602 3.182072
v -15.985672 -0.294602 3.159352
v -15.988481 -0.294602 3.135090
v -15.981579 -0.294602 3.111662
v -15.965641 -0.294602 3.091361
v -15.942227 -0.294602 3.076173
v -15.913628 -0.294602 3.067586
v -15.882646 -0.294602 3.066441
v -15.852311 -0.294602 3.072848
v -15.825594 -0.294602 3.086182
v -15.805110 -0.294602 3.105137
v -15.792864 -0.294602 3.127857
v -15.790054 -0.294602 3.152119
v -15.796956 -0.294602 3.175547
v -15.812894 -0.294602 3.195848
v -15.836309 -0.294602 3.211036
v -15.864907 -0.294602 3.219623
v -15.895889 -0.294602 3.220768
v -15.889268 -0.582507 3.143604
v -12.718942 0.837269 -5.911069
v -12.825070 0.837269 -5.964036
v -12.906441 0.837269 -6.039330
v -12.955088 0.837269 -6.129583
v -12.966247 0.837269 -6.225958
v -12.938830 0.837269 -6.319023
v -12.875518 0.837269 -6.399668
v -12.782509 0.837269 -6.459998
v -12.668907 0.837269 -6.494108
v -12.545833 0.837269 -6.498658
v -12.425334 0.837269 -6.473205
v -12.319205 0.837269 -6.420239
v -12.237834 0.837269 -6.344944
v -12.189188 0.837269 -6.254692
v -12.178028 0.837269 -6.158316
v -12.205445 0.837269 -6.065251
v -12.268757 0.837269 -5.984607
v -12.361766 0.837269 -5.924277
v -12.475368 0.837269 -5.890167
v -12.598442 0.837269 -5.885616
v -12.716101 0.789072 -5.916508
v -12.820176 0.789072 -5.968449
v -12.899973 0.789072 -6.042287
v -12.947678 0.789072 -6.130793
v -12.958622 0.789072 -6.225304
v -12.931735 0.789072 -6.316568
v -12.869648 0.789072 -6.395653
v -12.778438 0.789072 -6.454815
v -12.667035 0.789072 -6.488265
v -12.546342 0.789072 -6.492728
v -12.428174 0.789072 -6.467767
v -12.324099 0.789072 -6.415825
v -12.244302 0.789072 -6.341988
v -12.196598 0.789072 -6.253481
v -12.185653 0.789072 -6.158971
v -12.212540 0.789072 -6.067706
v -12.274627 0.789072 -5.988623
v -12.365837 0.789072 -5.929460
v -12.477240 0.789072 -5.896010
v -12.597933 0.789072 -5.891547
v -12.598844 0.761486 -6.141006
v -12.618151 0.761486 -6.150641
v -12.632954 0.761486 -6.164339
v -12.641803 0.761486 -6.180757
v -12.643834 0.761486 -6.198290
v -12.638846 0.761486 -6.215220
v -12.627328 0.761486 -6.229891
v -12.610408 0.761486 -6.240867
v -12.589742 0.761486 -6.247071
v -12.567352 0.761486 -6.247899
v -12.545431 0.761486 -6.243269
v -12.526124 0.761486 -6.233634
v -12.511321 0.761486 -6.219935
v -12.502472 0.761486 -6.203517
v -12.500442 0.761486 -6.185985
v -12.505429 0.761486 -6.169054
v -12.516947 0.761486 -6.154384
v -12.533867 0.761486 -6.143408
v -12.554533 0.761486 -6.137203
v -12.576923 0.761486 -6.136375
v -12.599566 0.605046 -6.139624
v -12.619395 0.605046 -6.149519
v -12.634598 0.605046 -6.163587
v -12.643687 0.605046 -6.180450
v -12.645772 0.605046 -6.198456
v -12.640650 0.605046 -6.215844
v -12.628821 0.605046 -6.230912
v -12.611443 0.605046 -6.242184
v -12.590218 0.605046 -6.248556
v -12.567223 0.605046 -6.249408
v -12.544709 0.605046 -6.244651
v -12.524880 0.605046 -6.234755
v -12.509677 0.605046 -6.220688
v -12.500588 0.605046 -6.203825
v -12.498503 0.605046 -6.185818
v -12.503625 0.605046 -6.168430
v -12.515454 0.605046 -6.153362
v -12.532832 0.605046 -6.142091
v -12.554057 0.605046 -6.135718
v -12.577052 0.605046 -6.134868
v -12.609094 -0.294602 -6.121381
v -12.635811 -0.294602 -6.134715
v -12.656295 -0.294602 -6.153669
v -12.668541 -0.294602 -6.176390
v -12.671351 -0.294602 -6.200651
v -12.664449 -0.294602 -6.224080
v -12.648511 -0.294602 -6.244381
v -12.625096 -0.294602 -6.259569
v -12.596498 -0.294602 -6.268156
v -12.565516 -0.294602 -6.269301
v -12.535181 -0.294602 -6.262894
v -12.508464 -0.294602 -6.249560
v -12.487980 -0.294602 -6.230605
v -12.475733 -0.294602 -6.207885
v -12.472924 -0.294602 -6.183623
v -12.479826 -0.294602 -6.160195
v -12.495764 -0.294602 -6.139893
v -12.519178 -0.294602 -6.124706
v -12.547777 -0.294602 -6.116119
v -12.578759 -0.294602 -6.114974
v -12.572137 -0.582507 -6.192137
v -15.216520 0.837269 -6.125402
v -15.322649 0.837269 -6.178368
v -15.404019 0.837269 -6.253663
v -15.452666 0.837269 -6.343916
v -15.463826 0.837269 -6.440291
v -15.436409 0.837269 -6.533356
v -15.373096 0.837269 -6.614001
v -15.280087 0.837269 -6.674331
v -15.166486 0.837269 -6.708441
v -15.043411 0.837269 -6.712991
v -14.922912 0.837269 -6.687538
v -14.816783 0.837269 -6.634572
v -14.735413 0.837269 -6.559277
v -14.686766 0.837269 -6.469025
v -14.675606 0.837269 -6.372649
v -14.703023 0.837269 -6.279584
v -14.766336 0.837269 -6.198940
v -14.859345 0.837269 -6.138609
v -14.972946 0.837269 -6.104500
v -15.096020 0.837269 -6.099949
v -15.213679 0.789072 -6.130841
v -15.317755 0.789072 -6.182782
v -15.397551 0.789072 -6.256620
v -15.445256 0.789072 -6.345126
v -15.456201 0.789072 -6.439637
v -15.429314 0.789072 -6.530901
v -15.367227 0.789072 -6.609986
v -15.276017 0.789072 -6.669148
v -15.164613 0.789072 -6.702598
v -15.043920 0.789072 -6.707061
v -14.925753 0.789072 -6.682099
v -14.821677 0.789072 -6.630158
v -14.741881 0.789072 -6.556321
v -14.694176 0.789072 -6.467814
v -14.683231 0.789072 -6.373303
v -14.710119 0.789072 -6.282039
v -14.772205 0.789072 -6.202955
v -14.863415 0.789072 -6.143792
v -14.974819 0.789072 -6.110343
v -15.095512 0.789072 -6.105880
v -15.096422 0.761486 -6.355339
v -15.115729 0.761486 -6.364974
v -15.130532 0.761486 -6.378672
v -15.139382 0.761486 -6.395090
v -15.141412 0.761486 -6.412623
v -15.136424 0.761486 -6.429553
v -15.124907 0.761486 -6.444224
v -15.107986 0.761486 -6.455199
v -15.087320 0.761486 -6.461404
v -15.064931 0.761486 -6.462232
v -15.043010 0.761486 -6.457602
v -15.023703 0.761486 -6.447966
v -15.008900 0.761486 -6.434268
v -15.000050 0.761486 -6.417850
v -14.998020 0.761486 -6.400317
v -15.003008 0.761486 -6.383387
v -15.014525 0.761486 -6.368717
v -15.031445 0.761486 -6.357741
v -15.052112 0.761486 -6.351536
v -15.074501 0.761486 -6.350708
v -15.097145 0.605046 -6.353956
v -15.116973 0.605046 -6.363852
v -15.132177 0.605046 -6.377920
v -15.141265 0.605046 -6.394783
v -15.143351 0.605046 -6.412789
v -15.138228 0.605046 -6.430177
v -15.126399 0.605046 -6.445245
v -15.109021 0.605046 -6.456517
v -15.087796 0.605046 -6.462889
v -15.064801 0.605046 -6.463740
v -15.042287 0.605046 -6.458984
v -15.022458 0.605046 -6.449088
v -15.007255 0.605046 -6.435021
v -14.998167 0.605046 -6.418157
v -14.996081 0.605046 -6.400151
v -15.001204 0.605046 -6.382763
v -15.013033 0.605046 -6.367695
v -15.030411 0.605046 -6.356424
v -15.051636 0.605046 -6.350051
v -15.074631 0.605046 -6.349201
v -15.106672 -0.294602 -6.335714
v -15.133389 -0.294602 -6.349048
v -15.153874 -0.294602 -6.368002
v -15.166120 -0.294602 -6.390723
v -15.168930 -0.294602 -6.414984
v -15.162027 -0.294602 -6.438412
v -15.146089 -0.294602 -6.458714
v -15.122675 -0.294602 -6.473902
v -15.094077 -0.294602 -6.482488
v -15.063094 -0.294602 -6.483634
v -15.032759 -0.294602 -6.477226
v -15.006042 -0.294602 -6.463893
v -14.985558 -0.294602 -6.444938
v -14.973312 -0.294602 -6.422218
v -14.970502 -0.294602 -6.397956
v -14.977404 -0.294602 -6.374528
v -14.993343 -0.294602 -6.354226
v -15.016757 -0.294602 -6.339039
v -15.045355 -0.294602 -6.330452
v -15.076338 -0.294602 -6.329306
v -15.069716 -0.582507 -6.406470
vt 0.375000 0.000000
vt 0.625000 0.000000
vt 0.375000 0.250000
vt 0.625000 0.250000
vt 0.375000 0.500000
vt 0.625000 0.500000
vt 0.375000 0.750000
vt 0.625000 0.750000
vt 0.375000 1.000000
vt 0.625000 1.000000
vt 0.875000 0.000000
vt 0.875000 0.250000
vt 0.125000 0.000000
vt 0.125000 0.250000
vt 0.250000 0.500000
vt 0.375000 0.500000
vt 0.390625 0.562500
vt 0.281250 0.562500
vt 0.500000 0.500000
vt 0.500000 0.562500
vt 0.625000 0.500000
vt 0.609375 0.562500
vt 0.750000 0.500000
vt 0.718750 0.562500
vt 0.406250 0.625000
vt 0.312500 0.625000
vt 0.500000 0.625000
vt 0.593750 0.625000
vt 0.687500 0.625000
vt 0.421875 0.687500
vt 0.343750 0.687500
vt 0.500000 0.687500
vt 0.578125 0.687500
vt 0.656250 0.687500
vt 0.437500 0.750000
vt 0.375000 0.750000
vt 0.500000 0.750000
vt 0.562500 0.750000
vt 0.625000 0.750000
vt 0.453125 0.812500
vt 0.406250 0.812500
vt 0.500000 0.812500
vt 0.546875 0.812500
vt 0.593750 0.812500
vt 0.468750 0.875000
vt 0.437500 0.875000
vt 0.500000 0.875000
vt 0.531250 0.875000
vt 0.562500 0.875000
vt 0.484375 0.937500
vt 0.468750 0.937500
vt 0.500000 0.937500
vt 0.515625 0.937500
vt 0.531250 0.937500
vt 0.500000 0.000000
vt 0.750000 0.250000
vt 0.500000 0.500000
vt 0.250000 0.250000
vt 0.500000 1.000000
vt 0.250000 0.500000
vt 0.375000 0.500000
vt 0.390625 0.562500
vt 0.281250 0.562500
vt 0.500000 0.500000
vt 0.500000 0.562500
vt 0.625000 0.500000
vt 0.609375 0.562500
vt 0.750000 0.500000
vt 0.718750 0.562500
vt 0.406250 0.625000
vt 0.312500 0.625000
vt 0.500000 0.625000
vt 0.593750 0.625000
vt 0.687500 0.625000
vt 0.421875 0.687500
vt 0.343750 0.687500
vt 0.500000 0.687500
vt 0.578125 0.687500
vt 0.656250 0.687500
vt 0.437500 0.750000
vt 0.375000 0.750000
vt 0.500000 0.750000
vt 0.562500 0.750000
vt 0.625000 0.750000
vt 0.453125 0.812500
vt 0.406250 0.812500
vt 0.500000 0.812500
vt 0.546875 0.812500
vt 0.593750 0.812500
vt 0.468750 0.875000
vt 0.437500 0.875000
vt 0.500000 0.875000
vt 0.531250 0.875000
vt 0.562500 0.875000
vt 0.484375 0.937500
vt 0.468750 0.937500
vt 0.500000 0.937500
vt 0.515625 0.937500
vt 0.531250 0.937500
vt 0.500000 0.000000
vt 0.750000 0.250000
vt 0.500000 0.500000
vt 0.250000 0.250000
vt 0.500000 1.000000
vt 0.250000 0.500000
vt 0.375000 0.500000
vt 0.390625 0.562500
vt 0.281250 0.562500
vt 0.500000 0.500000
vt 0.500000 0.562500
vt 0.625000 0.500000
vt 0.609375 0.562500
vt 0.750000 0.500000
vt 0.718750 0.562500
vt 0.406250 0.625000
vt 0.312500 0.625000
vt 0.500000 0.625000
vt 0.593750 0.625000
vt 0.687500 0.625000
vt 0.421875 0.687500
vt 0.343750 0.687500
vt 0.500000 0.687500
vt 0.578125 0.687500
vt 0.656250 0.687500
vt 0.437500 0.750000
vt 0.375000 0.750000
vt 0.500000 0.750000
vt 0.562500 0.750000
vt 0.625000 0.750000
vt 0.453125 0.812500
vt 0.406250 0.812500
vt 0.500000 0.812500
vt 0.546875 0.812500
vt 0.593750 0.812500
vt 0.468750 0.875000
vt 0.437500 0.875000
vt 0.500000 0.875000
vt 0.531250 0.875000
vt 0.562500 0.875000
vt 0.484375 0.937500
vt 0.468750 0.937500
vt 0.500000 0.937500
vt 0.515625 0.937500
vt 0.531250 0.937500
vt 0.500000 0.000000
vt 0.750000 0.250000
vt 0.500000 0.500000
vt 0.250000 0.250000
vt 0.500000 1.000000
vt 0.250000 0.500000
vt 0.375000 0.500000
vt 0.390625 0.562500
vt 0.281250 0.562500
vt 0.500000 0.500000
vt 0.500000 0.562500
vt 0.625000 0.500000
vt 0.609375 0.562500
vt 0.750000 0.500000
vt 0.718750 0.562500
vt 0.406250 0.625000
vt 0.312500 0.625000
vt 0.500000 0.625000
vt 0.593750 0.625000
vt 0.687500 0.625000
vt 0.421875 0.687500
vt 0.343750 0.687500
vt 0.500000 0.687500
vt 0.578125 0.687500
vt 0.656250 0.687500
vt 0.437500 0.750000
vt 0.375000 0.750000
vt 0.500000 0.750000
vt 0.562500 0.750000
vt 0.625000 0.750000
vt 0.453125 0.812500
vt 0.406250 0.812500
vt 0.500000 0.812500
vt 0.546875 0.812500
vt 0.593750 0.812500
vt 0.468750 0.875000
vt 0.437500 0.875000
vt 0.500000 0.875000
vt 0.531250 0.875000
vt 0.562500 0.875000
vt 0.484375 0.937500
vt 0.468750 0.937500
vt 0.500000 0.937500
vt 0.515625 0.937500
vt 0.531250 0.937500
vt 0.500000 0.000000
vt 0.750000 0.250000
vt 0.500000 0.500000
vt 0.250000 0.250000
vt 0.500000 1.000000
vt 0.250000 0.500000
vt 0.375000 0.500000
vt 0.390625 0.562500
vt 0.281250 0.562500
vt 0.500000 0.500000
vt 0.500000 0.562500
vt 0.625000 0.500000
vt 0.609375 0.562500
vt 0.750000 0.500000
vt 0.718750 0.562500
vt 0.406250 0.625000
vt 0.312500 0.625000
vt 0.500000 0.625000
vt 0.593750 0.625000
vt 0.687500 0.625000
vt 0.421875 0.687500
vt 0.343750 0.687500
vt 0.500000 0.687500
vt 0.578125 0.687500
vt 0.656250 0.687500
vt 0.437500 0.750000
vt 0.375000 0.750000
vt 0.500000 0.750000
vt 0.562500 0.750000
vt 0.625000 0.750000
vt 0.453125 0.812500
vt 0.406250 0.812500
vt 0.500000 0.812500
vt 0.546875 0.812500
vt 0.593750 0.812500
vt 0.468750 0.875000
vt 0.437500 0.875000
vt 0.500000 0.875000
vt 0.531250 0.875000
vt 0.562500 0.875000
vt 0.484375 0.937500
vt 0.468750 0.937500
vt 0.500000 0.937500
vt 0.515625 0.937500
vt 0.531250 0.937500
vt 0.500000 0.000000
vt 0.750000 0.250000
vt 0.500000 0.500000
vt 0.250000 0.250000
vt 0.500000 1.000000
vt 0.250000 0.500000
vt 0.375000 0.500000
vt 0.390625 0.562500
vt 0.281250 0.562500
vt 0.500000 0.500000
vt 0.500000 0.562500
vt 0.625000 0.500000
vt 0.609375 0.562500
vt 0.750000 0.500000
vt 0.718750 0.562500
vt 0.406250 0.625000
vt 0.312500 0.625000
vt 0.500000 0.625000
vt 0.593750 0.625000
vt 0.687500 0.625000
vt 0.421875 0.687500
vt 0.343750 0.687500
vt 0.500000 0.687500
vt 0.578125 0.687500
vt 0.656250 0.687500
vt 0.437500 0.750000
vt 0.375000 0.750000
vt 0.500000 0.750000
vt 0.562500 0.750000
vt 0.625000 0.750000
vt 0.453125 0.812500
vt 0.406250 0.812500
vt 0.500000 0.812500
vt 0.546875 0.812500
vt 0.593750 0.812500
vt 0.468750 0.875000
vt 0.437500 0.875000
vt 0.500000 0.875000
vt 0.531250 0.875000
vt 0.562500 0.875000
vt 0.484375 0.937500
vt 0.468750 0.937500
vt 0.500000 0.937500
vt 0.515625 0.937500
vt 0.531250 0.937500
vt 0.500000 0.000000
vt 0.750000 0.250000
vt 0.500000 0.500000
vt 0.250000 0.250000
vt 0.500000 1.000000
vt 0.250000 0.500000
vt 0.375000 0.500000
vt 0.390625 0.562500
vt 0.281250 0.562500
vt 0.500000 0.500000
vt 0.500000 0.562500
vt 0.625000 0.500000
vt 0.609375 0.562500
vt 0.750000 0.500000
vt 0.718750 0.562500
vt 0.406250 0.625000
vt 0.312500 0.625000
vt 0.500000 0.625000
vt 0.593750 0.625000
vt 0.687500 0.625000
vt 0.421875 0.687500
vt 0.343750 0.687500
vt 0.500000 0.687500
vt 0.578125 0.687500
vt 0.656250 0.687500
vt 0.437500 0.750000
vt 0.375000 0.750000
vt 0.500000 0.750000
vt 0.562500 0.750000
vt 0.625000 0.750000
vt 0.453125 0.812500
vt 0.406250 0.812500
vt 0.500000 0.812500
vt 0.546875 0.812500
vt 0.593750 0.812500
vt 0.468750 0.875000
vt 0.437500 0.875000
vt 0.500000 0.875000
vt 0.531250 0.875000
vt 0.562500 0.875000
vt 0.484375 0.937500
vt 0.468750 0.937500
vt 0.500000 0.937500
vt 0.515625 0.937500
vt 0.531250 0.937500
vt 0.500000 0.000000
vt 0.750000 0.250000
vt 0.500000 0.500000
vt 0.250000 0.250000
vt 0.500000 1.000000
vt 0.250000 0.500000
vt 0.375000 0.500000
vt 0.390625 0.562500
vt 0.281250 0.562500
vt 0.500000 0.500000
vt 0.500000 0.562500
vt 0.625000 0.500000
vt 0.609375 0.562500
vt 0.750000 0.500000
vt 0.718750 0.562500
vt 0.406250 0.625000
vt 0.312500 0.625000
vt 0.500000 0.625000
vt 0.593750 0.625000
vt 0.687500 0.625000
vt 0.421875 0.687500
vt 0.343750 0.687500
vt 0.500000 0.687500
vt 0.578125 0.687500
vt 0.656250 0.687500
vt 0.437500 0.750000
vt 0.375000 0.750000
vt 0.500000 0.750000
vt 0.562500 0.750000
vt 0.625000 0.750000
vt 0.453125 0.812500
vt 0.406250 0.812500
vt 0.500000 0.812500
vt 0.546875 0.812500
vt 0.593750 0.812500
vt 0.468750 0.875000
vt 0.437500 0.875000
vt 0.500000 0.875000
vt 0.531250 0.875000
vt 0.562500 0.875000
vt 0.484375 0.937500
vt 0.468750 0.937500
vt 0.500000 0.937500
vt 0.515625 0.937500
vt 0.531250 0.937500
vt 0.500000 0.000000
vt 0.750000 0.250000
vt 0.500000 0.500000
vt 0.250000 0.250000
vt 0.500000 1.000000
vt 0.250000 0.500000
vt 0.375000 0.500000
vt 0.390625 0.562500
vt 0.281250 0.562500
vt 0.500000 0.500000
vt 0.500000 0.562500
vt 0.625000 0.500000
vt 0.609375 0.562500
vt 0.750000 0.500000
vt 0.718750 0.562500
vt 0.406250 0.625000
vt 0.312500 0.625000
vt 0.500000 0.625000
vt 0.593750 0.625000
vt 0.687500 0.625000
vt 0.421875 0.687500
vt 0.343750 0.687500
vt 0.500000 0.687500
vt 0.578125 0.687500
vt 0.656250 0.687500
vt 0.437500 0.750000
vt 0.375000 0.750000
vt 0.500000 0.750000
vt 0.562500 0.750000
vt 0.625000 0.750000
vt 0.453125 0.812500
vt 0.406250 0.812500
vt 0.500000 0.812500
vt 0.546875 0.812500
vt 0.593750 0.812500
vt 0.468750 0.875000
vt 0.437500 0.875000
vt 0.500000 0.875000
vt 0.531250 0.875000
vt 0.562500 0.875000
vt 0.484375 0.937500
vt 0.468750 0.937500
vt 0.500000 0.937500
vt 0.515625 0.937500
vt 0.531250 0.937500
vt 0.500000 0.000000
vt 0.750000 0.250000
vt 0.500000 0.500000
vt 0.250000 0.250000
vt 0.500000 1.000000
vt 0.250000 0.500000
vt 0.375000 0.500000
vt 0.390625 0.562500
vt 0.281250 0.562500
vt 0.500000 0.500000
vt 0.500000 0.562500
vt 0.625000 0.500000
vt 0.609375 0.562500
vt 0.750000 0.500000
vt 0.718750 0.562500
vt 0.406250 0.625000
vt 0.312500 0.625000
vt 0.500000 0.625000
vt 0.593750 0.625000
vt 0.687500 0.625000
vt 0.421875 0.687500
vt 0.343750 0.687500
vt 0.500000 0.687500
vt 0.578125 0.687500
vt 0.656250 0.687500
vt 0.437500 0.750000
vt 0.375000 0.750000
vt 0.500000 0.750000
vt 0.562500 0.750000
vt 0.625000 0.750000
vt 0.453125 0.812500
vt 0.406250 0.812500
vt 0.500000 0.812500
vt 0.546875 0.812500
vt 0.593750 0.812500
vt 0.468750 0.875000
vt 0.437500 0.875000
vt 0.500000 0.875000
vt 0.531250 0.875000
vt 0.562500 0.875000
vt 0.484375 0.937500
vt 0.468750 0.937500
vt 0.500000 0.937500
vt 0.515625 0.937500
vt 0.531250 0.937500
vt 0.500000 0.000000
vt 0.750000 0.250000
vt 0.500000 0.500000
vt 0.250000 0.250000
vt 0.500000 1.000000
vt 0.250000 0.500000
vt 0.375000 0.500000
vt 0.390625 0.562500
vt 0.281250 0.562500
vt 0.500000 0.500000
vt 0.500000 0.562500
vt 0.625000 0.500000
vt 0.609375 0.562500
vt 0.750000 0.500000
vt 0.718750 0.562500
vt 0.406250 0.625000
vt 0.312500 0.625000
vt 0.500000 0.625000
vt 0.593750 0.625000
vt 0.687500 0.625000
vt 0.421875 0.687500
vt 0.343750 0.687500
vt 0.500000 0.687500
vt 0.578125 0.687500
vt 0.656250 0.687500
vt 0.437500 0.750000
vt 0.375000 0.750000
vt 0.500000 0.750000
vt 0.562500 0.750000
vt 0.625000 0.750000
vt 0.453125 0.812500
vt 0.406250 0.812500
vt 0.500000 0.812500
vt 0.546875 0.812500
vt 0.593750 0.812500
vt 0.468750 0.875000
vt 0.437500 0.875000
vt 0.500000 0.875000
vt 0.531250 0.875000
vt 0.562500 0.875000
vt 0.484375 0.937500
vt 0.468750 0.937500
vt 0.500000 0.937500
vt 0.515625 0.937500
vt 0.531250 0.937500
vt 0.500000 0.000000
vt 0.750000 0.250000
vt 0.500000 0.500000
vt 0.250000 0.250000
vt 0.500000 1.000000
vt 0.250000 0.500000
vt 0.375000 0.500000
vt 0.390625 0.562500
vt 0.281250 0.562500
vt 0.500000 0.500000
vt 0.500000 0.562500
vt 0.625000 0.500000
vt 0.609375 0.562500
vt 0.750000 0.500000
vt 0.718750 0.562500
vt 0.406250 0.625000
vt 0.312500 0.625000
vt 0.500000 0.625000
vt 0.593750 0.625000
vt 0.687500 0.625000
vt 0.421875 0.687500
vt 0.343750 0.687500
vt 0.500000 0.687500
vt 0.578125 0.687500
vt 0.656250 0.687500
vt 0.437500 0.750000
vt 0.375000 0.750000
vt 0.500000 0.750000
vt 0.562500 0.750000
vt 0.625000 0.750000
vt 0.453125 0.812500
vt 0.406250 0.812500
vt 0.500000 0.812500
vt 0.546875 0.812500
vt 0.593750 0.812500
vt 0.468750 0.875000
vt 0.437500 0.875000
vt 0.500000 0.875000
vt 0.531250 0.875000
vt 0.562500 0.875000
vt 0.484375 0.937500
vt 0.468750 0.937500
vt 0.500000 0.937500
vt 0.515625 0.937500
vt 0.531250 0.937500
vt 0.500000 0.000000
vt 0.750000 0.250000
vt 0.500000 0.500000
vt 0.250000 0.250000
vt 0.500000 1.000000
vt 0.250000 0.500000
vt 0.275000 0.500000
vt 0.320000 0.600000
vt 0.300000 0.600000
vt 0.300000 0.500000
vt 0.340000 0.600000
vt 0.325000 0.500000
vt 0.360000 0.600000
vt 0.350000 0.500000
vt 0.380000 0.600000
vt 0.375000 0.500000
vt 0.400000 0.600000
vt 0.400000 0.500000
vt 0.420000 0.600000
vt 0.425000 0.500000
vt 0.440000 0.600000
vt 0.450000 0.500000
vt 0.460000 0.600000
vt 0.475000 0.500000
vt 0.480000 0.600000
vt 0.500000 0.500000
vt 0.500000 0.600000
vt 0.525000 0.500000
vt 0.520000 0.600000
vt 0.550000 0.500000
vt 0.540000 0.600000
vt 0.575000 0.500000
vt 0.560000 0.600000
vt 0.600000 0.500000
vt 0.580000 0.600000
vt 0.625000 0.500000
vt 0.600000 0.600000
vt 0.650000 0.500000
vt 0.620000 0.600000
vt 0.675000 0.500000
vt 0.640000 0.600000
vt 0.700000 0.500000
vt 0.660000 0.600000
vt 0.725000 0.500000
vt 0.680000 0.600000
vt 0.750000 0.500000
vt 0.700000 0.600000
vt 0.365000 0.700000
vt 0.350000 0.700000
vt 0.380000 0.700000
vt 0.395000 0.700000
vt 0.410000 0.700000
vt 0.425000 0.700000
vt 0.440000 0.700000
vt 0.455000 0.700000
vt 0.470000 0.700000
vt 0.485000 0.700000
vt 0.500000 0.700000
vt 0.515000 0.700000
vt 0.530000 0.700000
vt 0.545000 0.700000
vt 0.560000 0.700000
vt 0.575000 0.700000
vt 0.590000 0.700000
vt 0.605000 0.700000
vt 0.620000 0.700000
vt 0.635000 0.700000
vt 0.650000 0.700000
vt 0.410000 0.800000
vt 0.400000 0.800000
vt 0.420000 0.800000
vt 0.430000 0.800000
vt 0.440000 0.800000
vt 0.450000 0.800000
vt 0.460000 0.800000
vt 0.470000 0.800000
vt 0.480000 0.800000
vt 0.490000 0.800000
vt 0.500000 0.800000
vt 0.510000 0.800000
vt 0.520000 0.800000
vt 0.530000 0.800000
vt 0.540000 0.800000
vt 0.550000 0.800000
vt 0.560000 0.800000
vt 0.570000 0.800000
vt 0.580000 0.800000
vt 0.590000 0.800000
vt 0.600000 0.800000
vt 0.455000 0.900000
vt 0.450000 0.900000
vt 0.460000 0.900000
vt 0.465000 0.900000
vt 0.470000 0.900000
vt 0.475000 0.900000
vt 0.480000 0.900000
vt 0.485000 0.900000
vt 0.490000 0.900000
vt 0.495000 0.900000
vt 0.500000 0.900000
vt 0.505000 0.900000
vt 0.510000 0.900000
vt 0.515000 0.900000
vt 0.520000 0.900000
vt 0.525000 0.900000
vt 0.530000 0.900000
vt 0.535000 0.900000
vt 0.540000 0.900000
vt 0.545000 0.900000
vt 0.550000 0.900000
vt 0.737764 0.172746
vt 0.750000 0.250000
vt 0.737764 0.327254
vt 0.702254 0.396946
vt 0.646946 0.452254
vt 0.577254 0.487764
vt 0.500000 0.500000
vt 0.422746 0.487764
vt 0.353054 0.452254
vt 0.297746 0.396946
vt 0.262236 0.327254
vt 0.250000 0.250000
vt 0.262236 0.172746
vt 0.297746 0.103054
vt 0.353054 0.047746
vt 0.422746 0.012236
vt 0.500000 -0.000000
vt 0.577254 0.012236
vt 0.646946 0.047746
vt 0.702254 0.103054
vt 0.500000 1.000000
vt 0.250000 0.500000
vt 0.275000 0.500000
vt 0.320000 0.600000
vt 0.300000 0.600000
vt 0.300000 0.500000
vt 0.340000 0.600000
vt 0.325000 0.500000
vt 0.360000 0.600000
vt 0.350000 0.500000
vt 0.380000 0.600000
vt 0.375000 0.500000
vt 0.400000 0.600000
vt 0.400000 0.500000
vt 0.420000 0.600000
vt 0.425000 0.500000
vt 0.440000 0.600000
vt 0.450000 0.500000
vt 0.460000 0.600000
vt 0.475000 0.500000
vt 0.480000 0.600000
vt 0.500000 0.500000
vt 0.500000 0.600000
vt 0.525000 0.500000
vt 0.520000 0.600000
vt 0.550000 0.500000
vt 0.540000 0.600000
vt 0.575000 0.500000
vt 0.560000 0.600000
vt 0.600000 0.500000
vt 0.580000 0.600000
vt 0.625000 0.500000
vt 0.600000 0.600000
vt 0.650000 0.500000
vt 0.620000 0.600000
vt 0.675000 0.500000
vt 0.640000 0.600000
vt 0.700000 0.500000
vt 0.660000 0.600000
vt 0.725000 0.500000
vt 0.680000 0.600000
vt 0.750000 0.500000
vt 0.700000 0.600000
vt 0.365000 0.700000
vt 0.350000 0.700000
vt 0.380000 0.700000
vt 0.395000 0.700000
vt 0.410000 0.700000
vt 0.425000 0.700000
vt 0.440000 0.700000
vt 0.455000 0.700000
vt 0.470000 0.700000
vt 0.485000 0.700000
vt 0.500000 0.700000
vt 0.515000 0.700000
vt 0.530000 0.700000
vt 0.545000 0.700000
vt 0.560000 0.700000
vt 0.575000 0.700000
vt 0.590000 0.700000
vt 0.605000 0.700000
vt 0.620000 0.700000
vt 0.635000 0.700000
vt 0.650000 0.700000
vt 0.410000 0.800000
vt 0.400000 0.800000
vt 0.420000 0.800000
vt 0.430000 0.800000
vt 0.440000 0.800000
vt 0.450000 0.800000
vt 0.460000 0.800000
vt 0.470000 0.800000
vt 0.480000 0.800000
vt 0.490000 0.800000
vt 0.500000 0.800000
vt 0.510000 0.800000
vt 0.520000 0.800000
vt 0.530000 0.800000
vt 0.540000 0.800000
vt 0.550000 0.800000
vt 0.560000 0.800000
vt 0.570000 0.800000
vt 0.580000 0.800000
vt 0.590000 0.800000
vt 0.600000 0.800000
vt 0.455000 0.900000
vt 0.450000 0.900000
vt 0.460000 0.900000
vt 0.465000 0.900000
vt 0.470000 0.900000
vt 0.475000 0.900000
vt 0.480000 0.900000
vt 0.485000 0.900000
vt 0.490000 0.900000
vt 0.495000 0.900000
vt 0.500000 0.900000
vt 0.505000 0.900000
vt 0.510000 0.900000
vt 0.515000 0.900000
vt 0.520000 0.900000
vt 0.525000 0.900000
vt 0.530000 0.900000
vt 0.535000 0.900000
vt 0.540000 0.900000
vt 0.545000 0.900000
vt 0.550000 0.900000
vt 0.737764 0.172746
vt 0.750000 0.250000
vt 0.737764 0.327254
vt 0.702254 0.396946
vt 0.646946 0.452254
vt 0.577254 0.487764
vt 0.500000 0.500000
vt 0.422746 0.487764
vt 0.353054 0.452254
vt 0.297746 0.396946
vt 0.262236 0.327254
vt 0.250000 0.250000
vt 0.262236 0.172746
vt 0.297746 0.103054
vt 0.353054 0.047746
vt 0.422746 0.012236
vt 0.500000 -0.000000
vt 0.577254 0.012236
vt 0.646946 0.047746
vt 0.702254 0.103054
vt 0.500000 1.000000
vt 0.250000 0.500000
vt 0.275000 0.500000
vt 0.320000 0.600000
vt 0.300000 0.600000
vt 0.300000 0.500000
vt 0.340000 0.600000
vt 0.325000 0.500000
vt 0.360000 0.600000
vt 0.350000 0.500000
vt 0.380000 0.600000
vt 0.375000 0.500000
vt 0.400000 0.600000
vt 0.400000 0.500000
vt 0.420000 0.600000
vt 0.425000 0.500000
vt 0.440000 0.600000
vt 0.450000 0.500000
vt 0.460000 0.600000
vt 0.475000 0.500000
vt 0.480000 0.600000
vt 0.500000 0.500000
vt 0.500000 0.600000
vt 0.525000 0.500000
vt 0.520000 0.600000
vt 0.550000 0.500000
vt 0.540000 0.600000
vt 0.575000 0.500000
vt 0.560000 0.600000
vt 0.600000 0.500000
vt 0.580000 0.600000
vt 0.625000 0.500000
vt 0.600000 0.600000
vt 0.650000 0.500000
vt 0.620000 0.600000
vt 0.675000 0.500000
vt 0.640000 0.600000
vt 0.700000 0.500000
vt 0.660000 0.600000
vt 0.725000 0.500000
vt 0.680000 0.600000
vt 0.750000 0.500000
vt 0.700000 0.600000
vt 0.365000 0.700000
vt 0.350000 0.700000
vt 0.380000 0.700000
vt 0.395000 0.700000
vt 0.410000 0.700000
vt 0.425000 0.700000
vt 0.440000 0.700000
vt 0.455000 0.700000
vt 0.470000 0.700000
vt 0.485000 0.700000
vt 0.500000 0.700000
vt 0.515000 0.700000
vt 0.530000 0.700000
vt 0.545000 0.700000
vt 0.560000 0.700000
vt 0.575000 0.700000
vt 0.590000 0.700000
vt 0.605000 0.700000
vt 0.620000 0.700000
vt 0.635000 0.700000
vt 0.650000 0.700000
vt 0.410000 0.800000
vt 0.400000 0.800000
vt 0.420000 0.800000
vt 0.430000 0.800000
vt 0.440000 0.800000
vt 0.450000 0.800000
vt 0.460000 0.800000
vt 0.470000 0.800000
vt 0.480000 0.800000
vt 0.490000 0.800000
vt 0.500000 0.800000
vt 0.510000 0.800000
vt 0.520000 0.800000
vt 0.530000 0.800000
vt 0.540000 0.800000
vt 0.550000 0.800000
vt 0.560000 0.800000
vt 0.570000 0.800000
vt 0.580000 0.800000
vt 0.590000 0.800000
vt 0.600000 0.800000
vt 0.455000 0.900000
vt 0.450000 0.900000
vt 0.460000 0.900000
vt 0.465000 0.900000
vt 0.470000 0.900000
vt 0.475000 0.900000
vt 0.480000 0.900000
vt 0.485000 0.900000
vt 0.490000 0.900000
vt 0.495000 0.900000
vt 0.500000 0.900000
vt 0.505000 0.900000
vt 0.510000 0.900000
vt 0.515000 0.900000
vt 0.520000 0.900000
vt 0.525000 0.900000
vt 0.530000 0.900000
vt 0.535000 0.900000
vt 0.540000 0.900000
vt 0.545000 0.900000
vt 0.550000 0.900000
vt 0.737764 0.172746
vt 0.750000 0.250000
vt 0.737764 0.327254
vt 0.702254 0.396946
vt 0.646946 0.452254
vt 0.577254 0.487764
vt 0.500000 0.500000
vt 0.422746 0.487764
vt 0.353054 0.452254
vt 0.297746 0.396946
vt 0.262236 0.327254
vt 0.250000 0.250000
vt 0.262236 0.172746
vt 0.297746 0.103054
vt 0.353054 0.047746
vt 0.422746 0.012236
vt 0.500000 -0.000000
vt 0.577254 0.012236
vt 0.646946 0.047746
vt 0.702254 0.103054
vt 0.500000 1.000000
vt 0.250000 0.500000
vt 0.275000 0.500000
vt 0.320000 0.600000
vt 0.300000 0.600000
vt 0.300000 0.500000
vt 0.340000 0.600000
vt 0.325000 0.500000
vt 0.360000 0.600000
vt 0.350000 0.500000
vt 0.380000 0.600000
vt 0.375000 0.500000
vt 0.400000 0.600000
vt 0.400000 0.500000
vt 0.420000 0.600000
vt 0.425000 0.500000
vt 0.440000 0.600000
vt 0.450000 0.500000
vt 0.460000 0.600000
vt 0.475000 0.500000
vt 0.480000 0.600000
vt 0.500000 0.500000
vt 0.500000 0.600000
vt 0.525000 0.500000
vt 0.520000 0.600000
vt 0.550000 0.500000
vt 0.540000 0.600000
vt 0.575000 0.500000
vt 0.560000 0.600000
vt 0.600000 0.500000
vt 0.580000 0.600000
vt 0.625000 0.500000
vt 0.600000 0.600000
vt 0.650000 0.500000
vt 0.620000 0.600000
vt 0.675000 0.500000
vt 0.640000 0.600000
vt 0.700000 0.500000
vt 0.660000 0.600000
vt 0.725000 0.500000
vt 0.680000 0.600000
vt 0.750000 0.500000
vt 0.700000 0.600000
vt 0.365000 0.700000
vt 0.350000 0.700000
vt 0.380000 0.700000
vt 0.395000 0.700000
vt 0.410000 0.700000
vt 0.425000 0.700000
vt 0.440000 0.700000
vt 0.455000 0.700000
vt 0.470000 0.700000
vt 0.485000 0.700000
vt 0.500000 0.700000
vt 0.515000 0.700000
vt 0.530000 0.700000
vt 0.545000 0.700000
vt 0.560000 0.700000
vt 0.575000 0.700000
vt 0.590000 0.700000
vt 0.605000 0.700000
vt 0.620000 0.700000
vt 0.635000 0.700000
vt 0.650000 0.700000
vt 0.410000 0.800000
vt 0.400000 0.800000
vt 0.420000 0.800000
vt 0.430000 0.800000
vt 0.440000 0.800000
vt 0.450000 0.800000
vt 0.460000 0.800000
vt 0.470000 0.800000
vt 0.480000 0.800000
vt 0.490000 0.800000
vt 0.500000 0.800000
vt 0.510000 0.800000
vt 0.520000 0.800000
vt 0.530000 0.800000
vt 0.540000 0.800000
vt 0.550000 0.800000
vt 0.560000 0.800000
vt 0.570000 0.800000
vt 0.580000 0.800000
vt 0.590000 0.800000
vt 0.600000 0.800000
vt 0.455000 0.900000
vt 0.450000 0.900000
vt 0.460000 0.900000
vt 0.465000 0.900000
vt 0.470000 0.900000
vt 0.475000 0.900000
vt 0.480000 0.900000
vt 0.485000 0.900000
vt 0.490000 0.900000
vt 0.495000 0.900000
vt 0.500000 0.900000
vt 0.505000 0.900000
vt 0.510000 0.900000
vt 0.515000 0.900000
vt 0.520000 0.900000
vt 0.525000 0.900000
vt 0.530000 0.900000
vt 0.535000 0.900000
vt 0.540000 0.900000
vt 0.545000 0.900000
vt 0.550000 0.900000
vt 0.737764 0.172746
vt 0.750000 0.250000
vt 0.737764 0.327254
vt 0.702254 0.396946
vt 0.646946 0.452254
vt 0.577254 0.487764
vt 0.500000 0.500000
vt 0.422746 0.487764
vt 0.353054 0.452254
vt 0.297746 0.396946
vt 0.262236 0.327254
vt 0.250000 0.250000
vt 0.262236 0.172746
vt 0.297746 0.103054
vt 0.353054 0.047746
vt 0.422746 0.012236
vt 0.500000 -0.000000
vt 0.577254 0.012236
vt 0.646946 0.047746
vt 0.702254 0.103054
vt 0.500000 1.000000
vt 0.250000 0.500000
vt 0.275000 0.500000
vt 0.320000 0.600000
vt 0.300000 0.600000
vt 0.300000 0.500000
vt 0.340000 0.600000
vt 0.325000 0.500000
vt 0.360000 0.600000
vt 0.350000 0.500000
vt 0.380000 0.600000
vt 0.375000 0.500000
vt 0.400000 0.600000
vt 0.400000 0.500000
vt 0.420000 0.600000
vt 0.425000 0.500000
vt 0.440000 0.600000
vt 0.450000 0.500000
vt 0.460000 0.600000
vt 0.475000 0.500000
vt 0.480000 0.600000
vt 0.500000 0.500000
vt 0.500000 0.600000
vt 0.525000 0.500000
vt 0.520000 0.600000
vt 0.550000 0.500000
vt 0.540000 0.600000
vt 0.575000 0.500000
vt 0.560000 0.600000
vt 0.600000 0.500000
vt 0.580000 0.600000
vt 0.625000 0.500000
vt 0.600000 0.600000
vt 0.650000 0.500000
vt 0.620000 0.600000
vt 0.675000 0.500000
vt 0.640000 0.600000
vt 0.700000 0.500000
vt 0.660000 0.600000
vt 0.725000 0.500000
vt 0.680000 0.600000
vt 0.750000 0.500000
vt 0.700000 0.600000
vt 0.365000 0.700000
vt 0.350000 0.700000
vt 0.380000 0.700000
vt 0.395000 0.700000
vt 0.410000 0.700000
vt 0.425000 0.700000
vt 0.440000 0.700000
vt 0.455000 0.700000
vt 0.470000 0.700000
vt 0.485000 0.700000
vt 0.500000 0.700000
vt 0.515000 0.700000
vt 0.530000 0.700000
vt 0.545000 0.700000
vt 0.560000 0.700000
vt 0.575000 0.700000
vt 0.590000 0.700000
vt 0.605000 0.700000
vt 0.620000 0.700000
vt 0.635000 0.700000
vt 0.650000 0.700000
vt 0.410000 0.800000
vt 0.400000 0.800000
vt 0.420000 0.800000
vt 0.430000 0.800000
vt 0.440000 0.800000
vt 0.450000 0.800000
vt 0.460000 0.800000
vt 0.470000 0.800000
vt 0.480000 0.800000
vt 0.490000 0.800000
vt 0.500000 0.800000
vt 0.510000 0.800000
vt 0.520000 0.800000
vt 0.530000 0.800000
vt 0.540000 0.800000
vt 0.550000 0.800000
vt 0.560000 0.800000
vt 0.570000 0.800000
vt 0.580000 0.800000
vt 0.590000 0.800000
vt 0.600000 0.800000
vt 0.455000 0.900000
vt 0.450000 0.900000
vt 0.460000 0.900000
vt 0.465000 0.900000
vt 0.470000 0.900000
vt 0.475000 0.900000
vt 0.480000 0.900000
vt 0.485000 0.900000
vt 0.490000 0.900000
vt 0.495000 0.900000
vt 0.500000 0.900000
vt 0.505000 0.900000
vt 0.510000 0.900000
vt 0.515000 0.900000
vt 0.520000 0.900000
vt 0.525000 0.900000
vt 0.530000 0.900000
vt 0.535000 0.900000
vt 0.540000 0.900000
vt 0.545000 0.900000
vt 0.550000 0.900000
vt 0.737764 0.172746
vt 0.750000 0.250000
vt 0.737764 0.327254
vt 0.702254 0.396946
vt 0.646946 0.452254
vt 0.577254 0.487764
vt 0.500000 0.500000
vt 0.422746 0.487764
vt 0.353054 0.452254
vt 0.297746 0.396946
vt 0.262236 0.327254
vt 0.250000 0.250000
vt 0.262236 0.172746
vt 0.297746 0.103054
vt 0.353054 0.047746
vt 0.422746 0.012236
vt 0.500000 -0.000000
vt 0.577254 0.012236
vt 0.646946 0.047746
vt 0.702254 0.103054
vt 0.500000 1.000000
vt 0.250000 0.500000
vt 0.275000 0.500000
vt 0.320000 0.600000
vt 0.300000 0.600000
vt 0.300000 0.500000
vt 0.340000 0.600000
vt 0.325000 0.500000
vt 0.360000 0.600000
vt 0.350000 0.500000
vt 0.380000 0.600000
vt 0.375000 0.500000
vt 0.400000 0.600000
vt 0.400000 0.500000
vt 0.420000 0.600000
vt 0.425000 0.500000
vt 0.440000 0.600000
vt 0.450000 0.500000
vt 0.460000 0.600000
vt 0.475000 0.500000
vt 0.480000 0.600000
vt 0.500000 0.500000
vt 0.500000 0.600000
vt 0.525000 0.500000
vt 0.520000 0.600000
vt 0.550000 0.500000
vt 0.540000 0.600000
vt 0.575000 0.500000
vt 0.560000 0.600000
vt 0.600000 0.500000
vt 0.580000 0.600000
vt 0.625000 0.500000
vt 0.600000 0.600000
vt 0.650000 0.500000
vt 0.620000 0.600000
vt 0.675000 0.500000
vt 0.640000 0.600000
vt 0.700000 0.500000
vt 0.660000 0.600000
vt 0.725000 0.500000
vt 0.680000 0.600000
vt 0.750000 0.500000
vt 0.700000 0.600000
vt 0.365000 0.700000
vt 0.350000 0.700000
vt 0.380000 0.700000
vt 0.395000 0.700000
vt 0.410000 0.700000
vt 0.425000 0.700000
vt 0.440000 0.700000
vt 0.455000 0.700000
vt 0.470000 0.700000
vt 0.485000 0.700000
vt 0.500000 0.700000
vt 0.515000 0.700000
vt 0.530000 0.700000
vt 0.545000 0.700000
vt 0.560000 0.700000
vt 0.575000 0.700000
vt 0.590000 0.700000
vt 0.605000 0.700000
vt 0.620000 0.700000
vt 0.635000 0.700000
vt 0.650000 0.700000
vt 0.410000 0.800000
vt 0.400000 0.800000
vt 0.420000 0.800000
vt 0.430000 0.800000
vt 0.440000 0.800000
vt 0.450000 0.800000
vt 0.460000 0.800000
vt 0.470000 0.800000
vt 0.480000 0.800000
vt 0.490000 0.800000
vt 0.500000 0.800000
vt 0.510000 0.800000
vt 0.520000 0.800000
vt 0.530000 0.800000
vt 0.540000 0.800000
vt 0.550000 0.800000
vt 0.560000 0.800000
vt 0.570000 0.800000
vt 0.580000 0.800000
vt 0.590000 0.800000
vt 0.600000 0.800000
vt 0.455000 0.900000
vt 0.450000 0.900000
vt 0.460000 0.900000
vt 0.465000 0.900000
vt 0.470000 0.900000
vt 0.475000 0.900000
vt 0.480000 0.900000
vt 0.485000 0.900000
vt 0.490000 0.900000
vt 0.495000 0.900000
vt 0.500000 0.900000
vt 0.505000 0.900000
vt 0.510000 0.900000
vt 0.515000 0.900000
vt 0.520000 0.900000
vt 0.525000 0.900000
vt 0.530000 0.900000
vt 0.535000 0.900000
vt 0.540000 0.900000
vt 0.545000 0.900000
vt 0.550000 0.900000
vt 0.737764 0.172746
vt 0.750000 0.250000
vt 0.737764 0.327254
vt 0.702254 0.396946
vt 0.646946 0.452254
vt 0.577254 0.487764
vt 0.500000 0.500000
vt 0.422746 0.487764
vt 0.353054 0.452254
vt 0.297746 0.396946
vt 0.262236 0.327254
vt 0.250000 0.250000
vt 0.262236 0.172746
vt 0.297746 0.103054
vt 0.353054 0.047746
vt 0.422746 0.012236
vt 0.500000 -0.000000
vt 0.577254 0.012236
vt 0.646946 0.047746
vt 0.702254 0.103054
vt 0.500000 1.000000
vn -0.996338 0.000000 -0.085502
vn -0.996338 0.000000 -0.085502
vn -0.996338 0.000000 -0.085502
vn -0.996338 0.000000 -0.085502
vn -0.000000 1.000000 0.000000
vn -0.000000 1.000000 0.000000
vn -0.000000 1.000000 0.000000
vn -0.000000 1.000000 0.000000
vn 0.996338 0.000000 0.085502
vn 0.996338 0.000000 0.085502
vn 0.996338 0.000000 0.085502
vn 0.996338 0.000000 0.085502
vn 0.000000 -1.000000 0.000000
vn 0.000000 -1.000000 0.000000
vn 0.000000 -1.000000 0.000000
vn 0.000000 -1.000000 0.000000
vn -0.085502 0.000000 0.996338
vn -0.085502 0.000000 0.996338
vn -0.085502 0.000000 0.996338
vn -0.085502 0.000000 0.996338
vn 0.085502 0.000000 -0.996338
vn 0.085502 0.000000 -0.996338
vn 0.085502 0.000000 -0.996338
vn 0.085502 0.000000 -0.996338
vn 0.884989 0.299855 -0.356204
vn -0.045217 0.402739 -0.914197
vn -0.035580 0.419819 -0.906910
vn 0.881486 0.312826 -0.353727
vn -0.707058 0.615038 0.348995
vn -0.667864 0.664165 0.335921
vn 0.371422 0.333721 0.866416
vn 0.377565 0.352831 0.856128
vn -0.009271 0.517165 -0.855836
vn 0.903235 0.216964 -0.370262
vn -0.455061 0.851965 0.258988
vn 0.380150 0.457779 0.803694
vn -0.143121 0.366512 -0.919340
vn 0.913535 0.144818 -0.380107
vn -0.593539 0.742694 0.310026
vn 0.280614 0.283715 0.916930
vn -0.241066 0.261137 -0.934716
vn 0.879498 0.319901 -0.352344
vn -0.887389 0.233634 0.397438
vn 0.197427 0.168833 0.965670
vn -0.274070 0.215214 -0.937320
vn 0.875554 0.333405 -0.349637
vn -0.912398 0.096370 0.397797
vn 0.169000 0.121612 0.978085
vn -0.278921 0.231457 -0.932003
vn 0.912595 0.153213 -0.379072
vn -0.881551 0.256035 0.396628
vn 0.163020 0.137197 0.977037
vn -0.146682 0.251150 -0.956769
vn 0.916000 -0.060303 -0.396621
vn -0.751553 0.550691 0.363191
vn 0.292042 0.166226 0.941849
vn -0.197436 -0.980258 0.010632
vn -0.197436 -0.980258 0.010632
vn -0.197436 -0.980258 0.010632
vn -0.197436 -0.980258 0.010632
vn 0.391951 0.045909 -0.918840
vn -0.739799 0.444391 -0.505187
vn -0.325149 0.316914 0.890979
vn 0.843411 -0.020989 0.536858
vn -0.032583 0.302570 0.952570
vn 0.786465 0.617596 -0.006941
vn 0.773097 0.634267 0.005248
vn -0.036209 0.312191 0.949329
vn -0.204099 0.383494 -0.900708
vn -0.218297 0.429321 -0.876373
vn -0.952523 0.003148 0.304451
vn -0.949399 0.024330 0.313128
vn 0.702440 0.711728 0.004652
vn -0.008480 0.237973 0.971235
vn -0.281808 0.647387 -0.708149
vn -0.945735 0.125487 0.299731
vn 0.815931 0.563973 -0.127240
vn 0.007351 0.194952 0.980785
vn -0.245568 0.519863 -0.818193
vn -0.978259 -0.062083 0.197876
vn 0.851531 0.476395 -0.218958
vn -0.039246 0.320230 0.946526
vn -0.103051 0.075408 -0.991814
vn -0.980837 -0.158969 0.112640
vn 0.863990 0.440150 -0.244517
vn -0.042028 0.327581 0.943888
vn -0.069102 -0.022581 -0.997354
vn -0.976332 -0.197633 0.087847
vn 0.855027 0.451429 -0.255228
vn 0.006643 0.196884 0.980404
vn -0.108147 0.090327 -0.990023
vn -0.980005 -0.183977 0.075783
vn 0.865579 0.489861 -0.103970
vn 0.060317 0.047553 0.997046
vn -0.185591 0.324871 -0.927370
vn -0.962606 -0.148159 0.226802
vn 0.318524 -0.938013 -0.136652
vn 0.318524 -0.938013 -0.136652
vn 0.318524 -0.938013 -0.136652
vn 0.318524 -0.938013 -0.136652
vn 0.741771 0.324466 0.586939
vn 0.513525 0.438005 -0.737864
vn -0.832504 -0.005762 -0.553990
vn -0.621682 -0.155704 0.767638
vn 0.130212 0.320362 0.938303
vn 0.986376 0.158655 -0.043475
vn 0.983092 0.180095 -0.033111
vn 0.131781 0.330699 0.934490
vn -0.000372 0.392062 -0.919939
vn 0.009566 0.438159 -0.898846
vn -0.832417 0.476252 0.283314
vn -0.819622 0.493878 0.290352
vn 0.958650 0.281453 -0.042121
vn 0.119457 0.251170 0.960543
vn 0.060526 0.657520 -0.751002
vn -0.768181 0.581245 0.268425
vn 0.983098 0.093125 -0.157628
vn 0.112095 0.205307 0.972257
vn 0.029881 0.529091 -0.848039
vn -0.886088 0.426623 0.181221
vn 0.970691 -0.003526 -0.240307
vn 0.133085 0.339340 0.931202
vn -0.062733 0.078253 -0.994958
vn -0.934876 0.339321 0.104247
vn 0.964060 -0.041986 -0.262344
vn 0.134272 0.347247 0.928111
vn -0.081199 -0.023559 -0.996419
vn -0.949593 0.302310 0.082956
vn 0.961286 -0.028255 -0.274099
vn 0.112429 0.207364 0.971782
vn -0.059867 0.093658 -0.993803
vn -0.946341 0.315580 0.069623
vn 0.991885 0.005702 -0.127007
vn 0.085803 0.049682 0.995073
vn -0.012799 0.332944 -0.942860
vn -0.913162 0.344448 0.217922
vn -0.180689 -0.982438 -0.046550
vn -0.180689 -0.982438 -0.046550
vn -0.180689 -0.982438 -0.046550
vn -0.180689 -0.982438 -0.046550
vn 0.815474 -0.053286 0.576335
vn 0.647596 0.105546 -0.754639
vn -0.732473 0.374364 -0.568626
vn -0.612521 0.193045 0.766519
vn 0.663454 0.746048 0.056935
vn 0.051930 0.366744 -0.928872
vn 0.053372 0.388436 -0.919929
vn 0.652494 0.755722 0.055995
vn -0.918070 0.388510 -0.078786
vn -0.894609 0.440205 -0.076772
vn -0.107089 0.366744 0.924138
vn -0.104144 0.388436 0.915572
vn 0.000677 0.488719 -0.872441
vn 0.728766 0.681901 0.062540
vn -0.729562 0.681043 -0.062608
vn -0.147977 0.488719 0.859800
vn 0.029329 0.284255 -0.958300
vn 0.802763 0.592306 0.068890
vn -0.816016 0.573772 -0.070027
vn -0.134373 0.284255 0.949286
vn 0.011423 0.186428 -0.982402
vn 0.654641 0.753849 0.056179
vn -0.988177 -0.127733 -0.084802
vn -0.156123 0.186428 0.969985
vn -0.012493 0.119390 -0.992769
vn 0.626461 0.777596 0.053760
vn -0.944852 -0.317301 -0.081084
vn -0.181456 0.119389 0.976125
vn -0.038478 0.129803 -0.990793
vn 0.785800 0.614793 0.067434
vn -0.989604 -0.116070 -0.084924
vn -0.206724 0.129803 0.969751
vn 0.073681 0.199296 -0.977165
vn 0.928406 0.362924 0.079672
vn -0.949334 0.303526 -0.081468
vn -0.093884 0.199296 0.975432
vn 0.233990 -0.972032 0.020080
vn 0.233990 -0.972032 0.020080
vn 0.233990 -0.972032 0.020080
vn 0.233990 -0.972032 0.020080
vn 0.514339 0.233317 -0.825239
vn -0.462075 0.168333 -0.870718
vn -0.603670 0.168333 0.779260
vn 0.366215 0.233317 0.900805
vn -0.649778 0.758076 -0.055761
vn -0.052289 0.365738 0.929248
vn -0.054283 0.387929 0.920089
vn -0.638658 0.767536 -0.054807
vn 0.894657 0.440108 0.076776
vn 0.869815 0.487699 0.074644
vn 0.106798 0.365739 -0.924570
vn 0.103274 0.387929 -0.915885
vn 0.000970 0.491162 0.871068
vn -0.715808 0.695590 -0.061428
vn 0.694837 0.716691 0.059629
vn 0.149366 0.491162 -0.858167
vn -0.037331 0.280934 0.959001
vn -0.800306 0.595646 -0.068679
vn 0.778081 0.624605 0.066772
vn 0.126608 0.280934 -0.951339
vn -0.020987 0.191804 0.981209
vn -0.643948 0.763071 -0.055261
vn 0.991746 -0.095903 0.085108
vn 0.146496 0.191804 -0.970438
vn 0.007520 0.120416 0.992695
vn -0.609405 0.791133 -0.052297
vn 0.949345 -0.303490 0.081469
vn 0.176543 0.120416 -0.976900
vn 0.036836 0.131377 0.990648
vn -0.778354 0.624262 -0.066796
vn 0.992314 -0.089785 0.085157
vn 0.205082 0.131377 -0.969887
vn -0.078972 0.198285 0.976958
vn -0.932264 0.352822 -0.080003
vn 0.931333 0.355291 0.079924
vn 0.088635 0.198285 -0.976129
vn -0.219763 -0.975371 -0.018859
vn -0.219763 -0.975371 -0.018859
vn -0.219763 -0.975371 -0.018859
vn -0.219763 -0.975371 -0.018859
vn -0.491391 0.219642 0.842789
vn 0.431815 0.190106 0.881700
vn 0.575724 0.190106 -0.795237
vn -0.340614 0.219641 -0.914188
vn -0.655008 0.089075 0.750353
vn 0.366970 0.400008 0.839837
vn 0.351510 0.412697 0.840311
vn -0.656213 0.100215 0.747891
vn 0.374580 0.639918 -0.670965
vn 0.342653 0.680939 -0.647233
vn -0.739982 0.082134 -0.667593
vn -0.749054 0.099506 -0.654994
vn 0.308223 0.490021 0.815400
vn -0.644791 0.014649 0.764218
vn 0.163445 0.853971 -0.493983
vn -0.755041 0.194807 -0.626069
vn 0.460457 0.384819 0.799933
vn -0.635984 -0.034534 0.770929
vn 0.274163 0.757600 -0.592349
vn -0.661452 0.047351 -0.748491
vn 0.549955 0.332190 0.766289
vn -0.657156 0.109532 0.745754
vn 0.546137 0.333574 -0.768416
vn -0.588078 -0.018647 -0.808589
vn 0.579032 0.306731 0.755406
vn -0.657966 0.118059 0.743736
vn 0.585396 0.227580 -0.778151
vn -0.563677 -0.046541 -0.824683
vn 0.580532 0.321193 0.748209
vn -0.636413 -0.032332 0.770670
vn 0.539509 0.349417 -0.766054
vn -0.559734 -0.032247 -0.828045
vn 0.479507 0.308193 0.821639
vn -0.594202 -0.200082 0.779032
vn 0.412909 0.585490 -0.697645
vn -0.660156 -0.035565 -0.750286
vn 0.390631 -0.908570 -0.148011
vn 0.390631 -0.908570 -0.148011
vn 0.390631 -0.908570 -0.148011
vn 0.390631 -0.908570 -0.148011
vn 0.073054 0.051383 0.996003
vn 0.797761 0.567590 0.203516
vn -0.170514 0.208818 -0.962974
vn -0.950752 -0.254243 -0.177288
vn 0.697101 0.375115 0.611015
vn 0.552880 0.368047 -0.747573
vn 0.553156 0.387517 -0.737462
vn 0.693452 0.386892 0.607816
vn -0.667803 0.459807 -0.585335
vn -0.644880 0.514423 -0.565242
vn -0.346302 0.350579 0.870155
vn -0.338524 0.368554 0.865776
vn 0.533033 0.485994 -0.692594
vn 0.717828 0.298084 0.629182
vn -0.508000 0.737342 -0.445266
vn -0.313764 0.462679 0.829144
vn 0.473766 0.307973 -0.825045
vn 0.729644 0.242093 0.639539
vn -0.603210 0.597155 -0.528718
vn -0.445696 0.305899 0.841297
vn 0.418003 0.187444 -0.888897
vn 0.690470 0.396208 0.605202
vn -0.748759 0.092948 -0.656293
vn -0.530033 0.192685 0.825795
vn 0.408254 0.144763 -0.901317
vn 0.688023 0.403667 0.603057
vn -0.751716 -0.028171 -0.658885
vn -0.546641 0.149803 0.823859
vn 0.404020 0.157925 -0.901015
vn 0.729079 0.245086 0.639044
vn -0.746976 0.115564 -0.654730
vn -0.548757 0.163669 0.819804
vn 0.508275 0.202368 -0.837081
vn 0.750668 0.059809 0.657967
vn -0.691360 0.393456 -0.605982
vn -0.438021 0.198901 0.876684
vn -0.049854 -0.997800 -0.043697
vn -0.049854 -0.997800 -0.043697
vn -0.049854 -0.997800 -0.043697
vn -0.049854 -0.997800 -0.043697
vn 0.963810 0.099535 -0.247311
vn -0.118974 0.247340 -0.961597
vn -0.923431 0.301876 0.236950
vn 0.122392 0.080381 0.989221
vn -0.517077 0.610896 0.599531
vn 0.420500 0.254771 0.870788
vn 0.412265 0.277392 0.867808
vn -0.509201 0.621445 0.595417
vn 0.714154 0.501884 -0.487951
vn 0.698035 0.546388 -0.462825
vn -0.399234 0.529751 -0.748316
vn -0.398298 0.552408 -0.732260
vn 0.432217 0.395450 0.810436
vn -0.563414 0.543361 0.622353
vn 0.572135 0.763490 -0.299576
vn -0.322904 0.653412 -0.684679
vn 0.456908 0.168533 0.873402
vn -0.621890 0.441325 0.646905
vn 0.634322 0.675887 -0.375249
vn -0.392320 0.441861 -0.806749
vn 0.491777 0.075892 0.867408
vn -0.512952 0.616452 0.597384
vn 0.760029 0.018435 -0.649628
vn -0.380137 0.348265 -0.856859
vn 0.532475 0.002378 0.846442
vn -0.488369 0.648193 0.584244
vn 0.725975 -0.166918 -0.667157
vn -0.351330 0.273550 -0.895398
vn 0.560868 0.018674 0.827695
vn -0.606758 0.469922 0.641107
vn 0.760617 0.023859 -0.648763
vn -0.320359 0.285749 -0.903171
vn 0.430940 0.074178 0.899326
vn -0.713591 0.211695 0.667812
vn 0.736742 0.423347 -0.527245
vn -0.441600 0.353744 -0.824533
vn -0.176402 -0.979652 -0.095733
vn -0.176402 -0.979652 -0.095733
vn -0.176402 -0.979652 -0.095733
vn -0.176402 -0.979652 -0.095733
vn 0.002399 0.050930 0.998699
vn 0.889023 0.157167 0.430042
vn 0.079930 0.334243 -0.939092
vn -0.843373 0.327943 -0.425647
vn -0.161325 0.474288 -0.865462
vn -0.760004 0.579984 0.293279
vn -0.749946 0.601782 0.274662
vn -0.157552 0.485413 -0.859972
vn 0.331157 0.572356 0.750162
vn 0.329587 0.614222 0.717010
vn 0.807990 0.260142 -0.528657
vn 0.796237 0.283131 -0.534643
vn -0.654891 0.707853 0.264690
vn -0.183823 0.404467 -0.895888
vn 0.302274 0.818883 0.487915
vn 0.771850 0.411631 -0.484570
vn -0.786597 0.494378 0.369939
vn -0.213289 0.302732 -0.928903
vn 0.318179 0.736574 0.596842
vn 0.852493 0.172481 -0.493464
vn -0.801939 0.399789 0.443917
vn -0.159347 0.480140 -0.862597
vn 0.301570 0.126861 0.944967
vn 0.890314 0.076668 -0.448847
vn -0.793592 0.324570 0.514651
vn -0.147630 0.513921 -0.845039
vn 0.273213 -0.043034 0.960990
vn 0.921803 0.002454 -0.387651
vn -0.768395 0.341522 0.541232
vn -0.205511 0.330859 -0.921031
vn 0.302269 0.131811 0.944065
vn 0.935621 0.024826 -0.352131
vn -0.841130 0.396033 0.368318
vn -0.265013 0.084502 -0.960535
vn 0.331670 0.498869 0.800703
vn 0.850690 0.065577 -0.521561
vn -0.154120 -0.980143 0.124770
vn -0.154120 -0.980143 0.124770
vn -0.154120 -0.980143 0.124770
vn -0.154120 -0.980143 0.124770
vn -0.926659 0.270702 -0.260813
vn -0.400389 0.421055 0.813881
vn 0.952347 0.224240 0.206766
vn 0.485415 -0.014857 -0.874157
vn 0.786659 0.340188 0.515209
vn 0.505816 0.184480 -0.842684
vn 0.510949 0.202363 -0.835452
vn 0.783942 0.352117 0.511321
vn -0.662283 0.497743 -0.560029
vn -0.634106 0.546129 -0.547405
vn -0.299614 0.345712 0.889221
vn -0.289883 0.362004 0.885958
vn 0.498115 0.288677 -0.817648
vn 0.801444 0.259254 0.538958
vn -0.466259 0.755909 -0.459569
vn -0.277289 0.445228 0.851400
vn 0.439098 0.132054 -0.888682
vn 0.807993 0.204715 0.552484
vn -0.571581 0.637355 -0.516792
vn -0.378919 0.302455 0.874609
vn 0.387680 0.054546 -0.920179
vn 0.781569 0.362054 0.508002
vn -0.791230 0.138544 -0.595617
vn -0.442746 0.228827 0.866957
vn 0.372633 0.023545 -0.927680
vn 0.779318 0.371119 0.504911
vn -0.808510 0.015260 -0.588284
vn -0.461091 0.197975 0.864986
vn 0.365437 0.035022 -0.930177
vn 0.807754 0.207174 0.551917
vn -0.787536 0.157052 -0.595921
vn -0.467146 0.209984 0.858884
vn 0.457971 0.059513 -0.886973
vn 0.810925 0.016513 0.584916
vn -0.695007 0.433749 -0.573435
vn -0.371310 0.229476 0.899705
vn -0.147682 -0.987665 0.052045
vn -0.147682 -0.987665 0.052045
vn -0.147682 -0.987665 0.052045
vn -0.147682 -0.987665 0.052045
vn 0.867092 -0.025955 -0.497471
vn -0.048559 0.161564 -0.985667
vn -0.817719 0.349420 0.457428
vn 0.076906 0.112595 0.990660
vn 0.130212 0.320362 0.938303
vn 0.986376 0.158657 -0.043475
vn 0.983092 0.180096 -0.033111
vn 0.131781 0.330699 0.934490
vn -0.000372 0.392064 -0.919938
vn 0.009566 0.438161 -0.898846
vn -0.832417 0.476252 0.283314
vn -0.819622 0.493878 0.290352
vn 0.958650 0.281453 -0.042121
vn 0.119457 0.251170 0.960543
vn 0.060526 0.657520 -0.751002
vn -0.768181 0.581245 0.268425
vn 0.983098 0.093124 -0.157628
vn 0.112094 0.205307 0.972257
vn 0.029881 0.529091 -0.848039
vn -0.886088 0.426623 0.181221
vn 0.970691 -0.003526 -0.240307
vn 0.133085 0.339340 0.931202
vn -0.062733 0.078253 -0.994958
vn -0.934876 0.339321 0.104247
vn 0.964060 -0.041986 -0.262344
vn 0.134272 0.347247 0.928111
vn -0.081199 -0.023559 -0.996419
vn -0.949593 0.302310 0.082956
vn 0.961286 -0.028255 -0.274099
vn 0.112429 0.207364 0.971782
vn -0.059867 0.093659 -0.993803
vn -0.946341 0.315581 0.069623
vn 0.991885 0.005702 -0.127007
vn 0.085803 0.049682 0.995073
vn -0.012799 0.332944 -0.942860
vn -0.913162 0.344448 0.217922
vn -0.180689 -0.982438 -0.046550
vn -0.180689 -0.982438 -0.046550
vn -0.180689 -0.982438 -0.046550
vn -0.180689 -0.982438 -0.046550
vn 0.815474 -0.053286 0.576335
vn 0.647596 0.105546 -0.754639
vn -0.732473 0.374364 -0.568626
vn -0.612521 0.193043 0.766520
vn 0.913297 0.399682 0.078376
vn 0.188476 0.343810 -0.919930
vn 0.192373 0.362002 -0.912111
vn 0.907875 0.411939 0.077911
vn -0.870084 0.487216 -0.074667
vn -0.836758 0.542844 -0.071807
vn 0.028985 0.343811 0.938592
vn 0.034157 0.362003 0.931551
vn 0.192823 0.456148 -0.868762
vn 0.944314 0.318911 0.081037
vn -0.645394 0.761840 -0.055386
vn 0.041986 0.456150 0.888912
vn 0.096390 0.292959 -0.951254
vn 0.962171 0.259632 0.082570
vn -0.777190 0.625722 -0.066696
vn -0.067092 0.292960 0.953768
vn 0.026016 0.180927 -0.983152
vn 0.903452 0.421619 0.077531
vn -0.991336 0.100082 -0.085073
vn -0.141871 0.180927 0.973210
vn 0.013031 0.140117 -0.990049
vn 0.899829 0.429354 0.077220
vn -0.995879 -0.030352 -0.085463
vn -0.155842 0.140117 0.977794
vn 0.009509 0.153009 -0.988179
vn 0.961314 0.262810 0.082496
vn -0.988600 0.124386 -0.084838
vn -0.158994 0.153008 0.975351
vn 0.120206 0.191003 -0.974201
vn 0.994268 0.064424 0.085324
vn -0.904772 0.418760 -0.077644
vn -0.047534 0.191004 0.980438
vn -0.061319 -0.998104 -0.005262
vn -0.061319 -0.998104 -0.005262
vn -0.061319 -0.998104 -0.005262
vn -0.061319 -0.998104 -0.005262
vn 0.676512 0.088439 -0.731102
vn -0.523891 0.270568 -0.807670
vn -0.653840 0.270568 0.706602
vn 0.542057 0.088440 0.835675
vn -0.324441 -0.124932 0.937619
vn -0.559677 -0.131751 0.818170
vn -0.224934 -0.917214 0.328822
vn -0.136295 -0.908999 0.393884
vn -0.778480 -0.141980 0.611401
vn -0.293636 -0.927682 0.230615
vn -0.941193 -0.152271 0.301613
vn -0.334147 -0.936419 0.107080
vn -0.984008 -0.156835 -0.084444
vn -0.340417 -0.939821 -0.029213
vn -0.876042 -0.152270 -0.457563
vn -0.311018 -0.936418 -0.162447
vn -0.662929 -0.141974 -0.735098
vn -0.250053 -0.927681 -0.277275
vn -0.412095 -0.131755 -0.901564
vn -0.165621 -0.917214 -0.362338
vn -0.159948 -0.124933 -0.979187
vn -0.067193 -0.908999 -0.411346
vn 0.084857 -0.122579 -0.988824
vn 0.036206 -0.905919 -0.421901
vn 0.324442 -0.124927 -0.937620
vn 0.136295 -0.908999 -0.393885
vn 0.559676 -0.131752 -0.818171
vn 0.224935 -0.917213 -0.328824
vn 0.778481 -0.141978 -0.611400
vn 0.293637 -0.927682 -0.230616
vn 0.941192 -0.152273 -0.301613
vn 0.334144 -0.936420 -0.107080
vn 0.984008 -0.156835 0.084444
vn 0.340418 -0.939820 0.029213
vn 0.876043 -0.152268 0.457563
vn 0.311018 -0.936418 0.162447
vn 0.662929 -0.141976 0.735097
vn 0.250051 -0.927683 0.277272
vn 0.412097 -0.131755 0.901563
vn 0.165622 -0.917213 0.362339
vn 0.159949 -0.124927 0.979188
vn 0.067193 -0.908999 0.411347
vn -0.084855 -0.122586 0.988824
vn -0.036205 -0.905919 0.421900
vn -0.150044 -0.964041 0.219345
vn -0.091370 -0.960169 0.264059
vn -0.194640 -0.968890 0.152865
vn -0.220326 -0.972868 0.070605
vn -0.224000 -0.974400 -0.019223
vn -0.205076 -0.972867 -0.107112
vn -0.165751 -0.968890 -0.183793
vn -0.110479 -0.964041 -0.241703
vn -0.045046 -0.960169 -0.275766
vn 0.024318 -0.958703 -0.283368
vn 0.091372 -0.960169 -0.264059
vn 0.150045 -0.964040 -0.219347
vn 0.194641 -0.968890 -0.152865
vn 0.220325 -0.972868 -0.070605
vn 0.224001 -0.974399 0.019223
vn 0.205076 -0.972867 0.107112
vn 0.165749 -0.968890 0.183792
vn 0.110479 -0.964040 0.241703
vn 0.045045 -0.960169 0.275766
vn -0.024318 -0.958703 0.283368
vn -0.564456 0.022167 0.825166
vn -0.326927 0.020999 0.944816
vn -0.786225 0.023921 0.617477
vn -0.951983 0.025692 0.305071
vn -0.995989 0.026481 -0.085472
vn -0.886086 0.025693 -0.462808
vn -0.669525 0.023921 -0.742404
vn -0.415613 0.022166 -0.909271
vn -0.161178 0.020999 -0.986702
vn 0.085484 0.020599 -0.996127
vn 0.326934 0.020998 -0.944814
vn 0.564455 0.022166 -0.825166
vn 0.786225 0.023922 -0.617477
vn 0.951983 0.025692 -0.305069
vn 0.995989 0.026481 0.085472
vn 0.886087 0.025693 0.462806
vn 0.669525 0.023921 0.742404
vn 0.415612 0.022166 0.909272
vn 0.161171 0.020998 0.986703
vn -0.085484 0.020599 0.996127
vn -0.564439 -0.023508 0.825140
vn -0.326918 -0.022269 0.944790
vn -0.786196 -0.025369 0.617456
vn -0.951943 -0.027248 0.305060
vn -0.995945 -0.028085 -0.085468
vn -0.886049 -0.027245 -0.462790
vn -0.669501 -0.025368 -0.742378
vn -0.415601 -0.023509 -0.909243
vn -0.161172 -0.022270 -0.986675
vn 0.085482 -0.021847 -0.996100
vn 0.326924 -0.022270 -0.944788
vn 0.564438 -0.023509 -0.825141
vn 0.786197 -0.025368 -0.617456
vn 0.951944 -0.027246 -0.305057
vn 0.995945 -0.028085 0.085468
vn 0.886051 -0.027247 0.462787
vn 0.669501 -0.025369 0.742378
vn 0.415600 -0.023508 0.909244
vn 0.161167 -0.022270 0.986676
vn -0.085482 -0.021846 0.996100
vn -0.000000 1.000000 -0.000000
vn -0.000000 1.000000 -0.000000
vn -0.000000 1.000000 -0.000000
vn -0.000000 1.000000 -0.000000
vn -0.000000 1.000000 -0.000000
vn -0.000000 1.000000 -0.000000
vn -0.000000 1.000000 -0.000000
vn -0.000000 1.000000 -0.000000
vn -0.000000 1.000000 -0.000000
vn -0.000000 1.000000 -0.000000
vn -0.000000 1.000000 -0.000000
vn -0.000000 1.000000 -0.000000
vn -0.000000 1.000000 -0.000000
vn -0.000000 1.000000 -0.000000
vn -0.000000 1.000000 -0.000000
vn -0.000000 1.000000 -0.000000
vn -0.000000 1.000000 -0.000000
vn -0.000000 1.000000 -0.000000
vn -0.000000 1.000000 -0.000000
vn -0.000000 1.000000 -0.000000
vn 0.000002 -1.000000 0.000000
vn -0.324441 -0.124932 0.937619
vn -0.559677 -0.131751 0.818170
vn -0.224934 -0.917214 0.328822
vn -0.136295 -0.908999 0.393884
vn -0.778480 -0.141980 0.611400
vn -0.293636 -0.927682 0.230615
vn -0.941192 -0.152271 0.301613
vn -0.334147 -0.936419 0.107081
vn -0.984008 -0.156834 -0.084444
vn -0.340418 -0.939820 -0.029213
vn -0.876043 -0.152271 -0.457562
vn -0.311017 -0.936418 -0.162446
vn -0.662929 -0.141980 -0.735097
vn -0.250051 -0.927682 -0.277272
vn -0.412094 -0.131760 -0.901564
vn -0.165620 -0.917214 -0.362337
vn -0.159948 -0.124933 -0.979187
vn -0.067193 -0.908999 -0.411346
vn 0.084857 -0.122579 -0.988824
vn 0.036206 -0.905919 -0.421901
vn 0.324442 -0.124927 -0.937620
vn 0.136295 -0.908999 -0.393885
vn 0.559677 -0.131748 -0.818171
vn 0.224933 -0.917214 -0.328822
vn 0.778481 -0.141973 -0.611401
vn 0.293635 -0.927683 -0.230614
vn 0.941192 -0.152272 -0.301613
vn 0.334144 -0.936419 -0.107080
vn 0.984008 -0.156835 0.084444
vn 0.340418 -0.939820 0.029213
vn 0.876042 -0.152269 0.457563
vn 0.311018 -0.936418 0.162447
vn 0.662928 -0.141985 0.735096
vn 0.250050 -0.927683 0.277271
vn 0.412097 -0.131764 0.901562
vn 0.165622 -0.917213 0.362338
vn 0.159949 -0.124927 0.979188
vn 0.067193 -0.908998 0.411348
vn -0.084855 -0.122586 0.988824
vn -0.036205 -0.905919 0.421900
vn -0.150044 -0.964041 0.219345
vn -0.091370 -0.960169 0.264059
vn -0.194640 -0.968890 0.152865
vn -0.220326 -0.972868 0.070605
vn -0.224000 -0.974400 -0.019223
vn -0.205075 -0.972868 -0.107111
vn -0.165749 -0.968890 -0.183792
vn -0.110479 -0.964040 -0.241703
vn -0.045046 -0.960169 -0.275766
vn 0.024318 -0.958703 -0.283368
vn 0.091372 -0.960169 -0.264059
vn 0.150044 -0.964041 -0.219345
vn 0.194639 -0.968890 -0.152864
vn 0.220325 -0.972868 -0.070605
vn 0.224001 -0.974399 0.019223
vn 0.205076 -0.972867 0.107112
vn 0.165749 -0.968890 0.183792
vn 0.110479 -0.964040 0.241704
vn 0.045045 -0.960169 0.275766
vn -0.024318 -0.958703 0.283368
vn -0.564455 0.022167 0.825166
vn -0.326927 0.020999 0.944816
vn -0.786224 0.023921 0.617479
vn -0.951983 0.025692 0.305071
vn -0.995989 0.026481 -0.085472
vn -0.886086 0.025693 -0.462808
vn -0.669524 0.023921 -0.742405
vn -0.415612 0.022166 -0.909272
vn -0.161178 0.020999 -0.986702
vn 0.085484 0.020599 -0.996127
vn 0.326933 0.020998 -0.944814
vn 0.564456 0.022166 -0.825166
vn 0.786226 0.023922 -0.617476
vn 0.951983 0.025692 -0.305069
vn 0.995989 0.026481 0.085472
vn 0.886087 0.025693 0.462806
vn 0.669526 0.023921 0.742403
vn 0.415613 0.022166 0.909271
vn 0.161171 0.020998 0.986703
vn -0.085484 0.020599 0.996127
vn -0.564438 -0.023508 0.825141
vn -0.326918 -0.022269 0.944790
vn -0.786196 -0.025369 0.617457
vn -0.951943 -0.027248 0.305060
vn -0.995945 -0.028085 -0.085468
vn -0.886049 -0.027245 -0.462790
vn -0.669500 -0.025367 -0.742379
vn -0.415600 -0.023508 -0.909244
vn -0.161173 -0.022270 -0.986675
vn 0.085482 -0.021847 -0.996100
vn 0.326923 -0.022270 -0.944789
vn 0.564439 -0.023509 -0.825140
vn 0.786198 -0.025368 -0.617454
vn 0.951944 -0.027246 -0.305057
vn 0.995945 -0.028085 0.085468
vn 0.886051 -0.027247 0.462787
vn 0.669502 -0.025369 0.742377
vn 0.415601 -0.023508 0.909243
vn 0.161166 -0.022269 0.986676
vn -0.085482 -0.021846 0.996100
vn -0.000000 1.000000 -0.000000
vn -0.000000 1.000000 -0.000000
vn -0.000000 1.000000 -0.000000
vn -0.000000 1.000000 -0.000000
vn -0.000000 1.000000 -0.000000
vn -0.000000 1.000000 -0.000000
vn -0.000000 1.000000 -0.000000
vn -0.000000 1.000000 -0.000000
vn -0.000000 1.000000 -0.000000
vn -0.000000 1.000000 -0.000000
vn -0.000000 1.000000 -0.000000
vn -0.000000 1.000000 -0.000000
vn -0.000000 1.000000 -0.000000
vn -0.000000 1.000000 -0.000000
vn -0.000000 1.000000 -0.000000
vn -0.000000 1.000000 -0.000000
vn -0.000000 1.000000 -0.000000
vn -0.000000 1.000000 -0.000000
vn -0.000000 1.000000 -0.000000
vn -0.000000 1.000000 -0.000000
vn 0.000002 -1.000000 0.000000
vn -0.324442 -0.124923 0.937620
vn -0.559678 -0.131755 0.818170
vn -0.224934 -0.917214 0.328822
vn -0.136295 -0.908999 0.393884
vn -0.778479 -0.141985 0.611401
vn -0.293637 -0.927682 0.230616
vn -0.941192 -0.152272 0.301614
vn -0.334147 -0.936419 0.107081
vn -0.984008 -0.156833 -0.084444
vn -0.340415 -0.939821 -0.029213
vn -0.876042 -0.152270 -0.457562
vn -0.311017 -0.936419 -0.162446
vn -0.662928 -0.141981 -0.735097
vn -0.250052 -0.927682 -0.277274
vn -0.412097 -0.131749 -0.901564
vn -0.165622 -0.917213 -0.362339
vn -0.159949 -0.124918 -0.979189
vn -0.067193 -0.908999 -0.411347
vn 0.084858 -0.122573 -0.988825
vn 0.036206 -0.905919 -0.421901
vn 0.324443 -0.124919 -0.937620
vn 0.136295 -0.908999 -0.393884
vn 0.559678 -0.131752 -0.818170
vn 0.224934 -0.917213 -0.328822
vn 0.778480 -0.141983 -0.611400
vn 0.293637 -0.927682 -0.230616
vn 0.941192 -0.152271 -0.301614
vn 0.334147 -0.936419 -0.107081
vn 0.984008 -0.156834 0.084444
vn 0.340416 -0.939821 0.029213
vn 0.876042 -0.152272 0.457563
vn 0.311017 -0.936419 0.162446
vn 0.662927 -0.141984 0.735097
vn 0.250052 -0.927682 0.277274
vn 0.412098 -0.131752 0.901563
vn 0.165622 -0.917213 0.362338
vn 0.159950 -0.124919 0.979189
vn 0.067193 -0.908999 0.411347
vn -0.084857 -0.122576 0.988825
vn -0.036206 -0.905919 0.421901
vn -0.150046 -0.964040 0.219347
vn -0.091371 -0.960169 0.264058
vn -0.194639 -0.968890 0.152865
vn -0.220327 -0.972867 0.070605
vn -0.223999 -0.974400 -0.019223
vn -0.205075 -0.972868 -0.107111
vn -0.165749 -0.968890 -0.183792
vn -0.110480 -0.964040 -0.241704
vn -0.045045 -0.960169 -0.275765
vn 0.024318 -0.958703 -0.283367
vn 0.091371 -0.960169 -0.264058
vn 0.150046 -0.964040 -0.219347
vn 0.194639 -0.968890 -0.152865
vn 0.220326 -0.972868 -0.070605
vn 0.224000 -0.974400 0.019223
vn 0.205075 -0.972867 0.107112
vn 0.165749 -0.968890 0.183793
vn 0.110480 -0.964040 0.241704
vn 0.045045 -0.960169 0.275765
vn -0.024317 -0.958703 0.283368
vn -0.564459 0.022166 0.825163
vn -0.326931 0.020998 0.944815
vn -0.786222 0.023921 0.617481
vn -0.951982 0.025692 0.305073
vn -0.995989 0.026481 -0.085472
vn -0.886086 0.025692 -0.462809
vn -0.669521 0.023921 -0.742408
vn -0.415616 0.022166 -0.909270
vn -0.161177 0.020998 -0.986702
vn 0.085484 0.020599 -0.996127
vn 0.326932 0.020998 -0.944814
vn 0.564460 0.022166 -0.825163
vn 0.786224 0.023921 -0.617478
vn 0.951983 0.025693 -0.305071
vn 0.995989 0.026481 0.085472
vn 0.886086 0.025692 0.462807
vn 0.669524 0.023921 0.742405
vn 0.415618 0.022166 0.909269
vn 0.161176 0.020998 0.986702
vn -0.085483 0.020599 0.996127
vn -0.564442 -0.023509 0.825138
vn -0.326922 -0.022270 0.944789
vn -0.786194 -0.025369 0.617459
vn -0.951943 -0.027248 0.305062
vn -0.995945 -0.028084 -0.085468
vn -0.886048 -0.027248 -0.462791
vn -0.669497 -0.025369 -0.742381
vn -0.415604 -0.023509 -0.909242
vn -0.161173 -0.022270 -0.986675
vn 0.085482 -0.021846 -0.996100
vn 0.326924 -0.022270 -0.944788
vn 0.564443 -0.023509 -0.825138
vn 0.786195 -0.025369 -0.617457
vn 0.951944 -0.027248 -0.305059
vn 0.995945 -0.028084 0.085468
vn 0.886050 -0.027248 0.462789
vn 0.669499 -0.025369 0.742379
vn 0.415605 -0.023509 0.909241
vn 0.161172 -0.022270 0.986675
vn -0.085481 -0.021846 0.996100
vn 0.000000 1.000000 0.000000
vn 0.000000 1.000000 0.000000
vn 0.000000 1.000000 0.000000
vn 0.000000 1.000000 0.000000
vn 0.000000 1.000000 0.000000
vn 0.000000 1.000000 0.000000
vn 0.000000 1.000000 0.000000
vn 0.000000 1.000000 0.000000
vn 0.000000 1.000000 0.000000
vn 0.000000 1.000000 0.000000
vn 0.000000 1.000000 0.000000
vn 0.000000 1.000000 0.000000
vn 0.000000 1.000000 0.000000
vn 0.000000 1.000000 0.000000
vn 0.000000 1.000000 0.000000
vn 0.000000 1.000000 0.000000
vn 0.000000 1.000000 0.000000
vn 0.000000 1.000000 0.000000
vn 0.000000 1.000000 0.000000
vn 0.000000 1.000000 0.000000
vn -0.000003 -1.000000 0.000004
vn -0.324442 -0.124923 0.937620
vn -0.559678 -0.131755 0.818170
vn -0.224934 -0.917214 0.328822
vn -0.136295 -0.908999 0.393884
vn -0.778479 -0.141985 0.611401
vn -0.293637 -0.927682 0.230616
vn -0.941192 -0.152272 0.301614
vn -0.334147 -0.936418 0.107080
vn -0.984008 -0.156834 -0.084444
vn -0.340415 -0.939821 -0.029213
vn -0.876042 -0.152270 -0.457563
vn -0.311017 -0.936419 -0.162446
vn -0.662928 -0.141980 -0.735098
vn -0.250052 -0.927682 -0.277274
vn -0.412097 -0.131749 -0.901564
vn -0.165622 -0.917213 -0.362339
vn -0.159949 -0.124918 -0.979189
vn -0.067193 -0.908999 -0.411347
vn 0.084858 -0.122573 -0.988825
vn 0.036206 -0.905919 -0.421901
vn 0.324443 -0.124918 -0.937621
vn 0.136295 -0.908999 -0.393884
vn 0.559678 -0.131751 -0.818170
vn 0.224934 -0.917213 -0.328822
vn 0.778480 -0.141983 -0.611400
vn 0.293637 -0.927682 -0.230616
vn 0.941192 -0.152271 -0.301614
vn 0.334147 -0.936419 -0.107081
vn 0.984009 -0.156833 0.084444
vn 0.340416 -0.939821 0.029213
vn 0.876042 -0.152272 0.457563
vn 0.311017 -0.936419 0.162446
vn 0.662928 -0.141985 0.735097
vn 0.250052 -0.927682 0.277273
vn 0.412098 -0.131752 0.901563
vn 0.165622 -0.917213 0.362338
vn 0.159950 -0.124919 0.979189
vn 0.067193 -0.908999 0.411347
vn -0.084857 -0.122576 0.988825
vn -0.036206 -0.905919 0.421901
vn -0.150046 -0.964040 0.219347
vn -0.091371 -0.960169 0.264058
vn -0.194639 -0.968890 0.152865
vn -0.220327 -0.972867 0.070605
vn -0.223999 -0.974400 -0.019223
vn -0.205075 -0.972868 -0.107111
vn -0.165749 -0.968890 -0.183792
vn -0.110481 -0.964040 -0.241704
vn -0.045045 -0.960169 -0.275764
vn 0.024318 -0.958703 -0.283368
vn 0.091371 -0.960169 -0.264058
vn 0.150046 -0.964040 -0.219347
vn 0.194640 -0.968890 -0.152865
vn 0.220326 -0.972868 -0.070605
vn 0.224000 -0.974400 0.019223
vn 0.205075 -0.972867 0.107112
vn 0.165749 -0.968890 0.183793
vn 0.110480 -0.964040 0.241704
vn 0.045045 -0.960169 0.275765
vn -0.024317 -0.958703 0.283368
vn -0.564460 0.022166 0.825163
vn -0.326931 0.020998 0.944815
vn -0.786223 0.023921 0.617479
vn -0.951982 0.025692 0.305073
vn -0.995989 0.026481 -0.085472
vn -0.886086 0.025692 -0.462809
vn -0.669522 0.023921 -0.742407
vn -0.415617 0.022166 -0.909269
vn -0.161177 0.020998 -0.986702
vn 0.085484 0.020599 -0.996127
vn 0.326933 0.020998 -0.944814
vn 0.564459 0.022166 -0.825163
vn 0.786223 0.023921 -0.617480
vn 0.951983 0.025693 -0.305071
vn 0.995989 0.026481 0.085472
vn 0.886086 0.025692 0.462807
vn 0.669522 0.023921 0.742407
vn 0.415617 0.022166 0.909270
vn 0.161177 0.020998 0.986702
vn -0.085483 0.020599 0.996127
vn -0.564443 -0.023509 0.825137
vn -0.326922 -0.022270 0.944789
vn -0.786195 -0.025369 0.617458
vn -0.951943 -0.027248 0.305062
vn -0.995945 -0.028084 -0.085468
vn -0.886048 -0.027248 -0.462791
vn -0.669498 -0.025369 -0.742380
vn -0.415605 -0.023509 -0.909241
vn -0.161173 -0.022270 -0.986675
vn 0.085482 -0.021846 -0.996100
vn 0.326924 -0.022270 -0.944788
vn 0.564442 -0.023508 -0.825138
vn 0.786194 -0.025369 -0.617458
vn 0.951944 -0.027248 -0.305059
vn 0.995945 -0.028084 0.085468
vn 0.886050 -0.027248 0.462789
vn 0.669498 -0.025369 0.742381
vn 0.415604 -0.023509 0.909242
vn 0.161173 -0.022270 0.986675
vn -0.085481 -0.021846 0.996100
vn 0.000000 1.000000 0.000000
vn 0.000000 1.000000 0.000000
vn 0.000000 1.000000 0.000000
vn 0.000000 1.000000 0.000000
vn 0.000000 1.000000 0.000000
vn 0.000000 1.000000 0.000000
vn 0.000000 1.000000 0.000000
vn 0.000000 1.000000 0.000000
vn 0.000000 1.000000 0.000000
vn 0.000000 1.000000 0.000000
vn 0.000000 1.000000 0.000000
vn 0.000000 1.000000 0.000000
vn 0.000000 1.000000 0.000000
vn 0.000000 1.000000 0.000000
vn 0.000000 1.000000 0.000000
vn 0.000000 1.000000 0.000000
vn 0.000000 1.000000 0.000000
vn 0.000000 1.000000 0.000000
vn 0.000000 1.000000 0.000000
vn 0.000000 1.000000 0.000000
vn -0.000003 -1.000000 0.000004
vn -0.324442 -0.124925 0.937620
vn -0.559676 -0.131764 0.818169
vn -0.224934 -0.917214 0.328822
vn -0.136295 -0.908999 0.393883
vn -0.778479 -0.141990 0.611399
vn -0.293639 -0.927681 0.230617
vn -0.941192 -0.152272 0.301613
vn -0.334148 -0.936418 0.107081
vn -0.984008 -0.156833 -0.084444
vn -0.340415 -0.939821 -0.029213
vn -0.876044 -0.152262 -0.457562
vn -0.311017 -0.936419 -0.162446
vn -0.662928 -0.141987 -0.735096
vn -0.250053 -0.927681 -0.277275
vn -0.412094 -0.131770 -0.901563
vn -0.165621 -0.917214 -0.362338
vn -0.159949 -0.124924 -0.979189
vn -0.067193 -0.908999 -0.411346
vn 0.084858 -0.122570 -0.988825
vn 0.036206 -0.905918 -0.421903
vn 0.324442 -0.124920 -0.937620
vn 0.136295 -0.908999 -0.393885
vn 0.559676 -0.131755 -0.818170
vn 0.224933 -0.917214 -0.328822
vn 0.778480 -0.141983 -0.611400
vn 0.293637 -0.927682 -0.230616
vn 0.941193 -0.152270 -0.301613
vn 0.334146 -0.936419 -0.107081
vn 0.984009 -0.156831 0.084444
vn 0.340414 -0.939822 0.029213
vn 0.876041 -0.152276 0.457563
vn 0.311017 -0.936419 0.162446
vn 0.662927 -0.141993 0.735095
vn 0.250053 -0.927681 0.277274
vn 0.412097 -0.131759 0.901563
vn 0.165621 -0.917214 0.362336
vn 0.159949 -0.124927 0.979188
vn 0.067192 -0.909000 0.411345
vn -0.084856 -0.122579 0.988824
vn -0.036206 -0.905919 0.421901
vn -0.150045 -0.964040 0.219346
vn -0.091370 -0.960169 0.264058
vn -0.194643 -0.968889 0.152867
vn -0.220327 -0.972867 0.070605
vn -0.223998 -0.974400 -0.019223
vn -0.205074 -0.972868 -0.107111
vn -0.165751 -0.968889 -0.183794
vn -0.110479 -0.964040 -0.241704
vn -0.045046 -0.960169 -0.275765
vn 0.024318 -0.958703 -0.283369
vn 0.091372 -0.960169 -0.264059
vn 0.150044 -0.964040 -0.219346
vn 0.194641 -0.968890 -0.152866
vn 0.220325 -0.972868 -0.070605
vn 0.223997 -0.974400 0.019223
vn 0.205075 -0.972867 0.107112
vn 0.165752 -0.968889 0.183795
vn 0.110478 -0.964041 0.241702
vn 0.045044 -0.960169 0.275764
vn -0.024318 -0.958703 0.283368
vn -0.564455 0.022167 0.825166
vn -0.326927 0.020999 0.944816
vn -0.786224 0.023921 0.617479
vn -0.951983 0.025692 0.305071
vn -0.995989 0.026481 -0.085472
vn -0.886086 0.025693 -0.462808
vn -0.669524 0.023921 -0.742405
vn -0.415612 0.022166 -0.909272
vn -0.161178 0.020998 -0.986702
vn 0.085484 0.020599 -0.996127
vn 0.326933 0.020998 -0.944814
vn 0.564456 0.022165 -0.825166
vn 0.786226 0.023921 -0.617476
vn 0.951983 0.025693 -0.305069
vn 0.995989 0.026481 0.085472
vn 0.886087 0.025692 0.462806
vn 0.669526 0.023921 0.742403
vn 0.415613 0.022166 0.909271
vn 0.161171 0.020998 0.986703
vn -0.085484 0.020599 0.996127
vn -0.564438 -0.023509 0.825141
vn -0.326918 -0.022270 0.944790
vn -0.786196 -0.025369 0.617457
vn -0.951943 -0.027248 0.305060
vn -0.995945 -0.028084 -0.085468
vn -0.886049 -0.027247 -0.462790
vn -0.669500 -0.025371 -0.742379
vn -0.415600 -0.023510 -0.909244
vn -0.161173 -0.022269 -0.986675
vn 0.085482 -0.021845 -0.996100
vn 0.326923 -0.022270 -0.944789
vn 0.564439 -0.023510 -0.825140
vn 0.786198 -0.025370 -0.617454
vn 0.951944 -0.027245 -0.305057
vn 0.995945 -0.028085 0.085468
vn 0.886051 -0.027250 0.462787
vn 0.669502 -0.025369 0.742377
vn 0.415600 -0.023509 0.909243
vn 0.161166 -0.022270 0.986676
vn -0.085482 -0.021846 0.996100
vn -0.000000 1.000000 -0.000000
vn -0.000000 1.000000 -0.000000
vn -0.000000 1.000000 -0.000000
vn -0.000000 1.000000 -0.000000
vn -0.000000 1.000000 -0.000000
vn -0.000000 1.000000 -0.000000
vn -0.000000 1.000000 -0.000000
vn -0.000000 1.000000 -0.000000
vn -0.000000 1.000000 -0.000000
vn -0.000000 1.000000 -0.000000
vn -0.000000 1.000000 -0.000000
vn -0.000000 1.000000 -0.000000
vn -0.000000 1.000000 -0.000000
vn -0.000000 1.000000 -0.000000
vn -0.000000 1.000000 -0.000000
vn -0.000000 1.000000 -0.000000
vn -0.000000 1.000000 -0.000000
vn -0.000000 1.000000 -0.000000
vn -0.000000 1.000000 -0.000000
vn -0.000000 1.000000 -0.000000
vn 0.000004 -1.000000 0.000000
vn -0.324442 -0.124925 0.937620
vn -0.559676 -0.131764 0.818169
vn -0.224934 -0.917214 0.328822
vn -0.136295 -0.908999 0.393883
vn -0.778479 -0.141990 0.611400
vn -0.293640 -0.927680 0.230618
vn -0.941192 -0.152272 0.301613
vn -0.334147 -0.936419 0.107080
vn -0.984008 -0.156835 -0.084444
vn -0.340413 -0.939822 -0.029213
vn -0.876042 -0.152271 -0.457562
vn -0.311018 -0.936418 -0.162447
vn -0.662927 -0.141991 -0.735096
vn -0.250054 -0.927681 -0.277276
vn -0.412094 -0.131768 -0.901563
vn -0.165621 -0.917214 -0.362338
vn -0.159949 -0.124924 -0.979189
vn -0.067193 -0.908999 -0.411346
vn 0.084858 -0.122570 -0.988825
vn 0.036206 -0.905918 -0.421903
vn 0.324442 -0.124920 -0.937620
vn 0.136294 -0.908999 -0.393883
vn 0.559676 -0.131756 -0.818170
vn 0.224933 -0.917214 -0.328822
vn 0.778480 -0.141985 -0.611399
vn 0.293638 -0.927681 -0.230617
vn 0.941193 -0.152269 -0.301613
vn 0.334147 -0.936419 -0.107081
vn 0.984009 -0.156829 0.084444
vn 0.340414 -0.939822 0.029213
vn 0.876042 -0.152275 0.457563
vn 0.311017 -0.936419 0.162446
vn 0.662928 -0.141993 0.735095
vn 0.250053 -0.927681 0.277274
vn 0.412097 -0.131767 0.901562
vn 0.165621 -0.917214 0.362336
vn 0.159949 -0.124935 0.979187
vn 0.067192 -0.909000 0.411344
vn -0.084856 -0.122579 0.988824
vn -0.036206 -0.905919 0.421901
vn -0.150045 -0.964040 0.219346
vn -0.091370 -0.960169 0.264058
vn -0.194643 -0.968889 0.152867
vn -0.220325 -0.972868 0.070605
vn -0.223996 -0.974400 -0.019223
vn -0.205076 -0.972867 -0.107111
vn -0.165752 -0.968889 -0.183795
vn -0.110479 -0.964040 -0.241703
vn -0.045046 -0.960169 -0.275765
vn 0.024318 -0.958703 -0.283369
vn 0.091371 -0.960169 -0.264058
vn 0.150044 -0.964041 -0.219346
vn 0.194642 -0.968889 -0.152866
vn 0.220325 -0.972868 -0.070605
vn 0.223997 -0.974400 0.019223
vn 0.205075 -0.972867 0.107112
vn 0.165752 -0.968889 0.183795
vn 0.110479 -0.964041 0.241702
vn 0.045044 -0.960169 0.275765
vn -0.024318 -0.958703 0.283368
vn -0.564456 0.022167 0.825166
vn -0.326926 0.020999 0.944816
vn -0.786225 0.023921 0.617477
vn -0.951983 0.025692 0.305071
vn -0.995989 0.026481 -0.085472
vn -0.886086 0.025693 -0.462808
vn -0.669525 0.023921 -0.742404
vn -0.415613 0.022166 -0.909271
vn -0.161178 0.020998 -0.986702
vn 0.085484 0.020599 -0.996127
vn 0.326934 0.020998 -0.944814
vn 0.564455 0.022165 -0.825166
vn 0.786225 0.023921 -0.617477
vn 0.951983 0.025693 -0.305069
vn 0.995989 0.026481 0.085472
vn 0.886087 0.025692 0.462806
vn 0.669525 0.023921 0.742404
vn 0.415612 0.022166 0.909272
vn 0.161171 0.020998 0.986703
vn -0.085484 0.020599 0.996127
vn -0.564439 -0.023509 0.825140
vn -0.326918 -0.022270 0.944790
vn -0.786197 -0.025369 0.617456
vn -0.951943 -0.027248 0.305060
vn -0.995945 -0.028084 -0.085468
vn -0.886049 -0.027247 -0.462790
vn -0.669501 -0.025371 -0.742378
vn -0.415601 -0.023510 -0.909243
vn -0.161172 -0.022269 -0.986675
vn 0.085482 -0.021845 -0.996100
vn 0.326924 -0.022270 -0.944788
vn 0.564438 -0.023510 -0.825141
vn 0.786197 -0.025370 -0.617456
vn 0.951944 -0.027245 -0.305057
vn 0.995945 -0.028085 0.085468
vn 0.886051 -0.027250 0.462787
vn 0.669501 -0.025369 0.742378
vn 0.415600 -0.023509 0.909244
vn 0.161167 -0.022270 0.986676
vn -0.085482 -0.021846 0.996100
vn -0.000000 1.000000 -0.000000
vn -0.000000 1.000000 -0.000000
vn -0.000000 1.000000 -0.000000
vn -0.000000 1.000000 -0.000000
vn -0.000000 1.000000 -0.000000
vn -0.000000 1.000000 -0.000000
vn -0.000000 1.000000 -0.000000
vn -0.000000 1.000000 -0.000000
vn -0.000000 1.000000 -0.000000
vn -0.000000 1.000000 -0.000000
vn -0.000000 1.000000 -0.000000
vn -0.000000 1.000000 -0.000000
vn -0.000000 1.000000 -0.000000
vn -0.000000 1.000000 -0.000000
vn -0.000000 1.000000 -0.000000
vn -0.000000 1.000000 -0.000000
vn -0.000000 1.000000 -0.000000
vn -0.000000 1.000000 -0.000000
vn -0.000000 1.000000 -0.000000
vn -0.000000 1.000000 -0.000000
vn 0.000004 -1.000000 0.000000
s off
g Board4
usemtl initialShadingGroup
f 4041/5241/4921 4042/5242/4922 4044/5244/4923 4043/5243/4924
f 4043/5243/4925 4044/5244/4926 4046/5246/4927 4045/5245/4928
f 4045/5245/4929 4046/5246/4930 4048/5248/4931 4047/5247/4932
f 4047/5247/4933 4048/5248/4934 4042/5250/4935 4041/5249/4936
f 4042/5242/4937 4048/5251/4938 4046/5252/4939 4044/5244/4940
f 4047/5253/4941 4041/5241/4942 4043/5243/4943 4045/5254/4944
s 1
f 4049/5255/4945 4050/5256/4946 4054/5257/4947 4053/5258/4948
f 4050/5256/4946 4051/5259/4949 4055/5260/4950 4054/5257/4947
f 4051/5259/4949 4052/5261/4951 4056/5262/4952 4055/5260/4950
f 4052/5261/4951 4049/5263/4945 4053/5264/4948 4056/5262/4952
f 4053/5258/4948 4054/5257/4947 4058/5265/4953 4057/5266/4954
f 4054/5257/4947 4055/5260/4950 4059/5267/4955 4058/5265/4953
f 4055/5260/4950 4056/5262/4952 4060/5268/4956 4059/5267/4955
f 4056/5262/4952 4053/5264/4948 4057/5269/4954 4060/5268/4956
f 4057/5266/4954 4058/5265/4953 4062/5270/4957 4061/5271/4958
f 4058/5265/4953 4059/5267/4955 4063/5272/4959 4062/5270/4957
f 4059/5267/4955 4060/5268/4956 4064/5273/4960 4063/5272/4959
f 4060/5268/4956 4057/5269/4954 4061/5274/4958 4064/5273/4960
f 4061/5271/4958 4062/5270/4957 4066/5275/4961 4065/5276/4962
f 4062/5270/4957 4063/5272/4959 4067/5277/4963 4066/5275/4961
f 4063/5272/4959 4064/5273/4960 4068/5278/4964 4067/5277/4963
f 4064/5273/4960 4061/5274/4958 4065/5279/4962 4068/5278/4964
f 4065/5276/4962 4066/5275/4961 4070/5280/4965 4069/5281/4966
f 4066/5275/4961 4067/5277/4963 4071/5282/4967 4070/5280/4965
f 4067/5277/4963 4068/5278/4964 4072/5283/4968 4071/5282/4967
f 4068/5278/4964 4065/5279/4962 4069/5284/4966 4072/5283/4968
f 4069/5281/4966 4070/5280/4965 4074/5285/4969 4073/5286/4970
f 4070/5280/4965 4071/5282/4967 4075/5287/4971 4074/5285/4969
f 4071/5282/4967 4072/5283/4968 4076/5288/4972 4075/5287/4971
f 4072/5283/4968 4069/5284/4966 4073/5289/4970 4076/5288/4972
f 4073/5286/4970 4074/5285/4969 4078/5290/4973 4077/5291/4974
f 4074/5285/4969 4075/5287/4971 4079/5292/4975 4078/5290/4973
f 4075/5287/4971 4076/5288/4972 4080/5293/4976 4079/5292/4975
f 4076/5288/4972 4073/5289/4970 4077/5294/4974 4080/5293/4976
s off
f 4049/5295/4977 4052/5296/4978 4051/5297/4979 4050/5298/4980
s 1
f 4077/5291/4974 4078/5290/4973 4081/5299/4981
f 4078/5290/4973 4079/5292/4975 4081/5299/4982
f 4079/5292/4975 4080/5293/4976 4081/5299/4983
f 4080/5293/4976 4077/5294/4974 4081/5299/4984
s 2
f 4082/5300/4985 4083/5301/4986 4087/5302/4987 4086/5303/4988
f 4083/5301/4986 4084/5304/4989 4088/5305/4990 4087/5302/4987
f 4084/5304/4989 4085/5306/4991 4089/5307/4992 4088/5305/4990
f 4085/5306/4991 4082/5308/4985 4086/5309/4988 4089/5307/4992
f 4086/5303/4988 4087/5302/4987 4091/5310/4993 4090/5311/4994
f 4087/5302/4987 4088/5305/4990 4092/5312/4995 4091/5310/4993
f 4088/5305/4990 4089/5307/4992 4093/5313/4996 4092/5312/4995
f 4089/5307/4992 4086/5309/4988 4090/5314/4994 4093/5313/4996
f 4090/5311/4994 4091/5310/4993 4095/5315/4997 4094/5316/4998
f 4091/5310/4993 4092/5312/4995 4096/5317/4999 4095/5315/4997
f 4092/5312/4995 4093/5313/4996 4097/5318/5000 4096/5317/4999
f 4093/5313/4996 4090/5314/4994 4094/5319/4998 4097/5318/5000
f 4094/5316/4998 4095/5315/4997 4099/5320/5001 4098/5321/5002
f 4095/5315/4997 4096/5317/4999 4100/5322/5003 4099/5320/5001
f 4096/5317/4999 4097/5318/5000 4101/5323/5004 4100/5322/5003
f 4097/5318/5000 4094/5319/4998 4098/5324/5002 4101/5323/5004
f 4098/5321/5002 4099/5320/5001 4103/5325/5005 4102/5326/5006
f 4099/5320/5001 4100/5322/5003 4104/5327/5007 4103/5325/5005
f 4100/5322/5003 4101/5323/5004 4105/5328/5008 4104/5327/5007
f 4101/5323/5004 4098/5324/5002 4102/5329/5006 4105/5328/5008
f 4102/5326/5006 4103/5325/5005 4107/5330/5009 4106/5331/5010
f 4103/5325/5005 4104/5327/5007 4108/5332/5011 4107/5330/5009
f 4104/5327/5007 4105/5328/5008 4109/5333/5012 4108/5332/5011
f 4105/5328/5008 4102/5329/5006 4106/5334/5010 4109/5333/5012
f 4106/5331/5010 4107/5330/5009 4111/5335/5013 4110/5336/5014
f 4107/5330/5009 4108/5332/5011 4112/5337/5015 4111/5335/5013
f 4108/5332/5011 4109/5333/5012 4113/5338/5016 4112/5337/5015
f 4109/5333/5012 4106/5334/5010 4110/5339/5014 4113/5338/5016
s off
f 4082/5340/5017 4085/5341/5018 4084/5342/5019 4083/5343/5020
s 2
f 4110/5336/5014 4111/5335/5013 4114/5344/5021
f 4111/5335/5013 4112/5337/5015 4114/5344/5022
f 4112/5337/5015 4113/5338/5016 4114/5344/5023
f 4113/5338/5016 4110/5339/5014 4114/5344/5024
s 3
f 4115/5345/5025 4116/5346/5026 4120/5347/5027 4119/5348/5028
f 4116/5346/5026 4117/5349/5029 4121/5350/5030 4120/5347/5027
f 4117/5349/5029 4118/5351/5031 4122/5352/5032 4121/5350/5030
f 4118/5351/5031 4115/5353/5025 4119/5354/5028 4122/5352/5032
f 4119/5348/5028 4120/5347/5027 4124/5355/5033 4123/5356/5034
f 4120/5347/5027 4121/5350/5030 4125/5357/5035 4124/5355/5033
f 4121/5350/5030 4122/5352/5032 4126/5358/5036 4125/5357/5035
f 4122/5352/5032 4119/5354/5028 4123/5359/5034 4126/5358/5036
f 4123/5356/5034 4124/5355/5033 4128/5360/5037 4127/5361/5038
f 4124/5355/5033 4125/5357/5035 4129/5362/5039 4128/5360/5037
f 4125/5357/5035 4126/5358/5036 4130/5363/5040 4129/5362/5039
f 4126/5358/5036 4123/5359/5034 4127/5364/5038 4130/5363/5040
f 4127/5361/5038 4128/5360/5037 4132/5365/5041 4131/5366/5042
f 4128/5360/5037 4129/5362/5039 4133/5367/5043 4132/5365/5041
f 4129/5362/5039 4130/5363/5040 4134/5368/5044 4133/5367/5043
f 4130/5363/5040 4127/5364/5038 4131/5369/5042 4134/5368/5044
f 4131/5366/5042 4132/5365/5041 4136/5370/5045 4135/5371/5046
f 4132/5365/5041 4133/5367/5043 4137/5372/5047 4136/5370/5045
f 4133/5367/5043 4134/5368/5044 4138/5373/5048 4137/5372/5047
f 4134/5368/5044 4131/5369/5042 4135/5374/5046 4138/5373/5048
f 4135/5371/5046 4136/5370/5045 4140/5375/5049 4139/5376/5050
f 4136/5370/5045 4137/5372/5047 4141/5377/5051 4140/5375/5049
f 4137/5372/5047 4138/5373/5048 4142/5378/5052 4141/5377/5051
f 4138/5373/5048 4135/5374/5046 4139/5379/5050 4142/5378/5052
f 4139/5376/5050 4140/5375/5049 4144/5380/5053 4143/5381/5054
f 4140/5375/5049 4141/5377/5051 4145/5382/5055 4144/5380/5053
f 4141/5377/5051 4142/5378/5052 4146/5383/5056 4145/5382/5055
f 4142/5378/5052 4139/5379/5050 4143/5384/5054 4146/5383/5056
s off
f 4115/5385/5057 4118/5386/5058 4117/5387/5059 4116/5388/5060
s 3
f 4143/5381/5054 4144/5380/5053 4147/5389/5061
f 4144/5380/5053 4145/5382/5055 4147/5389/5062
f 4145/5382/5055 4146/5383/5056 4147/5389/5063
f 4146/5383/5056 4143/5384/5054 4147/5389/5064
s 4
f 4148/5390/5065 4149/5391/5066 4153/5392/5067 4152/5393/5068
f 4149/5391/5066 4150/5394/5069 4154/5395/5070 4153/5392/5067
f 4150/5394/5069 4151/5396/5071 4155/5397/5072 4154/5395/5070
f 4151/5396/5071 4148/5398/5065 4152/5399/5068 4155/5397/5072
f 4152/5393/5068 4153/5392/5067 4157/5400/5073 4156/5401/5074
f 4153/5392/5067 4154/5395/5070 4158/5402/5075 4157/5400/5073
f 4154/5395/5070 4155/5397/5072 4159/5403/5076 4158/5402/5075
f 4155/5397/5072 4152/5399/5068 4156/5404/5074 4159/5403/5076
f 4156/5401/5074 4157/5400/5073 4161/5405/5077 4160/5406/5078
f 4157/5400/5073 4158/5402/5075 4162/5407/5079 4161/5405/5077
f 4158/5402/5075 4159/5403/5076 4163/5408/5080 4162/5407/5079
f 4159/5403/5076 4156/5404/5074 4160/5409/5078 4163/5408/5080
f 4160/5406/5078 4161/5405/5077 4165/5410/5081 4164/5411/5082
f 4161/5405/5077 4162/5407/5079 4166/5412/5083 4165/5410/5081
f 4162/5407/5079 4163/5408/5080 4167/5413/5084 4166/5412/5083
f 4163/5408/5080 4160/5409/5078 4164/5414/5082 4167/5413/5084
f 4164/5411/5082 4165/5410/5081 4169/5415/5085 4168/5416/5086
f 4165/5410/5081 4166/5412/5083 4170/5417/5087 4169/5415/5085
f 4166/5412/5083 4167/5413/5084 4171/5418/5088 4170/5417/5087
f 4167/5413/5084 4164/5414/5082 4168/5419/5086 4171/5418/5088
f 4168/5416/5086 4169/5415/5085 4173/5420/5089 4172/5421/5090
f 4169/5415/5085 4170/5417/5087 4174/5422/5091 4173/5420/5089
f 4170/5417/5087 4171/5418/5088 4175/5423/5092 4174/5422/5091
f 4171/5418/5088 4168/5419/5086 4172/5424/5090 4175/5423/5092
f 4172/5421/5090 4173/5420/5089 4177/5425/5093 4176/5426/5094
f 4173/5420/5089 4174/5422/5091 4178/5427/5095 4177/5425/5093
f 4174/5422/5091 4175/5423/5092 4179/5428/5096 4178/5427/5095
f 4175/5423/5092 4172/5424/5090 4176/5429/5094 4179/5428/5096
s off
f 4148/5430/5097 4151/5431/5098 4150/5432/5099 4149/5433/5100
s 4
f 4176/5426/5094 4177/5425/5093 4180/5434/5101
f 4177/5425/5093 4178/5427/5095 4180/5434/5102
f 4178/5427/5095 4179/5428/5096 4180/5434/5103
f 4179/5428/5096 4176/5429/5094 4180/5434/5104
s 5
f 4181/5435/5105 4182/5436/5106 4186/5437/5107 4185/5438/5108
f 4182/5436/5106 4183/5439/5109 4187/5440/5110 4186/5437/5107
f 4183/5439/5109 4184/5441/5111 4188/5442/5112 4187/5440/5110
f 4184/5441/5111 4181/5443/5105 4185/5444/5108 4188/5442/5112
f 4185/5438/5108 4186/5437/5107 4190/5445/5113 4189/5446/5114
f 4186/5437/5107 4187/5440/5110 4191/5447/5115 4190/5445/5113
f 4187/5440/5110 4188/5442/5112 4192/5448/5116 4191/5447/5115
f 4188/5442/5112 4185/5444/5108 4189/5449/5114 4192/5448/5116
f 4189/5446/5114 4190/5445/5113 4194/5450/5117 4193/5451/5118
f 4190/5445/5113 4191/5447/5115 4195/5452/5119 4194/5450/5117
f 4191/5447/5115 4192/5448/5116 4196/5453/5120 4195/5452/5119
f 4192/5448/5116 4189/5449/5114 4193/5454/5118 4196/5453/5120
f 4193/5451/5118 4194/5450/5117 4198/5455/5121 4197/5456/5122
f 4194/5450/5117 4195/5452/5119 4199/5457/5123 4198/5455/5121
f 4195/5452/5119 4196/5453/5120 4200/5458/5124 4199/5457/5123
f 4196/5453/5120 4193/5454/5118 4197/5459/5122 4200/5458/5124
f 4197/5456/5122 4198/5455/5121 4202/5460/5125 4201/5461/5126
f 4198/5455/5121 4199/5457/5123 4203/5462/5127 4202/5460/5125
f 4199/5457/5123 4200/5458/5124 4204/5463/5128 4203/5462/5127
f 4200/5458/5124 4197/5459/5122 4201/5464/5126 4204/5463/5128
f 4201/5461/5126 4202/5460/5125 4206/5465/5129 4205/5466/5130
f 4202/5460/5125 4203/5462/5127 4207/5467/5131 4206/5465/5129
f 4203/5462/5127 4204/5463/5128 4208/5468/5132 4207/5467/5131
f 4204/5463/5128 4201/5464/5126 4205/5469/5130 4208/5468/5132
f 4205/5466/5130 4206/5465/5129 4210/5470/5133 4209/5471/5134
f 4206/5465/5129 4207/5467/5131 4211/5472/5135 4210/5470/5133
f 4207/5467/5131 4208/5468/5132 4212/5473/5136 4211/5472/5135
f 4208/5468/5132 4205/5469/5130 4209/5474/5134 4212/5473/5136
s off
f 4181/5475/5137 4184/5476/5138 4183/5477/5139 4182/5478/5140
s 5
f 4209/5471/5134 4210/5470/5133 4213/5479/5141
f 4210/5470/5133 4211/5472/5135 4213/5479/5142
f 4211/5472/5135 4212/5473/5136 4213/5479/5143
f 4212/5473/5136 4209/5474/5134 4213/5479/5144
s 6
f 4214/5480/5145 4215/5481/5146 4219/5482/5147 4218/5483/5148
f 4215/5481/5146 4216/5484/5149 4220/5485/5150 4219/5482/5147
f 4216/5484/5149 4217/5486/5151 4221/5487/5152 4220/5485/5150
f 4217/5486/5151 4214/5488/5145 4218/5489/5148 4221/5487/5152
f 4218/5483/5148 4219/5482/5147 4223/5490/5153 4222/5491/5154
f 4219/5482/5147 4220/5485/5150 4224/5492/5155 4223/5490/5153
f 4220/5485/5150 4221/5487/5152 4225/5493/5156 4224/5492/5155
f 4221/5487/5152 4218/5489/5148 4222/5494/5154 4225/5493/5156
f 4222/5491/5154 4223/5490/5153 4227/5495/5157 4226/5496/5158
f 4223/5490/5153 4224/5492/5155 4228/5497/5159 4227/5495/5157
f 4224/5492/5155 4225/5493/5156 4229/5498/5160 4228/5497/5159
f 4225/5493/5156 4222/5494/5154 4226/5499/5158 4229/5498/5160
f 4226/5496/5158 4227/5495/5157 4231/5500/5161 4230/5501/5162
f 4227/5495/5157 4228/5497/5159 4232/5502/5163 4231/5500/5161
f 4228/5497/5159 4229/5498/5160 4233/5503/5164 4232/5502/5163
f 4229/5498/5160 4226/5499/5158 4230/5504/5162 4233/5503/5164
f 4230/5501/5162 4231/5500/5161 4235/5505/5165 4234/5506/5166
f 4231/5500/5161 4232/5502/5163 4236/5507/5167 4235/5505/5165
f 4232/5502/5163 4233/5503/5164 4237/5508/5168 4236/5507/5167
f 4233/5503/5164 4230/5504/5162 4234/5509/5166 4237/5508/5168
f 4234/5506/5166 4235/5505/5165 4239/5510/5169 4238/5511/5170
f 4235/5505/5165 4236/5507/5167 4240/5512/5171 4239/5510/5169
f 4236/5507/5167 4237/5508/5168 4241/5513/5172 4240/5512/5171
f 4237/5508/5168 4234/5509/5166 4238/5514/5170 4241/5513/5172
f 4238/5511/5170 4239/5510/5169 4243/5515/5173 4242/5516/5174
f 4239/5510/5169 4240/5512/5171 4244/5517/5175 4243/5515/5173
f 4240/5512/5171 4241/5513/5172 4245/5518/5176 4244/5517/5175
f 4241/5513/5172 4238/5514/5170 4242/5519/5174 4245/5518/5176
s off
f 4214/5520/5177 4217/5521/5178 4216/5522/5179 4215/5523/5180
s 6
f 4242/5516/5174 4243/5515/5173 4246/5524/5181
f 4243/5515/5173 4244/5517/5175 4246/5524/5182
f 4244/5517/5175 4245/5518/5176 4246/5524/5183
f 4245/5518/5176 4242/5519/5174 4246/5524/5184
s 7
f 4247/5525/5185 4248/5526/5186 4252/5527/5187 4251/5528/5188
f 4248/5526/5186 4249/5529/5189 4253/5530/5190 4252/5527/5187
f 4249/5529/5189 4250/5531/5191 4254/5532/5192 4253/5530/5190
f 4250/5531/5191 4247/5533/5185 4251/5534/5188 4254/5532/5192
f 4251/5528/5188 4252/5527/5187 4256/5535/5193 4255/5536/5194
f 4252/5527/5187 4253/5530/5190 4257/5537/5195 4256/5535/5193
f 4253/5530/5190 4254/5532/5192 4258/5538/5196 4257/5537/5195
f 4254/5532/5192 4251/5534/5188 4255/5539/5194 4258/5538/5196
f 4255/5536/5194 4256/5535/5193 4260/5540/5197 4259/5541/5198
f 4256/5535/5193 4257/5537/5195 4261/5542/5199 4260/5540/5197
f 4257/5537/5195 4258/5538/5196 4262/5543/5200 4261/5542/5199
f 4258/5538/5196 4255/5539/5194 4259/5544/5198 4262/5543/5200
f 4259/5541/5198 4260/5540/5197 4264/5545/5201 4263/5546/5202
f 4260/5540/5197 4261/5542/5199 4265/5547/5203 4264/5545/5201
f 4261/5542/5199 4262/5543/5200 4266/5548/5204 4265/5547/5203
f 4262/5543/5200 4259/5544/5198 4263/5549/5202 4266/5548/5204
f 4263/5546/5202 4264/5545/5201 4268/5550/5205 4267/5551/5206
f 4264/5545/5201 4265/5547/5203 4269/5552/5207 4268/5550/5205
f 4265/5547/5203 4266/5548/5204 4270/5553/5208 4269/5552/5207
f 4266/5548/5204 4263/5549/5202 4267/5554/5206 4270/5553/5208
f 4267/5551/5206 4268/5550/5205 4272/5555/5209 4271/5556/5210
f 4268/5550/5205 4269/5552/5207 4273/5557/5211 4272/5555/5209
f 4269/5552/5207 4270/5553/5208 4274/5558/5212 4273/5557/5211
f 4270/5553/5208 4267/5554/5206 4271/5559/5210 4274/5558/5212
f 4271/5556/5210 4272/5555/5209 4276/5560/5213 4275/5561/5214
f 4272/5555/5209 4273/5557/5211 4277/5562/5215 4276/5560/5213
f 4273/5557/5211 4274/5558/5212 4278/5563/5216 4277/5562/5215
f 4274/5558/5212 4271/5559/5210 4275/5564/5214 4278/5563/5216
s off
f 4247/5565/5217 4250/5566/5218 4249/5567/5219 4248/5568/5220
s 7
f 4275/5561/5214 4276/5560/5213 4279/5569/5221
f 4276/5560/5213 4277/5562/5215 4279/5569/5222
f 4277/5562/5215 4278/5563/5216 4279/5569/5223
f 4278/5563/5216 4275/5564/5214 4279/5569/5224
s 8
f 4280/5570/5225 4281/5571/5226 4285/5572/5227 4284/5573/5228
f 4281/5571/5226 4282/5574/5229 4286/5575/5230 4285/5572/5227
f 4282/5574/5229 4283/5576/5231 4287/5577/5232 4286/5575/5230
f 4283/5576/5231 4280/5578/5225 4284/5579/5228 4287/5577/5232
f 4284/5573/5228 4285/5572/5227 4289/5580/5233 4288/5581/5234
f 4285/5572/5227 4286/5575/5230 4290/5582/5235 4289/5580/5233
f 4286/5575/5230 4287/5577/5232 4291/5583/5236 4290/5582/5235
f 4287/5577/5232 4284/5579/5228 4288/5584/5234 4291/5583/5236
f 4288/5581/5234 4289/5580/5233 4293/5585/5237 4292/5586/5238
f 4289/5580/5233 4290/5582/5235 4294/5587/5239 4293/5585/5237
f 4290/5582/5235 4291/5583/5236 4295/5588/5240 4294/5587/5239
f 4291/5583/5236 4288/5584/5234 4292/5589/5238 4295/5588/5240
f 4292/5586/5238 4293/5585/5237 4297/5590/5241 4296/5591/5242
f 4293/5585/5237 4294/5587/5239 4298/5592/5243 4297/5590/5241
f 4294/5587/5239 4295/5588/5240 4299/5593/5244 4298/5592/5243
f 4295/5588/5240 4292/5589/5238 4296/5594/5242 4299/5593/5244
f 4296/5591/5242 4297/5590/5241 4301/5595/5245 4300/5596/5246
f 4297/5590/5241 4298/5592/5243 4302/5597/5247 4301/5595/5245
f 4298/5592/5243 4299/5593/5244 4303/5598/5248 4302/5597/5247
f 4299/5593/5244 4296/5594/5242 4300/5599/5246 4303/5598/5248
f 4300/5596/5246 4301/5595/5245 4305/5600/5249 4304/5601/5250
f 4301/5595/5245 4302/5597/5247 4306/5602/5251 4305/5600/5249
f 4302/5597/5247 4303/5598/5248 4307/5603/5252 4306/5602/5251
f 4303/5598/5248 4300/5599/5246 4304/5604/5250 4307/5603/5252
f 4304/5601/5250 4305/5600/5249 4309/5605/5253 4308/5606/5254
f 4305/5600/5249 4306/5602/5251 4310/5607/5255 4309/5605/5253
f 4306/5602/5251 4307/5603/5252 4311/5608/5256 4310/5607/5255
f 4307/5603/5252 4304/5604/5250 4308/5609/5254 4311/5608/5256
s off
f 4280/5610/5257 4283/5611/5258 4282/5612/5259 4281/5613/5260
s 8
f 4308/5606/5254 4309/5605/5253 4312/5614/5261
f 4309/5605/5253 4310/5607/5255 4312/5614/5262
f 4310/5607/5255 4311/5608/5256 4312/5614/5263
f 4311/5608/5256 4308/5609/5254 4312/5614/5264
s 9
f 4313/5615/5265 4314/5616/5266 4318/5617/5267 4317/5618/5268
f 4314/5616/5266 4315/5619/5269 4319/5620/5270 4318/5617/5267
f 4315/5619/5269 4316/5621/5271 4320/5622/5272 4319/5620/5270
f 4316/5621/5271 4313/5623/5265 4317/5624/5268 4320/5622/5272
f 4317/5618/5268 4318/5617/5267 4322/5625/5273 4321/5626/5274
f 4318/5617/5267 4319/5620/5270 4323/5627/5275 4322/5625/5273
f 4319/5620/5270 4320/5622/5272 4324/5628/5276 4323/5627/5275
f 4320/5622/5272 4317/5624/5268 4321/5629/5274 4324/5628/5276
f 4321/5626/5274 4322/5625/5273 4326/5630/5277 4325/5631/5278
f 4322/5625/5273 4323/5627/5275 4327/5632/5279 4326/5630/5277
f 4323/5627/5275 4324/5628/5276 4328/5633/5280 4327/5632/5279
f 4324/5628/5276 4321/5629/5274 4325/5634/5278 4328/5633/5280
f 4325/5631/5278 4326/5630/5277 4330/5635/5281 4329/5636/5282
f 4326/5630/5277 4327/5632/5279 4331/5637/5283 4330/5635/5281
f 4327/5632/5279 4328/5633/5280 4332/5638/5284 4331/5637/5283
f 4328/5633/5280 4325/5634/5278 4329/5639/5282 4332/5638/5284
f 4329/5636/5282 4330/5635/5281 4334/5640/5285 4333/5641/5286
f 4330/5635/5281 4331/5637/5283 4335/5642/5287 4334/5640/5285
f 4331/5637/5283 4332/5638/5284 4336/5643/5288 4335/5642/5287
f 4332/5638/5284 4329/5639/5282 4333/5644/5286 4336/5643/5288
f 4333/5641/5286 4334/5640/5285 4338/5645/5289 4337/5646/5290
f 4334/5640/5285 4335/5642/5287 4339/5647/5291 4338/5645/5289
f 4335/5642/5287 4336/5643/5288 4340/5648/5292 4339/5647/5291
f 4336/5643/5288 4333/5644/5286 4337/5649/5290 4340/5648/5292
f 4337/5646/5290 4338/5645/5289 4342/5650/5293 4341/5651/5294
f 4338/5645/5289 4339/5647/5291 4343/5652/5295 4342/5650/5293
f 4339/5647/5291 4340/5648/5292 4344/5653/5296 4343/5652/5295
f 4340/5648/5292 4337/5649/5290 4341/5654/5294 4344/5653/5296
s off
f 4313/5655/5297 4316/5656/5298 4315/5657/5299 4314/5658/5300
s 9
f 4341/5651/5294 4342/5650/5293 4345/5659/5301
f 4342/5650/5293 4343/5652/5295 4345/5659/5302
f 4343/5652/5295 4344/5653/5296 4345/5659/5303
f 4344/5653/5296 4341/5654/5294 4345/5659/5304
s 10
f 4346/5660/5305 4347/5661/5306 4351/5662/5307 4350/5663/5308
f 4347/5661/5306 4348/5664/5309 4352/5665/5310 4351/5662/5307
f 4348/5664/5309 4349/5666/5311 4353/5667/5312 4352/5665/5310
f 4349/5666/5311 4346/5668/5305 4350/5669/5308 4353/5667/5312
f 4350/5663/5308 4351/5662/5307 4355/5670/5313 4354/5671/5314
f 4351/5662/5307 4352/5665/5310 4356/5672/5315 4355/5670/5313
f 4352/5665/5310 4353/5667/5312 4357/5673/5316 4356/5672/5315
f 4353/5667/5312 4350/5669/5308 4354/5674/5314 4357/5673/5316
f 4354/5671/5314 4355/5670/5313 4359/5675/5317 4358/5676/5318
f 4355/5670/5313 4356/5672/5315 4360/5677/5319 4359/5675/5317
f 4356/5672/5315 4357/5673/5316 4361/5678/5320 4360/5677/5319
f 4357/5673/5316 4354/5674/5314 4358/5679/5318 4361/5678/5320
f 4358/5676/5318 4359/5675/5317 4363/5680/5321 4362/5681/5322
f 4359/5675/5317 4360/5677/5319 4364/5682/5323 4363/5680/5321
f 4360/5677/5319 4361/5678/5320 4365/5683/5324 4364/5682/5323
f 4361/5678/5320 4358/5679/5318 4362/5684/5322 4365/5683/5324
f 4362/5681/5322 4363/5680/5321 4367/5685/5325 4366/5686/5326
f 4363/5680/5321 4364/5682/5323 4368/5687/5327 4367/5685/5325
f 4364/5682/5323 4365/5683/5324 4369/5688/5328 4368/5687/5327
f 4365/5683/5324 4362/5684/5322 4366/5689/5326 4369/5688/5328
f 4366/5686/5326 4367/5685/5325 4371/5690/5329 4370/5691/5330
f 4367/5685/5325 4368/5687/5327 4372/5692/5331 4371/5690/5329
f 4368/5687/5327 4369/5688/5328 4373/5693/5332 4372/5692/5331
f 4369/5688/5328 4366/5689/5326 4370/5694/5330 4373/5693/5332
f 4370/5691/5330 4371/5690/5329 4375/5695/5333 4374/5696/5334
f 4371/5690/5329 4372/5692/5331 4376/5697/5335 4375/5695/5333
f 4372/5692/5331 4373/5693/5332 4377/5698/5336 4376/5697/5335
f 4373/5693/5332 4370/5694/5330 4374/5699/5334 4377/5698/5336
s off
f 4346/5700/5337 4349/5701/5338 4348/5702/5339 4347/5703/5340
s 10
f 4374/5696/5334 4375/5695/5333 4378/5704/5341
f 4375/5695/5333 4376/5697/5335 4378/5704/5342
f 4376/5697/5335 4377/5698/5336 4378/5704/5343
f 4377/5698/5336 4374/5699/5334 4378/5704/5344
s 11
f 4379/5705/5345 4380/5706/5346 4384/5707/5347 4383/5708/5348
f 4380/5706/5346 4381/5709/5349 4385/5710/5350 4384/5707/5347
f 4381/5709/5349 4382/5711/5351 4386/5712/5352 4385/5710/5350
f 4382/5711/5351 4379/5713/5345 4383/5714/5348 4386/5712/5352
f 4383/5708/5348 4384/5707/5347 4388/5715/5353 4387/5716/5354
f 4384/5707/5347 4385/5710/5350 4389/5717/5355 4388/5715/5353
f 4385/5710/5350 4386/5712/5352 4390/5718/5356 4389/5717/5355
f 4386/5712/5352 4383/5714/5348 4387/5719/5354 4390/5718/5356
f 4387/5716/5354 4388/5715/5353 4392/5720/5357 4391/5721/5358
f 4388/5715/5353 4389/5717/5355 4393/5722/5359 4392/5720/5357
f 4389/5717/5355 4390/5718/5356 4394/5723/5360 4393/5722/5359
f 4390/5718/5356 4387/5719/5354 4391/5724/5358 4394/5723/5360
f 4391/5721/5358 4392/5720/5357 4396/5725/5361 4395/5726/5362
f 4392/5720/5357 4393/5722/5359 4397/5727/5363 4396/5725/5361
f 4393/5722/5359 4394/5723/5360 4398/5728/5364 4397/5727/5363
f 4394/5723/5360 4391/5724/5358 4395/5729/5362 4398/5728/5364
f 4395/5726/5362 4396/5725/5361 4400/5730/5365 4399/5731/5366
f 4396/5725/5361 4397/5727/5363 4401/5732/5367 4400/5730/5365
f 4397/5727/5363 4398/5728/5364 4402/5733/5368 4401/5732/5367
f 4398/5728/5364 4395/5729/5362 4399/5734/5366 4402/5733/5368
f 4399/5731/5366 4400/5730/5365 4404/5735/5369 4403/5736/5370
f 4400/5730/5365 4401/5732/5367 4405/5737/5371 4404/5735/5369
f 4401/5732/5367 4402/5733/5368 4406/5738/5372 4405/5737/5371
f 4402/5733/5368 4399/5734/5366 4403/5739/5370 4406/5738/5372
f 4403/5736/5370 4404/5735/5369 4408/5740/5373 4407/5741/5374
f 4404/5735/5369 4405/5737/5371 4409/5742/5375 4408/5740/5373
f 4405/5737/5371 4406/5738/5372 4410/5743/5376 4409/5742/5375
f 4406/5738/5372 4403/5739/5370 4407/5744/5374 4410/5743/5376
s off
f 4379/5745/5377 4382/5746/5378 4381/5747/5379 4380/5748/5380
s 11
f 4407/5741/5374 4408/5740/5373 4411/5749/5381
f 4408/5740/5373 4409/5742/5375 4411/5749/5382
f 4409/5742/5375 4410/5743/5376 4411/5749/5383
f 4410/5743/5376 4407/5744/5374 4411/5749/5384
s 12
f 4412/5750/5385 4413/5751/5386 4417/5752/5387 4416/5753/5388
f 4413/5751/5386 4414/5754/5389 4418/5755/5390 4417/5752/5387
f 4414/5754/5389 4415/5756/5391 4419/5757/5392 4418/5755/5390
f 4415/5756/5391 4412/5758/5385 4416/5759/5388 4419/5757/5392
f 4416/5753/5388 4417/5752/5387 4421/5760/5393 4420/5761/5394
f 4417/5752/5387 4418/5755/5390 4422/5762/5395 4421/5760/5393
f 4418/5755/5390 4419/5757/5392 4423/5763/5396 4422/5762/5395
f 4419/5757/5392 4416/5759/5388 4420/5764/5394 4423/5763/5396
f 4420/5761/5394 4421/5760/5393 4425/5765/5397 4424/5766/5398
f 4421/5760/5393 4422/5762/5395 4426/5767/5399 4425/5765/5397
f 4422/5762/5395 4423/5763/5396 4427/5768/5400 4426/5767/5399
f 4423/5763/5396 4420/5764/5394 4424/5769/5398 4427/5768/5400
f 4424/5766/5398 4425/5765/5397 4429/5770/5401 4428/5771/5402
f 4425/5765/5397 4426/5767/5399 4430/5772/5403 4429/5770/5401
f 4426/5767/5399 4427/5768/5400 4431/5773/5404 4430/5772/5403
f 4427/5768/5400 4424/5769/5398 4428/5774/5402 4431/5773/5404
f 4428/5771/5402 4429/5770/5401 4433/5775/5405 4432/5776/5406
f 4429/5770/5401 4430/5772/5403 4434/5777/5407 4433/5775/5405
f 4430/5772/5403 4431/5773/5404 4435/5778/5408 4434/5777/5407
f 4431/5773/5404 4428/5774/5402 4432/5779/5406 4435/5778/5408
f 4432/5776/5406 4433/5775/5405 4437/5780/5409 4436/5781/5410
f 4433/5775/5405 4434/5777/5407 4438/5782/5411 4437/5780/5409
f 4434/5777/5407 4435/5778/5408 4439/5783/5412 4438/5782/5411
f 4435/5778/5408 4432/5779/5406 4436/5784/5410 4439/5783/5412
f 4436/5781/5410 4437/5780/5409 4441/5785/5413 4440/5786/5414
f 4437/5780/5409 4438/5782/5411 4442/5787/5415 4441/5785/5413
f 4438/5782/5411 4439/5783/5412 4443/5788/5416 4442/5787/5415
f 4439/5783/5412 4436/5784/5410 4440/5789/5414 4443/5788/5416
s off
f 4412/5790/5417 4415/5791/5418 4414/5792/5419 4413/5793/5420
s 12
f 4440/5786/5414 4441/5785/5413 4444/5794/5421
f 4441/5785/5413 4442/5787/5415 4444/5794/5422
f 4442/5787/5415 4443/5788/5416 4444/5794/5423
f 4443/5788/5416 4440/5789/5414 4444/5794/5424
s 13
f 4445/5795/5425 4446/5796/5426 4466/5797/5427 4465/5798/5428
f 4446/5796/5426 4447/5799/5429 4467/5800/5430 4466/5797/5427
f 4447/5799/5429 4448/5801/5431 4468/5802/5432 4467/5800/5430
f 4448/5801/5431 4449/5803/5433 4469/5804/5434 4468/5802/5432
f 4449/5803/5433 4450/5805/5435 4470/5806/5436 4469/5804/5434
f 4450/5805/5435 4451/5807/5437 4471/5808/5438 4470/5806/5436
f 4451/5807/5437 4452/5809/5439 4472/5810/5440 4471/5808/5438
f 4452/5809/5439 4453/5811/5441 4473/5812/5442 4472/5810/5440
f 4453/5811/5441 4454/5813/5443 4474/5814/5444 4473/5812/5442
f 4454/5813/5443 4455/5815/5445 4475/5816/5446 4474/5814/5444
f 4455/5815/5445 4456/5817/5447 4476/5818/5448 4475/5816/5446
f 4456/5817/5447 4457/5819/5449 4477/5820/5450 4476/5818/5448
f 4457/5819/5449 4458/5821/5451 4478/5822/5452 4477/5820/5450
f 4458/5821/5451 4459/5823/5453 4479/5824/5454 4478/5822/5452
f 4459/5823/5453 4460/5825/5455 4480/5826/5456 4479/5824/5454
f 4460/5825/5455 4461/5827/5457 4481/5828/5458 4480/5826/5456
f 4461/5827/5457 4462/5829/5459 4482/5830/5460 4481/5828/5458
f 4462/5829/5459 4463/5831/5461 4483/5832/5462 4482/5830/5460
f 4463/5831/5461 4464/5833/5463 4484/5834/5464 4483/5832/5462
f 4464/5833/5463 4445/5835/5425 4465/5836/5428 4484/5834/5464
f 4465/5798/5428 4466/5797/5427 4486/5837/5465 4485/5838/5466
f 4466/5797/5427 4467/5800/5430 4487/5839/5467 4486/5837/5465
f 4467/5800/5430 4468/5802/5432 4488/5840/5468 4487/5839/5467
f 4468/5802/5432 4469/5804/5434 4489/5841/5469 4488/5840/5468
f 4469/5804/5434 4470/5806/5436 4490/5842/5470 4489/5841/5469
f 4470/5806/5436 4471/5808/5438 4491/5843/5471 4490/5842/5470
f 4471/5808/5438 4472/5810/5440 4492/5844/5472 4491/5843/5471
f 4472/5810/5440 4473/5812/5442 4493/5845/5473 4492/5844/5472
f 4473/5812/5442 4474/5814/5444 4494/5846/5474 4493/5845/5473
f 4474/5814/5444 4475/5816/5446 4495/5847/5475 4494/5846/5474
f 4475/5816/5446 4476/5818/5448 4496/5848/5476 4495/5847/5475
f 4476/5818/5448 4477/5820/5450 4497/5849/5477 4496/5848/5476
f 4477/5820/5450 4478/5822/5452 4498/5850/5478 4497/5849/5477
f 4478/5822/5452 4479/5824/5454 4499/5851/5479 4498/5850/5478
f 4479/5824/5454 4480/5826/5456 4500/5852/5480 4499/5851/5479
f 4480/5826/5456 4481/5828/5458 4501/5853/5481 4500/5852/5480
f 4481/5828/5458 4482/5830/5460 4502/5854/5482 4501/5853/5481
f 4482/5830/5460 4483/5832/5462 4503/5855/5483 4502/5854/5482
f 4483/5832/5462 4484/5834/5464 4504/5856/5484 4503/5855/5483
f 4484/5834/5464 4465/5836/5428 4485/5857/5466 4504/5856/5484
f 4485/5838/5466 4486/5837/5465 4506/5858/5485 4505/5859/5486
f 4486/5837/5465 4487/5839/5467 4507/5860/5487 4506/5858/5485
f 4487/5839/5467 4488/5840/5468 4508/5861/5488 4507/5860/5487
f 4488/5840/5468 4489/5841/5469 4509/5862/5489 4508/5861/5488
f 4489/5841/5469 4490/5842/5470 4510/5863/5490 4509/5862/5489
f 4490/5842/5470 4491/5843/5471 4511/5864/5491 4510/5863/5490
f 4491/5843/5471 4492/5844/5472 4512/5865/5492 4511/5864/5491
f 4492/5844/5472 4493/5845/5473 4513/5866/5493 4512/5865/5492
f 4493/5845/5473 4494/5846/5474 4514/5867/5494 4513/5866/5493
f 4494/5846/5474 4495/5847/5475 4515/5868/5495 4514/5867/5494
f 4495/5847/5475 4496/5848/5476 4516/5869/5496 4515/5868/5495
f 4496/5848/5476 4497/5849/5477 4517/5870/5497 4516/5869/5496
f 4497/5849/5477 4498/5850/5478 4518/5871/5498 4517/5870/5497
f 4498/5850/5478 4499/5851/5479 4519/5872/5499 4518/5871/5498
f 4499/5851/5479 4500/5852/5480 4520/5873/5500 4519/5872/5499
f 4500/5852/5480 4501/5853/5481 4521/5874/5501 4520/5873/5500
f 4501/5853/5481 4502/5854/5482 4522/5875/5502 4521/5874/5501
f 4502/5854/5482 4503/5855/5483 4523/5876/5503 4522/5875/5502
f 4503/5855/5483 4504/5856/5484 4524/5877/5504 4523/5876/5503
f 4504/5856/5484 4485/5857/5466 4505/5878/5486 4524/5877/5504
f 4505/5859/5486 4506/5858/5485 4526/5879/5505 4525/5880/5506
f 4506/5858/5485 4507/5860/5487 4527/5881/5507 4526/5879/5505
f 4507/5860/5487 4508/5861/5488 4528/5882/5508 4527/5881/5507
f 4508/5861/5488 4509/5862/5489 4529/5883/5509 4528/5882/5508
f 4509/5862/5489 4510/5863/5490 4530/5884/5510 4529/5883/5509
f 4510/5863/5490 4511/5864/5491 4531/5885/5511 4530/5884/5510
f 4511/5864/5491 4512/5865/5492 4532/5886/5512 4531/5885/5511
f 4512/5865/5492 4513/5866/5493 4533/5887/5513 4532/5886/5512
f 4513/5866/5493 4514/5867/5494 4534/5888/5514 4533/5887/5513
f 4514/5867/5494 4515/5868/5495 4535/5889/5515 4534/5888/5514
f 4515/5868/5495 4516/5869/5496 4536/5890/5516 4535/5889/5515
f 4516/5869/5496 4517/5870/5497 4537/5891/5517 4536/5890/5516
f 4517/5870/5497 4518/5871/5498 4538/5892/5518 4537/5891/5517
f 4518/5871/5498 4519/5872/5499 4539/5893/5519 4538/5892/5518
f 4519/5872/5499 4520/5873/5500 4540/5894/5520 4539/5893/5519
f 4520/5873/5500 4521/5874/5501 4541/5895/5521 4540/5894/5520
f 4521/5874/5501 4522/5875/5502 4542/5896/5522 4541/5895/5521
f 4522/5875/5502 4523/5876/5503 4543/5897/5523 4542/5896/5522
f 4523/5876/5503 4524/5877/5504 4544/5898/5524 4543/5897/5523
f 4524/5877/5504 4505/5878/5486 4525/5899/5506 4544/5898/5524
s off
f 4445/5900/5525 4464/5901/5526 4463/5902/5527 4462/5903/5528 4461/5904/5529 4460/5905/5530 4459/5906/5531 4458/5907/5532 4457/5908/5533 4456/5909/5534 4455/5910/5535 4454/5911/5536 4453/5912/5537 4452/5913/5538 4451/5914/5539 4450/5915/5540 4449/5916/5541 4448/5917/5542 4447/5918/5543 4446/5919/5544
s 13
f 4525/5880/5506 4526/5879/5505 4545/5920/5545
f 4526/5879/5505 4527/5881/5507 4545/5920/5545
f 4527/5881/5507 4528/5882/5508 4545/5920/5545
f 4528/5882/5508 4529/5883/5509 4545/5920/5545
f 4529/5883/5509 4530/5884/5510 4545/5920/5545
f 4530/5884/5510 4531/5885/5511 4545/5920/5545
f 4531/5885/5511 4532/5886/5512 4545/5920/5545
f 4532/5886/5512 4533/5887/5513 4545/5920/5545
f 4533/5887/5513 4534/5888/5514 4545/5920/5545
f 4534/5888/5514 4535/5889/5515 4545/5920/5545
f 4535/5889/5515 4536/5890/5516 4545/5920/5545
f 4536/5890/5516 4537/5891/5517 4545/5920/5545
f 4537/5891/5517 4538/5892/5518 4545/5920/5545
f 4538/5892/5518 4539/5893/5519 4545/5920/5545
f 4539/5893/5519 4540/5894/5520 4545/5920/5545
f 4540/5894/5520 4541/5895/5521 4545/5920/5545
f 4541/5895/5521 4542/5896/5522 4545/5920/5545
f 4542/5896/5522 4543/5897/5523 4545/5920/5545
f 4543/5897/5523 4544/5898/5524 4545/5920/5545
f 4544/5898/5524 4525/5899/5506 4545/5920/5545
s 14
f 4546/5921/5546 4547/5922/5547 4567/5923/5548 4566/5924/5549
f 4547/5922/5547 4548/5925/5550 4568/5926/5551 4567/5923/5548
f 4548/5925/5550 4549/5927/5552 4569/5928/5553 4568/5926/5551
f 4549/5927/5552 4550/5929/5554 4570/5930/5555 4569/5928/5553
f 4550/5929/5554 4551/5931/5556 4571/5932/5557 4570/5930/5555
f 4551/5931/5556 4552/5933/5558 4572/5934/5559 4571/5932/5557
f 4552/5933/5558 4553/5935/5560 4573/5936/5561 4572/5934/5559
f 4553/5935/5560 4554/5937/5562 4574/5938/5563 4573/5936/5561
f 4554/5937/5562 4555/5939/5564 4575/5940/5565 4574/5938/5563
f 4555/5939/5564 4556/5941/5566 4576/5942/5567 4575/5940/5565
f 4556/5941/5566 4557/5943/5568 4577/5944/5569 4576/5942/5567
f 4557/5943/5568 4558/5945/5570 4578/5946/5571 4577/5944/5569
f 4558/5945/5570 4559/5947/5572 4579/5948/5573 4578/5946/5571
f 4559/5947/5572 4560/5949/5574 4580/5950/5575 4579/5948/5573
f 4560/5949/5574 4561/5951/5576 4581/5952/5577 4580/5950/5575
f 4561/5951/5576 4562/5953/5578 4582/5954/5579 4581/5952/5577
f 4562/5953/5578 4563/5955/5580 4583/5956/5581 4582/5954/5579
f 4563/5955/5580 4564/5957/5582 4584/5958/5583 4583/5956/5581
f 4564/5957/5582 4565/5959/5584 4585/5960/5585 4584/5958/5583
f 4565/5959/5584 4546/5961/5546 4566/5962/5549 4585/5960/5585
f 4566/5924/5549 4567/5923/5548 4587/5963/5586 4586/5964/5587
f 4567/5923/5548 4568/5926/5551 4588/5965/5588 4587/5963/5586
f 4568/5926/5551 4569/5928/5553 4589/5966/5589 4588/5965/5588
f 4569/5928/5553 4570/5930/5555 4590/5967/5590 4589/5966/5589
f 4570/5930/5555 4571/5932/5557 4591/5968/5591 4590/5967/5590
f 4571/5932/5557 4572/5934/5559 4592/5969/5592 4591/5968/5591
f 4572/5934/5559 4573/5936/5561 4593/5970/5593 4592/5969/5592
f 4573/5936/5561 4574/5938/5563 4594/5971/5594 4593/5970/5593
f 4574/5938/5563 4575/5940/5565 4595/5972/5595 4594/5971/5594
f 4575/5940/5565 4576/5942/5567 4596/5973/5596 4595/5972/5595
f 4576/5942/5567 4577/5944/5569 4597/5974/5597 4596/5973/5596
f 4577/5944/5569 4578/5946/5571 4598/5975/5598 4597/5974/5597
f 4578/5946/5571 4579/5948/5573 4599/5976/5599 4598/5975/5598
f 4579/5948/5573 4580/5950/5575 4600/5977/5600 4599/5976/5599
f 4580/5950/5575 4581/5952/5577 4601/5978/5601 4600/5977/5600
f 4581/5952/5577 4582/5954/5579 4602/5979/5602 4601/5978/5601
f 4582/5954/5579 4583/5956/5581 4603/5980/5603 4602/5979/5602
f 4583/5956/5581 4584/5958/5583 4604/5981/5604 4603/5980/5603
f 4584/5958/5583 4585/5960/5585 4605/5982/5605 4604/5981/5604
f 4585/5960/5585 4566/5962/5549 4586/5983/5587 4605/5982/5605
f 4586/5964/5587 4587/5963/5586 4607/5984/5606 4606/5985/5607
f 4587/5963/5586 4588/5965/5588 4608/5986/5608 4607/5984/5606
f 4588/5965/5588 4589/5966/5589 4609/5987/5609 4608/5986/5608
f 4589/5966/5589 4590/5967/5590 4610/5988/5610 4609/5987/5609
f 4590/5967/5590 4591/5968/5591 4611/5989/5611 4610/5988/5610
f 4591/5968/5591 4592/5969/5592 4612/5990/5612 4611/5989/5611
f 4592/5969/5592 4593/5970/5593 4613/5991/5613 4612/5990/5612
f 4593/5970/5593 4594/5971/5594 4614/5992/5614 4613/5991/5613
f 4594/5971/5594 4595/5972/5595 4615/5993/5615 4614/5992/5614
f 4595/5972/5595 4596/5973/5596 4616/5994/5616 4615/5993/5615
f 4596/5973/5596 4597/5974/5597 4617/5995/5617 4616/5994/5616
f 4597/5974/5597 4598/5975/5598 4618/5996/5618 4617/5995/5617
f 4598/5975/5598 4599/5976/5599 4619/5997/5619 4618/5996/5618
f 4599/5976/5599 4600/5977/5600 4620/5998/5620 4619/5997/5619
f 4600/5977/5600 4601/5978/5601 4621/5999/5621 4620/5998/5620
f 4601/5978/5601 4602/5979/5602 4622/6000/5622 4621/5999/5621
f 4602/5979/5602 4603/5980/5603 4623/6001/5623 4622/6000/5622
f 4603/5980/5603 4604/5981/5604 4624/6002/5624 4623/6001/5623
f 4604/5981/5604 4605/5982/5605 4625/6003/5625 4624/6002/5624
f 4605/5982/5605 4586/5983/5587 4606/6004/5607 4625/6003/5625
f 4606/5985/5607 4607/5984/5606 4627/6005/5626 4626/6006/5627
f 4607/5984/5606 4608/5986/5608 4628/6007/5628 4627/6005/5626
f 4608/5986/5608 4609/5987/5609 4629/6008/5629 4628/6007/5628
f 4609/5987/5609 4610/5988/5610 4630/6009/5630 4629/6008/5629
f 4610/5988/5610 4611/5989/5611 4631/6010/5631 4630/6009/5630
f 4611/5989/5611 4612/5990/5612 4632/6011/5632 4631/6010/5631
f 4612/5990/5612 4613/5991/5613 4633/6012/5633 4632/6011/5632
f 4613/5991/5613 4614/5992/5614 4634/6013/5634 4633/6012/5633
f 4614/5992/5614 4615/5993/5615 4635/6014/5635 4634/6013/5634
f 4615/5993/5615 4616/5994/5616 4636/6015/5636 4635/6014/5635
f 4616/5994/5616 4617/5995/5617 4637/6016/5637 4636/6015/5636
f 4617/5995/5617 4618/5996/5618 4638/6017/5638 4637/6016/5637
f 4618/5996/5618 4619/5997/5619 4639/6018/5639 4638/6017/5638
f 4619/5997/5619 4620/5998/5620 4640/6019/5640 4639/6018/5639
f 4620/5998/5620 4621/5999/5621 4641/6020/5641 4640/6019/5640
f 4621/5999/5621 4622/6000/5622 4642/6021/5642 4641/6020/5641
f 4622/6000/5622 4623/6001/5623 4643/6022/5643 4642/6021/5642
f 4623/6001/5623 4624/6002/5624 4644/6023/5644 4643/6022/5643
f 4624/6002/5624 4625/6003/5625 4645/6024/5645 4644/6023/5644
f 4625/6003/5625 4606/6004/5607 4626/6025/5627 4645/6024/5645
s off
f 4546/6026/5646 4565/6027/5647 4564/6028/5648 4563/6029/5649 4562/6030/5650 4561/6031/5651 4560/6032/5652 4559/6033/5653 4558/6034/5654 4557/6035/5655 4556/6036/5656 4555/6037/5657 4554/6038/5658 4553/6039/5659 4552/6040/5660 4551/6041/5661 4550/6042/5662 4549/6043/5663 4548/6044/5664 4547/6045/5665
s 14
f 4626/6006/5627 4627/6005/5626 4646/6046/5666
f 4627/6005/5626 4628/6007/5628 4646/6046/5666
f 4628/6007/5628 4629/6008/5629 4646/6046/5666
f 4629/6008/5629 4630/6009/5630 4646/6046/5666
f 4630/6009/5630 4631/6010/5631 4646/6046/5666
f 4631/6010/5631 4632/6011/5632 4646/6046/5666
f 4632/6011/5632 4633/6012/5633 4646/6046/5666
f 4633/6012/5633 4634/6013/5634 4646/6046/5666
f 4634/6013/5634 4635/6014/5635 4646/6046/5666
f 4635/6014/5635 4636/6015/5636 4646/6046/5666
f 4636/6015/5636 4637/6016/5637 4646/6046/5666
f 4637/6016/5637 4638/6017/5638 4646/6046/5666
f 4638/6017/5638 4639/6018/5639 4646/6046/5666
f 4639/6018/5639 4640/6019/5640 4646/6046/5666
f 4640/6019/5640 4641/6020/5641 4646/6046/5666
f 4641/6020/5641 4642/6021/5642 4646/6046/5666
f 4642/6021/5642 4643/6022/5643 4646/6046/5666
f 4643/6022/5643 4644/6023/5644 4646/6046/5666
f 4644/6023/5644 4645/6024/5645 4646/6046/5666
f 4645/6024/5645 4626/6025/5627 4646/6046/5666
s 15
f 4647/6047/5667 4648/6048/5668 4668/6049/5669 4667/6050/5670
f 4648/6048/5668 4649/6051/5671 4669/6052/5672 4668/6049/5669
f 4649/6051/5671 4650/6053/5673 4670/6054/5674 4669/6052/5672
f 4650/6053/5673 4651/6055/5675 4671/6056/5676 4670/6054/5674
f 4651/6055/5675 4652/6057/5677 4672/6058/5678 4671/6056/5676
f 4652/6057/5677 4653/6059/5679 4673/6060/5680 4672/6058/5678
f 4653/6059/5679 4654/6061/5681 4674/6062/5682 4673/6060/5680
f 4654/6061/5681 4655/6063/5683 4675/6064/5684 4674/6062/5682
f 4655/6063/5683 4656/6065/5685 4676/6066/5686 4675/6064/5684
f 4656/6065/5685 4657/6067/5687 4677/6068/5688 4676/6066/5686
f 4657/6067/5687 4658/6069/5689 4678/6070/5690 4677/6068/5688
f 4658/6069/5689 4659/6071/5691 4679/6072/5692 4678/6070/5690
f 4659/6071/5691 4660/6073/5693 4680/6074/5694 4679/6072/5692
f 4660/6073/5693 4661/6075/5695 4681/6076/5696 4680/6074/5694
f 4661/6075/5695 4662/6077/5697 4682/6078/5698 4681/6076/5696
f 4662/6077/5697 4663/6079/5699 4683/6080/5700 4682/6078/5698
f 4663/6079/5699 4664/6081/5701 4684/6082/5702 4683/6080/5700
f 4664/6081/5701 4665/6083/5703 4685/6084/5704 4684/6082/5702
f 4665/6083/5703 4666/6085/5705 4686/6086/5706 4685/6084/5704
f 4666/6085/5705 4647/6087/5667 4667/6088/5670 4686/6086/5706
f 4667/6050/5670 4668/6049/5669 4688/6089/5707 4687/6090/5708
f 4668/6049/5669 4669/6052/5672 4689/6091/5709 4688/6089/5707
f 4669/6052/5672 4670/6054/5674 4690/6092/5710 4689/6091/5709
f 4670/6054/5674 4671/6056/5676 4691/6093/5711 4690/6092/5710
f 4671/6056/5676 4672/6058/5678 4692/6094/5712 4691/6093/5711
f 4672/6058/5678 4673/6060/5680 4693/6095/5713 4692/6094/5712
f 4673/6060/5680 4674/6062/5682 4694/6096/5714 4693/6095/5713
f 4674/6062/5682 4675/6064/5684 4695/6097/5715 4694/6096/5714
f 4675/6064/5684 4676/6066/5686 4696/6098/5716 4695/6097/5715
f 4676/6066/5686 4677/6068/5688 4697/6099/5717 4696/6098/5716
f 4677/6068/5688 4678/6070/5690 4698/6100/5718 4697/6099/5717
f 4678/6070/5690 4679/6072/5692 4699/6101/5719 4698/6100/5718
f 4679/6072/5692 4680/6074/5694 4700/6102/5720 4699/6101/5719
f 4680/6074/5694 4681/6076/5696 4701/6103/5721 4700/6102/5720
f 4681/6076/5696 4682/6078/5698 4702/6104/5722 4701/6103/5721
f 4682/6078/5698 4683/6080/5700 4703/6105/5723 4702/6104/5722
f 4683/6080/5700 4684/6082/5702 4704/6106/5724 4703/6105/5723
f 4684/6082/5702 4685/6084/5704 4705/6107/5725 4704/6106/5724
f 4685/6084/5704 4686/6086/5706 4706/6108/5726 4705/6107/5725
f 4686/6086/5706 4667/6088/5670 4687/6109/5708 4706/6108/5726
f 4687/6090/5708 4688/6089/5707 4708/6110/5727 4707/6111/5728
f 4688/6089/5707 4689/6091/5709 4709/6112/5729 4708/6110/5727
f 4689/6091/5709 4690/6092/5710 4710/6113/5730 4709/6112/5729
f 4690/6092/5710 4691/6093/5711 4711/6114/5731 4710/6113/5730
f 4691/6093/5711 4692/6094/5712 4712/6115/5732 4711/6114/5731
f 4692/6094/5712 4693/6095/5713 4713/6116/5733 4712/6115/5732
f 4693/6095/5713 4694/6096/5714 4714/6117/5734 4713/6116/5733
f 4694/6096/5714 4695/6097/5715 4715/6118/5735 4714/6117/5734
f 4695/6097/5715 4696/6098/5716 4716/6119/5736 4715/6118/5735
f 4696/6098/5716 4697/6099/5717 4717/6120/5737 4716/6119/5736
f 4697/6099/5717 4698/6100/5718 4718/6121/5738 4717/6120/5737
f 4698/6100/5718 4699/6101/5719 4719/6122/5739 4718/6121/5738
f 4699/6101/5719 4700/6102/5720 4720/6123/5740 4719/6122/5739
f 4700/6102/5720 4701/6103/5721 4721/6124/5741 4720/6123/5740
f 4701/6103/5721 4702/6104/5722 4722/6125/5742 4721/6124/5741
f 4702/6104/5722 4703/6105/5723 4723/6126/5743 4722/6125/5742
f 4703/6105/5723 4704/6106/5724 4724/6127/5744 4723/6126/5743
f 4704/6106/5724 4705/6107/5725 4725/6128/5745 4724/6127/5744
f 4705/6107/5725 4706/6108/5726 4726/6129/5746 4725/6128/5745
f 4706/6108/5726 4687/6109/5708 4707/6130/5728 4726/6129/5746
f 4707/6111/5728 4708/6110/5727 4728/6131/5747 4727/6132/5748
f 4708/6110/5727 4709/6112/5729 4729/6133/5749 4728/6131/5747
f 4709/6112/5729 4710/6113/5730 4730/6134/5750 4729/6133/5749
f 4710/6113/5730 4711/6114/5731 4731/6135/5751 4730/6134/5750
f 4711/6114/5731 4712/6115/5732 4732/6136/5752 4731/6135/5751
f 4712/6115/5732 4713/6116/5733 4733/6137/5753 4732/6136/5752
f 4713/6116/5733 4714/6117/5734 4734/6138/5754 4733/6137/5753
f 4714/6117/5734 4715/6118/5735 4735/6139/5755 4734/6138/5754
f 4715/6118/5735 4716/6119/5736 4736/6140/5756 4735/6139/5755
f 4716/6119/5736 4717/6120/5737 4737/6141/5757 4736/6140/5756
f 4717/6120/5737 4718/6121/5738 4738/6142/5758 4737/6141/5757
f 4718/6121/5738 4719/6122/5739 4739/6143/5759 4738/6142/5758
f 4719/6122/5739 4720/6123/5740 4740/6144/5760 4739/6143/5759
f 4720/6123/5740 4721/6124/5741 4741/6145/5761 4740/6144/5760
f 4721/6124/5741 4722/6125/5742 4742/6146/5762 4741/6145/5761
f 4722/6125/5742 4723/6126/5743 4743/6147/5763 4742/6146/5762
f 4723/6126/5743 4724/6127/5744 4744/6148/5764 4743/6147/5763
f 4724/6127/5744 4725/6128/5745 4745/6149/5765 4744/6148/5764
f 4725/6128/5745 4726/6129/5746 4746/6150/5766 4745/6149/5765
f 4726/6129/5746 4707/6130/5728 4727/6151/5748 4746/6150/5766
s off
f 4647/6152/5767 4666/6153/5768 4665/6154/5769 4664/6155/5770 4663/6156/5771 4662/6157/5772 4661/6158/5773 4660/6159/5774 4659/6160/5775 4658/6161/5776 4657/6162/5777 4656/6163/5778 4655/6164/5779 4654/6165/5780 4653/6166/5781 4652/6167/5782 4651/6168/5783 4650/6169/5784 4649/6170/5785 4648/6171/5786
s 15
f 4727/6132/5748 4728/6131/5747 4747/6172/5787
f 4728/6131/5747 4729/6133/5749 4747/6172/5787
f 4729/6133/5749 4730/6134/5750 4747/6172/5787
f 4730/6134/5750 4731/6135/5751 4747/6172/5787
f 4731/6135/5751 4732/6136/5752 4747/6172/5787
f 4732/6136/5752 4733/6137/5753 4747/6172/5787
f 4733/6137/5753 4734/6138/5754 4747/6172/5787
f 4734/6138/5754 4735/6139/5755 4747/6172/5787
f 4735/6139/5755 4736/6140/5756 4747/6172/5787
f 4736/6140/5756 4737/6141/5757 4747/6172/5787
f 4737/6141/5757 4738/6142/5758 4747/6172/5787
f 4738/6142/5758 4739/6143/5759 4747/6172/5787
f 4739/6143/5759 4740/6144/5760 4747/6172/5787
f 4740/6144/5760 4741/6145/5761 4747/6172/5787
f 4741/6145/5761 4742/6146/5762 4747/6172/5787
f 4742/6146/5762 4743/6147/5763 4747/6172/5787
f 4743/6147/5763 4744/6148/5764 4747/6172/5787
f 4744/6148/5764 4745/6149/5765 4747/6172/5787
f 4745/6149/5765 4746/6150/5766 4747/6172/5787
f 4746/6150/5766 4727/6151/5748 4747/6172/5787
s 16
f 4748/6173/5788 4749/6174/5789 4769/6175/5790 4768/6176/5791
f 4749/6174/5789 4750/6177/5792 4770/6178/5793 4769/6175/5790
f 4750/6177/5792 4751/6179/5794 4771/6180/5795 4770/6178/5793
f 4751/6179/5794 4752/6181/5796 4772/6182/5797 4771/6180/5795
f 4752/6181/5796 4753/6183/5798 4773/6184/5799 4772/6182/5797
f 4753/6183/5798 4754/6185/5800 4774/6186/5801 4773/6184/5799
f 4754/6185/5800 4755/6187/5802 4775/6188/5803 4774/6186/5801
f 4755/6187/5802 4756/6189/5804 4776/6190/5805 4775/6188/5803
f 4756/6189/5804 4757/6191/5806 4777/6192/5807 4776/6190/5805
f 4757/6191/5806 4758/6193/5808 4778/6194/5809 4777/6192/5807
f 4758/6193/5808 4759/6195/5810 4779/6196/5811 4778/6194/5809
f 4759/6195/5810 4760/6197/5812 4780/6198/5813 4779/6196/5811
f 4760/6197/5812 4761/6199/5814 4781/6200/5815 4780/6198/5813
f 4761/6199/5814 4762/6201/5816 4782/6202/5817 4781/6200/5815
f 4762/6201/5816 4763/6203/5818 4783/6204/5819 4782/6202/5817
f 4763/6203/5818 4764/6205/5820 4784/6206/5821 4783/6204/5819
f 4764/6205/5820 4765/6207/5822 4785/6208/5823 4784/6206/5821
f 4765/6207/5822 4766/6209/5824 4786/6210/5825 4785/6208/5823
f 4766/6209/5824 4767/6211/5826 4787/6212/5827 4786/6210/5825
f 4767/6211/5826 4748/6213/5788 4768/6214/5791 4787/6212/5827
f 4768/6176/5791 4769/6175/5790 4789/6215/5828 4788/6216/5829
f 4769/6175/5790 4770/6178/5793 4790/6217/5830 4789/6215/5828
f 4770/6178/5793 4771/6180/5795 4791/6218/5831 4790/6217/5830
f 4771/6180/5795 4772/6182/5797 4792/6219/5832 4791/6218/5831
f 4772/6182/5797 4773/6184/5799 4793/6220/5833 4792/6219/5832
f 4773/6184/5799 4774/6186/5801 4794/6221/5834 4793/6220/5833
f 4774/6186/5801 4775/6188/5803 4795/6222/5835 4794/6221/5834
f 4775/6188/5803 4776/6190/5805 4796/6223/5836 4795/6222/5835
f 4776/6190/5805 4777/6192/5807 4797/6224/5837 4796/6223/5836
f 4777/6192/5807 4778/6194/5809 4798/6225/5838 4797/6224/5837
f 4778/6194/5809 4779/6196/5811 4799/6226/5839 4798/6225/5838
f 4779/6196/5811 4780/6198/5813 4800/6227/5840 4799/6226/5839
f 4780/6198/5813 4781/6200/5815 4801/6228/5841 4800/6227/5840
f 4781/6200/5815 4782/6202/5817 4802/6229/5842 4801/6228/5841
f 4782/6202/5817 4783/6204/5819 4803/6230/5843 4802/6229/5842
f 4783/6204/5819 4784/6206/5821 4804/6231/5844 4803/6230/5843
f 4784/6206/5821 4785/6208/5823 4805/6232/5845 4804/6231/5844
f 4785/6208/5823 4786/6210/5825 4806/6233/5846 4805/6232/5845
f 4786/6210/5825 4787/6212/5827 4807/6234/5847 4806/6233/5846
f 4787/6212/5827 4768/6214/5791 4788/6235/5829 4807/6234/5847
f 4788/6216/5829 4789/6215/5828 4809/6236/5848 4808/6237/5849
f 4789/6215/5828 4790/6217/5830 4810/6238/5850 4809/6236/5848
f 4790/6217/5830 4791/6218/5831 4811/6239/5851 4810/6238/5850
f 4791/6218/5831 4792/6219/5832 4812/6240/5852 4811/6239/5851
f 4792/6219/5832 4793/6220/5833 4813/6241/5853 4812/6240/5852
f 4793/6220/5833 4794/6221/5834 4814/6242/5854 4813/6241/5853
f 4794/6221/5834 4795/6222/5835 4815/6243/5855 4814/6242/5854
f 4795/6222/5835 4796/6223/5836 4816/6244/5856 4815/6243/5855
f 4796/6223/5836 4797/6224/5837 4817/6245/5857 4816/6244/5856
f 4797/6224/5837 4798/6225/5838 4818/6246/5858 4817/6245/5857
f 4798/6225/5838 4799/6226/5839 4819/6247/5859 4818/6246/5858
f 4799/6226/5839 4800/6227/5840 4820/6248/5860 4819/6247/5859
f 4800/6227/5840 4801/6228/5841 4821/6249/5861 4820/6248/5860
f 4801/6228/5841 4802/6229/5842 4822/6250/5862 4821/6249/5861
f 4802/6229/5842 4803/6230/5843 4823/6251/5863 4822/6250/5862
f 4803/6230/5843 4804/6231/5844 4824/6252/5864 4823/6251/5863
f 4804/6231/5844 4805/6232/5845 4825/6253/5865 4824/6252/5864
f 4805/6232/5845 4806/6233/5846 4826/6254/5866 4825/6253/5865
f 4806/6233/5846 4807/6234/5847 4827/6255/5867 4826/6254/5866
f 4807/6234/5847 4788/6235/5829 4808/6256/5849 4827/6255/5867
f 4808/6237/5849 4809/6236/5848 4829/6257/5868 4828/6258/5869
f 4809/6236/5848 4810/6238/5850 4830/6259/5870 4829/6257/5868
f 4810/6238/5850 4811/6239/5851 4831/6260/5871 4830/6259/5870
f 4811/6239/5851 4812/6240/5852 4832/6261/5872 4831/6260/5871
f 4812/6240/5852 4813/6241/5853 4833/6262/5873 4832/6261/5872
f 4813/6241/5853 4814/6242/5854 4834/6263/5874 4833/6262/5873
f 4814/6242/5854 4815/6243/5855 4835/6264/5875 4834/6263/5874
f 4815/6243/5855 4816/6244/5856 4836/6265/5876 4835/6264/5875
f 4816/6244/5856 4817/6245/5857 4837/6266/5877 4836/6265/5876
f 4817/6245/5857 4818/6246/5858 4838/6267/5878 4837/6266/5877
f 4818/6246/5858 4819/6247/5859 4839/6268/5879 4838/6267/5878
f 4819/6247/5859 4820/6248/5860 4840/6269/5880 4839/6268/5879
f 4820/6248/5860 4821/6249/5861 4841/6270/5881 4840/6269/5880
f 4821/6249/5861 4822/6250/5862 4842/6271/5882 4841/6270/5881
f 4822/6250/5862 4823/6251/5863 4843/6272/5883 4842/6271/5882
f 4823/6251/5863 4824/6252/5864 4844/6273/5884 4843/6272/5883
f 4824/6252/5864 4825/6253/5865 4845/6274/5885 4844/6273/5884
f 4825/6253/5865 4826/6254/5866 4846/6275/5886 4845/6274/5885
f 4826/6254/5866 4827/6255/5867 4847/6276/5887 4846/6275/5886
f 4827/6255/5867 4808/6256/5849 4828/6277/5869 4847/6276/5887
s off
f 4748/6278/5888 4767/6279/5889 4766/6280/5890 4765/6281/5891 4764/6282/5892 4763/6283/5893 4762/6284/5894 4761/6285/5895 4760/6286/5896 4759/6287/5897 4758/6288/5898 4757/6289/5899 4756/6290/5900 4755/6291/5901 4754/6292/5902 4753/6293/5903 4752/6294/5904 4751/6295/5905 4750/6296/5906 4749/6297/5907
s 16
f 4828/6258/5869 4829/6257/5868 4848/6298/5908
f 4829/6257/5868 4830/6259/5870 4848/6298/5908
f 4830/6259/5870 4831/6260/5871 4848/6298/5908
f 4831/6260/5871 4832/6261/5872 4848/6298/5908
f 4832/6261/5872 4833/6262/5873 4848/6298/5908
f 4833/6262/5873 4834/6263/5874 4848/6298/5908
f 4834/6263/5874 4835/6264/5875 4848/6298/5908
f 4835/6264/5875 4836/6265/5876 4848/6298/5908
f 4836/6265/5876 4837/6266/5877 4848/6298/5908
f 4837/6266/5877 4838/6267/5878 4848/6298/5908
f 4838/6267/5878 4839/6268/5879 4848/6298/5908
f 4839/6268/5879 4840/6269/5880 4848/6298/5908
f 4840/6269/5880 4841/6270/5881 4848/6298/5908
f 4841/6270/5881 4842/6271/5882 4848/6298/5908
f 4842/6271/5882 4843/6272/5883 4848/6298/5908
f 4843/6272/5883 4844/6273/5884 4848/6298/5908
f 4844/6273/5884 4845/6274/5885 4848/6298/5908
f 4845/6274/5885 4846/6275/5886 4848/6298/5908
f 4846/6275/5886 4847/6276/5887 4848/6298/5908
f 4847/6276/5887 4828/6277/5869 4848/6298/5908
s 17
f 4849/6299/5909 4850/6300/5910 4870/6301/5911 4869/6302/5912
f 4850/6300/5910 4851/6303/5913 4871/6304/5914 4870/6301/5911
f 4851/6303/5913 4852/6305/5915 4872/6306/5916 4871/6304/5914
f 4852/6305/5915 4853/6307/5917 4873/6308/5918 4872/6306/5916
f 4853/6307/5917 4854/6309/5919 4874/6310/5920 4873/6308/5918
f 4854/6309/5919 4855/6311/5921 4875/6312/5922 4874/6310/5920
f 4855/6311/5921 4856/6313/5923 4876/6314/5924 4875/6312/5922
f 4856/6313/5923 4857/6315/5925 4877/6316/5926 4876/6314/5924
f 4857/6315/5925 4858/6317/5927 4878/6318/5928 4877/6316/5926
f 4858/6317/5927 4859/6319/5929 4879/6320/5930 4878/6318/5928
f 4859/6319/5929 4860/6321/5931 4880/6322/5932 4879/6320/5930
f 4860/6321/5931 4861/6323/5933 4881/6324/5934 4880/6322/5932
f 4861/6323/5933 4862/6325/5935 4882/6326/5936 4881/6324/5934
f 4862/6325/5935 4863/6327/5937 4883/6328/5938 4882/6326/5936
f 4863/6327/5937 4864/6329/5939 4884/6330/5940 4883/6328/5938
f 4864/6329/5939 4865/6331/5941 4885/6332/5942 4884/6330/5940
f 4865/6331/5941 4866/6333/5943 4886/6334/5944 4885/6332/5942
f 4866/6333/5943 4867/6335/5945 4887/6336/5946 4886/6334/5944
f 4867/6335/5945 4868/6337/5947 4888/6338/5948 4887/6336/5946
f 4868/6337/5947 4849/6339/5909 4869/6340/5912 4888/6338/5948
f 4869/6302/5912 4870/6301/5911 4890/6341/5949 4889/6342/5950
f 4870/6301/5911 4871/6304/5914 4891/6343/5951 4890/6341/5949
f 4871/6304/5914 4872/6306/5916 4892/6344/5952 4891/6343/5951
f 4872/6306/5916 4873/6308/5918 4893/6345/5953 4892/6344/5952
f 4873/6308/5918 4874/6310/5920 4894/6346/5954 4893/6345/5953
f 4874/6310/5920 4875/6312/5922 4895/6347/5955 4894/6346/5954
f 4875/6312/5922 4876/6314/5924 4896/6348/5956 4895/6347/5955
f 4876/6314/5924 4877/6316/5926 4897/6349/5957 4896/6348/5956
f 4877/6316/5926 4878/6318/5928 4898/6350/5958 4897/6349/5957
f 4878/6318/5928 4879/6320/5930 4899/6351/5959 4898/6350/5958
f 4879/6320/5930 4880/6322/5932 4900/6352/5960 4899/6351/5959
f 4880/6322/5932 4881/6324/5934 4901/6353/5961 4900/6352/5960
f 4881/6324/5934 4882/6326/5936 4902/6354/5962 4901/6353/5961
f 4882/6326/5936 4883/6328/5938 4903/6355/5963 4902/6354/5962
f 4883/6328/5938 4884/6330/5940 4904/6356/5964 4903/6355/5963
f 4884/6330/5940 4885/6332/5942 4905/6357/5965 4904/6356/5964
f 4885/6332/5942 4886/6334/5944 4906/6358/5966 4905/6357/5965
f 4886/6334/5944 4887/6336/5946 4907/6359/5967 4906/6358/5966
f 4887/6336/5946 4888/6338/5948 4908/6360/5968 4907/6359/5967
f 4888/6338/5948 4869/6340/5912 4889/6361/5950 4908/6360/5968
f 4889/6342/5950 4890/6341/5949 4910/6362/5969 4909/6363/5970
f 4890/6341/5949 4891/6343/5951 4911/6364/5971 4910/6362/5969
f 4891/6343/5951 4892/6344/5952 4912/6365/5972 4911/6364/5971
f 4892/6344/5952 4893/6345/5953 4913/6366/5973 4912/6365/5972
f 4893/6345/5953 4894/6346/5954 4914/6367/5974 4913/6366/5973
f 4894/6346/5954 4895/6347/5955 4915/6368/5975 4914/6367/5974
f 4895/6347/5955 4896/6348/5956 4916/6369/5976 4915/6368/5975
f 4896/6348/5956 4897/6349/5957 4917/6370/5977 4916/6369/5976
f 4897/6349/5957 4898/6350/5958 4918/6371/5978 4917/6370/5977
f 4898/6350/5958 4899/6351/5959 4919/6372/5979 4918/6371/5978
f 4899/6351/5959 4900/6352/5960 4920/6373/5980 4919/6372/5979
f 4900/6352/5960 4901/6353/5961 4921/6374/5981 4920/6373/5980
f 4901/6353/5961 4902/6354/5962 4922/6375/5982 4921/6374/5981
f 4902/6354/5962 4903/6355/5963 4923/6376/5983 4922/6375/5982
f 4903/6355/5963 4904/6356/5964 4924/6377/5984 4923/6376/5983
f 4904/6356/5964 4905/6357/5965 4925/6378/5985 4924/6377/5984
f 4905/6357/5965 4906/6358/5966 4926/6379/5986 4925/6378/5985
f 4906/6358/5966 4907/6359/5967 4927/6380/5987 4926/6379/5986
f 4907/6359/5967 4908/6360/5968 4928/6381/5988 4927/6380/5987
f 4908/6360/5968 4889/6361/5950 4909/6382/5970 4928/6381/5988
f 4909/6363/5970 4910/6362/5969 4930/6383/5989 4929/6384/5990
f 4910/6362/5969 4911/6364/5971 4931/6385/5991 4930/6383/5989
f 4911/6364/5971 4912/6365/5972 4932/6386/5992 4931/6385/5991
f 4912/6365/5972 4913/6366/5973 4933/6387/5993 4932/6386/5992
f 4913/6366/5973 4914/6367/5974 4934/6388/5994 4933/6387/5993
f 4914/6367/5974 4915/6368/5975 4935/6389/5995 4934/6388/5994
f 4915/6368/5975 4916/6369/5976 4936/6390/5996 4935/6389/5995
f 4916/6369/5976 4917/6370/5977 4937/6391/5997 4936/6390/5996
f 4917/6370/5977 4918/6371/5978 4938/6392/5998 4937/6391/5997
f 4918/6371/5978 4919/6372/5979 4939/6393/5999 4938/6392/5998
f 4919/6372/5979 4920/6373/5980 4940/6394/6000 4939/6393/5999
f 4920/6373/5980 4921/6374/5981 4941/6395/6001 4940/6394/6000
f 4921/6374/5981 4922/6375/5982 4942/6396/6002 4941/6395/6001
f 4922/6375/5982 4923/6376/5983 4943/6397/6003 4942/6396/6002
f 4923/6376/5983 4924/6377/5984 4944/6398/6004 4943/6397/6003
f 4924/6377/5984 4925/6378/5985 4945/6399/6005 4944/6398/6004
f 4925/6378/5985 4926/6379/5986 4946/6400/6006 4945/6399/6005
f 4926/6379/5986 4927/6380/5987 4947/6401/6007 4946/6400/6006
f 4927/6380/5987 4928/6381/5988 4948/6402/6008 4947/6401/6007
f 4928/6381/5988 4909/6382/5970 4929/6403/5990 4948/6402/6008
s off
f 4849/6404/6009 4868/6405/6010 4867/6406/6011 4866/6407/6012 4865/6408/6013 4864/6409/6014 4863/6410/6015 4862/6411/6016 4861/6412/6017 4860/6413/6018 4859/6414/6019 4858/6415/6020 4857/6416/6021 4856/6417/6022 4855/6418/6023 4854/6419/6024 4853/6420/6025 4852/6421/6026 4851/6422/6027 4850/6423/6028
s 17
f 4929/6384/5990 4930/6383/5989 4949/6424/6029
f 4930/6383/5989 4931/6385/5991 4949/6424/6029
f 4931/6385/5991 4932/6386/5992 4949/6424/6029
f 4932/6386/5992 4933/6387/5993 4949/6424/6029
f 4933/6387/5993 4934/6388/5994 4949/6424/6029
f 4934/6388/5994 4935/6389/5995 4949/6424/6029
f 4935/6389/5995 4936/6390/5996 4949/6424/6029
f 4936/6390/5996 4937/6391/5997 4949/6424/6029
f 4937/6391/5997 4938/6392/5998 4949/6424/6029
f 4938/6392/5998 4939/6393/5999 4949/6424/6029
f 4939/6393/5999 4940/6394/6000 4949/6424/6029
f 4940/6394/6000 4941/6395/6001 4949/6424/6029
f 4941/6395/6001 4942/6396/6002 4949/6424/6029
f 4942/6396/6002 4943/6397/6003 4949/6424/6029
f 4943/6397/6003 4944/6398/6004 4949/6424/6029
f 4944/6398/6004 4945/6399/6005 4949/6424/6029
f 4945/6399/6005 4946/6400/6006 4949/6424/6029
f 4946/6400/6006 4947/6401/6007 4949/6424/6029
f 4947/6401/6007 4948/6402/6008 4949/6424/6029
f 4948/6402/6008 4929/6403/5990 4949/6424/6029
s 18
f 4950/6425/6030 4951/6426/6031 4971/6427/6032 4970/6428/6033
f 4951/6426/6031 4952/6429/6034 4972/6430/6035 4971/6427/6032
f 4952/6429/6034 4953/6431/6036 4973/6432/6037 4972/6430/6035
f 4953/6431/6036 4954/6433/6038 4974/6434/6039 4973/6432/6037
f 4954/6433/6038 4955/6435/6040 4975/6436/6041 4974/6434/6039
f 4955/6435/6040 4956/6437/6042 4976/6438/6043 4975/6436/6041
f 4956/6437/6042 4957/6439/6044 4977/6440/6045 4976/6438/6043
f 4957/6439/6044 4958/6441/6046 4978/6442/6047 4977/6440/6045
f 4958/6441/6046 4959/6443/6048 4979/6444/6049 4978/6442/6047
f 4959/6443/6048 4960/6445/6050 4980/6446/6051 4979/6444/6049
f 4960/6445/6050 4961/6447/6052 4981/6448/6053 4980/6446/6051
f 4961/6447/6052 4962/6449/6054 4982/6450/6055 4981/6448/6053
f 4962/6449/6054 4963/6451/6056 4983/6452/6057 4982/6450/6055
f 4963/6451/6056 4964/6453/6058 4984/6454/6059 4983/6452/6057
f 4964/6453/6058 4965/6455/6060 4985/6456/6061 4984/6454/6059
f 4965/6455/6060 4966/6457/6062 4986/6458/6063 4985/6456/6061
f 4966/6457/6062 4967/6459/6064 4987/6460/6065 4986/6458/6063
f 4967/6459/6064 4968/6461/6066 4988/6462/6067 4987/6460/6065
f 4968/6461/6066 4969/6463/6068 4989/6464/6069 4988/6462/6067
f 4969/6463/6068 4950/6465/6030 4970/6466/6033 4989/6464/6069
f 4970/6428/6033 4971/6427/6032 4991/6467/6070 4990/6468/6071
f 4971/6427/6032 4972/6430/6035 4992/6469/6072 4991/6467/6070
f 4972/6430/6035 4973/6432/6037 4993/6470/6073 4992/6469/6072
f 4973/6432/6037 4974/6434/6039 4994/6471/6074 4993/6470/6073
f 4974/6434/6039 4975/6436/6041 4995/6472/6075 4994/6471/6074
f 4975/6436/6041 4976/6438/6043 4996/6473/6076 4995/6472/6075
f 4976/6438/6043 4977/6440/6045 4997/6474/6077 4996/6473/6076
f 4977/6440/6045 4978/6442/6047 4998/6475/6078 4997/6474/6077
f 4978/6442/6047 4979/6444/6049 4999/6476/6079 4998/6475/6078
f 4979/6444/6049 4980/6446/6051 5000/6477/6080 4999/6476/6079
f 4980/6446/6051 4981/6448/6053 5001/6478/6081 5000/6477/6080
f 4981/6448/6053 4982/6450/6055 5002/6479/6082 5001/6478/6081
f 4982/6450/6055 4983/6452/6057 5003/6480/6083 5002/6479/6082
f 4983/6452/6057 4984/6454/6059 5004/6481/6084 5003/6480/6083
f 4984/6454/6059 4985/6456/6061 5005/6482/6085 5004/6481/6084
f 4985/6456/6061 4986/6458/6063 5006/6483/6086 5005/6482/6085
f 4986/6458/6063 4987/6460/6065 5007/6484/6087 5006/6483/6086
f 4987/6460/6065 4988/6462/6067 5008/6485/6088 5007/6484/6087
f 4988/6462/6067 4989/6464/6069 5009/6486/6089 5008/6485/6088
f 4989/6464/6069 4970/6466/6033 4990/6487/6071 5009/6486/6089
f 4990/6468/6071 4991/6467/6070 5011/6488/6090 5010/6489/6091
f 4991/6467/6070 4992/6469/6072 5012/6490/6092 5011/6488/6090
f 4992/6469/6072 4993/6470/6073 5013/6491/6093 5012/6490/6092
f 4993/6470/6073 4994/6471/6074 5014/6492/6094 5013/6491/6093
f 4994/6471/6074 4995/6472/6075 5015/6493/6095 5014/6492/6094
f 4995/6472/6075 4996/6473/6076 5016/6494/6096 5015/6493/6095
f 4996/6473/6076 4997/6474/6077 5017/6495/6097 5016/6494/6096
f 4997/6474/6077 4998/6475/6078 5018/6496/6098 5017/6495/6097
f 4998/6475/6078 4999/6476/6079 5019/6497/6099 5018/6496/6098
f 4999/6476/6079 5000/6477/6080 5020/6498/6100 5019/6497/6099
f 5000/6477/6080 5001/6478/6081 5021/6499/6101 5020/6498/6100
f 5001/6478/6081 5002/6479/6082 5022/6500/6102 5021/6499/6101
f 5002/6479/6082 5003/6480/6083 5023/6501/6103 5022/6500/6102
f 5003/6480/6083 5004/6481/6084 5024/6502/6104 5023/6501/6103
f 5004/6481/6084 5005/6482/6085 5025/6503/6105 5024/6502/6104
f 5005/6482/6085 5006/6483/6086 5026/6504/6106 5025/6503/6105
f 5006/6483/6086 5007/6484/6087 5027/6505/6107 5026/6504/6106
f 5007/6484/6087 5008/6485/6088 5028/6506/6108 5027/6505/6107
f 5008/6485/6088 5009/6486/6089 5029/6507/6109 5028/6506/6108
f 5009/6486/6089 4990/6487/6071 5010/6508/6091 5029/6507/6109
f 5010/6489/6091 5011/6488/6090 5031/6509/6110 5030/6510/6111
f 5011/6488/6090 5012/6490/6092 5032/6511/6112 5031/6509/6110
f 5012/6490/6092 5013/6491/6093 5033/6512/6113 5032/6511/6112
f 5013/6491/6093 5014/6492/6094 5034/6513/6114 5033/6512/6113
f 5014/6492/6094 5015/6493/6095 5035/6514/6115 5034/6513/6114
f 5015/6493/6095 5016/6494/6096 5036/6515/6116 5035/6514/6115
f 5016/6494/6096 5017/6495/6097 5037/6516/6117 5036/6515/6116
f 5017/6495/6097 5018/6496/6098 5038/6517/6118 5037/6516/6117
f 5018/6496/6098 5019/6497/6099 5039/6518/6119 5038/6517/6118
f 5019/6497/6099 5020/6498/6100 5040/6519/6120 5039/6518/6119
f 5020/6498/6100 5021/6499/6101 5041/6520/6121 5040/6519/6120
f 5021/6499/6101 5022/6500/6102 5042/6521/6122 5041/6520/6121
f 5022/6500/6102 5023/6501/6103 5043/6522/6123 5042/6521/6122
f 5023/6501/6103 5024/6502/6104 5044/6523/6124 5043/6522/6123
f 5024/6502/6104 5025/6503/6105 5045/6524/6125 5044/6523/6124
f 5025/6503/6105 5026/6504/6106 5046/6525/6126 5045/6524/6125
f 5026/6504/6106 5027/6505/6107 5047/6526/6127 5046/6525/6126
f 5027/6505/6107 5028/6506/6108 5048/6527/6128 5047/6526/6127
f 5028/6506/6108 5029/6507/6109 5049/6528/6129 5048/6527/6128
f 5029/6507/6109 5010/6508/6091 5030/6529/6111 5049/6528/6129
s off
f 4950/6530/6130 4969/6531/6131 4968/6532/6132 4967/6533/6133 4966/6534/6134 4965/6535/6135 4964/6536/6136 4963/6537/6137 4962/6538/6138 4961/6539/6139 4960/6540/6140 4959/6541/6141 4958/6542/6142 4957/6543/6143 4956/6544/6144 4955/6545/6145 4954/6546/6146 4953/6547/6147 4952/6548/6148 4951/6549/6149
s 18
f 5030/6510/6111 5031/6509/6110 5050/6550/6150
f 5031/6509/6110 5032/6511/6112 5050/6550/6150
f 5032/6511/6112 5033/6512/6113 5050/6550/6150
f 5033/6512/6113 5034/6513/6114 5050/6550/6150
f 5034/6513/6114 5035/6514/6115 5050/6550/6150
f 5035/6514/6115 5036/6515/6116 5050/6550/6150
f 5036/6515/6116 5037/6516/6117 5050/6550/6150
f 5037/6516/6117 5038/6517/6118 5050/6550/6150
f 5038/6517/6118 5039/6518/6119 5050/6550/6150
f 5039/6518/6119 5040/6519/6120 5050/6550/6150
f 5040/6519/6120 5041/6520/6121 5050/6550/6150
f 5041/6520/6121 5042/6521/6122 5050/6550/6150
f 5042/6521/6122 5043/6522/6123 5050/6550/6150
f 5043/6522/6123 5044/6523/6124 5050/6550/6150
f 5044/6523/6124 5045/6524/6125 5050/6550/6150
f 5045/6524/6125 5046/6525/6126 5050/6550/6150
f 5046/6525/6126 5047/6526/6127 5050/6550/6150
f 5047/6526/6127 5048/6527/6128 5050/6550/6150
f 5048/6527/6128 5049/6528/6129 5050/6550/6150
f 5049/6528/6129 5030/6529/6111 5050/6550/6150
