# This file uses centimeters as units for non-parametric coordinates.

mtllib RevolverRM_JW.mtl
g default
v 0.750555 6.623574 -0.951240
v 0.750555 6.623574 0.951240
v 0.951057 6.387281 0.951241
v 0.951057 6.387281 -0.951241
v 0.210618 6.231287 -0.951241
v 0.695143 6.304130 -0.951241
v 0.652493 6.325861 -0.951241
v 0.572044 6.338603 -0.951241
v 0.491595 6.325861 -0.951241
v 0.419021 6.288882 -0.951241
v 0.361426 6.231287 -0.951241
v 0.339694 6.188638 -0.951241
v 0.247597 6.158713 -0.951241
v 0.534143 6.758664 -0.951240
v 0.534143 6.758664 0.951240
v 0.210618 6.231287 0.951241
v 0.247597 6.158713 0.951241
v 0.339694 6.188638 0.951241
v 0.361426 6.231287 0.951241
v 0.419021 6.288882 0.951241
v 0.491595 6.325861 0.951241
v 0.572044 6.338603 0.951241
v 0.652493 6.325861 0.951241
v 0.695143 6.304130 0.951241
v 1.068756 6.078264 0.951241
v 1.068756 6.078264 -0.951241
v 0.153023 6.288882 -0.951241
v 0.832382 6.078264 -0.951241
v 0.819641 6.158713 -0.951241
v 0.782662 6.231287 -0.951241
v 0.725067 6.288882 -0.951241
v 0.725067 6.288882 0.951241
v 0.324447 6.158713 -0.951241
v 0.324447 6.158713 0.951241
v 0.311705 6.078264 -0.951241
v 0.260338 6.078264 -0.951241
v 0.309017 7.029321 -0.951241
v 0.309017 7.029321 0.951241
v 0.153023 6.288882 0.951241
v 0.260338 6.078264 0.951241
v 0.311705 6.078264 0.951241
v 0.782662 6.231287 0.951241
v 0.819641 6.158713 0.951241
v 0.832382 6.078264 0.951241
v 0.951057 5.769247 -0.951241
v 0.951057 5.769247 0.951241
v 0.080449 6.325861 -0.951241
v 0.133684 6.489701 -0.951241
v 0.153023 6.499555 -0.951241
v 0.210618 6.557150 -0.951241
v 0.247597 6.629725 -0.951241
v 0.260338 6.710173 -0.951241
v 0.247597 6.790622 -0.951241
v 0.237743 6.809961 -0.951241
v 0.695143 5.852398 -0.951241
v 0.725067 5.867646 -0.951241
v 0.782662 5.925241 -0.951241
v 0.819641 5.997815 -0.951241
v 0.247597 5.997815 -0.951241
v 0.324447 5.997815 -0.951241
v 0.339695 5.967891 -0.951241
v 0.000000 7.138316 -0.951241
v 0.000000 7.138316 0.951241
v 0.080449 6.325861 0.951241
v 0.237743 6.809961 0.951241
v 0.247597 6.790622 0.951241
v 0.260338 6.710173 0.951241
v 0.247597 6.629724 0.951241
v 0.210618 6.557150 0.951241
v 0.153023 6.499555 0.951241
v 0.133684 6.489701 0.951241
v 0.247597 5.997815 0.951241
v 0.339695 5.967891 0.951241
v 0.324447 5.997815 0.951241
v 0.695143 5.852399 0.951241
v 0.819641 5.997815 0.951241
v 0.782662 5.925241 0.951241
v 0.725067 5.867646 0.951241
v 0.750554 5.532955 -0.951240
v 0.750554 5.532955 0.951240
v -0.000000 6.449835 -0.951241
v 0.080449 6.462577 -0.951241
v -0.000000 6.338603 -0.951241
v 0.080449 6.462577 0.951241
v 0.210618 6.863196 -0.951241
v 0.210618 6.863196 0.951241
v 0.000000 6.970511 -0.951241
v 0.153023 6.920792 -0.951241
v 0.080449 6.957770 -0.951241
v 0.210618 5.925241 -0.951241
v 0.361426 5.925241 -0.951241
v 0.419021 5.867646 -0.951241
v 0.491595 5.830667 -0.951241
v 0.572044 5.817925 -0.951241
v 0.652493 5.830667 -0.951241
v 0.652493 5.830667 0.951241
v 0.361426 5.925241 0.951241
v -0.309017 7.029321 -0.951241
v -0.309017 7.029321 0.951241
v 0.000000 6.970512 0.951241
v 0.080449 6.957770 0.951241
v 0.153023 6.920792 0.951241
v -0.000000 6.449835 0.951241
v -0.000000 6.338603 0.951241
v 0.210618 5.925241 0.951241
v 0.572044 5.817925 0.951241
v 0.491595 5.830667 0.951241
v 0.419021 5.867646 0.951241
v 0.530465 5.397865 -0.951240
v 0.530465 5.397865 0.951240
v -0.133684 6.489701 -0.951241
v -0.080449 6.462577 -0.951241
v -0.080449 6.325861 -0.951241
v -0.080449 6.957770 -0.951241
v -0.153023 6.920792 -0.951241
v -0.210618 6.863196 -0.951241
v -0.237743 6.809961 -0.951241
v 0.153023 5.867646 -0.951241
v -0.534143 6.758664 -0.951240
v -0.534143 6.758664 0.951240
v -0.237743 6.809961 0.951241
v -0.210618 6.863196 0.951241
v -0.153023 6.920792 0.951241
v -0.080449 6.957770 0.951241
v -0.133684 6.489701 0.951241
v -0.080449 6.325861 0.951241
v -0.080449 6.462576 0.951241
v 0.153023 5.867646 0.951241
v 0.309017 5.127208 -0.951241
v 0.309017 5.127208 0.951241
v -0.247597 6.790622 -0.951241
v -0.260339 6.710173 -0.951241
v -0.247597 6.629724 -0.951241
v -0.210618 6.557150 -0.951241
v -0.153023 6.499555 -0.951241
v -0.153023 6.288882 -0.951241
v -0.153023 6.499555 0.951241
v -0.247597 6.790622 0.951241
v 0.080449 5.830667 -0.951241
v 0.222621 5.393107 -0.951241
v 0.247597 5.442124 -0.951241
v 0.260338 5.522573 -0.951241
v 0.247597 5.603023 -0.951241
v 0.210618 5.675597 -0.951241
v 0.153023 5.733191 -0.951241
v 0.104006 5.758167 -0.951241
v -0.750555 6.623574 -0.951240
v -0.750555 6.623574 0.951240
v -0.153023 6.288882 0.951241
v -0.210618 6.557150 0.951241
v -0.247597 6.629724 0.951241
v -0.260339 6.710173 0.951241
v 0.080449 5.830667 0.951241
v 0.104006 5.758167 0.951241
v 0.153023 5.733192 0.951241
v 0.210618 5.675597 0.951241
v 0.247597 5.603023 0.951241
v 0.260338 5.522573 0.951241
v 0.247597 5.442124 0.951241
v 0.222621 5.393107 0.951241
v -0.000000 4.987073 -0.951241
v -0.000000 4.987073 0.951241
v -0.210618 6.231287 -0.951241
v -0.000000 5.262235 -0.951241
v 0.080449 5.274977 -0.951241
v 0.153023 5.311955 -0.951241
v 0.210618 5.369550 -0.951241
v 0.210618 5.369550 0.951241
v 0.080449 5.770170 -0.951241
v 0.080449 5.770170 0.951241
v -0.000000 5.817925 -0.951241
v -0.000000 5.782912 -0.951241
v -0.951057 6.387281 -0.951241
v -0.951057 6.387281 0.951241
v -0.210618 6.231287 0.951241
v -0.000000 5.817925 0.951241
v -0.000000 5.782912 0.951241
v 0.153023 5.311955 0.951241
v 0.080449 5.274977 0.951241
v -0.000000 5.262235 0.951241
v -0.309017 5.127207 -0.951241
v -0.309017 5.127207 0.951241
v -0.247597 6.158713 -0.951241
v -0.379975 6.201725 -0.951241
v -0.395038 6.231287 -0.951241
v -0.452633 6.288882 -0.951241
v -0.525207 6.325861 -0.951241
v -0.605656 6.338603 -0.951241
v -0.686105 6.325861 -0.951241
v -0.715667 6.310799 -0.951241
v -0.222621 5.393107 -0.951241
v -0.210618 5.369550 -0.951241
v -0.153023 5.311955 -0.951241
v -0.080449 5.274977 -0.951241
v -0.104006 5.758167 -0.951241
v -0.080449 5.830667 -0.951241
v -0.080449 5.770170 -0.951241
v -1.040769 6.078264 -0.951241
v -1.040769 6.078264 0.951241
v -0.715667 6.310799 0.951241
v -0.686105 6.325861 0.951241
v -0.605656 6.338603 0.951241
v -0.525207 6.325861 0.951241
v -0.452633 6.288882 0.951241
v -0.395038 6.231287 0.951241
v -0.379975 6.201725 0.951241
v -0.247597 6.158713 0.951241
v -0.104006 5.758167 0.951241
v -0.080449 5.770170 0.951241
v -0.080449 5.830667 0.951241
v -0.080449 5.274977 0.951241
v -0.153023 5.311955 0.951241
v -0.210618 5.369550 0.951241
v -0.222621 5.393107 0.951241
v -0.530465 5.397865 -0.951240
v -0.530465 5.397865 0.951240
v -0.260339 6.078264 -0.951241
v -0.345318 6.078264 -0.951241
v -0.358059 6.158713 -0.951241
v -0.358059 6.158713 0.951241
v -0.758679 6.288882 -0.951241
v -0.758679 6.288882 0.951241
v -0.816275 6.231287 -0.951241
v -0.853253 6.158713 -0.951241
v -0.865995 6.078264 -0.951241
v -0.153023 5.867646 -0.951241
v -0.153023 5.733191 -0.951241
v -0.210618 5.675597 -0.951241
v -0.247597 5.603023 -0.951241
v -0.260339 5.522573 -0.951241
v -0.247597 5.442124 -0.951241
v -0.247597 5.442124 0.951241
v -0.153023 5.733191 0.951241
v -0.951057 5.769247 -0.951241
v -0.951057 5.769247 0.951241
v -0.865995 6.078264 0.951241
v -0.853253 6.158713 0.951241
v -0.816275 6.231287 0.951241
v -0.345318 6.078264 0.951241
v -0.260339 6.078264 0.951241
v -0.260339 5.522573 0.951241
v -0.247597 5.603023 0.951241
v -0.210618 5.675597 0.951241
v -0.153023 5.867646 0.951241
v -0.750555 5.532954 -0.951240
v -0.750555 5.532954 0.951240
v -0.379976 5.954803 -0.951241
v -0.358060 5.997815 -0.951241
v -0.247597 5.997815 -0.951241
v -0.853253 5.997815 -0.951241
v -0.816275 5.925241 -0.951241
v -0.758679 5.867646 -0.951241
v -0.715667 5.845730 -0.951241
v -0.210618 5.925241 -0.951241
v -0.715667 5.845730 0.951241
v -0.758679 5.867646 0.951241
v -0.816275 5.925241 0.951241
v -0.853253 5.997815 0.951241
v -0.379976 5.954803 0.951241
v -0.247597 5.997815 0.951241
v -0.358060 5.997815 0.951241
v -0.210618 5.925241 0.951241
v -0.686105 5.830667 -0.951241
v -0.605656 5.817925 -0.951241
v -0.525207 5.830667 -0.951241
v -0.452633 5.867646 -0.951241
v -0.395038 5.925241 -0.951241
v -0.395038 5.925241 0.951241
v -0.686105 5.830667 0.951241
v -0.452633 5.867646 0.951241
v -0.525207 5.830667 0.951241
v -0.605656 5.817925 0.951241
vt 0.949678 0.098653
vt 0.938776 0.098653
vt 0.938776 0.031533
vt 0.949678 0.031533
vt 0.927874 0.098653
vt 0.927874 0.031533
vt 0.958015 0.031533
vt 0.958015 0.098653
vt 0.919538 0.098653
vt 0.919538 0.031533
vt 0.962781 0.031533
vt 0.962781 0.098653
vt 0.914772 0.098653
vt 0.914772 0.031533
vt 0.972330 0.031533
vt 0.972330 0.098653
vt 0.905223 0.098653
vt 0.905223 0.031533
vt 0.941829 0.166672
vt 0.941829 0.099553
vt 0.944667 0.099553
vt 0.944667 0.166672
vt 0.938991 0.166672
vt 0.938991 0.099553
vt 0.947228 0.099553
vt 0.947228 0.166672
vt 0.936430 0.166672
vt 0.936430 0.099553
vt 0.949260 0.099553
vt 0.949260 0.166672
vt 0.934399 0.166672
vt 0.934399 0.099553
vt 0.960912 0.099553
vt 0.960912 0.166672
vt 0.958073 0.166672
vt 0.958073 0.099553
vt 0.963472 0.099553
vt 0.963472 0.166672
vt 0.961967 0.166672
vt 0.961967 0.099553
vt 0.955235 0.166672
vt 0.955235 0.099553
vt 0.965504 0.099553
vt 0.965504 0.166672
vt 0.954179 0.166672
vt 0.952675 0.166672
vt 0.952675 0.099553
vt 0.954179 0.099553
vt 0.950643 0.166672
vt 0.950643 0.099553
vt 0.896999 0.175449
vt 0.896999 0.108329
vt 0.899560 0.108329
vt 0.899560 0.175449
vt 0.894967 0.175449
vt 0.894967 0.108329
vt 0.902398 0.108329
vt 0.902398 0.175449
vt 0.905236 0.108329
vt 0.905236 0.175449
vt 0.905918 0.108329
vt 0.907797 0.108329
vt 0.907797 0.175449
vt 0.905918 0.175449
vt 0.909828 0.108329
vt 0.909828 0.175449
vt 0.783962 0.108329
vt 0.783962 0.175449
vt 0.781123 0.175449
vt 0.781123 0.108329
vt 0.786522 0.108329
vt 0.786522 0.175449
vt 0.784644 0.175449
vt 0.784644 0.108329
vt 0.778285 0.175449
vt 0.778285 0.108329
vt 0.788554 0.108329
vt 0.788554 0.175449
vt 0.775725 0.175449
vt 0.775725 0.108329
vt 0.773693 0.175449
vt 0.773693 0.108329
vt 0.781104 0.243468
vt 0.781104 0.176348
vt 0.783942 0.176348
vt 0.783942 0.243468
vt 0.779375 0.243468
vt 0.778543 0.243468
vt 0.778543 0.176348
vt 0.779375 0.176348
vt 0.786780 0.176348
vt 0.786780 0.243468
vt 0.776512 0.243468
vt 0.776512 0.176348
vt 0.789341 0.176348
vt 0.789341 0.243468
vt 0.791373 0.176348
vt 0.791373 0.243468
vt 0.834392 0.175449
vt 0.823490 0.175449
vt 0.823490 0.108329
vt 0.834392 0.108329
vt 0.812588 0.175449
vt 0.812588 0.108329
vt 0.842729 0.175449
vt 0.842729 0.108329
vt 0.804252 0.175449
vt 0.804252 0.108329
vt 0.847495 0.175449
vt 0.847495 0.108329
vt 0.799486 0.175449
vt 0.799486 0.108329
vt 0.857044 0.175449
vt 0.857044 0.108329
vt 0.789937 0.175449
vt 0.789937 0.108329
vt 0.824796 0.243468
vt 0.824796 0.176348
vt 0.827634 0.176348
vt 0.827634 0.243468
vt 0.821958 0.243468
vt 0.821958 0.176348
vt 0.829152 0.243468
vt 0.829152 0.176348
vt 0.830195 0.176348
vt 0.830195 0.243468
vt 0.820440 0.243468
vt 0.819397 0.243468
vt 0.819397 0.176348
vt 0.820440 0.176348
vt 0.832227 0.176348
vt 0.832227 0.243468
vt 0.817365 0.243468
vt 0.817365 0.176348
vt 0.875002 0.176348
vt 0.875002 0.243468
vt 0.872442 0.243468
vt 0.872442 0.176348
vt 0.877034 0.176348
vt 0.877034 0.243468
vt 0.869603 0.243468
vt 0.869603 0.176348
vt 0.866765 0.243468
vt 0.866765 0.176348
vt 0.864205 0.243468
vt 0.864205 0.176348
vt 0.862173 0.243468
vt 0.862173 0.176348
vt 0.858748 0.176348
vt 0.858748 0.243468
vt 0.856188 0.243468
vt 0.856188 0.176348
vt 0.860780 0.176348
vt 0.860780 0.243468
vt 0.853350 0.243468
vt 0.853350 0.176348
vt 0.850511 0.243468
vt 0.850511 0.176348
vt 0.848782 0.176348
vt 0.848782 0.243468
vt 0.847951 0.243468
vt 0.847951 0.176348
vt 0.845919 0.243468
vt 0.845919 0.176348
vt 0.903556 0.243468
vt 0.900995 0.243468
vt 0.900995 0.176348
vt 0.903556 0.176348
vt 0.898157 0.243468
vt 0.898157 0.176348
vt 0.905588 0.176348
vt 0.905588 0.243468
vt 0.895319 0.243468
vt 0.895319 0.176348
vt 0.892758 0.243468
vt 0.892758 0.176348
vt 0.890726 0.243468
vt 0.890726 0.176348
vt 0.944409 0.167572
vt 0.944409 0.234692
vt 0.941849 0.234692
vt 0.941849 0.167572
vt 0.946441 0.167572
vt 0.946441 0.234692
vt 0.939011 0.234692
vt 0.939011 0.167572
vt 0.936172 0.234692
vt 0.936172 0.167572
vt 0.933612 0.234692
vt 0.933612 0.167572
vt 0.931580 0.167572
vt 0.931580 0.234692
vt 0.975124 0.099553
vt 0.975124 0.166672
vt 0.972286 0.166672
vt 0.972286 0.099553
vt 0.976628 0.099553
vt 0.977684 0.099553
vt 0.977684 0.166672
vt 0.976628 0.166672
vt 0.969447 0.166672
vt 0.969447 0.099553
vt 0.966887 0.166672
vt 0.966887 0.099553
vt 0.933016 0.166672
vt 0.922114 0.166672
vt 0.922114 0.099553
vt 0.933016 0.099553
vt 0.911211 0.166672
vt 0.911211 0.099553
vt 0.888186 0.175449
vt 0.888186 0.108329
vt 0.891024 0.108329
vt 0.891024 0.175449
vt 0.885347 0.175449
vt 0.885347 0.108329
vt 0.892902 0.175449
vt 0.892902 0.108329
vt 0.893584 0.108329
vt 0.893584 0.175449
vt 0.883469 0.175449
vt 0.882787 0.175449
vt 0.882787 0.108329
vt 0.883469 0.108329
vt 0.881404 0.108329
vt 0.881404 0.175449
vt 0.878844 0.175449
vt 0.878844 0.108329
vt 0.876005 0.108329
vt 0.876005 0.175449
vt 0.873167 0.175449
vt 0.873167 0.108329
vt 0.870607 0.175449
vt 0.870607 0.108329
vt 0.858427 0.175449
vt 0.858427 0.108329
vt 0.860987 0.108329
vt 0.860987 0.175449
vt 0.863825 0.108329
vt 0.863825 0.175449
vt 0.866663 0.108329
vt 0.866663 0.175449
vt 0.868168 0.175449
vt 0.868168 0.108329
vt 0.869224 0.108329
vt 0.869224 0.175449
vt 0.774990 0.176348
vt 0.774990 0.243468
vt 0.764088 0.243468
vt 0.764088 0.176348
vt 0.753185 0.243468
vt 0.753185 0.176348
vt 0.798164 0.243468
vt 0.798164 0.176348
vt 0.801002 0.176348
vt 0.801002 0.243468
vt 0.795326 0.243468
vt 0.795326 0.176348
vt 0.803563 0.176348
vt 0.803563 0.243468
vt 0.792765 0.243468
vt 0.792765 0.176348
vt 0.813302 0.176348
vt 0.813302 0.243468
vt 0.810464 0.243468
vt 0.810464 0.176348
vt 0.815863 0.176348
vt 0.815863 0.243468
vt 0.814133 0.243468
vt 0.814133 0.176348
vt 0.807626 0.243468
vt 0.807626 0.176348
vt 0.806795 0.176348
vt 0.806795 0.243468
vt 0.805065 0.243468
vt 0.805065 0.176348
vt 0.844416 0.176348
vt 0.844416 0.243468
vt 0.841856 0.243468
vt 0.841856 0.176348
vt 0.839018 0.243468
vt 0.839018 0.176348
vt 0.836179 0.243468
vt 0.836179 0.176348
vt 0.835137 0.243468
vt 0.833619 0.243468
vt 0.833619 0.176348
vt 0.835137 0.176348
vt 0.880987 0.243468
vt 0.880987 0.176348
vt 0.883825 0.176348
vt 0.883825 0.243468
vt 0.878426 0.243468
vt 0.878426 0.176348
vt 0.879944 0.176348
vt 0.879944 0.243468
vt 0.886663 0.176348
vt 0.886663 0.243468
vt 0.889224 0.176348
vt 0.889224 0.243468
vt 0.917777 0.176348
vt 0.917777 0.243468
vt 0.915217 0.243468
vt 0.915217 0.176348
vt 0.912379 0.243468
vt 0.912379 0.176348
vt 0.909540 0.243468
vt 0.909540 0.176348
vt 0.906980 0.243468
vt 0.906980 0.176348
vt 0.930077 0.234692
vt 0.927517 0.234692
vt 0.927517 0.167572
vt 0.930077 0.167572
vt 0.924679 0.234692
vt 0.924679 0.167572
vt 0.921840 0.234692
vt 0.921840 0.167572
vt 0.919280 0.234692
vt 0.919280 0.167572
vt 0.816383 0.049693
vt 0.797334 0.063533
vt 0.795303 0.061501
vt 0.808748 0.044927
vt 0.823457 0.058030
vt 0.814429 0.060963
vt 0.812924 0.060197
vt 0.810086 0.059747
vt 0.807247 0.060197
vt 0.804687 0.061501
vt 0.802655 0.063533
vt 0.801888 0.065038
vt 0.798639 0.066094
vt 0.792742 0.060197
vt 0.794620 0.054416
vt 0.795303 0.054069
vt 0.797334 0.052037
vt 0.798639 0.049476
vt 0.799089 0.046638
vt 0.798639 0.043800
vt 0.798291 0.043117
vt 0.800806 0.035378
vt 0.827610 0.068932
vt 0.819270 0.068932
vt 0.818821 0.066094
vt 0.817516 0.063533
vt 0.815484 0.061501
vt 0.801350 0.066094
vt 0.800901 0.068932
vt 0.799089 0.068932
vt 0.789904 0.059747
vt 0.789904 0.055823
vt 0.792742 0.055373
vt 0.797334 0.041239
vt 0.795303 0.039207
vt 0.792742 0.037903
vt 0.789904 0.037453
vt 0.789904 0.031533
vt 0.823457 0.079834
vt 0.814429 0.076900
vt 0.815484 0.076363
vt 0.817516 0.074331
vt 0.818821 0.071770
vt 0.801350 0.071770
vt 0.801888 0.072826
vt 0.798639 0.071770
vt 0.787066 0.060197
vt 0.785187 0.054416
vt 0.787066 0.055373
vt 0.787066 0.037903
vt 0.784505 0.039207
vt 0.782473 0.041239
vt 0.781516 0.043117
vt 0.779002 0.035378
vt 0.816383 0.088170
vt 0.797334 0.074331
vt 0.802655 0.074331
vt 0.804687 0.076363
vt 0.807247 0.077667
vt 0.810086 0.078117
vt 0.812924 0.077667
vt 0.781169 0.043800
vt 0.780719 0.046638
vt 0.781169 0.049476
vt 0.782473 0.052037
vt 0.784505 0.054069
vt 0.784505 0.061501
vt 0.771059 0.044927
vt 0.808619 0.092936
vt 0.795303 0.076363
vt 0.782473 0.063533
vt 0.763424 0.049693
vt 0.800806 0.102485
vt 0.797758 0.093104
vt 0.798639 0.091375
vt 0.799089 0.088537
vt 0.798639 0.085698
vt 0.797334 0.083138
vt 0.795303 0.081106
vt 0.793573 0.080225
vt 0.792742 0.077667
vt 0.781169 0.066094
vt 0.776498 0.064576
vt 0.775967 0.063533
vt 0.773935 0.061501
vt 0.771374 0.060197
vt 0.768536 0.059747
vt 0.765698 0.060197
vt 0.764655 0.060728
vt 0.756350 0.058030
vt 0.789904 0.107429
vt 0.789904 0.097721
vt 0.792742 0.097272
vt 0.795303 0.095967
vt 0.797334 0.093935
vt 0.792742 0.079801
vt 0.789904 0.079352
vt 0.789904 0.078117
vt 0.780719 0.068932
vt 0.777721 0.068932
vt 0.777272 0.066094
vt 0.763138 0.061501
vt 0.761106 0.063533
vt 0.759801 0.066094
vt 0.759351 0.068932
vt 0.753185 0.068932
vt 0.779002 0.102485
vt 0.782050 0.093104
vt 0.782473 0.093935
vt 0.784505 0.095967
vt 0.787066 0.097272
vt 0.787066 0.079801
vt 0.786234 0.080225
vt 0.787066 0.077667
vt 0.781169 0.071770
vt 0.776498 0.073288
vt 0.777272 0.071770
vt 0.759801 0.071770
vt 0.761106 0.074331
vt 0.763138 0.076363
vt 0.764655 0.077136
vt 0.756350 0.079834
vt 0.771189 0.092936
vt 0.784505 0.076363
vt 0.784505 0.081106
vt 0.782473 0.083138
vt 0.781169 0.085698
vt 0.780719 0.088537
vt 0.781169 0.091375
vt 0.765698 0.077667
vt 0.768536 0.078117
vt 0.771374 0.077667
vt 0.773935 0.076363
vt 0.775967 0.074331
vt 0.782473 0.074331
vt 0.763424 0.088170
vt 0.892424 0.089269
vt 0.884789 0.094035
vt 0.871343 0.077461
vt 0.873375 0.075429
vt 0.876847 0.103584
vt 0.874332 0.095845
vt 0.874680 0.095163
vt 0.875129 0.092324
vt 0.874680 0.089486
vt 0.873375 0.086926
vt 0.871343 0.084894
vt 0.870661 0.084546
vt 0.868783 0.078766
vt 0.874680 0.072869
vt 0.877929 0.073925
vt 0.878696 0.075429
vt 0.880728 0.077461
vt 0.883288 0.078766
vt 0.886126 0.079215
vt 0.888965 0.078766
vt 0.890469 0.077999
vt 0.899498 0.080933
vt 0.865945 0.107429
vt 0.865945 0.101509
vt 0.868783 0.101060
vt 0.871343 0.099755
vt 0.873375 0.097723
vt 0.868783 0.083589
vt 0.865945 0.083140
vt 0.865945 0.079215
vt 0.875129 0.070031
vt 0.876942 0.070031
vt 0.877391 0.072869
vt 0.891525 0.077461
vt 0.893557 0.075429
vt 0.894861 0.072869
vt 0.895311 0.070031
vt 0.903650 0.070031
vt 0.855042 0.103584
vt 0.857557 0.095845
vt 0.858514 0.097723
vt 0.860546 0.099755
vt 0.863106 0.101060
vt 0.863106 0.083589
vt 0.861228 0.084546
vt 0.863106 0.078766
vt 0.874680 0.067192
vt 0.877929 0.066137
vt 0.877391 0.067192
vt 0.894861 0.067192
vt 0.893557 0.064632
vt 0.891525 0.062600
vt 0.890469 0.062062
vt 0.899498 0.059128
vt 0.847100 0.094035
vt 0.860546 0.077461
vt 0.860546 0.084894
vt 0.858514 0.086926
vt 0.857209 0.089486
vt 0.856760 0.092324
vt 0.857209 0.095163
vt 0.888965 0.061295
vt 0.886126 0.060846
vt 0.883288 0.061295
vt 0.880728 0.062600
vt 0.878696 0.064632
vt 0.873375 0.064632
vt 0.892424 0.050792
vt 0.839465 0.089269
vt 0.858514 0.075429
vt 0.871343 0.062600
vt 0.884659 0.046026
vt 0.832391 0.080933
vt 0.840696 0.078234
vt 0.841739 0.078766
vt 0.844577 0.079215
vt 0.847415 0.078766
vt 0.849976 0.077461
vt 0.852008 0.075429
vt 0.852539 0.074386
vt 0.857209 0.072869
vt 0.868783 0.061295
vt 0.869614 0.058737
vt 0.871343 0.057856
vt 0.873375 0.055824
vt 0.874680 0.053264
vt 0.875129 0.050426
vt 0.874680 0.047587
vt 0.873799 0.045858
vt 0.876847 0.036477
vt 0.829226 0.070031
vt 0.835392 0.070031
vt 0.835842 0.072869
vt 0.837146 0.075429
vt 0.839178 0.077461
vt 0.853312 0.072869
vt 0.853762 0.070031
vt 0.856760 0.070031
vt 0.865945 0.060846
vt 0.865945 0.059610
vt 0.868783 0.059161
vt 0.873375 0.045027
vt 0.871343 0.042995
vt 0.868783 0.041690
vt 0.865945 0.041241
vt 0.865945 0.031533
vt 0.832391 0.059128
vt 0.840696 0.061827
vt 0.839178 0.062600
vt 0.837146 0.064632
vt 0.835842 0.067192
vt 0.853312 0.067192
vt 0.852539 0.065675
vt 0.857209 0.067192
vt 0.863106 0.061295
vt 0.862275 0.058737
vt 0.863106 0.059161
vt 0.863106 0.041690
vt 0.860546 0.042995
vt 0.858514 0.045027
vt 0.858090 0.045858
vt 0.855042 0.036477
vt 0.839465 0.050792
vt 0.858514 0.064632
vt 0.852008 0.064632
vt 0.849976 0.062600
vt 0.847415 0.061295
vt 0.844577 0.060846
vt 0.841739 0.061295
vt 0.857209 0.047587
vt 0.856760 0.050426
vt 0.857209 0.053264
vt 0.858514 0.055824
vt 0.860546 0.057856
vt 0.860546 0.062600
vt 0.847230 0.046026
vn 0.665157 0.746704 0.000000
vn 0.665157 0.746704 0.000000
vn 0.863708 0.503993 0.000000
vn 0.863708 0.503993 0.000000
vn 0.676634 0.736319 0.000000
vn 0.676634 0.736319 0.000000
vn 1.000000 -0.000001 0.000000
vn 1.000000 -0.000001 0.000000
vn -0.000000 0.000002 -1.000000
vn 0.000000 0.000000 -1.000000
vn 0.000000 0.000000 -1.000000
vn 0.000002 0.000000 -1.000000
vn -0.309017 -0.951056 0.000000
vn -0.309017 -0.951056 0.000000
vn 0.000000 -1.000000 0.000000
vn 0.000000 -1.000000 0.000000
vn 0.309018 -0.951056 0.000000
vn 0.309018 -0.951056 0.000000
vn 0.587785 -0.809017 0.000000
vn 0.587785 -0.809017 0.000000
vn 0.809017 -0.587785 0.000000
vn 0.809017 -0.587785 0.000000
vn 0.579337 0.815088 0.000000
vn 0.579337 0.815088 0.000000
vn -0.000000 0.000002 1.000000
vn 0.000002 0.000000 1.000000
vn 0.000000 0.000000 1.000000
vn 0.000000 0.000000 1.000000
vn 0.863707 -0.503994 0.000000
vn 0.863707 -0.503994 0.000000
vn -1.000000 0.000001 -0.000000
vn -1.000000 0.000001 -0.000000
vn -0.951057 -0.309016 0.000000
vn -0.951057 -0.309016 0.000000
vn -0.809017 -0.587785 0.000000
vn -0.809017 -0.587785 0.000000
vn -0.587785 -0.809017 0.000000
vn -0.587785 -0.809017 0.000000
vn 0.951057 -0.309017 0.000000
vn 0.951057 -0.309017 0.000000
vn 1.000000 0.000000 -0.000000
vn 1.000000 0.000000 -0.000000
vn 0.000000 1.000000 0.000000
vn 0.000000 1.000000 0.000000
vn 0.661894 -0.749598 0.000000
vn 0.661894 -0.749598 0.000000
vn -0.587785 0.809017 0.000000
vn -0.587785 0.809017 0.000000
vn -0.809017 0.587785 0.000000
vn -0.809017 0.587785 0.000000
vn -0.951057 0.309017 0.000000
vn -0.951057 0.309017 0.000000
vn -1.000000 0.000001 0.000000
vn -1.000000 0.000001 0.000000
vn -0.951057 -0.309016 0.000000
vn -0.951057 -0.309016 0.000000
vn -0.587785 0.809017 -0.000000
vn -0.587785 0.809017 -0.000000
vn -0.809017 0.587785 -0.000000
vn -0.809017 0.587785 -0.000000
vn -0.951057 0.309017 -0.000000
vn -0.951057 0.309017 -0.000000
vn 0.951056 0.309017 -0.000000
vn 0.951056 0.309017 -0.000000
vn -0.579338 0.815087 0.000000
vn -0.579338 0.815087 0.000000
vn 0.676634 -0.736319 0.000000
vn 0.676634 -0.736319 0.000000
vn -0.000000 1.000000 0.000000
vn -0.000000 1.000000 0.000000
vn -0.309017 0.951056 0.000000
vn -0.309017 0.951056 0.000000
vn -0.809017 -0.587785 0.000000
vn -0.809017 -0.587785 0.000000
vn -0.587785 -0.809017 0.000000
vn -0.587785 -0.809017 0.000000
vn -0.309017 -0.951057 0.000000
vn -0.309017 -0.951057 0.000000
vn 0.000000 -1.000000 0.000000
vn 0.000000 -1.000000 0.000000
vn 0.809017 0.587785 -0.000000
vn 0.809017 0.587785 -0.000000
vn 0.587785 0.809017 -0.000000
vn 0.587785 0.809017 -0.000000
vn 0.309016 0.951057 -0.000000
vn 0.309016 0.951057 -0.000000
vn -0.000000 1.000000 0.000000
vn -0.000000 1.000000 0.000000
vn -0.309016 0.951057 -0.000000
vn -0.309016 0.951057 -0.000000
vn -0.000000 -0.000002 -1.000000
vn 0.000002 -0.000000 -1.000000
vn 0.000000 0.000000 -1.000000
vn 0.000000 0.000000 -1.000000
vn -0.676635 0.736319 0.000000
vn -0.676635 0.736319 0.000000
vn -0.000000 -0.000002 1.000000
vn 0.000000 0.000000 1.000000
vn 0.000000 0.000000 1.000000
vn 0.000002 -0.000000 1.000000
vn 0.612275 -0.790645 0.000000
vn 0.612275 -0.790645 0.000000
vn 0.309017 0.951056 0.000000
vn 0.309017 0.951056 0.000000
vn 0.309017 -0.951056 0.000000
vn 0.309017 -0.951056 0.000000
vn 0.587785 -0.809017 0.000000
vn 0.587785 -0.809017 0.000000
vn 0.809017 -0.587785 0.000000
vn 0.809017 -0.587785 0.000000
vn -0.665156 0.746704 0.000000
vn -0.665156 0.746704 0.000000
vn 0.000001 -1.000000 0.000000
vn 0.000001 -1.000000 0.000000
vn -0.000002 0.000000 -1.000000
vn 0.000000 0.000000 -1.000000
vn 0.000000 0.000000 -1.000000
vn 0.000000 0.000002 -1.000000
vn 0.951057 -0.309017 0.000000
vn 0.951057 -0.309017 0.000000
vn 1.000000 0.000000 0.000000
vn 1.000000 0.000000 0.000000
vn 0.951056 0.309017 0.000000
vn 0.951056 0.309017 0.000000
vn 0.809017 0.587786 0.000000
vn 0.809017 0.587786 0.000000
vn 0.587785 0.809017 0.000000
vn 0.587785 0.809017 0.000000
vn -0.951057 0.309017 0.000000
vn -0.951057 0.309017 0.000000
vn -1.000000 0.000001 0.000000
vn -1.000000 0.000001 0.000000
vn -0.951057 -0.309016 0.000000
vn -0.951057 -0.309016 0.000000
vn -0.809017 -0.587786 0.000000
vn -0.809017 -0.587786 0.000000
vn -0.587785 -0.809017 0.000000
vn -0.587785 -0.809017 0.000000
vn -0.882768 0.469809 0.000000
vn -0.882768 0.469809 0.000000
vn -0.000002 0.000000 1.000000
vn 0.000000 0.000002 1.000000
vn 0.000000 0.000000 1.000000
vn 0.000000 0.000000 1.000000
vn -0.612275 -0.790645 0.000000
vn -0.612275 -0.790645 0.000000
vn 0.000000 1.000000 -0.000000
vn 0.000000 1.000000 -0.000000
vn -0.309017 0.951056 -0.000000
vn -0.309017 0.951056 -0.000000
vn -0.587785 0.809017 0.000000
vn -0.587785 0.809017 0.000000
vn -0.809017 0.587785 0.000000
vn -0.809017 0.587785 0.000000
vn -0.309017 -0.951057 0.000000
vn -0.309017 -0.951057 0.000000
vn 0.000000 -1.000000 0.000000
vn 0.000000 -1.000000 0.000000
vn -1.000000 0.000000 0.000000
vn -1.000000 0.000000 0.000000
vn -0.676634 -0.736319 0.000000
vn -0.676634 -0.736319 0.000000
vn -0.809017 -0.587785 0.000000
vn -0.809017 -0.587785 0.000000
vn -0.587785 -0.809017 0.000000
vn -0.587785 -0.809017 0.000000
vn -0.309017 -0.951057 0.000000
vn -0.309017 -0.951057 0.000000
vn 0.000000 -1.000000 0.000000
vn 0.000000 -1.000000 0.000000
vn 0.309017 -0.951056 0.000000
vn 0.309017 -0.951056 0.000000
vn 0.809017 0.587786 0.000000
vn 0.809017 0.587786 0.000000
vn 0.587785 0.809017 0.000000
vn 0.587785 0.809017 0.000000
vn 0.309017 0.951056 -0.000000
vn 0.309017 0.951056 -0.000000
vn 0.309017 -0.951056 0.000000
vn 0.309017 -0.951056 0.000000
vn -0.882768 -0.469809 0.000000
vn -0.882768 -0.469809 0.000000
vn -0.661894 -0.749598 0.000000
vn -0.661894 -0.749598 0.000000
vn -1.000000 0.000002 0.000000
vn -1.000000 0.000002 0.000000
vn -0.951057 -0.309016 0.000000
vn -0.951057 -0.309016 0.000000
vn 0.587785 -0.809017 0.000000
vn 0.587785 -0.809017 0.000000
vn 0.809017 -0.587785 0.000000
vn 0.809017 -0.587785 0.000000
vn 0.951057 -0.309017 0.000000
vn 0.951057 -0.309017 0.000000
vn 1.000000 0.000000 0.000000
vn 1.000000 0.000000 0.000000
vn 0.587786 -0.809017 -0.000000
vn 0.587786 -0.809017 -0.000000
vn 0.809017 -0.587785 -0.000000
vn 0.809017 -0.587785 -0.000000
vn 0.951057 -0.309017 -0.000000
vn 0.951057 -0.309017 -0.000000
vn 1.000000 0.000000 -0.000000
vn 1.000000 0.000000 -0.000000
vn 0.951057 0.309017 0.000000
vn 0.951057 0.309017 0.000000
vn -0.000002 -0.000000 -1.000000
vn -0.000000 -0.000002 -1.000000
vn 0.000000 0.000000 -1.000000
vn 0.000000 0.000000 -1.000000
vn -0.000002 -0.000000 1.000000
vn 0.000000 0.000000 1.000000
vn 0.000000 0.000000 1.000000
vn 0.000000 -0.000002 1.000000
vn -0.951056 0.309017 -0.000000
vn -0.951056 0.309017 -0.000000
vn 0.951056 0.309017 -0.000000
vn 0.951056 0.309017 -0.000000
vn 0.809017 0.587785 -0.000000
vn 0.809017 0.587785 -0.000000
vn 0.587785 0.809017 -0.000000
vn 0.587785 0.809017 -0.000000
vn 0.309016 0.951057 -0.000000
vn 0.309016 0.951057 -0.000000
vn -0.000000 1.000000 0.000000
vn -0.000000 1.000000 0.000000
vn -0.309016 0.951057 -0.000000
vn -0.309016 0.951057 -0.000000
vn -0.587785 0.809017 -0.000000
vn -0.587785 0.809017 -0.000000
vn -0.809017 0.587785 -0.000000
vn -0.809017 0.587785 -0.000000
vn -0.809017 -0.587785 0.000000
vn -0.951057 -0.309016 0.000000
vn -0.951057 -0.309016 0.000000
vn -0.809017 -0.587785 0.000000
vn -0.587785 -0.809017 0.000000
vn -0.587785 -0.809017 0.000000
vn -1.000000 0.000001 -0.000000
vn -1.000000 0.000001 -0.000000
vn -0.309017 -0.951056 0.000000
vn -0.309017 -0.951056 0.000000
vn -0.951056 0.309017 -0.000000
vn -0.951056 0.309017 -0.000000
vn 0.000000 -1.000000 0.000000
vn 0.000000 -1.000000 0.000000
vn -0.809017 0.587785 -0.000000
vn -0.809017 0.587785 -0.000000
vn 0.309017 -0.951056 0.000000
vn 0.309017 -0.951056 0.000000
vn -0.587785 0.809017 -0.000000
vn -0.587785 0.809017 -0.000000
vn 0.587785 -0.809017 0.000000
vn 0.587785 -0.809017 0.000000
vn -0.309016 0.951057 -0.000000
vn -0.309016 0.951057 -0.000000
vn 0.809017 -0.587785 0.000000
vn 0.809017 -0.587785 0.000000
vn -0.000000 1.000000 0.000000
vn -0.000000 1.000000 0.000000
vn 0.951057 -0.309017 0.000000
vn 0.951057 -0.309017 0.000000
vn 0.309016 0.951057 -0.000000
vn 0.309016 0.951057 -0.000000
vn 1.000000 0.000000 -0.000000
vn 1.000000 0.000000 -0.000000
vn 0.587785 0.809017 -0.000000
vn 0.587785 0.809017 -0.000000
vn 0.951056 0.309017 -0.000000
vn 0.951056 0.309017 -0.000000
vn 0.809017 0.587785 -0.000000
vn 0.809017 0.587785 -0.000000
vn -0.000000 0.000001 -1.000000
vn 0.000000 0.000000 -1.000000
vn 0.000000 0.000000 -1.000000
vn 0.000000 0.000000 -1.000000
vn 0.000000 0.000000 -1.000000
vn 0.000000 0.000000 -1.000000
vn 0.000000 0.000000 -1.000000
vn 0.000000 0.000000 -1.000000
vn 0.000000 0.000000 -1.000000
vn 0.000000 0.000000 1.000000
vn 0.000000 0.000000 1.000000
vn 0.000000 0.000000 1.000000
vn 0.000000 0.000000 1.000000
vn 0.000000 0.000000 1.000000
vn 0.000000 0.000000 1.000000
vn 0.000000 0.000000 1.000000
vn 0.000000 0.000000 1.000000
vn -0.000001 0.000001 1.000000
vn 0.000000 0.000000 -1.000000
vn 0.000000 0.000000 -1.000000
vn 0.000000 0.000000 -1.000000
vn 0.000000 0.000000 -1.000000
vn 0.000000 0.000000 -1.000000
vn 0.000000 0.000000 -1.000000
vn 0.000000 0.000000 -1.000000
vn 0.000000 0.000000 -1.000000
vn 0.000002 -0.000000 -1.000000
vn 0.000002 -0.000000 1.000000
vn 0.000000 0.000000 1.000000
vn 0.000000 0.000000 1.000000
vn 0.000000 0.000000 1.000000
vn 0.000000 0.000000 1.000000
vn 0.000000 0.000000 1.000000
vn 0.000000 0.000000 1.000000
vn 0.000000 0.000000 1.000000
vn 0.000000 0.000000 1.000000
vn -0.000000 -0.000001 -1.000000
vn 0.000000 0.000000 -1.000000
vn 0.000000 0.000000 -1.000000
vn 0.000000 0.000000 -1.000000
vn 0.000000 0.000000 -1.000000
vn 0.000000 0.000000 -1.000000
vn 0.000000 0.000000 -1.000000
vn 0.000000 0.000000 -1.000000
vn 0.000000 0.000000 -1.000000
vn -0.000000 -0.000001 1.000000
vn 0.000000 0.000000 1.000000
vn 0.000000 0.000000 1.000000
vn 0.000000 0.000000 1.000000
vn 0.000000 0.000000 1.000000
vn 0.000000 0.000000 1.000000
vn 0.000000 0.000000 1.000000
vn 0.000000 0.000000 1.000000
vn 0.000000 0.000000 1.000000
vn -0.000002 -0.000000 -1.000000
vn 0.000000 0.000000 -1.000000
vn 0.000000 0.000000 -1.000000
vn 0.000000 0.000000 -1.000000
vn 0.000000 0.000000 -1.000000
vn 0.000000 0.000000 -1.000000
vn 0.000000 0.000000 -1.000000
vn 0.000000 0.000000 -1.000000
vn 0.000000 0.000000 -1.000000
vn 0.000001 0.000000 -1.000000
vn 0.000000 0.000000 -1.000000
vn 0.000000 0.000000 -1.000000
vn 0.000000 0.000000 -1.000000
vn 0.000000 0.000000 -1.000000
vn 0.000000 0.000000 -1.000000
vn 0.000000 0.000000 -1.000000
vn 0.000000 0.000000 -1.000000
vn 0.000000 0.000000 -1.000000
vn -0.000002 -0.000000 1.000000
vn 0.000000 0.000000 1.000000
vn 0.000000 0.000000 1.000000
vn 0.000000 0.000000 1.000000
vn 0.000000 0.000000 1.000000
vn 0.000000 0.000000 1.000000
vn 0.000000 0.000000 1.000000
vn 0.000000 0.000000 1.000000
vn 0.000000 0.000000 1.000000
vn 0.000000 0.000000 1.000000
vn 0.000000 0.000000 1.000000
vn 0.000000 0.000000 1.000000
vn 0.000000 0.000000 1.000000
vn 0.000000 0.000000 1.000000
vn 0.000000 0.000000 1.000000
vn 0.000000 0.000000 1.000000
vn 0.000000 0.000000 1.000000
vn 0.000002 0.000000 1.000000
vn 0.000000 0.000000 -1.000000
vn 0.000000 0.000000 -1.000000
vn 0.000000 0.000000 -1.000000
vn 0.000000 0.000000 -1.000000
vn 0.000000 0.000000 -1.000000
vn 0.000000 0.000000 -1.000000
vn 0.000000 0.000000 -1.000000
vn 0.000000 0.000000 -1.000000
vn 0.000000 0.000001 -1.000000
vn 0.000000 0.000001 1.000000
vn 0.000000 0.000000 1.000000
vn 0.000000 0.000000 1.000000
vn 0.000000 0.000000 1.000000
vn 0.000000 0.000000 1.000000
vn 0.000000 0.000000 1.000000
vn 0.000000 0.000000 1.000000
vn 0.000000 0.000000 1.000000
vn 0.000000 0.000000 1.000000
vn -0.000002 0.000000 -1.000000
vn 0.000000 0.000000 -1.000000
vn 0.000000 0.000000 -1.000000
vn 0.000000 0.000000 -1.000000
vn 0.000000 0.000000 -1.000000
vn 0.000000 0.000000 -1.000000
vn 0.000000 0.000000 -1.000000
vn 0.000000 0.000000 -1.000000
vn 0.000000 0.000000 -1.000000
vn -0.000002 0.000000 1.000000
vn 0.000000 0.000000 1.000000
vn 0.000000 0.000000 1.000000
vn 0.000000 0.000000 1.000000
vn 0.000000 0.000000 1.000000
vn 0.000000 0.000000 1.000000
vn 0.000000 0.000000 1.000000
vn 0.000000 0.000000 1.000000
vn 0.000000 0.000000 1.000000
vn 0.000000 -0.000001 -1.000000
vn 0.000000 0.000000 -1.000000
vn 0.000000 0.000000 -1.000000
vn 0.000000 0.000000 -1.000000
vn 0.000000 0.000000 -1.000000
vn 0.000000 0.000000 -1.000000
vn 0.000000 0.000000 -1.000000
vn 0.000000 0.000000 -1.000000
vn 0.000000 0.000000 -1.000000
vn 0.000000 -0.000001 1.000000
vn 0.000000 0.000000 1.000000
vn 0.000000 0.000000 1.000000
vn 0.000000 0.000000 1.000000
vn 0.000000 0.000000 1.000000
vn 0.000000 0.000000 1.000000
vn 0.000000 0.000000 1.000000
vn 0.000000 0.000000 1.000000
vn 0.000000 0.000000 1.000000
vn 0.000000 0.000000 -1.000000
vn 0.000000 0.000000 -1.000000
vn 0.000000 0.000000 -1.000000
vn 0.000000 0.000000 -1.000000
vn 0.000000 0.000000 -1.000000
vn 0.000000 0.000000 1.000000
vn 0.000000 0.000000 1.000000
vn 0.000000 0.000000 1.000000
vn 0.000000 0.000000 1.000000
vn 0.000000 0.000000 1.000000
vn 0.000000 0.000000 -1.000000
vn 0.000000 0.000000 -1.000000
vn 0.000000 0.000000 -1.000000
vn 0.000000 0.000000 1.000000
vn 0.000000 0.000000 1.000000
vn 0.000000 0.000000 1.000000
vn 0.000000 0.000000 -1.000000
vn 0.000000 0.000000 -1.000000
vn 0.000000 0.000000 -1.000000
vn 0.000000 0.000000 -1.000000
vn 0.000000 0.000000 -1.000000
vn -0.000000 0.000000 1.000000
vn 0.000000 0.000000 1.000000
vn 0.000000 0.000000 1.000000
vn 0.000000 0.000000 1.000000
vn 0.000000 0.000000 1.000000
vn 0.000000 0.000000 -1.000000
vn 0.000000 0.000000 -1.000000
vn 0.000000 0.000000 -1.000000
vn 0.000000 0.000000 1.000000
vn 0.000000 0.000000 1.000000
vn 0.000000 0.000000 1.000000
vn 0.000000 0.000000 -1.000000
vn 0.000000 0.000000 -1.000000
vn 0.000000 0.000000 -1.000000
vn 0.000000 0.000000 -1.000000
vn 0.000000 0.000000 -1.000000
vn 0.000000 0.000000 1.000000
vn 0.000000 0.000000 1.000000
vn 0.000000 0.000000 1.000000
vn 0.000000 0.000000 1.000000
vn 0.000000 0.000000 1.000000
vn 0.000000 0.000000 -1.000000
vn 0.000000 0.000000 -1.000000
vn 0.000000 0.000000 -1.000000
vn 0.000000 0.000000 1.000000
vn 0.000000 0.000000 1.000000
vn 0.000000 0.000000 1.000000
vn 0.000000 0.000000 -1.000000
vn 0.000000 0.000000 -1.000000
vn 0.000000 0.000000 -1.000000
vn 0.000000 0.000000 -1.000000
vn 0.000000 0.000000 -1.000000
vn -0.000000 0.000000 1.000000
vn 0.000000 0.000000 1.000000
vn 0.000000 0.000000 1.000000
vn 0.000000 0.000000 1.000000
vn 0.000000 0.000000 1.000000
vn 0.000000 0.000000 -1.000000
vn 0.000000 0.000000 -1.000000
vn 0.000000 0.000000 -1.000000
vn 0.000000 0.000000 1.000000
vn 0.000000 0.000000 1.000000
vn 0.000000 0.000000 1.000000
vn -0.478551 -0.878060 0.000000
vn -0.478551 -0.878060 0.000000
vn 0.903266 -0.429080 0.000000
vn 0.903266 -0.429080 0.000000
vn -0.518485 0.855087 0.000000
vn -0.518485 0.855087 0.000000
vn -0.922071 -0.387022 0.000000
vn -0.922071 -0.387022 0.000000
vn -0.478550 0.878060 -0.000000
vn -0.478550 0.878060 -0.000000
vn 0.903266 0.429081 -0.000000
vn 0.903266 0.429081 -0.000000
vn 0.518485 0.855087 0.000000
vn 0.518485 0.855087 0.000000
vn 0.922070 -0.387022 0.000000
vn 0.922070 -0.387022 0.000000
vn -0.864447 0.502724 0.000000
vn -0.864447 0.502724 0.000000
vn -0.403858 -0.914822 0.000000
vn -0.403858 -0.914822 0.000000
vn -0.877302 -0.479939 0.000000
vn -0.877302 -0.479939 0.000000
vn 0.427651 -0.903944 0.000000
vn 0.427651 -0.903944 0.000000
vn 0.864447 0.502724 0.000000
vn 0.864447 0.502724 0.000000
vn 0.403859 -0.914821 -0.000000
vn 0.403859 -0.914821 -0.000000
vn -0.877302 0.479939 -0.000000
vn -0.877302 0.479939 -0.000000
vn 0.427650 0.903944 -0.000000
vn 0.427650 0.903944 -0.000000
vn 0.000000 0.000000 -1.000000
vn 0.000000 0.000000 -1.000000
vn 0.000000 0.000000 -1.000000
vn 0.000000 0.000000 1.000000
vn 0.000000 0.000000 1.000000
vn 0.000000 0.000000 1.000000
vn 0.000000 0.000000 -1.000000
vn 0.000000 0.000000 1.000000
vn 0.000000 0.000000 -1.000000
vn 0.000000 0.000000 -1.000000
vn 0.000000 0.000000 -1.000000
vn 0.000000 0.000000 1.000000
vn 0.000000 0.000000 1.000000
vn 0.000000 0.000000 1.000000
vn 0.000000 0.000000 -1.000000
vn 0.000000 0.000000 1.000000
vn 0.000000 0.000000 -1.000000
vn 0.000000 0.000000 -1.000000
vn 0.000000 0.000000 -1.000000
vn 0.000000 0.000000 1.000000
vn 0.000000 0.000000 1.000000
vn 0.000000 0.000000 1.000000
vn 0.000000 0.000000 -1.000000
vn 0.000000 0.000000 1.000000
vn 0.000000 0.000000 -1.000000
vn 0.000000 0.000000 -1.000000
vn 0.000000 0.000000 -1.000000
vn 0.000000 0.000000 1.000000
vn 0.000000 0.000000 1.000000
vn 0.000000 0.000000 1.000000
vn 0.000000 0.000000 -1.000000
vn 0.000000 0.000000 1.000000
s 1
g chainber Revolver
usemtl openPBRSurface1SG
f 1/7/1 2/8/2 3/1/3 4/4/4
f 1/7/1 14/11/5 15/12/6 2/8/2
f 3/1/3 25/2/7 26/3/8 4/4/4
s 2
f 1/321/9 5/322/10 27/323/11 14/324/12
s 3
f 7/193/13 23/194/14 22/195/15 8/196/16
f 8/196/16 22/195/15 21/201/17 9/202/18
f 9/202/18 21/201/17 20/203/19 10/204/20
f 10/43/20 20/44/19 19/38/21 11/37/22
s 1
f 14/11/5 37/15/23 38/16/24 15/12/6
s 4
f 2/457/25 15/458/26 39/459/27 16/460/28
s 1
f 25/2/7 46/5/29 45/6/30 26/3/8
s 3
f 28/19/31 44/20/32 43/21/33 29/22/34
f 29/22/34 43/21/33 42/25/35 30/26/36
f 30/26/36 42/25/35 32/29/37 31/30/38
f 33/33/39 34/34/40 41/35/41 35/36/42
s 1
f 37/205/23 62/206/43 63/207/44 38/208/24
f 45/6/30 46/5/29 80/9/45 79/10/46
s 6
f 49/55/47 70/56/48 69/52/49 50/51/50
f 50/51/50 69/52/49 68/53/51 51/54/52
f 51/54/52 68/53/51 67/57/53 52/58/54
f 52/58/54 67/57/53 66/59/55 53/60/56
s 3
f 56/31/57 78/32/58 77/28/59 57/27/60
f 57/27/60 77/28/59 76/24/61 58/23/62
f 28/19/31 58/23/62 76/24/61 44/20/32
f 35/36/42 41/35/41 74/41/63 60/42/64
s 1
f 62/206/43 98/209/65 99/210/66 63/207/44
f 79/10/46 80/9/45 110/13/67 109/14/68
s 6
f 81/211/69 103/212/70 84/213/71 82/214/72
f 85/63/73 86/62/74 102/65/75 88/66/76
f 88/225/76 102/226/75 101/227/77 89/228/78
f 87/229/79 89/228/78 101/227/77 100/230/80
s 3
f 91/47/81 97/46/82 108/49/83 92/50/84
f 92/235/84 108/236/83 107/237/85 93/238/86
f 93/238/86 107/237/85 106/239/87 94/240/88
f 94/240/88 106/239/87 96/241/89 95/242/90
s 2
f 79/375/91 109/389/92 118/390/93 90/376/94
s 1
f 98/113/65 119/109/95 120/110/96 99/114/66
s 4
f 80/524/97 105/523/98 128/527/99 110/528/100
s 1
f 109/14/68 110/13/67 130/17/101 129/18/102
s 6
f 81/211/69 112/215/103 127/216/104 103/212/70
f 87/229/79 100/230/80 124/231/105 114/232/106
f 114/232/106 124/231/105 123/233/107 115/234/108
f 115/77/108 123/78/107 122/72/109 116/71/110
s 1
f 119/109/95 147/105/111 148/106/112 120/110/96
f 129/247/102 130/248/101 162/249/113 161/250/114
s 2
f 119/388/115 136/387/116 163/391/117 147/392/118
s 6
f 131/67/119 138/68/120 152/69/121 132/70/122
f 132/70/122 152/69/121 151/75/123 133/76/124
f 133/76/124 151/75/123 150/79/125 134/80/126
f 134/80/126 150/79/125 137/81/127 135/82/128
s 12
f 141/83/129 159/84/130 158/85/131 142/86/132
f 142/86/132 158/85/131 157/91/133 143/92/134
f 143/92/134 157/91/133 156/95/135 144/96/136
f 144/96/136 156/95/135 155/97/137 145/98/138
s 1
f 147/105/111 173/99/139 174/102/140 148/106/112
s 4
f 120/511/141 148/525/142 175/526/143 149/512/144
s 1
f 161/250/114 162/249/113 182/251/145 181/252/146
s 12
f 164/253/147 180/254/148 179/255/149 165/256/150
f 165/256/150 179/255/149 178/259/151 166/260/152
f 166/93/152 178/94/151 168/89/153 167/88/154
f 169/263/155 170/264/156 177/265/157 172/266/158
s 1
f 173/99/139 198/100/159 199/101/160 174/102/140
f 181/115/146 182/116/145 216/112/161 215/111/162
s 15
f 185/126/163 205/125/164 204/131/165 186/132/166
f 186/277/166 204/278/165 203/279/167 187/280/168
f 187/280/168 203/279/167 202/281/169 188/282/170
f 188/282/170 202/281/169 201/283/171 189/284/172
s 12
f 192/162/173 213/161/174 212/163/175 193/164/176
f 193/261/176 212/262/175 211/258/177 194/257/178
f 164/253/147 194/257/178 211/258/177 180/254/148
f 172/266/158 177/265/157 209/271/179 197/272/180
s 1
f 198/100/159 234/103/181 235/104/182 199/101/160
f 215/111/162 216/112/161 246/108/183 245/107/184
s 15
f 218/117/185 239/118/186 220/119/187 219/120/188
f 221/139/189 222/140/190 238/136/191 223/135/192
f 223/135/192 238/136/191 237/137/193 224/138/194
f 224/138/194 237/137/193 236/141/195 225/142/196
s 12
f 227/153/197 233/154/198 243/150/199 228/149/200
f 228/149/200 243/150/199 242/151/201 229/152/202
f 229/152/202 242/151/201 241/155/203 230/156/204
f 230/156/204 241/155/203 232/157/205 231/158/206
s 2
f 215/443/207 245/456/208 254/455/209 226/444/210
s 1
f 234/103/181 245/107/184 246/108/183 235/104/182
s 4
f 216/592/211 244/591/212 262/580/213 246/579/214
s 15
f 218/117/185 248/121/215 261/122/216 239/118/186
f 225/142/196 236/141/195 258/143/217 250/144/218
f 250/144/218 258/143/217 257/145/219 251/146/220
f 251/146/220 257/145/219 256/147/221 252/148/222
f 263/289/223 269/290/224 272/291/225 264/292/226
f 264/292/226 272/291/225 271/297/227 265/298/228
f 265/298/228 271/297/227 270/299/229 266/300/230
f 266/133/230 270/134/229 268/129/231 267/128/232
s 20
f 5/165/233 13/166/234 17/167/235 16/168/236
f 5/165/233 16/168/236 39/171/237 27/172/238
f 13/166/234 36/169/239 40/170/240 17/167/235
f 27/301/238 39/302/237 64/303/241 47/304/242
f 36/169/239 59/173/243 72/174/244 40/170/240
f 47/304/242 64/303/241 104/305/245 83/306/246
f 59/173/243 90/175/247 105/176/248 72/174/244
f 83/306/246 104/305/245 126/307/249 113/308/250
f 90/175/247 118/177/251 128/178/252 105/176/248
f 113/308/250 126/307/249 149/309/253 136/310/254
f 118/311/251 139/312/255 153/313/256 128/314/252
f 136/183/254 149/184/253 175/180/257 163/179/258
f 139/312/255 171/315/259 176/316/260 153/313/256
f 163/179/258 175/180/257 207/181/261 183/182/262
f 171/315/259 196/317/263 210/318/264 176/316/260
f 183/182/262 207/181/261 240/185/265 217/186/266
f 196/317/263 226/319/267 244/320/268 210/318/264
f 217/186/266 240/185/265 260/187/269 249/188/270
f 226/191/267 254/190/271 262/189/272 244/192/268
f 249/188/270 260/187/269 262/189/272 254/190/271
s 2
f 1/321/9 4/325/273 6/326/274 7/327/275 8/328/276 9/329/277 10/330/278 11/331/279 12/332/280 13/333/281 5/322/10
s 4
f 2/457/25 16/460/28 17/470/282 18/471/283 19/472/284 20/473/285 21/474/286 22/475/287 23/476/288 24/477/289 3/478/290
s 2
f 14/324/12 27/323/11 47/334/291 48/335/292 49/336/293 50/337/294 51/338/295 52/339/296 53/340/297 54/341/298 37/342/299
s 4
f 15/458/26 38/461/300 65/462/301 66/463/302 67/464/303 68/465/304 69/466/305 70/467/306 71/468/307 64/469/308 39/459/27
s 2
f 45/359/309 79/375/91 90/376/94 59/366/310 61/365/311 91/377/312 92/378/313 93/379/314 94/380/315 95/381/316 55/360/317
s 4
f 46/510/318 75/509/319 96/518/320 106/519/321 107/520/322 108/521/323 97/522/324 73/504/325 72/503/326 105/523/98 80/524/97
s 2
f 98/374/327 117/373/328 131/382/329 132/383/330 133/384/331 134/385/332 135/386/333 111/368/334 113/367/335 136/387/116 119/388/115
f 109/389/92 129/393/336 140/394/337 141/395/338 142/396/339 143/397/340 144/398/341 145/399/342 146/400/343 139/401/344 118/390/93
s 4
f 99/495/345 120/511/141 149/512/144 126/502/346 125/501/347 137/513/348 150/514/349 151/515/350 152/516/351 138/517/352 121/496/353
f 110/528/100 128/527/99 153/538/354 154/539/355 155/540/356 156/541/357 157/542/358 158/543/359 159/544/360 160/545/361 130/546/362
s 2
f 147/392/118 163/391/117 183/402/363 184/403/364 185/404/365 186/405/366 187/406/367 188/407/368 189/408/369 190/409/370 173/410/371
s 4
f 148/525/142 174/529/372 200/530/373 201/531/374 202/532/375 203/533/376 204/534/377 205/535/378 206/536/379 207/537/380 175/526/143
s 2
f 181/427/381 215/443/207 226/444/210 196/434/382 195/433/383 227/445/384 228/446/385 229/447/386 230/448/387 231/449/388 191/428/389
s 4
f 182/578/390 214/577/391 232/586/392 241/587/393 242/588/394 243/589/395 233/590/396 208/572/397 210/571/398 244/591/212 216/592/211
s 2
f 234/442/399 253/441/400 263/450/401 264/451/402 265/452/403 266/453/404 267/454/405 247/436/406 249/435/407 254/455/209 245/456/208
s 4
f 235/563/408 246/579/214 262/580/213 260/570/409 259/569/410 268/581/411 270/582/412 271/583/413 272/584/414 269/585/415 255/564/416
s 2
f 4/325/273 26/343/417 28/344/418 29/345/419 30/346/420 31/347/421 6/326/274
s 4
f 3/478/290 24/477/289 32/490/422 42/491/423 43/492/424 44/493/425 25/494/426
s 2
f 26/343/417 45/359/309 55/360/317 56/361/427 57/362/428 58/363/429 28/344/418
s 4
f 25/494/426 44/493/425 76/506/430 77/507/431 78/508/432 75/509/319 46/510/318
s 2
f 37/342/299 54/341/298 85/354/433 88/355/434 89/356/435 87/357/436 62/358/437
s 4
f 38/461/300 63/479/438 100/480/439 101/481/440 102/482/441 86/483/442 65/462/301
s 2
f 62/358/437 87/357/436 114/370/443 115/371/444 116/372/445 117/373/328 98/374/327
s 4
f 63/479/438 99/495/345 121/496/353 122/497/446 123/498/447 124/499/448 100/480/439
s 2
f 129/393/336 161/411/449 164/412/450 165/413/451 166/414/452 167/415/453 140/394/337
s 4
f 130/546/362 160/545/361 168/558/454 178/559/455 179/560/456 180/561/457 162/562/458
s 2
f 161/411/449 181/427/381 191/428/389 192/429/459 193/430/460 194/431/461 164/412/450
s 4
f 162/562/458 180/561/457 211/574/462 212/575/463 213/576/464 214/577/391 182/578/390
s 2
f 173/410/371 190/409/370 221/422/465 223/423/466 224/424/467 225/425/468 198/426/469
s 4
f 174/529/372 199/547/470 236/548/471 237/549/472 238/550/473 222/551/474 200/530/373
s 2
f 198/426/469 225/425/468 250/438/475 251/439/476 252/440/477 253/441/400 234/442/399
s 4
f 199/547/470 235/563/408 255/564/416 256/565/478 257/566/479 258/567/480 236/548/471
s 3
f 6/197/481 31/198/38 32/199/37 24/200/482 23/194/14 7/193/13
f 11/37/22 19/38/21 18/39/483 34/34/40 33/33/39 12/40/484
s 6
f 48/217/485 82/214/72 84/213/71 71/218/486 70/219/48 49/220/47
f 53/60/56 66/59/55 65/61/487 86/62/74 85/63/73 54/64/488
s 3
f 55/243/489 95/242/90 96/241/89 75/244/490 78/245/58 56/246/57
f 60/42/64 74/41/63 73/45/491 97/46/82 91/47/81 61/48/492
s 6
f 111/221/493 135/222/128 137/223/127 125/224/494 127/216/104 112/215/103
f 116/71/110 122/72/109 121/73/495 138/68/120 131/67/119 117/74/496
s 12
f 140/87/497 167/88/154 168/89/153 160/90/498 159/84/130 141/83/129
f 145/267/138 155/268/137 154/269/499 170/264/156 169/263/155 146/270/500
s 15
f 184/123/501 219/120/188 220/119/187 206/124/502 205/125/164 185/126/163
f 189/284/172 201/283/171 200/285/503 222/286/190 221/287/189 190/288/504
s 12
f 191/159/505 231/158/206 232/157/205 214/160/506 213/161/174 192/162/173
f 195/273/507 197/272/180 209/271/179 208/274/508 233/275/198 227/276/197
s 15
f 247/127/509 267/128/232 268/129/231 259/130/510 261/122/216 248/121/215
f 252/293/222 256/294/221 255/295/511 269/290/224 263/289/223 253/296/512
s 2
f 12/332/280 33/348/513 35/349/514 36/350/515 13/333/281
s 4
f 17/470/282 40/487/516 41/488/517 34/489/518 18/471/283
s 2
f 35/349/514 60/364/519 61/365/311 59/366/310 36/350/515
s 4
f 40/487/516 72/503/326 73/504/325 74/505/520 41/488/517
s 2
f 47/334/291 83/351/521 81/352/522 82/353/523 48/335/292
s 4
f 64/469/308 71/468/307 84/484/524 103/485/525 104/486/526
s 2
f 81/352/522 83/351/521 113/367/335 111/368/334 112/369/527
s 4
f 103/485/525 127/500/528 125/501/347 126/502/346 104/486/526
s 2
f 139/401/344 146/400/343 169/416/529 172/417/530 171/418/531
s 4
f 153/538/354 176/555/532 177/556/533 170/557/534 154/539/355
s 2
f 171/418/531 172/417/530 197/432/535 195/433/383 196/434/382
s 4
f 176/555/532 210/571/398 208/572/397 209/573/536 177/556/533
s 2
f 183/402/363 217/419/537 218/420/538 219/421/539 184/403/364
s 4
f 206/536/379 220/552/540 239/553/541 240/554/542 207/537/380
s 2
f 217/419/537 249/435/407 247/436/406 248/437/543 218/420/538
s 4
f 239/553/541 261/568/544 259/569/410 260/570/409 240/554/542
g default
v -0.730381 6.400887 -2.247399
v -0.717786 6.458042 -2.047399
v -0.692596 6.572354 -2.047399
v -0.680002 6.629510 -2.247399
v -0.647693 6.776124 -2.277262
v -0.619587 6.903673 -2.114884
v -0.596314 7.009283 -2.159678
v -0.601149 6.987345 -2.366852
v -0.573759 7.111639 -2.451895
v -0.534420 7.290162 -2.351858
v -0.516608 7.370992 -2.434628
v -0.538135 7.273300 -2.617434
v -0.519834 7.356350 -2.744710
v -0.475251 7.558670 -2.722246
v -0.465611 7.602415 -2.830389
v -0.500555 7.443841 -2.960998
v -0.494128 7.473004 -3.111130
v -0.451089 7.668318 -3.169657
v -0.451089 7.668318 -3.286712
v -0.494128 7.473004 -3.345239
v -0.500555 7.443841 -3.495371
v -0.465611 7.602415 -3.625979
v -0.475251 7.558670 -3.734123
v -0.519834 7.356350 -3.711659
v -0.538135 7.273300 -3.838935
v -0.516608 7.370992 -4.021741
v -0.534420 7.290162 -4.104511
v -0.573759 7.111639 -4.004474
v -0.601149 6.987345 -4.089517
v -0.596314 7.009283 -4.296690
v -0.619587 6.903673 -4.341485
v -0.647693 6.776124 -4.179107
v -0.680002 6.629509 -4.208970
v -0.692596 6.572354 -4.408970
v -0.717786 6.458042 -4.408970
v -0.730381 6.400887 -4.208970
v -0.762689 6.254272 -4.179107
v -0.790796 6.126723 -4.341485
v -0.814068 6.021113 -4.296690
v -0.809234 6.043051 -4.089517
v -0.836624 5.918757 -4.004474
v -0.875963 5.740234 -4.104510
v -0.893775 5.659404 -4.021740
v -0.872247 5.757096 -3.838934
v -0.890548 5.674046 -3.711658
v -0.935132 5.471726 -3.734123
v -0.944771 5.427981 -3.625979
v -0.909828 5.586555 -3.495371
v -0.916254 5.557392 -3.345239
v -0.959294 5.362078 -3.286711
v -0.959294 5.362078 -3.169657
v -0.916254 5.557392 -3.111130
v -0.909828 5.586555 -2.960998
v -0.944771 5.427982 -2.830389
v -0.935132 5.471727 -2.722245
v -0.890548 5.674046 -2.744710
v -0.872247 5.757097 -2.617434
v -0.893775 5.659404 -2.434628
v -0.875963 5.740234 -2.351858
v -0.836624 5.918758 -2.451895
v -0.809234 6.043052 -2.366852
v -0.814068 6.021113 -2.159678
v -0.790796 6.126723 -2.114884
v -0.762689 6.254272 -2.277262
v -0.453677 6.339911 -2.247399
v -0.441082 6.397068 -2.047399
v -0.415892 6.511379 -2.047399
v -0.342883 6.842698 -2.114884
v -0.319610 6.948308 -2.159678
v -0.257716 7.229187 -2.351858
v -0.239904 7.310018 -2.434628
v -0.198547 7.497694 -2.722246
v -0.188907 7.541440 -2.830389
v -0.174385 7.607343 -3.169657
v -0.174385 7.607343 -3.286712
v -0.188907 7.541440 -3.625979
v -0.198547 7.497694 -3.734123
v -0.239904 7.310018 -4.021741
v -0.257716 7.229187 -4.104511
v -0.319610 6.948308 -4.296690
v -0.342883 6.842698 -4.341485
v -0.415892 6.511379 -4.408970
v -0.441082 6.397068 -4.408970
v -0.514092 6.065748 -4.341485
v -0.537364 5.960138 -4.296690
v -0.599259 5.679260 -4.104510
v -0.617071 5.598429 -4.021740
v -0.658428 5.410752 -3.734123
v -0.668067 5.367007 -3.625979
v -0.682590 5.301103 -3.286711
v -0.682590 5.301103 -3.169657
v -0.668067 5.367007 -2.830389
v -0.658428 5.410752 -2.722245
v -0.617071 5.598429 -2.434628
v -0.599259 5.679260 -2.351858
v -0.537364 5.960138 -2.159678
v -0.514092 6.065749 -2.114884
v -0.711519 6.486482 -2.929629
v -0.698864 6.543914 -2.929629
v -0.686451 6.600243 -2.941102
v -0.674758 6.653304 -2.963608
v -0.664235 6.701057 -2.996281
v -0.655286 6.741668 -3.037867
v -0.648255 6.773576 -3.086766
v -0.643412 6.795554 -3.141099
v -0.640943 6.806758 -3.198779
v -0.640943 6.806758 -3.257590
v -0.643412 6.795554 -3.315270
v -0.648255 6.773576 -3.369604
v -0.655286 6.741668 -3.418503
v -0.664235 6.701057 -3.460088
v -0.674758 6.653304 -3.492761
v -0.686451 6.600243 -3.515267
v -0.698864 6.543914 -3.526740
v -0.711519 6.486482 -3.526740
v -0.723932 6.430153 -3.515267
v -0.735624 6.377092 -3.492761
v -0.746147 6.329339 -3.460088
v -0.755096 6.288728 -3.418502
v -0.762128 6.256821 -3.369603
v -0.766971 6.234842 -3.315270
v -0.769440 6.223638 -3.257590
v -0.769440 6.223638 -3.198779
v -0.766971 6.234842 -3.141099
v -0.762128 6.256821 -3.086765
v -0.755096 6.288728 -3.037866
v -0.746147 6.329339 -2.996281
v -0.735624 6.377092 -2.963608
v -0.723932 6.430153 -2.941102
v -0.403298 6.568535 -2.247399
v -0.370989 6.715149 -2.277262
v -0.324445 6.926370 -2.366852
v -0.297055 7.050664 -2.451895
v -0.261431 7.212325 -2.617434
v -0.243130 7.295375 -2.744710
v -0.223851 7.382866 -2.960998
v -0.217424 7.412029 -3.111130
v -0.217424 7.412029 -3.345239
v -0.223851 7.382866 -3.495371
v -0.243130 7.295375 -3.711659
v -0.261431 7.212325 -3.838935
v -0.297055 7.050664 -4.004474
v -0.324445 6.926370 -4.089517
v -0.370989 6.715149 -4.179107
v -0.403298 6.568535 -4.208970
v -0.453677 6.339911 -4.208970
v -0.485985 6.193297 -4.179107
v -0.532530 5.982077 -4.089517
v -0.559920 5.857783 -4.004474
v -0.595543 5.696122 -3.838934
v -0.613844 5.613071 -3.711658
v -0.633124 5.525581 -3.495371
v -0.639550 5.496418 -3.345239
v -0.639550 5.496418 -3.111130
v -0.633124 5.525581 -2.960998
v -0.613844 5.613071 -2.744710
v -0.595543 5.696122 -2.617434
v -0.559919 5.857783 -2.451895
v -0.532530 5.982077 -2.366852
v -0.485985 6.193297 -2.277262
v -0.000000 7.596509 -6.479722
v 0.122501 7.531388 -6.479722
v -0.000000 7.591937 -5.963960
v 0.122501 7.531388 -5.963960
v -0.122501 7.577106 -6.479722
v -0.122501 7.572535 -5.963960
v 0.122501 7.065845 -6.479722
v -0.000000 7.130966 -6.479722
v -0.000000 7.126394 -5.963960
v 0.122501 7.065845 -5.963960
v -0.122501 7.111563 -6.479722
v -0.122501 7.106991 -5.963960
v 0.377021 5.847578 -1.322101
v 0.320713 5.737067 -1.322101
v 0.233012 5.649366 -1.322101
v 0.122501 5.593058 -1.322101
v 0.000000 5.573656 -1.322101
v -0.122501 5.593058 -1.322101
v -0.233012 5.649366 -1.322101
v -0.320713 5.737067 -1.322101
v -0.377021 5.847578 -1.322101
v -0.396423 5.970079 -1.322101
v -0.377021 6.092580 -1.322101
v -0.320713 6.203090 -1.322101
v -0.233011 6.290792 -1.322101
v -0.122501 6.310445 -1.322101
v -0.000000 6.292389 -1.322101
v 0.122501 6.310445 -1.322101
v 0.233011 6.290792 -1.322101
v 0.320713 6.203090 -1.322101
v 0.377020 6.092580 -1.322101
v 0.396423 5.970079 -1.322101
v 0.377021 5.847578 -7.052791
v 0.320713 5.737067 -7.052791
v 0.233012 5.649366 -7.052791
v 0.122501 5.593058 -7.052791
v 0.000000 5.573656 -7.052791
v -0.122501 5.593058 -7.052791
v -0.233012 5.649366 -7.052791
v -0.320713 5.737067 -7.052791
v -0.377021 5.847578 -7.052791
v -0.396423 5.970079 -7.052791
v -0.377021 6.092580 -7.052791
v -0.320713 6.203090 -7.052791
v -0.233011 6.290792 -7.052791
v -0.122501 6.310445 -7.052791
v -0.000000 6.292389 -7.052791
v 0.122501 6.310445 -7.052791
v 0.233011 6.290792 -7.052791
v 0.320713 6.203090 -7.052791
v 0.377020 6.092580 -7.052791
v 0.396423 5.970079 -7.052791
v 0.320713 6.455812 -7.052791
v 0.407502 6.497934 -7.052791
v 0.377021 6.566323 -1.322101
v 0.320713 6.455812 -1.322101
v 0.396423 6.688824 -7.052791
v 0.396423 6.688824 -1.322101
v 0.233012 6.368111 -7.052791
v 0.233012 6.368111 -1.322101
v 0.422533 6.811326 -7.052791
v 0.377020 6.811326 -1.322101
v 0.346170 6.958066 -7.052791
v 0.320713 6.921835 -1.322101
v 0.233011 7.009537 -7.052791
v 0.233011 7.009537 -1.322101
v 0.122501 7.065845 -7.052791
v 0.122501 7.065845 -1.322101
v -0.304270 6.263106 -7.052791
v -0.233012 6.368111 -1.322101
v -0.000000 7.136046 -7.052791
v -0.000000 7.085247 -1.322101
v -0.320713 6.455812 -7.052791
v -0.320713 6.455812 -1.322101
v -0.122501 7.116643 -7.052791
v -0.122501 7.065845 -1.322101
v -0.437375 6.566323 -7.052791
v -0.377021 6.566323 -1.322101
v -0.233011 7.009537 -7.052791
v -0.233011 7.009537 -1.322101
v -0.396423 6.688824 -7.052791
v -0.396423 6.688824 -1.322101
v -0.359354 6.976976 -7.052791
v -0.320713 6.921835 -1.322101
v -0.377021 6.811326 -1.322101
v -0.377021 6.811326 -7.052791
v 0.404454 6.504773 -6.479722
v 0.320713 6.455812 -6.479722
v 0.233012 6.368111 -6.479722
v 0.122501 6.311804 -6.479722
v 0.000000 6.292401 -6.479722
v -0.122501 6.311804 -6.479722
v -0.297144 6.273606 -6.479722
v -0.320713 6.455812 -6.479722
v -0.431339 6.566323 -6.479722
v -0.396423 6.688824 -6.479722
v -0.377021 6.811326 -6.479722
v -0.355490 6.971462 -6.479722
v -0.233011 7.009536 -6.479722
v 0.233011 7.009536 -6.479722
v 0.343624 6.954443 -6.479722
v 0.417981 6.811325 -6.479722
v 0.396423 6.688824 -6.479722
v 0.320713 6.455812 -5.963960
v 0.401710 6.510928 -5.963960
v 0.396423 6.688824 -5.963960
v 0.413885 6.811325 -5.963960
v 0.341333 6.951181 -5.963960
v 0.233011 7.009536 -5.963960
v -0.233011 7.009536 -5.963960
v -0.352012 6.966499 -5.963960
v -0.377021 6.811326 -5.963960
v -0.396423 6.688824 -5.963960
v -0.425907 6.566323 -5.963960
v -0.320713 6.455812 -5.963960
v -0.290731 6.283057 -5.963960
v -0.122501 6.311804 -5.963960
v 0.000000 6.292401 -5.963960
v 0.122501 6.311804 -5.963960
v 0.233012 6.368111 -5.963960
v -0.000000 5.961871 -7.052790
v 0.278980 6.512102 -7.053022
v 0.355440 6.527374 -7.053105
v 0.342276 6.538719 -6.480090
v 0.277489 6.511939 -6.479954
v 0.326280 6.693786 -7.053013
v 0.325734 6.693468 -6.479947
v 0.191372 6.425423 -6.479722
v 0.191885 6.424717 -7.052791
v 0.356339 6.801750 -7.053175
v 0.347959 6.800593 -6.480128
v 0.100610 6.379178 -6.479722
v 0.100880 6.378348 -7.052791
v 0.299515 6.909746 -7.053172
v 0.293983 6.903905 -6.480124
v 0.000000 6.363243 -6.479722
v 0.000000 6.362370 -7.052791
v 0.201701 6.945998 -7.052926
v 0.201165 6.946257 -6.479857
v -0.124585 6.382614 -6.479997
v -0.125350 6.381200 -7.053054
v 0.089295 7.003279 -7.052928
v 0.089772 7.003017 -6.479861
v -0.256366 6.331529 -6.480506
v -0.277440 6.301276 -7.053308
v -0.011584 7.070057 -7.053238
v -0.011713 7.061101 -6.480195
v -0.257151 6.487088 -6.480136
v -0.260800 6.484965 -7.053174
v -0.092616 7.055932 -7.053215
v -0.091589 7.047824 -6.480166
v -0.362771 6.584119 -6.480083
v -0.378846 6.581239 -7.053100
v -0.198994 6.949735 -7.053102
v -0.197616 6.948172 -6.480043
v -0.327257 6.673512 -6.479902
v -0.327603 6.672806 -7.052969
v -0.314514 6.938671 -7.053126
v -0.301387 6.925732 -6.480124
v -0.306924 6.801082 -6.479863
v -0.306869 6.801554 -7.052930
v 0.272248 6.507481 -5.964180
v 0.337158 6.540107 -5.964305
v 0.314371 6.590590 -1.322412
v 0.268398 6.503464 -1.322308
v 0.191372 6.425423 -5.963960
v 0.191885 6.424717 -1.322101
v 0.100610 6.379178 -5.963960
v 0.100880 6.378348 -1.322101
v 0.000000 6.363243 -5.963960
v 0.000000 6.362370 -1.322101
v -0.118570 6.382535 -5.964273
v -0.113475 6.382035 -1.322445
v -0.249644 6.340760 -5.964744
v -0.197249 6.417942 -1.322780
v -0.258389 6.489488 -5.964415
v -0.259837 6.491294 -1.322585
v -0.357776 6.585724 -5.964318
v -0.313032 6.585764 -1.322438
v -0.326410 6.678021 -5.964144
v -0.326048 6.681827 -1.322287
v -0.307446 6.797990 -5.964114
v -0.308167 6.795419 -1.322265
v -0.296624 6.922335 -5.964359
v -0.267910 6.881535 -1.322473
v -0.195513 6.949434 -5.964290
v -0.193850 6.950526 -1.322437
v -0.094010 7.042134 -5.964407
v -0.096732 7.001785 -1.322540
v -0.008372 7.056051 -5.964433
v -0.005448 7.016591 -1.322560
v 0.092775 7.001542 -5.964105
v 0.095432 7.000612 -1.322250
v 0.198110 6.947889 -5.964096
v 0.195768 6.949574 -1.322237
v 0.289207 6.903211 -5.964357
v 0.268057 6.877223 -1.322484
v 0.344479 6.797147 -5.964362
v 0.310108 6.794836 -1.322488
v 0.325639 6.691658 -5.964195
v 0.325622 6.690206 -1.322345
vt 0.926342 0.424431
vt 0.934332 0.426714
vt 0.934332 0.431281
vt 0.926342 0.433564
vt 0.899090 0.427850
vt 0.899090 0.430145
vt 0.898632 0.425600
vt 0.925149 0.418574
vt 0.925149 0.439420
vt 0.898632 0.432395
vt 0.897733 0.423481
vt 0.921571 0.410137
vt 0.921571 0.447858
vt 0.897733 0.434514
vt 0.896428 0.421573
vt 0.918174 0.405172
vt 0.929846 0.409261
vt 0.931636 0.413479
vt 0.931636 0.444515
vt 0.929846 0.448734
vt 0.918173 0.452823
vt 0.896428 0.436422
vt 0.894766 0.419951
vt 0.911561 0.398714
vt 0.911561 0.459280
vt 0.894766 0.438044
vt 0.892813 0.418676
vt 0.906477 0.395397
vt 0.918863 0.394812
vt 0.922170 0.398041
vt 0.922170 0.459954
vt 0.918863 0.463183
vt 0.906477 0.462598
vt 0.892813 0.439319
vt 0.890643 0.417798
vt 0.897837 0.391902
vt 0.897837 0.466093
vt 0.890643 0.440196
vt 0.888339 0.417351
vt 0.891840 0.390737
vt 0.903054 0.385568
vt 0.907374 0.387315
vt 0.907374 0.470680
vt 0.903054 0.472427
vt 0.891840 0.467258
vt 0.888339 0.440644
vt 0.885989 0.417351
vt 0.882488 0.390737
vt 0.882488 0.467258
vt 0.885989 0.440644
vt 0.883685 0.417798
vt 0.876491 0.391902
vt 0.884826 0.382935
vt 0.889502 0.382935
vt 0.889502 0.475060
vt 0.884826 0.475060
vt 0.876491 0.466093
vt 0.883685 0.440196
vt 0.881515 0.418676
vt 0.867851 0.395397
vt 0.867851 0.462598
vt 0.881515 0.439319
vt 0.879562 0.419951
vt 0.862767 0.398714
vt 0.866954 0.387315
vt 0.871274 0.385568
vt 0.871274 0.472427
vt 0.866954 0.470680
vt 0.862767 0.459280
vt 0.879562 0.438044
vt 0.877900 0.421573
vt 0.856154 0.405172
vt 0.856154 0.452823
vt 0.877900 0.436422
vt 0.876595 0.423481
vt 0.852757 0.410137
vt 0.852158 0.398041
vt 0.855465 0.394812
vt 0.855465 0.463183
vt 0.852158 0.459954
vt 0.852757 0.447858
vt 0.876595 0.434514
vt 0.875696 0.425600
vt 0.849178 0.418574
vt 0.849178 0.439420
vt 0.875696 0.432395
vt 0.875238 0.427850
vt 0.847986 0.424431
vt 0.842692 0.413479
vt 0.844481 0.409261
vt 0.844481 0.448734
vt 0.842692 0.444515
vt 0.847986 0.433564
vt 0.875238 0.430145
vt 0.839996 0.431281
vt 0.839996 0.426714
vt 0.847986 0.339059
vt 0.839996 0.336776
vt 0.839996 0.332209
vt 0.847986 0.329926
vt 0.875238 0.335781
vt 0.875238 0.338075
vt 0.875696 0.340325
vt 0.849178 0.344915
vt 0.875696 0.333531
vt 0.849178 0.324070
vt 0.876595 0.342445
vt 0.852757 0.353353
vt 0.876595 0.331411
vt 0.852757 0.315632
vt 0.877900 0.344353
vt 0.856154 0.358318
vt 0.844482 0.354229
vt 0.842692 0.350010
vt 0.842692 0.318974
vt 0.844482 0.314756
vt 0.877900 0.329504
vt 0.856154 0.310667
vt 0.879562 0.345975
vt 0.862767 0.364776
vt 0.879562 0.327882
vt 0.862767 0.304209
vt 0.881515 0.347249
vt 0.867851 0.368093
vt 0.855465 0.368678
vt 0.852158 0.365449
vt 0.852158 0.303536
vt 0.855465 0.300307
vt 0.881515 0.326607
vt 0.867851 0.300892
vt 0.883685 0.348127
vt 0.876491 0.371588
vt 0.883685 0.325729
vt 0.876491 0.297397
vt 0.885989 0.348575
vt 0.882488 0.372753
vt 0.871274 0.377922
vt 0.866954 0.376175
vt 0.866954 0.292810
vt 0.871274 0.291063
vt 0.885989 0.325281
vt 0.882488 0.296232
vt 0.888339 0.348575
vt 0.891840 0.372753
vt 0.888339 0.325281
vt 0.891840 0.296232
vt 0.890643 0.348127
vt 0.897837 0.371588
vt 0.889502 0.380555
vt 0.884826 0.380555
vt 0.884826 0.288430
vt 0.889502 0.288430
vt 0.890643 0.325729
vt 0.897837 0.297397
vt 0.892813 0.347249
vt 0.906477 0.368093
vt 0.892813 0.326607
vt 0.906477 0.300892
vt 0.894766 0.345975
vt 0.911561 0.364776
vt 0.907374 0.376175
vt 0.903054 0.377922
vt 0.903054 0.291063
vt 0.907374 0.292810
vt 0.894766 0.327882
vt 0.911561 0.304209
vt 0.896428 0.344353
vt 0.918173 0.358318
vt 0.896428 0.329504
vt 0.918174 0.310667
vt 0.897733 0.342445
vt 0.921571 0.353353
vt 0.922170 0.365449
vt 0.918863 0.368678
vt 0.918863 0.300307
vt 0.922170 0.303536
vt 0.897733 0.331411
vt 0.921571 0.315632
vt 0.898632 0.340325
vt 0.925149 0.344915
vt 0.898632 0.333531
vt 0.925149 0.324070
vt 0.899090 0.338075
vt 0.926342 0.339059
vt 0.931636 0.350010
vt 0.929846 0.354229
vt 0.929846 0.314756
vt 0.931636 0.318974
vt 0.899090 0.335781
vt 0.926342 0.329926
vt 0.934332 0.332209
vt 0.934332 0.336776
vt 0.445485 0.511799
vt 0.445485 0.491196
vt 0.464082 0.491196
vt 0.464082 0.511799
vt 0.429903 0.533950
vt 0.429720 0.513347
vt 0.448317 0.513347
vt 0.448500 0.533950
vt 0.455067 0.489640
vt 0.455520 0.466750
vt 0.461701 0.466744
vt 0.461714 0.489636
vt 0.455575 0.446146
vt 0.461629 0.446142
vt 0.465981 0.466751
vt 0.466027 0.489642
vt 0.457592 0.260722
vt 0.461571 0.260719
vt 0.465843 0.446149
vt 0.470108 0.466751
vt 0.470341 0.489642
vt 0.454272 0.446141
vt 0.454112 0.260718
vt 0.465751 0.260725
vt 0.470080 0.446149
vt 0.450994 0.446133
vt 0.450966 0.260709
vt 0.469042 0.260725
vt 0.450994 0.466735
vt 0.454450 0.466744
vt 0.471932 0.260715
vt 0.471864 0.446138
vt 0.454457 0.489636
vt 0.450966 0.489627
vt 0.474404 0.260709
vt 0.481742 0.260715
vt 0.481827 0.283605
vt 0.475613 0.283590
vt 0.485587 0.260718
vt 0.485703 0.283607
vt 0.481922 0.304206
vt 0.475981 0.304193
vt 0.489245 0.260723
vt 0.489273 0.283614
vt 0.485767 0.304210
vt 0.481995 0.489628
vt 0.479064 0.489620
vt 0.494388 0.260724
vt 0.494369 0.283616
vt 0.489454 0.304217
vt 0.485768 0.489634
vt 0.499865 0.260716
vt 0.499349 0.283606
vt 0.494246 0.304218
vt 0.489606 0.489640
vt 0.499213 0.304208
vt 0.494143 0.489641
vt 0.497583 0.489633
vt 0.545832 0.489627
vt 0.541417 0.489627
vt 0.541417 0.260709
vt 0.545832 0.260709
vt 0.537914 0.489627
vt 0.537914 0.260709
vt 0.550725 0.489627
vt 0.550725 0.260709
vt 0.555619 0.489627
vt 0.555619 0.260709
vt 0.560033 0.489627
vt 0.560033 0.260709
vt 0.563536 0.489627
vt 0.563536 0.260709
vt 0.591318 0.260709
vt 0.595732 0.260709
vt 0.595732 0.489627
vt 0.591318 0.489627
vt 0.600626 0.260709
vt 0.600626 0.489627
vt 0.587815 0.260709
vt 0.587815 0.489627
vt 0.605519 0.260709
vt 0.605519 0.489627
vt 0.609934 0.260709
vt 0.609934 0.489627
vt 0.613437 0.260709
vt 0.613437 0.489627
vt 0.642901 0.260709
vt 0.650526 0.260709
vt 0.650526 0.283601
vt 0.643174 0.283601
vt 0.655420 0.260709
vt 0.655420 0.283601
vt 0.650526 0.304204
vt 0.643420 0.304204
vt 0.661281 0.260709
vt 0.661137 0.283601
vt 0.655420 0.304204
vt 0.650526 0.489627
vt 0.645633 0.489627
vt 0.641219 0.283601
vt 0.641219 0.304204
vt 0.661006 0.304204
vt 0.655420 0.489627
vt 0.641219 0.489627
vt 0.637715 0.283601
vt 0.637715 0.304204
vt 0.659834 0.489627
vt 0.637715 0.489627
vt 0.641219 0.260709
vt 0.637715 0.260709
vt 0.663337 0.304204
vt 0.663337 0.489627
vt 0.711810 0.489627
vt 0.712229 0.466735
vt 0.719508 0.466735
vt 0.719508 0.489627
vt 0.712607 0.446133
vt 0.719508 0.446133
vt 0.723922 0.466735
vt 0.723922 0.489627
vt 0.716005 0.260709
vt 0.719508 0.260709
vt 0.723922 0.446133
vt 0.728816 0.466735
vt 0.728816 0.489627
vt 0.723922 0.260709
vt 0.728816 0.446133
vt 0.733709 0.466735
vt 0.733709 0.489627
vt 0.728816 0.260709
vt 0.733709 0.446133
vt 0.740326 0.489627
vt 0.740106 0.466735
vt 0.733709 0.260709
vt 0.739908 0.446133
vt 0.738124 0.260709
vt 0.741627 0.446133
vt 0.741627 0.260709
vt 0.745520 0.446133
vt 0.743876 0.260709
vt 0.745702 0.466735
vt 0.741627 0.466735
vt 0.745905 0.489627
vt 0.741627 0.489627
vt 0.481197 0.491189
vt 0.481197 0.511792
vt 0.478688 0.511798
vt 0.478629 0.491195
vt 0.527807 0.283618
vt 0.527625 0.304221
vt 0.525034 0.304203
vt 0.525261 0.283600
vt 0.521331 0.304207
vt 0.521281 0.283605
vt 0.523422 0.489626
vt 0.521375 0.489630
vt 0.525585 0.260709
vt 0.521343 0.260714
vt 0.812719 0.406148
vt 0.823772 0.406148
vt 0.824275 0.414137
vt 0.813222 0.414137
vt 0.812571 0.395778
vt 0.823624 0.395778
vt 0.824127 0.403768
vt 0.813074 0.403768
vt 0.826494 0.451658
vt 0.837547 0.451658
vt 0.837354 0.459934
vt 0.826301 0.459934
vt 0.838448 0.463331
vt 0.827395 0.463331
vt 0.521384 0.527713
vt 0.532438 0.527713
vt 0.531578 0.535016
vt 0.520524 0.535016
vt 0.520673 0.524407
vt 0.531726 0.524407
vt 0.532309 0.540100
vt 0.521255 0.540100
vt 0.578997 0.527594
vt 0.590050 0.527594
vt 0.590435 0.531914
vt 0.579382 0.531914
vt 0.589039 0.537131
vt 0.577986 0.537131
vt 0.589296 0.543129
vt 0.578242 0.543129
vt 0.813074 0.367984
vt 0.824127 0.367984
vt 0.824127 0.372660
vt 0.813074 0.372660
vt 0.593364 0.527594
vt 0.604417 0.527594
vt 0.604160 0.533591
vt 0.593107 0.533591
vt 0.605556 0.538809
vt 0.594503 0.538809
vt 0.605171 0.543129
vt 0.594118 0.543129
vt 0.534890 0.529491
vt 0.545943 0.529491
vt 0.546803 0.536794
vt 0.535750 0.536794
vt 0.535621 0.524407
vt 0.546674 0.524407
vt 0.546091 0.540100
vt 0.535038 0.540100
vt 0.812605 0.466784
vt 0.823658 0.466784
vt 0.823851 0.475060
vt 0.812798 0.475060
vt 0.813699 0.463387
vt 0.824752 0.463387
vt 0.813074 0.385409
vt 0.824127 0.385409
vt 0.823624 0.393398
vt 0.812571 0.393398
vt 0.813074 0.375040
vt 0.824127 0.375040
vt 0.823624 0.383029
vt 0.812571 0.383029
vt 0.813029 0.449334
vt 0.824082 0.449334
vt 0.824275 0.457610
vt 0.813222 0.457610
vt 0.823181 0.461007
vt 0.812128 0.461007
vt 0.549255 0.527702
vt 0.560308 0.527702
vt 0.561168 0.535004
vt 0.550115 0.535004
vt 0.549967 0.524395
vt 0.561020 0.524395
vt 0.560437 0.540088
vt 0.549384 0.540088
vt 0.608614 0.536218
vt 0.619667 0.536218
vt 0.619282 0.540538
vt 0.608229 0.540538
vt 0.620678 0.545755
vt 0.609624 0.545755
vt 0.620421 0.551752
vt 0.609368 0.551752
vt 0.813074 0.360928
vt 0.824127 0.360928
vt 0.824127 0.365604
vt 0.813074 0.365604
vt 0.838448 0.283438
vt 0.838448 0.294491
vt 0.832451 0.294748
vt 0.832451 0.283694
vt 0.827234 0.293352
vt 0.827234 0.282298
vt 0.822914 0.293737
vt 0.822914 0.282684
vt 0.564480 0.529480
vt 0.575534 0.529480
vt 0.574674 0.536782
vt 0.563620 0.536782
vt 0.563749 0.524395
vt 0.574803 0.524395
vt 0.575385 0.540088
vt 0.564332 0.540088
vt 0.813222 0.438678
vt 0.824275 0.438678
vt 0.824082 0.446954
vt 0.813029 0.446954
vt 0.812128 0.435281
vt 0.823181 0.435281
vt 0.476249 0.511793
vt 0.471355 0.511793
vt 0.471355 0.491191
vt 0.476249 0.491191
vt 0.466462 0.511793
vt 0.466462 0.491191
vt 0.624047 0.534670
vt 0.623988 0.511778
vt 0.626576 0.511784
vt 0.627101 0.534673
vt 0.623778 0.491175
vt 0.626371 0.491180
vt 0.448468 0.489627
vt 0.444833 0.489627
vt 0.444822 0.466735
vt 0.448448 0.466735
vt 0.440803 0.489627
vt 0.440803 0.466735
vt 0.444822 0.446133
vt 0.448448 0.446133
vt 0.435796 0.489637
vt 0.435826 0.466746
vt 0.440803 0.446133
vt 0.444833 0.260709
vt 0.448468 0.260709
vt 0.429720 0.489648
vt 0.430562 0.466767
vt 0.436067 0.446145
vt 0.440803 0.260709
vt 0.430831 0.446164
vt 0.436270 0.260723
vt 0.432924 0.260736
vt 0.518207 0.260712
vt 0.517986 0.283603
vt 0.514279 0.283614
vt 0.514300 0.260722
vt 0.517796 0.304206
vt 0.514157 0.304216
vt 0.509829 0.283613
vt 0.509810 0.260722
vt 0.509949 0.304216
vt 0.505775 0.283600
vt 0.505780 0.260709
vt 0.514063 0.489639
vt 0.510055 0.489639
vt 0.502584 0.283601
vt 0.502543 0.260710
vt 0.506025 0.489627
vt 0.505908 0.304203
vt 0.502379 0.489627
vt 0.502487 0.304204
vt 0.534968 0.260710
vt 0.535023 0.283602
vt 0.530878 0.283598
vt 0.530353 0.260709
vt 0.535107 0.304204
vt 0.531068 0.304201
vt 0.535173 0.489627
vt 0.532215 0.489626
vt 0.585260 0.489627
vt 0.580846 0.489627
vt 0.580846 0.260709
vt 0.585260 0.260709
vt 0.575953 0.489627
vt 0.575953 0.260709
vt 0.571059 0.489627
vt 0.571059 0.260709
vt 0.566645 0.489627
vt 0.566645 0.260709
vt 0.616545 0.260709
vt 0.620960 0.260709
vt 0.620960 0.489627
vt 0.616545 0.489627
vt 0.625853 0.260709
vt 0.625853 0.489627
vt 0.630747 0.260709
vt 0.630747 0.489627
vt 0.635161 0.260709
vt 0.635161 0.489627
vt 0.507911 0.491188
vt 0.511378 0.491188
vt 0.511257 0.514080
vt 0.507911 0.514080
vt 0.687908 0.260709
vt 0.687908 0.283601
vt 0.683494 0.283601
vt 0.683494 0.260709
vt 0.687908 0.304204
vt 0.683494 0.304204
vt 0.678600 0.283601
vt 0.678600 0.260709
vt 0.687908 0.489627
vt 0.683494 0.489627
vt 0.678600 0.304204
vt 0.673707 0.283601
vt 0.673707 0.260709
vt 0.678600 0.489627
vt 0.673707 0.304204
vt 0.666730 0.283601
vt 0.666446 0.260709
vt 0.673707 0.489627
vt 0.666987 0.304204
vt 0.669292 0.489627
vt 0.709362 0.489627
vt 0.704841 0.489627
vt 0.704841 0.466735
vt 0.709260 0.466735
vt 0.700427 0.489627
vt 0.700427 0.466735
vt 0.704841 0.446133
vt 0.709168 0.446133
vt 0.695534 0.489627
vt 0.695534 0.466735
vt 0.700427 0.446133
vt 0.690640 0.489627
vt 0.690640 0.466735
vt 0.700427 0.260709
vt 0.704841 0.260709
vt 0.695534 0.446133
vt 0.695534 0.260709
vt 0.690640 0.446133
vt 0.690640 0.260709
vt 0.621398 0.534670
vt 0.616351 0.534670
vt 0.616506 0.511778
vt 0.621398 0.511778
vt 0.616645 0.491175
vt 0.621398 0.491175
vt 0.812215 0.428335
vt 0.823269 0.425899
vt 0.824275 0.430465
vt 0.813222 0.432901
vt 0.450966 0.515783
vt 0.462019 0.513347
vt 0.463310 0.519204
vt 0.452257 0.521639
vt 0.464433 0.524299
vt 0.453379 0.526734
vt 0.465362 0.528518
vt 0.454309 0.530953
vt 0.825823 0.405705
vt 0.836877 0.403270
vt 0.838448 0.410401
vt 0.827395 0.412837
vt 0.825614 0.299856
vt 0.836667 0.297420
vt 0.838448 0.305502
vt 0.827395 0.307937
vt 0.825675 0.354292
vt 0.836729 0.351857
vt 0.838448 0.359659
vt 0.827395 0.362095
vt 0.827395 0.364710
vt 0.838448 0.367146
vt 0.836729 0.374948
vt 0.825676 0.372512
vt 0.827395 0.311029
vt 0.838448 0.313465
vt 0.836667 0.321547
vt 0.825614 0.319111
vt 0.827395 0.415367
vt 0.838448 0.417802
vt 0.836877 0.424934
vt 0.825823 0.422498
vt 0.471699 0.513753
vt 0.482752 0.516189
vt 0.481822 0.520408
vt 0.470769 0.517972
vt 0.480699 0.525503
vt 0.469646 0.523067
vt 0.479409 0.531359
vt 0.468356 0.528924
vt 0.813222 0.416517
vt 0.824275 0.418953
vt 0.823269 0.423519
vt 0.812216 0.421083
vt 0.489088 0.513936
vt 0.500141 0.516371
vt 0.498851 0.522228
vt 0.487798 0.519792
vt 0.497728 0.527323
vt 0.486675 0.524887
vt 0.496798 0.531542
vt 0.485745 0.529106
vt 0.827395 0.427464
vt 0.838448 0.429900
vt 0.836877 0.437031
vt 0.825823 0.434595
vt 0.827395 0.324638
vt 0.838448 0.327074
vt 0.836667 0.335156
vt 0.825614 0.332720
vt 0.827395 0.377563
vt 0.838448 0.379999
vt 0.836729 0.387801
vt 0.825676 0.385365
vt 0.825676 0.392852
vt 0.836729 0.390416
vt 0.838448 0.398218
vt 0.827395 0.400654
vt 0.825614 0.340683
vt 0.836667 0.338248
vt 0.838448 0.346330
vt 0.827395 0.348765
vt 0.825823 0.441997
vt 0.836876 0.439561
vt 0.838448 0.446692
vt 0.827395 0.449128
vt 0.503135 0.526843
vt 0.514188 0.524407
vt 0.515118 0.528626
vt 0.504064 0.531062
vt 0.516240 0.533721
vt 0.505187 0.536157
vt 0.517531 0.539578
vt 0.506478 0.542013
vt 0.505531 0.512387
vt 0.500638 0.509786
vt 0.500638 0.491189
vt 0.505531 0.493791
vt 0.495744 0.510561
vt 0.495744 0.491965
vt 0.488471 0.493608
vt 0.493364 0.491189
vt 0.493364 0.509786
vt 0.488471 0.512205
vt 0.483577 0.492833
vt 0.483577 0.511430
vt 0.536663 0.494212
vt 0.527683 0.507023
vt 0.532248 0.491963
vt 0.540166 0.497715
vt 0.527355 0.491188
vt 0.542415 0.502130
vt 0.522461 0.491963
vt 0.543190 0.507023
vt 0.518047 0.494212
vt 0.542415 0.511917
vt 0.514544 0.497715
vt 0.540166 0.516331
vt 0.513758 0.502130
vt 0.536663 0.519834
vt 0.514480 0.507023
vt 0.532248 0.522084
vt 0.513758 0.511917
vt 0.527355 0.522859
vt 0.514544 0.516331
vt 0.522461 0.522084
vt 0.518047 0.519834
vt 0.609904 0.518348
vt 0.608237 0.516099
vt 0.611291 0.515489
vt 0.613371 0.516665
vt 0.606400 0.521851
vt 0.604758 0.519590
vt 0.610126 0.508842
vt 0.612928 0.509040
vt 0.601986 0.524155
vt 0.601122 0.521442
vt 0.611327 0.504529
vt 0.613971 0.504147
vt 0.597093 0.524876
vt 0.597093 0.522081
vt 0.609057 0.500215
vt 0.610921 0.498285
vt 0.592199 0.524155
vt 0.592085 0.521328
vt 0.605150 0.498767
vt 0.606400 0.496229
vt 0.584938 0.526046
vt 0.586010 0.524521
vt 0.600660 0.496479
vt 0.601986 0.493980
vt 0.584281 0.518348
vt 0.586675 0.517183
vt 0.596630 0.493811
vt 0.597093 0.491175
vt 0.579621 0.513933
vt 0.581959 0.513338
vt 0.593393 0.494376
vt 0.592199 0.491950
vt 0.581257 0.509040
vt 0.584006 0.509680
vt 0.589144 0.498618
vt 0.587785 0.496229
vt 0.582032 0.504147
vt 0.584834 0.504537
vt 0.584529 0.499060
vt 0.582738 0.497530
vt 0.576466 0.502118
vt 0.573964 0.503087
vt 0.572127 0.499607
vt 0.574217 0.497703
vt 0.577241 0.507011
vt 0.574413 0.507067
vt 0.569071 0.496461
vt 0.570714 0.494200
vt 0.576466 0.511905
vt 0.573793 0.511246
vt 0.565435 0.494609
vt 0.566299 0.491897
vt 0.574217 0.516319
vt 0.572113 0.514537
vt 0.561406 0.493971
vt 0.561406 0.491175
vt 0.570714 0.519823
vt 0.569226 0.517427
vt 0.556873 0.494756
vt 0.556512 0.491897
vt 0.566299 0.522072
vt 0.565218 0.519466
vt 0.553526 0.496191
vt 0.552098 0.494200
vt 0.561406 0.522847
vt 0.561188 0.520104
vt 0.551026 0.499121
vt 0.548595 0.497703
vt 0.556512 0.522072
vt 0.557542 0.519513
vt 0.548901 0.502894
vt 0.546345 0.502118
vt 0.552098 0.519823
vt 0.553662 0.517465
vt 0.548381 0.506732
vt 0.545570 0.507011
vt 0.548595 0.516319
vt 0.550704 0.514709
vt 0.549096 0.511269
vt 0.546345 0.511905
vt 0.814340 0.354336
vt 0.819234 0.353560
vt 0.818899 0.356370
vt 0.815478 0.356926
vt 0.824127 0.355979
vt 0.822940 0.358548
vt 0.819172 0.351180
vt 0.814279 0.350405
vt 0.815513 0.347859
vt 0.818704 0.348390
vt 0.824066 0.348579
vt 0.822758 0.346069
vn -0.976570 0.215198 0.000000
vn -0.976571 0.215198 0.000001
vn -0.976570 0.215198 0.000001
vn -0.976571 0.215198 0.000000
vn -0.976570 0.215198 -0.000000
vn -0.976570 0.215198 0.000000
vn -0.976570 0.215198 0.000000
vn -0.976570 0.215198 -0.000000
vn -0.976571 0.215198 0.000000
vn -0.976570 0.215198 0.000001
vn -0.976570 0.215198 0.000001
vn -0.976570 0.215198 0.000000
vn -0.976570 0.215198 0.000000
vn -0.976570 0.215198 -0.000000
vn -0.976570 0.215198 -0.000000
vn -0.976571 0.215198 -0.000000
vn -0.976570 0.215198 -0.000001
vn -0.976571 0.215198 0.000000
vn -0.976571 0.215198 0.000000
vn -0.976570 0.215198 0.000001
vn -0.976570 0.215198 0.000000
vn -0.976571 0.215198 0.000000
vn -0.976571 0.215198 0.000000
vn -0.976570 0.215198 -0.000000
vn -0.976570 0.215198 0.000000
vn -0.976570 0.215198 -0.000001
vn -0.976570 0.215198 -0.000001
vn -0.976571 0.215198 0.000000
vn -0.976571 0.215198 -0.000000
vn -0.976571 0.215197 0.000000
vn -0.976571 0.215197 0.000000
vn -0.976570 0.215198 -0.000000
vn -0.976570 0.215198 0.000000
vn -0.976570 0.215198 0.000001
vn -0.976570 0.215198 0.000001
vn -0.976570 0.215198 0.000000
vn -0.976571 0.215198 0.000000
vn -0.976571 0.215197 0.000000
vn -0.976571 0.215197 0.000000
vn -0.976571 0.215198 -0.000000
vn -0.976571 0.215198 0.000000
vn -0.976570 0.215198 0.000001
vn -0.976570 0.215198 0.000001
vn -0.976570 0.215198 0.000000
vn -0.976570 0.215198 -0.000000
vn -0.976570 0.215198 -0.000000
vn -0.976570 0.215198 -0.000000
vn -0.976570 0.215198 -0.000000
vn -0.976570 0.215198 -0.000000
vn -0.976570 0.215198 0.000000
vn -0.976570 0.215198 0.000000
vn -0.976571 0.215198 0.000000
vn -0.976571 0.215198 0.000000
vn -0.976570 0.215198 0.000000
vn -0.976570 0.215198 0.000000
vn -0.976571 0.215198 0.000000
vn -0.976570 0.215198 -0.000000
vn -0.976571 0.215198 -0.000000
vn -0.976570 0.215198 -0.000000
vn -0.976570 0.215198 0.000000
vn -0.976570 0.215198 -0.000000
vn -0.976570 0.215198 0.000000
vn -0.976570 0.215198 0.000000
vn -0.976570 0.215198 -0.000000
vn -0.206536 -0.937263 0.280857
vn -0.206536 -0.937263 0.280857
vn -0.206536 -0.937263 0.280857
vn -0.206536 -0.937263 0.280857
vn 0.000000 0.000000 1.000000
vn 0.000000 0.000000 1.000000
vn 0.000000 0.000000 1.000000
vn 0.000000 0.000000 1.000000
vn 0.206536 0.937263 0.280858
vn 0.206537 0.937263 0.280858
vn 0.206536 0.937263 0.280858
vn 0.206537 0.937263 0.280858
vn 0.041983 0.190517 0.980786
vn 0.041983 0.190517 0.980786
vn 0.041983 0.190517 0.980786
vn 0.041983 0.190517 0.980786
vn -0.167686 -0.760958 0.626757
vn -0.167686 -0.760958 0.626757
vn -0.167686 -0.760958 0.626757
vn -0.167686 -0.760958 0.626757
vn 0.082352 0.373716 0.923880
vn 0.082352 0.373716 0.923880
vn 0.082352 0.373716 0.923880
vn 0.082352 0.373716 0.923880
vn 0.213943 0.970879 -0.107804
vn 0.213943 0.970879 -0.107804
vn 0.213943 0.970879 -0.107804
vn 0.213943 0.970879 -0.107804
vn 0.119557 0.542555 0.831469
vn 0.119557 0.542555 0.831469
vn 0.119557 0.542555 0.831469
vn 0.119557 0.542555 0.831469
vn -0.103306 -0.468804 0.877240
vn -0.103306 -0.468804 0.877240
vn -0.103306 -0.468804 0.877240
vn -0.103306 -0.468804 0.877240
vn 0.152168 0.690541 0.707105
vn 0.152168 0.690541 0.707105
vn 0.152168 0.690541 0.707105
vn 0.152168 0.690541 0.707105
vn 0.188780 0.856688 -0.480049
vn 0.188780 0.856688 -0.480049
vn 0.188780 0.856688 -0.480049
vn 0.188780 0.856688 -0.480049
vn 0.178930 0.811988 0.555572
vn 0.178930 0.811988 0.555572
vn 0.178930 0.811988 0.555572
vn 0.178930 0.811988 0.555572
vn -0.023199 -0.105276 0.994172
vn -0.023199 -0.105276 0.994172
vn -0.023199 -0.105276 0.994173
vn -0.023199 -0.105276 0.994172
vn 0.198817 0.902232 0.382686
vn 0.198817 0.902232 0.382686
vn 0.198817 0.902232 0.382686
vn 0.198817 0.902232 0.382686
vn 0.134877 0.612073 -0.779214
vn 0.134877 0.612074 -0.779214
vn 0.134877 0.612073 -0.779214
vn 0.134877 0.612074 -0.779214
vn 0.211062 0.957806 0.195089
vn 0.211062 0.957806 0.195089
vn 0.211062 0.957806 0.195089
vn 0.211062 0.957806 0.195089
vn 0.060440 0.274277 0.959750
vn 0.060440 0.274277 0.959750
vn 0.060440 0.274277 0.959750
vn 0.060440 0.274277 0.959750
vn 0.215199 0.976570 0.000000
vn 0.215199 0.976570 0.000000
vn 0.215199 0.976570 0.000000
vn 0.215199 0.976570 0.000000
vn 0.060440 0.274276 -0.959750
vn 0.060440 0.274276 -0.959750
vn 0.060440 0.274276 -0.959750
vn 0.060440 0.274276 -0.959750
vn 0.211062 0.957806 -0.195089
vn 0.211062 0.957806 -0.195089
vn 0.211062 0.957806 -0.195089
vn 0.211062 0.957806 -0.195089
vn 0.134876 0.612074 0.779214
vn 0.134876 0.612074 0.779214
vn 0.134876 0.612074 0.779214
vn 0.134876 0.612074 0.779214
vn 0.198817 0.902233 -0.382685
vn 0.198817 0.902233 -0.382685
vn 0.198817 0.902233 -0.382685
vn 0.198817 0.902233 -0.382685
vn -0.023199 -0.105277 -0.994172
vn -0.023199 -0.105277 -0.994172
vn -0.023199 -0.105277 -0.994172
vn -0.023199 -0.105277 -0.994172
vn 0.178931 0.811987 -0.555572
vn 0.178931 0.811987 -0.555572
vn 0.178931 0.811987 -0.555572
vn 0.178931 0.811987 -0.555572
vn 0.188780 0.856689 0.480049
vn 0.188780 0.856689 0.480048
vn 0.188780 0.856689 0.480049
vn 0.188780 0.856689 0.480049
vn 0.152168 0.690541 -0.707105
vn 0.152168 0.690541 -0.707105
vn 0.152168 0.690541 -0.707105
vn 0.152168 0.690541 -0.707105
vn -0.103306 -0.468803 -0.877241
vn -0.103306 -0.468803 -0.877241
vn -0.103306 -0.468803 -0.877241
vn -0.103306 -0.468803 -0.877241
vn 0.119556 0.542553 -0.831470
vn 0.119556 0.542553 -0.831470
vn 0.119556 0.542553 -0.831470
vn 0.119556 0.542553 -0.831470
vn 0.213945 0.970879 0.107803
vn 0.213945 0.970879 0.107803
vn 0.213945 0.970879 0.107803
vn 0.213945 0.970879 0.107803
vn 0.082352 0.373716 -0.923880
vn 0.082352 0.373716 -0.923880
vn 0.082352 0.373716 -0.923880
vn 0.082352 0.373716 -0.923880
vn -0.167684 -0.760957 -0.626758
vn -0.167684 -0.760957 -0.626758
vn -0.167684 -0.760957 -0.626758
vn -0.167684 -0.760957 -0.626758
vn 0.041982 0.190517 -0.980786
vn 0.041982 0.190517 -0.980786
vn 0.041982 0.190517 -0.980786
vn 0.041982 0.190517 -0.980786
vn 0.206536 0.937264 -0.280855
vn 0.206536 0.937264 -0.280855
vn 0.206536 0.937264 -0.280855
vn 0.206536 0.937264 -0.280855
vn 0.000000 0.000000 -1.000000
vn 0.000000 0.000000 -1.000000
vn 0.000000 0.000000 -1.000000
vn 0.000000 0.000000 -1.000000
vn -0.206536 -0.937263 -0.280857
vn -0.206536 -0.937263 -0.280857
vn -0.206536 -0.937263 -0.280857
vn -0.206536 -0.937263 -0.280857
vn -0.041982 -0.190518 -0.980786
vn -0.041982 -0.190518 -0.980786
vn -0.041982 -0.190518 -0.980786
vn -0.041982 -0.190518 -0.980786
vn 0.167686 0.760956 -0.626759
vn 0.167686 0.760956 -0.626759
vn 0.167686 0.760956 -0.626759
vn 0.167686 0.760956 -0.626759
vn -0.082354 -0.373716 -0.923880
vn -0.082354 -0.373716 -0.923880
vn -0.082354 -0.373716 -0.923880
vn -0.082354 -0.373716 -0.923880
vn -0.213943 -0.970879 0.107802
vn -0.213943 -0.970880 0.107802
vn -0.213943 -0.970879 0.107802
vn -0.213943 -0.970880 0.107802
vn -0.119557 -0.542556 -0.831468
vn -0.119557 -0.542556 -0.831468
vn -0.119557 -0.542556 -0.831468
vn -0.119557 -0.542556 -0.831468
vn 0.103306 0.468801 -0.877242
vn 0.103306 0.468801 -0.877242
vn 0.103306 0.468801 -0.877242
vn 0.103306 0.468801 -0.877242
vn -0.152168 -0.690537 -0.707109
vn -0.152167 -0.690537 -0.707109
vn -0.152168 -0.690537 -0.707109
vn -0.152167 -0.690537 -0.707109
vn -0.188781 -0.856687 0.480052
vn -0.188781 -0.856687 0.480052
vn -0.188781 -0.856687 0.480052
vn -0.188781 -0.856687 0.480052
vn -0.178931 -0.811988 -0.555571
vn -0.178931 -0.811988 -0.555571
vn -0.178931 -0.811988 -0.555571
vn -0.178931 -0.811988 -0.555571
vn 0.023199 0.105277 -0.994172
vn 0.023199 0.105277 -0.994172
vn 0.023199 0.105277 -0.994172
vn 0.023199 0.105277 -0.994172
vn -0.198817 -0.902235 -0.382681
vn -0.198817 -0.902235 -0.382681
vn -0.198817 -0.902235 -0.382681
vn -0.198817 -0.902235 -0.382681
vn -0.134877 -0.612074 0.779214
vn -0.134877 -0.612074 0.779214
vn -0.134877 -0.612074 0.779214
vn -0.134877 -0.612074 0.779214
vn -0.211062 -0.957806 -0.195091
vn -0.211062 -0.957806 -0.195091
vn -0.211062 -0.957806 -0.195091
vn -0.211062 -0.957806 -0.195091
vn -0.060440 -0.274277 -0.959750
vn -0.060440 -0.274277 -0.959750
vn -0.060440 -0.274277 -0.959750
vn -0.060440 -0.274277 -0.959750
vn -0.215199 -0.976570 0.000000
vn -0.215199 -0.976570 0.000000
vn -0.215199 -0.976570 0.000000
vn -0.215199 -0.976570 0.000000
vn -0.060439 -0.274276 0.959750
vn -0.060439 -0.274276 0.959750
vn -0.060439 -0.274276 0.959750
vn -0.060439 -0.274276 0.959750
vn -0.211062 -0.957806 0.195091
vn -0.211062 -0.957806 0.195091
vn -0.211062 -0.957806 0.195091
vn -0.211062 -0.957806 0.195091
vn -0.134878 -0.612073 -0.779214
vn -0.134878 -0.612073 -0.779214
vn -0.134878 -0.612073 -0.779214
vn -0.134878 -0.612073 -0.779214
vn -0.198817 -0.902234 0.382682
vn -0.198817 -0.902234 0.382683
vn -0.198817 -0.902234 0.382682
vn -0.198817 -0.902234 0.382683
vn 0.023199 0.105277 0.994172
vn 0.023199 0.105277 0.994172
vn 0.023199 0.105277 0.994172
vn 0.023199 0.105277 0.994172
vn -0.178930 -0.811989 0.555570
vn -0.178930 -0.811989 0.555570
vn -0.178930 -0.811989 0.555570
vn -0.178930 -0.811989 0.555570
vn -0.188780 -0.856688 -0.480049
vn -0.188780 -0.856688 -0.480049
vn -0.188780 -0.856688 -0.480049
vn -0.188780 -0.856688 -0.480049
vn -0.152168 -0.690541 0.707106
vn -0.152168 -0.690541 0.707106
vn -0.152168 -0.690541 0.707106
vn -0.152168 -0.690541 0.707106
vn 0.103305 0.468802 0.877241
vn 0.103305 0.468802 0.877241
vn 0.103305 0.468802 0.877241
vn 0.103305 0.468802 0.877241
vn -0.119557 -0.542553 0.831470
vn -0.119557 -0.542553 0.831470
vn -0.119557 -0.542553 0.831470
vn -0.119557 -0.542553 0.831470
vn -0.213945 -0.970879 -0.107802
vn -0.213945 -0.970879 -0.107802
vn -0.213945 -0.970879 -0.107802
vn -0.213945 -0.970879 -0.107802
vn -0.082352 -0.373716 0.923880
vn -0.082352 -0.373716 0.923880
vn -0.082352 -0.373716 0.923880
vn -0.082352 -0.373716 0.923880
vn 0.167685 0.760958 0.626758
vn 0.167685 0.760958 0.626758
vn 0.167685 0.760958 0.626758
vn 0.167685 0.760958 0.626758
vn -0.041983 -0.190518 0.980786
vn -0.041983 -0.190518 0.980785
vn -0.041983 -0.190518 0.980786
vn -0.041983 -0.190518 0.980785
vn 0.976571 -0.215198 0.000000
vn 0.976571 -0.215198 0.000000
vn 0.976570 -0.215198 0.000000
vn 0.976570 -0.215198 0.000000
vn 0.976570 -0.215198 0.000000
vn 0.976571 -0.215198 0.000000
vn 0.976571 -0.215198 0.000000
vn 0.976570 -0.215198 0.000000
vn 0.976570 -0.215198 0.000000
vn 0.976570 -0.215198 0.000000
vn 0.976570 -0.215198 0.000000
vn 0.976570 -0.215198 0.000000
vn 0.976570 -0.215198 0.000000
vn 0.976570 -0.215198 0.000000
vn 0.976570 -0.215198 0.000000
vn 0.976570 -0.215198 0.000000
vn 0.976570 -0.215198 0.000000
vn 0.976570 -0.215198 0.000000
vn 0.976570 -0.215198 0.000000
vn 0.976570 -0.215198 0.000000
vn 0.976571 -0.215198 0.000000
vn 0.976570 -0.215198 0.000000
vn 0.976570 -0.215198 0.000000
vn 0.976571 -0.215198 0.000000
vn 0.976570 -0.215199 0.000001
vn 0.976570 -0.215199 0.000001
vn 0.976570 -0.215199 0.000001
vn 0.976570 -0.215199 0.000001
vn 0.976570 -0.215198 0.000000
vn 0.976570 -0.215198 0.000000
vn 0.976570 -0.215198 0.000000
vn 0.976570 -0.215198 0.000000
vn 0.976570 -0.215198 0.000000
vn 0.976570 -0.215198 0.000000
vn 0.976571 -0.215198 0.000000
vn 0.976571 -0.215198 0.000000
vn 0.976570 -0.215198 -0.000001
vn 0.976570 -0.215198 -0.000001
vn 0.976570 -0.215198 -0.000001
vn 0.976570 -0.215198 -0.000001
vn 0.976570 -0.215198 -0.000001
vn 0.976570 -0.215198 -0.000001
vn 0.976570 -0.215198 -0.000001
vn 0.976570 -0.215198 -0.000001
vn 0.976570 -0.215198 0.000000
vn 0.976570 -0.215198 0.000000
vn 0.976570 -0.215198 0.000000
vn 0.976570 -0.215198 0.000000
vn 0.976571 -0.215197 0.000000
vn 0.976571 -0.215197 0.000000
vn 0.976571 -0.215197 0.000000
vn 0.976571 -0.215197 0.000000
vn 0.976570 -0.215198 0.000001
vn 0.976570 -0.215198 0.000001
vn 0.976571 -0.215198 0.000001
vn 0.976570 -0.215198 0.000001
vn 0.976570 -0.215198 -0.000000
vn 0.976570 -0.215198 -0.000000
vn 0.976570 -0.215198 -0.000000
vn 0.976570 -0.215198 -0.000000
vn 0.976570 -0.215198 0.000001
vn 0.976570 -0.215198 0.000001
vn 0.976571 -0.215198 0.000001
vn 0.976571 -0.215198 0.000001
vn 0.909436 -0.168899 -0.379999
vn 0.896194 -0.228991 -0.379998
vn 0.895941 -0.230235 -0.379844
vn 0.909729 -0.167663 -0.379844
vn 0.877638 -0.313198 -0.362847
vn 0.877923 -0.311999 -0.363190
vn 0.865404 -0.368717 -0.339298
vn 0.865185 -0.369809 -0.338669
vn 0.849674 -0.440103 -0.290455
vn 0.849910 -0.439124 -0.291243
vn 0.840309 -0.482595 -0.246946
vn 0.840160 -0.483370 -0.245938
vn 0.829798 -0.530295 -0.173845
vn 0.829954 -0.529685 -0.174959
vn 0.824731 -0.553291 -0.116995
vn 0.824677 -0.553630 -0.115763
vn 0.821040 -0.570041 -0.030769
vn 0.821093 -0.569894 -0.032039
vn 0.821040 -0.570041 0.030769
vn 0.821093 -0.569894 0.032039
vn 0.824732 -0.553290 0.116995
vn 0.824678 -0.553630 0.115763
vn 0.829799 -0.530294 0.173845
vn 0.829954 -0.529685 0.174959
vn 0.840309 -0.482596 0.246945
vn 0.840160 -0.483370 0.245937
vn 0.849674 -0.440103 0.290455
vn 0.849910 -0.439124 0.291243
vn 0.865404 -0.368716 0.339300
vn 0.865184 -0.369809 0.338671
vn 0.877638 -0.313198 0.362848
vn 0.877923 -0.311999 0.363191
vn 0.896194 -0.228991 0.379998
vn 0.895941 -0.230235 0.379844
vn 0.909436 -0.168899 0.379999
vn 0.909729 -0.167663 0.379845
vn 0.927992 -0.084692 0.362847
vn 0.927747 -0.085900 0.363190
vn 0.940227 -0.029174 0.339298
vn 0.940486 -0.028090 0.338669
vn 0.955957 0.042213 0.290455
vn 0.955760 0.041225 0.291243
vn 0.965320 0.084705 0.246944
vn 0.965510 0.085471 0.245937
vn 0.975832 0.132404 0.173844
vn 0.975716 0.131785 0.174958
vn 0.980899 0.155400 0.116994
vn 0.980993 0.155731 0.115762
vn 0.984590 0.172150 0.030768
vn 0.984577 0.171995 0.032037
vn 0.984590 0.172150 -0.030768
vn 0.984577 0.171995 -0.032037
vn 0.980899 0.155401 -0.116994
vn 0.980993 0.155731 -0.115762
vn 0.975832 0.132404 -0.173844
vn 0.975716 0.131786 -0.174958
vn 0.965321 0.084705 -0.246944
vn 0.965510 0.085470 -0.245937
vn 0.955957 0.042213 -0.290456
vn 0.955760 0.041225 -0.291244
vn 0.940226 -0.029174 -0.339298
vn 0.940486 -0.028090 -0.338669
vn 0.927992 -0.084693 -0.362847
vn 0.927747 -0.085900 -0.363190
vn -0.976570 0.215198 -0.000000
vn -0.976570 0.215198 0.000000
vn -0.976570 0.215198 -0.000000
vn -0.976570 0.215198 -0.000000
vn -0.976571 0.215198 -0.000000
vn -0.976570 0.215198 0.000000
vn -0.976570 0.215198 0.000001
vn -0.976571 0.215198 -0.000000
vn -0.976570 0.215198 -0.000001
vn -0.976570 0.215198 0.000001
vn -0.976571 0.215198 0.000000
vn -0.976570 0.215198 -0.000001
vn -0.976570 0.215198 0.000000
vn -0.976570 0.215198 0.000000
vn -0.976571 0.215198 -0.000000
vn -0.976570 0.215198 -0.000000
vn -0.976570 0.215198 -0.000000
vn -0.976571 0.215198 -0.000000
vn -0.976571 0.215198 0.000000
vn -0.976571 0.215198 -0.000000
vn -0.976571 0.215198 -0.000000
vn -0.976571 0.215198 0.000000
vn -0.976571 0.215198 -0.000000
vn -0.976570 0.215198 -0.000000
vn -0.976570 0.215198 -0.000000
vn -0.976570 0.215198 0.000000
vn -0.976571 0.215198 0.000000
vn -0.976571 0.215198 -0.000000
vn -0.976571 0.215198 -0.000000
vn -0.976570 0.215198 0.000000
vn -0.976570 0.215198 -0.000000
vn -0.976571 0.215198 -0.000000
vn 0.456394 0.889769 0.003943
vn 0.174266 0.984677 0.006548
vn 0.174808 0.984581 0.006544
vn 0.456394 0.889769 0.003943
vn -0.156430 0.987650 0.008755
vn -0.156430 0.987650 0.008755
vn 0.000000 0.000000 -1.000000
vn 0.000000 0.000000 -1.000000
vn 0.000000 0.000000 -1.000000
vn 0.000000 0.000000 -1.000000
vn 0.000000 0.000000 1.000000
vn 0.000000 0.000000 1.000000
vn 0.000000 0.000000 1.000000
vn 0.000000 0.000000 1.000000
vn 1.000000 0.000000 0.000000
vn 1.000000 0.000000 0.000000
vn 1.000000 0.000000 0.000000
vn 1.000000 0.000000 0.000000
vn 0.000000 0.000000 -1.000000
vn 0.000000 0.000000 -1.000000
vn 0.000000 0.000000 -1.000000
vn 0.000000 0.000000 -1.000000
vn -1.000000 0.000000 0.000000
vn -1.000000 0.000000 0.000000
vn -1.000000 0.000000 0.000000
vn -1.000000 0.000000 0.000000
vn 0.000000 0.000000 1.000000
vn 0.000000 0.000000 1.000000
vn 0.000000 0.000000 1.000000
vn 0.000000 0.000000 1.000000
vn -0.565635 0.824634 -0.006046
vn -0.586194 0.810163 -0.003636
vn -0.965707 0.259452 -0.009672
vn -0.966765 0.255274 -0.014164
vn -0.999809 0.018323 -0.006862
vn -0.999880 0.012398 -0.009340
vn -0.600479 0.799639 -0.001560
vn -0.599987 0.800009 -0.000973
vn -0.989009 -0.147588 -0.008880
vn -0.990614 -0.136224 -0.011269
vn -0.309016 0.951056 -0.001522
vn -0.309016 0.951056 -0.000802
vn -0.701991 -0.712132 -0.008751
vn -0.693443 -0.720428 -0.010970
vn 0.014030 0.999900 -0.001840
vn 0.014559 0.999893 -0.001194
vn -0.431167 -0.902270 -0.002062
vn -0.421483 -0.906832 -0.002961
vn -0.171848 0.985064 -0.010853
vn -0.142182 0.989815 -0.007121
vn -0.478209 -0.878243 -0.002221
vn -0.489035 -0.872258 -0.003272
vn 0.613992 0.788492 -0.035979
vn 0.613117 0.789653 -0.023165
vn -0.259904 -0.965576 -0.010643
vn -0.258221 -0.966027 -0.010664
vn 0.931542 0.363109 -0.019547
vn 0.925638 0.378178 -0.013276
vn 0.587303 -0.809330 -0.007801
vn 0.529056 -0.848521 -0.010556
vn 0.938904 0.343778 -0.016621
vn 0.938589 0.344852 -0.011310
vn 0.494499 -0.869147 -0.007412
vn 0.484760 -0.874578 -0.010988
vn 0.959768 -0.280745 -0.005228
vn 0.965082 -0.261926 -0.003479
vn 0.804945 -0.593243 -0.011255
vn 0.804718 -0.593419 -0.016808
vn 0.997172 -0.074922 -0.005814
vn 0.995763 -0.091868 -0.004183
vn -0.712600 0.701567 -0.002135
vn -0.722738 0.691118 -0.002253
vn -0.958867 0.283830 -0.003903
vn -0.958463 0.285190 -0.003991
vn -0.598727 0.800953 0.000096
vn -0.598486 0.801133 0.000142
vn -0.309016 0.951057 0.000169
vn -0.309016 0.951057 0.000188
vn 0.016255 0.999868 0.000058
vn 0.016091 0.999871 0.000117
vn 0.053784 0.998546 -0.003739
vn 0.074126 0.997241 -0.003839
vn 0.603935 0.796974 -0.009788
vn 0.602757 0.797863 -0.009936
vn 0.883806 0.467817 -0.005862
vn 0.878862 0.477040 -0.005843
vn 0.942285 0.334781 -0.004623
vn 0.942500 0.334174 -0.004543
vn 0.989989 -0.141128 -0.002039
vn 0.991546 -0.129740 -0.002098
vn 0.982675 -0.185327 -0.001944
vn 0.980958 -0.194211 -0.001896
vn 0.804021 -0.594579 -0.005083
vn 0.805296 -0.592852 -0.005082
vn 0.536784 -0.843710 -0.004149
vn 0.540367 -0.841419 -0.004248
vn 0.437307 -0.899296 -0.005504
vn 0.418276 -0.908302 -0.005667
vn -0.109030 -0.994019 -0.006190
vn -0.109861 -0.993928 -0.006182
vn -0.398150 -0.917319 -0.001730
vn -0.394859 -0.918740 -0.001837
vn -0.507694 -0.861536 -0.001575
vn -0.514915 -0.857240 -0.001632
vn -0.755638 -0.654967 -0.005442
vn -0.760698 -0.649084 -0.005348
vn -0.974992 -0.222175 -0.005458
vn -0.973244 -0.229711 -0.005375
vn -0.999958 0.008637 -0.003131
vn -0.999974 0.006622 -0.003018
vn 0.951057 -0.309016 0.000000
vn 0.809017 -0.587785 0.000000
vn 0.809017 -0.587785 0.000000
vn 0.951057 -0.309016 0.000000
vn 0.587785 -0.809017 0.000000
vn 0.587785 -0.809017 0.000000
vn 0.309016 -0.951057 0.000000
vn 0.309016 -0.951057 0.000000
vn 0.000000 -1.000000 0.000000
vn 0.000000 -1.000000 0.000000
vn -0.309016 -0.951057 0.000000
vn -0.309016 -0.951057 0.000000
vn -0.587786 -0.809017 0.000000
vn -0.587786 -0.809017 0.000000
vn -0.809017 -0.587785 0.000000
vn -0.809017 -0.587785 0.000000
vn -0.951057 -0.309017 0.000000
vn -0.951057 -0.309017 0.000000
vn -1.000000 0.000000 0.000000
vn -1.000000 0.000000 0.000000
vn -0.951056 0.309017 0.000000
vn -0.951056 0.309017 0.000000
vn -0.809017 0.587786 0.000000
vn -0.809017 0.587786 0.000000
vn -0.476251 0.879309 0.000000
vn -0.476251 0.879309 0.000000
vn -0.006857 0.999977 0.000000
vn -0.006857 0.999977 0.000000
vn -0.000000 1.000000 0.000000
vn -0.000000 1.000000 0.000000
vn 0.006857 0.999977 0.000000
vn 0.006857 0.999977 0.000000
vn 0.476251 0.879309 0.000000
vn 0.476251 0.879309 0.000000
vn 0.809017 0.587786 0.000000
vn 0.809017 0.587786 0.000000
vn 0.951056 0.309017 0.000000
vn 0.951056 0.309017 0.000000
vn 1.000000 0.000001 0.000000
vn 1.000000 0.000001 0.000000
vn 0.610260 -0.792196 0.002886
vn 0.950361 -0.311118 0.004384
vn 0.951111 -0.308819 0.004372
vn 0.622031 -0.782988 0.002875
vn 0.998936 -0.046018 0.002990
vn 0.999015 -0.044281 0.003021
vn 0.588738 -0.808324 0.000281
vn 0.589594 -0.807700 0.000534
vn 0.981964 0.188972 0.005955
vn 0.980906 0.194390 0.005938
vn 0.309065 -0.951041 0.000596
vn 0.308967 -0.951072 0.001132
vn 0.726763 0.686863 0.005895
vn 0.730681 0.682693 0.005879
vn 0.000000 -1.000000 0.000629
vn 0.000000 -0.999999 0.001196
vn 0.442019 0.897004 0.001904
vn 0.449137 0.893461 0.001907
vn 0.064787 -0.997886 0.005209
vn 0.079702 -0.996802 0.005716
vn 0.469692 0.882828 0.002058
vn 0.465042 0.885287 0.001447
vn -0.588722 -0.808253 0.011523
vn -0.589390 -0.807760 0.011925
vn 0.192932 0.981191 0.006526
vn 0.193551 0.981069 0.006522
vn -0.909356 -0.415976 0.005987
vn -0.912404 -0.409249 0.005912
vn -0.469033 0.883161 0.005977
vn -0.540907 0.841067 0.005101
vn -0.951021 -0.309086 0.005008
vn -0.951301 -0.308223 0.005009
vn -0.511616 0.859203 0.004417
vn -0.514952 0.857207 0.004439
vn -0.976036 0.217596 0.002570
vn -0.973689 0.227866 0.002564
vn -0.808424 0.588574 0.005558
vn -0.809058 0.587703 0.005556
vn -0.989788 0.142530 0.002251
vn -0.990789 0.135397 0.002234
vn 0.727898 -0.685680 0.002738
vn 0.950705 -0.310066 0.004378
vn 0.951656 -0.307135 0.004364
vn 0.737046 -0.675837 0.002723
vn 0.589414 -0.807832 -0.000059
vn 0.589594 -0.807700 -0.000066
vn 0.309044 -0.951048 -0.000126
vn 0.309029 -0.951053 -0.000140
vn -0.000000 -1.000000 -0.000133
vn -0.000000 -1.000000 -0.000148
vn -0.106760 -0.994272 0.004995
vn -0.125730 -0.992052 0.005032
vn -0.589313 -0.807831 0.010990
vn -0.589797 -0.807477 0.010982
vn -0.869993 -0.493017 0.006843
vn -0.865066 -0.501610 0.006938
vn -0.951166 -0.308638 0.005009
vn -0.950825 -0.309689 0.005007
vn -0.993908 0.110178 0.002617
vn -0.995057 0.099275 0.002620
vn -0.975354 0.220631 0.002434
vn -0.973432 0.228965 0.002453
vn -0.808730 0.588154 0.005556
vn -0.809524 0.587061 0.005554
vn -0.550187 0.835029 0.004676
vn -0.553822 0.832622 0.004701
vn -0.400612 0.916227 0.006093
vn -0.382253 0.924037 0.006245
vn 0.083481 0.996487 0.006627
vn 0.083676 0.996471 0.006625
vn 0.385692 0.922625 0.002042
vn 0.381896 0.924203 0.002153
vn 0.520191 0.854048 0.001923
vn 0.527094 0.849805 0.001924
vn 0.769413 0.638726 0.005682
vn 0.773660 0.633576 0.005664
vn 0.968381 0.249409 0.005740
vn 0.966754 0.255645 0.005722
vn 0.999694 -0.024519 0.003364
vn 0.999745 -0.022317 0.003402
vn -0.000001 0.000001 -1.000000
vn -0.000000 0.000000 -1.000000
vn -0.000002 0.000001 -1.000000
vn -0.000004 0.000002 -1.000000
vn -0.000004 0.000002 -1.000000
vn 0.000000 0.000002 -1.000000
vn 0.000004 0.000002 -1.000000
vn 0.000004 0.000002 -1.000000
vn 0.000001 0.000001 -1.000000
vn 0.000002 0.000001 -1.000000
vn 0.000002 -0.000000 -1.000000
vn 0.000001 -0.000001 -1.000000
vn 0.000000 -0.000001 -1.000000
vn 0.000004 -0.000002 -1.000000
vn 0.000006 -0.000003 -1.000000
vn 0.000000 -0.000003 -1.000000
vn -0.000006 -0.000003 -1.000000
vn -0.000004 -0.000002 -1.000000
vn 0.000000 -0.000001 -1.000000
vn -0.000001 -0.000001 -1.000000
vn -0.000002 -0.000000 -1.000000
vn 0.000720 -0.002931 -0.999995
vn 0.000674 -0.002748 -0.999996
vn 0.003500 -0.001129 -0.999993
vn 0.003577 -0.000997 -0.999993
vn 0.004563 -0.000338 -0.999990
vn 0.004564 -0.000322 -0.999990
vn 0.000218 -0.000900 -1.000000
vn 0.000219 -0.000903 -1.000000
vn 0.004949 0.000638 -0.999988
vn 0.004960 0.000698 -0.999987
vn 0.000002 0.000000 -1.000000
vn 0.000002 0.000000 -1.000000
vn 0.003123 0.003460 -0.999989
vn 0.003198 0.003438 -0.999989
vn 0.000412 -0.000972 -1.000000
vn 0.000411 -0.000970 -1.000000
vn 0.000748 0.002826 -0.999996
vn 0.000743 0.002869 -0.999996
vn 0.002274 -0.004883 -0.999986
vn 0.002109 -0.004549 -0.999987
vn 0.002117 0.002500 -0.999995
vn 0.002157 0.002526 -0.999995
vn -0.003314 -0.003878 -0.999987
vn -0.003277 -0.003899 -0.999987
vn 0.001470 0.004766 -0.999988
vn 0.001418 0.004804 -0.999988
vn -0.007321 -0.002097 -0.999971
vn -0.007152 -0.002222 -0.999972
vn -0.003079 0.004955 -0.999983
vn -0.003056 0.004977 -0.999983
vn -0.004026 -0.001495 -0.999991
vn -0.004019 -0.001391 -0.999991
vn -0.003031 0.004573 -0.999985
vn -0.002925 0.004636 -0.999985
vn -0.002890 0.001264 -0.999995
vn -0.002825 0.001194 -0.999995
vn -0.002860 0.002249 -0.999993
vn -0.002871 0.002228 -0.999993
vn -0.003257 0.000003 -0.999995
vn -0.003189 0.000035 -0.999995
vn -0.003622 0.001247 0.999993
vn -0.003660 0.001171 0.999993
vn -0.001810 0.001905 0.999997
vn -0.001613 0.001868 0.999997
vn -0.000201 0.000835 1.000000
vn -0.000200 0.000828 1.000000
vn 0.000000 0.000000 1.000000
vn 0.000000 0.000000 1.000000
vn -0.000551 0.001299 0.999999
vn -0.000549 0.001293 0.999999
vn 0.000462 0.005098 0.999987
vn 0.000115 0.004507 0.999990
vn 0.004631 0.006579 0.999968
vn 0.004594 0.006595 0.999968
vn 0.006382 0.003874 0.999972
vn 0.006286 0.003680 0.999973
vn 0.004784 0.001131 0.999988
vn 0.004758 0.001096 0.999988
vn 0.003164 -0.000297 0.999995
vn 0.003075 -0.000319 0.999995
vn 0.003192 -0.000684 0.999995
vn 0.003113 -0.000663 0.999995
vn 0.003757 -0.002393 0.999990
vn 0.003750 -0.002437 0.999990
vn 0.003236 -0.004313 0.999986
vn 0.003222 -0.004334 0.999985
vn 0.002071 -0.005648 0.999982
vn 0.002145 -0.005573 0.999982
vn -0.000418 -0.005340 0.999986
vn -0.000581 -0.005209 0.999986
vn -0.001505 -0.002932 0.999995
vn -0.001451 -0.002817 0.999995
vn -0.001411 -0.002591 0.999996
vn -0.001370 -0.002517 0.999996
vn -0.003488 -0.002999 0.999989
vn -0.003333 -0.003035 0.999990
vn -0.004839 -0.001342 0.999987
vn -0.004815 -0.001227 0.999988
vn -0.004358 0.000087 0.999991
vn -0.004350 0.000093 0.999991
vn -0.001183 0.006634 -0.999977
vn -0.001183 0.006634 -0.999977
vn -0.001183 0.006634 -0.999977
vn -0.001183 0.006634 -0.999977
vn 0.003342 0.003644 -0.999988
vn 0.003342 0.003644 -0.999988
vn 0.003342 0.003644 -0.999988
vn 0.003342 0.003644 -0.999988
vn -0.897535 0.440931 0.003244
vn -0.897535 0.440931 0.003244
vn -0.897535 0.440931 0.003244
vn -0.897535 0.440931 0.003244
vn 0.907820 0.419312 0.006302
vn 0.907820 0.419312 0.006302
vn 0.907820 0.419312 0.006302
vn 0.907820 0.419312 0.006302
vn 0.001219 -0.006691 0.999977
vn 0.001219 -0.006691 0.999977
vn 0.001219 -0.006691 0.999977
vn 0.001219 -0.006691 0.999977
vn -0.003400 -0.003471 0.999988
vn -0.003400 -0.003471 0.999988
vn -0.003400 -0.003471 0.999988
vn -0.003400 -0.003471 0.999988
s 1
g Revolver Barrel
usemtl openPBRSurface1SG
f 273/593/545 274/594/546 275/595/547 276/596/548
f 277/601/549 278/611/550 279/612/551 280/605/552
f 281/613/553 282/623/554 283/624/555 284/617/556
f 285/625/557 286/635/558 287/636/559 288/629/560
f 289/637/561 290/647/562 291/648/563 292/641/564
f 293/649/565 294/659/566 295/660/567 296/653/568
f 297/661/569 298/671/570 299/672/571 300/665/572
f 301/673/573 302/683/574 303/684/575 304/677/576
f 305/685/577 306/687/578 307/688/579 308/680/580
f 309/676/581 310/681/582 311/682/583 312/668/584
f 313/664/585 314/669/586 315/670/587 316/656/588
f 317/652/589 318/657/590 319/658/591 320/644/592
f 321/640/593 322/645/594 323/646/595 324/632/596
f 325/628/597 326/633/598 327/634/599 328/620/600
f 329/616/601 330/621/602 331/622/603 332/608/604
f 333/604/605 334/609/606 335/610/607 336/600/608
s off
f 273/943/609 337/944/610 338/945/611 274/946/612
f 274/1183/613 338/1184/614 339/1185/615 275/1186/616
f 275/947/617 339/948/618 402/949/619 276/950/620
f 276/1187/621 402/1188/622 403/1189/623 277/1190/624
f 277/1190/625 403/1189/626 340/1191/627 278/1192/628
f 278/1192/629 340/1191/630 341/1193/631 279/1194/632
f 279/951/633 341/952/634 404/953/635 280/954/636
f 280/954/637 404/953/638 405/955/639 281/956/640
f 281/1195/641 405/1196/642 342/1197/643 282/1198/644
f 282/961/645 342/962/646 343/958/647 283/957/648
f 283/957/649 343/958/650 406/959/651 284/960/652
f 284/960/653 406/959/654 407/963/655 285/964/656
f 285/1199/657 407/1200/658 344/1201/659 286/1202/660
f 286/965/661 344/966/662 345/967/663 287/968/664
f 287/968/665 345/967/666 408/969/667 288/970/668
f 288/970/669 408/969/670 409/971/671 289/972/672
f 289/1203/673 409/1204/674 346/1205/675 290/1206/676
f 290/973/677 346/974/678 347/975/679 291/976/680
f 291/1207/681 347/1208/682 410/1209/683 292/1210/684
f 292/977/685 410/978/686 411/979/687 293/980/688
f 293/980/689 411/979/690 348/981/691 294/982/692
f 294/982/693 348/981/694 349/983/695 295/984/696
f 295/1211/697 349/1212/698 412/1213/699 296/1214/700
f 296/989/701 412/990/702 413/986/703 297/985/704
f 297/985/705 413/986/706 350/987/707 298/988/708
f 298/988/709 350/987/710 351/991/711 299/992/712
f 299/1215/713 351/1216/714 414/1217/715 300/1218/716
f 300/997/717 414/998/718 415/994/719 301/993/720
f 301/993/721 415/994/722 352/995/723 302/996/724
f 302/1219/725 352/1220/726 353/1221/727 303/1222/728
f 303/1222/729 353/1221/730 416/1223/731 304/1224/732
f 304/1224/733 416/1223/734 417/1225/735 305/1226/736
f 305/999/737 417/1000/738 354/1001/739 306/1002/740
f 306/1227/741 354/1228/742 355/1229/743 307/1230/744
f 307/1003/745 355/1004/746 418/1005/747 308/1006/748
f 308/1231/749 418/1232/750 419/1233/751 309/1234/752
f 309/1234/753 419/1233/754 356/1235/755 310/1236/756
f 310/1236/757 356/1235/758 357/1237/759 311/1238/760
f 311/1007/761 357/1008/762 420/1009/763 312/1010/764
f 312/1010/765 420/1009/766 421/1011/767 313/1012/768
f 313/1239/769 421/1240/770 358/1241/771 314/1242/772
f 314/1017/773 358/1018/774 359/1014/775 315/1013/776
f 315/1013/777 359/1014/778 422/1015/779 316/1016/780
f 316/1016/781 422/1015/782 423/1019/783 317/1020/784
f 317/1243/785 423/1244/786 360/1245/787 318/1246/788
f 318/1021/789 360/1022/790 361/1023/791 319/1024/792
f 319/1024/793 361/1023/794 424/1025/795 320/1026/796
f 320/1026/797 424/1025/798 425/1027/799 321/1028/800
f 321/1247/801 425/1248/802 362/1249/803 322/1250/804
f 322/1029/805 362/1030/806 363/1031/807 323/1032/808
f 323/1251/809 363/1252/810 426/1253/811 324/1254/812
f 324/1033/813 426/1034/814 427/1035/815 325/1036/816
f 325/1036/817 427/1035/818 364/1037/819 326/1038/820
f 326/1038/821 364/1037/822 365/1039/823 327/1040/824
f 327/1255/825 365/1256/826 428/1257/827 328/1258/828
f 328/1045/829 428/1046/830 429/1042/831 329/1041/832
f 329/1041/833 429/1042/834 366/1043/835 330/1044/836
f 330/1044/837 366/1043/838 367/1047/839 331/1048/840
f 331/1259/841 367/1260/842 430/1261/843 332/1262/844
f 332/1053/845 430/1054/846 431/1050/847 333/1049/848
f 333/1049/849 431/1050/850 368/1051/851 334/1052/852
f 334/1263/853 368/1264/854 369/1265/855 335/1266/856
f 335/1266/857 369/1265/858 432/1267/859 336/1268/860
f 336/1268/861 432/1267/862 337/1269/863 273/1270/864
f 402/689/865 339/690/866 338/691/867 337/692/868
f 404/700/869 341/705/870 340/706/871 403/696/872
f 406/712/873 343/717/874 342/718/875 405/704/876
f 408/724/877 345/729/878 344/730/879 407/716/880
f 410/736/881 347/741/882 346/742/883 409/728/884
f 412/748/885 349/753/886 348/754/887 411/740/888
f 414/760/889 351/765/890 350/766/891 413/752/892
f 416/772/893 353/777/894 352/778/895 415/764/896
f 418/782/897 355/783/898 354/784/899 417/776/900
f 420/770/901 357/779/902 356/780/903 419/774/904
f 422/758/905 359/767/906 358/768/907 421/762/908
f 424/746/909 361/755/910 360/756/911 423/750/912
f 426/734/913 363/743/914 362/744/915 425/738/916
f 428/722/917 365/731/918 364/732/919 427/726/920
f 430/710/921 367/719/922 366/720/923 429/714/924
f 432/698/925 369/707/926 368/708/927 431/702/928
s 17
f 370/693/929 371/694/930 402/689/931 337/692/932
f 371/694/930 372/695/933 403/696/934 402/689/931
f 372/695/933 373/699/935 404/700/936 403/696/934
f 373/699/935 374/703/937 405/704/938 404/700/936
f 374/703/937 375/711/939 406/712/940 405/704/938
f 375/711/939 376/715/941 407/716/942 406/712/940
f 376/715/941 377/723/943 408/724/944 407/716/942
f 377/723/943 378/727/945 409/728/946 408/724/944
f 378/727/945 379/735/947 410/736/948 409/728/946
f 379/735/947 380/739/949 411/740/950 410/736/948
f 380/739/949 381/747/951 412/748/952 411/740/950
f 381/747/951 382/751/953 413/752/954 412/748/952
f 382/751/953 383/759/955 414/760/956 413/752/954
f 383/759/955 384/763/957 415/764/958 414/760/956
f 384/763/957 385/771/959 416/772/960 415/764/958
f 385/771/959 386/775/961 417/776/962 416/772/960
f 386/775/961 387/781/963 418/782/964 417/776/962
f 387/781/963 388/773/965 419/774/966 418/782/964
f 388/773/965 389/769/967 420/770/968 419/774/966
f 389/769/967 390/761/969 421/762/970 420/770/968
f 390/761/969 391/757/971 422/758/972 421/762/970
f 391/757/971 392/749/973 423/750/974 422/758/972
f 392/749/973 393/745/975 424/746/976 423/750/974
f 393/745/975 394/737/977 425/738/978 424/746/976
f 394/737/977 395/733/979 426/734/980 425/738/978
f 395/733/979 396/725/981 427/726/982 426/734/980
f 396/725/981 397/721/983 428/722/984 427/726/982
f 397/721/983 398/713/985 429/714/986 428/722/984
f 398/713/985 399/709/987 430/710/988 429/714/986
f 399/709/987 400/701/989 431/702/990 430/710/988
f 400/701/989 401/697/991 432/698/992 431/702/990
f 401/697/991 370/693/929 337/692/932 432/698/992
s 1
f 370/597/993 273/593/545 276/596/548 371/598/994
f 371/598/994 276/596/548 277/601/549 372/602/995
f 372/602/995 277/601/549 280/605/552 373/606/996
f 373/606/996 280/605/552 281/613/553 374/614/997
f 374/614/997 281/613/553 284/617/556 375/618/998
f 375/618/998 284/617/556 285/625/557 376/626/999
f 376/626/999 285/625/557 288/629/560 377/630/1000
f 377/630/1000 288/629/560 289/637/561 378/638/1001
f 378/638/1001 289/637/561 292/641/564 379/642/1002
f 379/642/1002 292/641/564 293/649/565 380/650/1003
f 380/650/1003 293/649/565 296/653/568 381/654/1004
f 381/654/1004 296/653/568 297/661/569 382/662/1005
f 382/662/1005 297/661/569 300/665/572 383/666/1006
f 383/666/1006 300/665/572 301/673/573 384/674/1007
f 384/674/1007 301/673/573 304/677/576 385/678/1008
f 385/678/1008 304/677/576 305/685/577 386/686/1009
f 386/686/1009 305/685/577 308/680/580 387/679/1010
f 387/679/1010 308/680/580 309/676/581 388/675/1011
f 388/675/1011 309/676/581 312/668/584 389/667/1012
f 389/667/1012 312/668/584 313/664/585 390/663/1013
f 390/663/1013 313/664/585 316/656/588 391/655/1014
f 391/655/1014 316/656/588 317/652/589 392/651/1015
f 392/651/1015 317/652/589 320/644/592 393/643/1016
f 393/643/1016 320/644/592 321/640/593 394/639/1017
f 394/639/1017 321/640/593 324/632/596 395/631/1018
f 395/631/1018 324/632/596 325/628/597 396/627/1019
f 396/627/1019 325/628/597 328/620/600 397/619/1020
f 397/619/1020 328/620/600 329/616/601 398/615/1021
f 398/615/1021 329/616/601 332/608/604 399/607/1022
f 399/607/1022 332/608/604 333/604/605 400/603/1023
f 400/603/1023 333/604/605 336/600/608 401/599/1024
f 401/599/1024 336/600/608 273/593/545 370/597/993
s 18
f 434/1055/1025 433/1056/1026 435/1057/1027 436/1058/1028
f 433/1056/1026 437/1059/1029 438/1060/1030 435/1057/1027
s off
f 439/1271/1031 440/1272/1032 433/1273/1033 434/1274/1034
f 441/1277/1035 442/1278/1036 436/1279/1037 435/1280/1038
f 442/785/1039 439/786/1040 434/787/1041 436/788/1042
f 440/1272/1043 443/1275/1044 437/1276/1045 433/1273/1046
f 443/789/1047 444/790/1048 438/791/1049 437/792/1050
f 444/1281/1051 441/1277/1052 435/1280/1053 438/1282/1054
s 19
f 554/1061/1055 557/1062/1056 556/1063/1057 555/1064/1058
f 555/793/1058 556/794/1057 559/795/1059 558/796/1060
f 554/817/1055 561/818/1061 560/813/1062 557/814/1056
f 558/796/1060 559/795/1059 563/799/1063 562/800/1064
f 561/1067/1061 565/1068/1065 564/1069/1066 560/1070/1062
f 562/800/1064 563/799/1063 567/804/1067 566/805/1068
f 565/1068/1065 569/1071/1069 568/1072/1070 564/1069/1066
f 566/1087/1068 567/1088/1067 571/1089/1071 570/1090/1072
f 569/1071/1069 573/1075/1073 572/1076/1074 568/1072/1070
f 570/1090/1072 571/1089/1071 575/1093/1075 574/1094/1076
f 573/1075/1073 577/1080/1077 576/1081/1078 572/1076/1074
f 574/1094/1076 575/1093/1075 579/1096/1079 578/1097/1080
f 577/819/1077 581/820/1081 580/821/1082 576/822/1078
f 578/1097/1080 579/1096/1079 583/1100/1083 582/1101/1084
f 581/820/1081 585/823/1085 584/824/1086 580/821/1082
f 582/941/1084 583/936/1083 587/938/1087 586/942/1088
f 585/823/1085 589/827/1089 588/828/1090 584/824/1086
f 586/1106/1088 587/1107/1087 591/1108/1091 590/1109/1092
f 589/827/1089 593/832/1093 592/833/1094 588/828/1090
f 590/836/1092 591/837/1091 592/833/1094 593/832/1093
f 594/806/1095 597/807/1096 596/801/1097 595/797/1098
f 598/810/1099 599/811/1100 597/807/1096 594/806/1095
f 600/1073/1101 601/1078/1102 599/1079/1100 598/1074/1099
f 602/1077/1103 603/1083/1104 601/1078/1102 600/1073/1101
f 604/1082/1105 605/1085/1106 603/1083/1104 602/1077/1103
f 606/1084/1107 607/1086/1108 605/1085/1106 604/1082/1105
f 608/825/1109 609/830/1110 607/831/1108 606/826/1107
f 610/829/1111 611/835/1112 609/830/1110 608/825/1109
f 612/834/1113 613/839/1114 611/835/1112 610/829/1111
f 614/838/1115 615/841/1116 613/839/1114 612/834/1113
f 616/840/1117 617/842/1118 615/841/1116 614/838/1115
f 618/1110/1119 619/1112/1120 617/1113/1118 616/1111/1117
f 620/935/1121 621/939/1122 619/940/1120 618/937/1119
f 622/1103/1123 623/1102/1124 621/1104/1122 620/1105/1121
f 624/1095/1125 625/1099/1126 623/1102/1124 622/1103/1123
f 626/1092/1127 627/1098/1128 625/1099/1126 624/1095/1125
f 628/809/1129 629/812/1130 627/815/1128 626/816/1127
f 630/803/1131 631/808/1132 629/812/1130 628/809/1129
f 632/798/1133 633/802/1134 631/808/1132 630/803/1131
f 595/797/1098 596/801/1097 633/802/1134 632/798/1133
f 557/1062/1056 594/1065/1095 595/1066/1098 556/1063/1057
f 556/794/1057 595/797/1098 632/798/1133 559/795/1059
f 559/795/1059 632/798/1133 630/803/1131 563/799/1063
f 563/799/1063 630/803/1131 628/809/1129 567/804/1067
f 567/1088/1067 628/1091/1129 626/1092/1127 571/1089/1071
f 571/1089/1071 626/1092/1127 624/1095/1125 575/1093/1075
f 583/936/1083 620/935/1121 618/937/1119 587/938/1087
f 587/1107/1087 618/1110/1119 616/1111/1117 591/1108/1091
f 591/837/1091 616/840/1117 614/838/1115 592/833/1094
f 592/833/1094 614/838/1115 612/834/1113 588/828/1090
f 588/828/1090 612/834/1113 610/829/1111 584/824/1086
f 584/824/1086 610/829/1111 608/825/1109 580/821/1082
f 580/821/1082 608/825/1109 606/826/1107 576/822/1078
f 576/1081/1078 606/1084/1107 604/1082/1105 572/1076/1074
f 572/1076/1074 604/1082/1105 602/1077/1103 568/1072/1070
f 568/1072/1070 602/1077/1103 600/1073/1101 564/1069/1066
f 564/1069/1066 600/1073/1101 598/1074/1099 560/1070/1062
f 560/813/1062 598/810/1099 594/806/1095 557/814/1056
s 21
f 445/843/1135 446/844/1136 466/845/1137 465/846/1138
f 446/844/1136 447/847/1139 467/848/1140 466/845/1137
f 447/1114/1139 448/1115/1141 468/1116/1142 467/1117/1140
f 448/1115/1141 449/1118/1143 469/1119/1144 468/1116/1142
f 449/1118/1143 450/1120/1145 470/1121/1146 469/1119/1144
f 450/1120/1145 451/1122/1147 471/1123/1148 470/1121/1146
f 451/863/1147 452/857/1149 472/860/1150 471/864/1148
f 452/857/1149 453/858/1151 473/859/1152 472/860/1150
f 453/858/1151 454/861/1153 474/862/1154 473/859/1152
f 454/861/1153 455/865/1155 475/866/1156 474/862/1154
f 455/865/1155 456/867/1157 476/868/1158 475/866/1156
f 456/867/1157 457/869/1159 477/870/1160 476/868/1158
f 457/1124/1159 458/1125/1161 478/1126/1162 477/1127/1160
f 458/1125/1161 459/1128/1163 479/1129/1164 478/1126/1162
f 459/1128/1163 460/1130/1165 480/1131/1166 479/1129/1164
f 460/1130/1165 461/1132/1167 481/1133/1168 480/1131/1166
f 461/855/1167 462/853/1169 482/854/1170 481/856/1168
f 462/853/1169 463/851/1171 483/852/1172 482/854/1170
f 463/851/1171 464/849/1173 484/850/1174 483/852/1172
f 464/849/1173 445/843/1135 465/846/1138 484/850/1174
s 22
f 485/1134/1175 486/1135/1176 519/1136/1177 520/1137/1178
f 486/871/1176 489/872/1179 535/873/1180 519/874/1177
f 485/893/1175 520/884/1178 521/889/1181 491/894/1182
f 489/872/1179 493/875/1183 534/876/1184 535/873/1180
f 491/1138/1182 521/1139/1181 522/1140/1185 480/1141/1186
f 493/875/1183 495/879/1187 533/880/1188 534/876/1184
f 480/1141/1186 522/1140/1185 523/1144/1189 479/1145/1190
f 495/1158/1187 497/1159/1191 532/1160/1192 533/1161/1188
f 479/1145/1190 523/1144/1189 524/1149/1193 478/1150/1194
f 497/1159/1191 499/1162/1195 439/1163/1196 532/1160/1192
f 478/1150/1194 524/1149/1193 525/1153/1197 501/1154/1198
f 499/1162/1195 503/1166/1199 440/1167/1200 439/1163/1196
f 501/897/1198 525/898/1197 526/899/1201 505/900/1202
f 503/1166/1199 507/1169/1203 443/1170/1204 440/1167/1200
f 505/900/1202 526/899/1201 527/903/1205 509/904/1206
f 507/927/1203 511/928/1207 531/926/1208 443/925/1204
f 509/904/1206 527/903/1205 528/908/1209 513/909/1210
f 511/1177/1207 515/1178/1211 530/1179/1212 531/1180/1208
f 513/909/1210 528/908/1209 529/912/1213 518/913/1214
f 515/916/1211 518/913/1214 529/912/1213 530/917/1212
f 536/885/1215 537/878/1216 487/883/1217 488/888/1218
f 552/890/1219 536/885/1215 488/888/1218 492/892/1220
f 551/1143/1221 552/1142/1219 492/1146/1220 460/1147/1222
f 550/1148/1223 551/1143/1221 460/1147/1222 459/1151/1224
f 549/1152/1225 550/1148/1223 459/1151/1224 458/1155/1226
f 548/1156/1227 549/1152/1225 458/1155/1226 502/1157/1228
f 547/902/1229 548/901/1227 502/905/1228 506/906/1230
f 546/907/1231 547/902/1229 506/906/1230 510/910/1232
f 545/911/1233 546/907/1231 510/910/1232 514/914/1234
f 544/915/1235 545/911/1233 514/914/1234 517/918/1236
f 543/919/1237 544/915/1235 517/918/1236 516/920/1238
f 542/921/1239 543/919/1237 516/920/1238 512/922/1240
f 444/923/1241 542/921/1239 512/922/1240 508/924/1242
f 441/1173/1243 444/1175/1241 508/1176/1242 504/1174/1244
f 442/1168/1245 441/1173/1243 504/1174/1244 500/1171/1246
f 541/1164/1247 442/1168/1245 500/1171/1246 498/1172/1248
f 540/886/1249 541/895/1247 498/896/1248 496/891/1250
f 539/881/1251 540/886/1249 496/891/1250 494/887/1252
f 538/877/1253 539/881/1251 494/887/1252 490/882/1254
f 537/878/1216 538/877/1253 490/882/1254 487/883/1217
f 520/884/1178 519/874/1177 537/878/1216 536/885/1215
f 519/874/1177 535/873/1180 538/877/1253 537/878/1216
f 535/873/1180 534/876/1184 539/881/1251 538/877/1253
f 534/876/1184 533/880/1188 540/886/1249 539/881/1251
f 533/1161/1188 532/1160/1192 541/1164/1247 540/1165/1249
f 532/1160/1192 439/1163/1196 442/1168/1245 541/1164/1247
f 443/925/1204 531/926/1208 542/921/1239 444/923/1241
f 531/1180/1208 530/1179/1212 543/1181/1237 542/1182/1239
f 530/917/1212 529/912/1213 544/915/1235 543/919/1237
f 529/912/1213 528/908/1209 545/911/1233 544/915/1235
f 528/908/1209 527/903/1205 546/907/1231 545/911/1233
f 527/903/1205 526/899/1201 547/902/1229 546/907/1231
f 526/899/1201 525/898/1197 548/901/1227 547/902/1229
f 525/1153/1197 524/1149/1193 549/1152/1225 548/1156/1227
f 524/1149/1193 523/1144/1189 550/1148/1223 549/1152/1225
f 523/1144/1189 522/1140/1185 551/1143/1221 550/1148/1223
f 522/1140/1185 521/1139/1181 552/1142/1219 551/1143/1221
f 521/889/1181 520/884/1178 536/885/1215 552/890/1219
s 23
f 466/1283/1255 553/1284/1256 465/1285/1257
f 467/1286/1258 553/1284/1256 466/1283/1255
f 468/1288/1259 553/1284/1256 467/1286/1258
f 469/1290/1260 553/1284/1256 468/1288/1259
f 470/1292/1261 553/1284/1256 469/1290/1260
f 471/1294/1262 553/1284/1256 470/1292/1261
f 472/1296/1263 553/1284/1256 471/1294/1262
f 473/1298/1264 553/1284/1256 472/1296/1263
f 474/1300/1265 553/1284/1256 473/1298/1264
f 475/1302/1266 553/1284/1256 474/1300/1265
f 476/1303/1267 553/1284/1256 475/1302/1266
f 477/1301/1268 553/1284/1256 476/1303/1267
f 478/1299/1269 553/1284/1256 477/1301/1268
f 479/1297/1270 553/1284/1256 478/1299/1269
f 480/1295/1271 553/1284/1256 479/1297/1270
f 481/1293/1272 553/1284/1256 480/1295/1271
f 482/1291/1273 553/1284/1256 481/1293/1272
f 483/1289/1274 553/1284/1256 482/1291/1273
f 484/1287/1275 553/1284/1256 483/1289/1274
f 465/1285/1257 553/1284/1256 484/1287/1275
s 24
f 485/1304/1276 554/1305/1277 555/1306/1278 486/1307/1279
f 486/1307/1279 555/1306/1278 558/1310/1280 489/1311/1281
f 491/1308/1282 561/1309/1283 554/1305/1277 485/1304/1276
f 489/1311/1281 558/1310/1280 562/1314/1284 493/1315/1285
f 480/1312/1286 565/1313/1287 561/1309/1283 491/1308/1282
f 493/1315/1285 562/1314/1284 566/1318/1288 495/1319/1289
f 479/1316/1290 569/1317/1291 565/1313/1287 480/1312/1286
f 495/1319/1289 566/1318/1288 570/1322/1292 497/1323/1293
f 478/1320/1294 573/1321/1295 569/1317/1291 479/1316/1290
f 497/1323/1293 570/1322/1292 574/1326/1296 499/1327/1297
f 501/1324/1298 577/1325/1299 573/1321/1295 478/1320/1294
f 499/1327/1297 574/1326/1296 578/1330/1300 503/1331/1301
f 505/1328/1302 581/1329/1303 577/1325/1299 501/1324/1298
f 503/1331/1301 578/1330/1300 582/1334/1304 507/1335/1305
f 509/1332/1306 585/1333/1307 581/1329/1303 505/1328/1302
f 507/1335/1305 582/1334/1304 586/1338/1308 511/1339/1309
f 513/1336/1310 589/1337/1311 585/1333/1307 509/1332/1306
f 511/1339/1309 586/1338/1308 590/1342/1312 515/1343/1313
f 518/1340/1314 593/1341/1315 589/1337/1311 513/1336/1310
f 515/1343/1313 590/1342/1312 593/1341/1315 518/1340/1314
s 25
f 487/1344/1316 596/1345/1317 597/1346/1318 488/1347/1319
f 488/1347/1319 597/1346/1318 599/1350/1320 492/1351/1321
f 492/1351/1321 599/1350/1320 601/1354/1322 460/1355/1323
f 460/1355/1323 601/1354/1322 603/1358/1324 459/1359/1325
f 459/1359/1325 603/1358/1324 605/1362/1326 458/1363/1327
f 458/1363/1327 605/1362/1326 607/1366/1328 502/1367/1329
f 502/1367/1329 607/1366/1328 609/1370/1330 506/1371/1331
f 506/1371/1331 609/1370/1330 611/1374/1332 510/1375/1333
f 510/1375/1333 611/1374/1332 613/1378/1334 514/1379/1335
f 514/1379/1335 613/1378/1334 615/1382/1336 517/1383/1337
f 517/1383/1337 615/1382/1336 617/1381/1338 516/1380/1339
f 516/1380/1339 617/1381/1338 619/1377/1340 512/1376/1341
f 512/1376/1341 619/1377/1340 621/1373/1342 508/1372/1343
f 508/1372/1343 621/1373/1342 623/1369/1344 504/1368/1345
f 504/1368/1345 623/1369/1344 625/1365/1346 500/1364/1347
f 500/1364/1347 625/1365/1346 627/1361/1348 498/1360/1349
f 498/1360/1349 627/1361/1348 629/1357/1350 496/1356/1351
f 496/1356/1351 629/1357/1350 631/1353/1352 494/1352/1353
f 494/1352/1353 631/1353/1352 633/1349/1354 490/1348/1355
f 490/1348/1355 633/1349/1354 596/1345/1317 487/1344/1316
s off
f 444/1384/1356 441/1385/1357 622/1386/1358 620/1387/1359
f 441/1385/1360 442/1388/1361 624/1389/1362 622/1386/1363
f 442/929/1364 439/930/1365 575/931/1366 624/932/1367
f 443/933/1368 444/934/1369 620/935/1370 583/936/1371
f 440/1390/1372 443/1391/1373 583/1392/1374 579/1393/1375
f 439/1394/1376 440/1390/1377 579/1393/1378 575/1395/1379
g default
v -0.774982 7.406383 1.502352
v -0.881437 7.287857 1.233083
v -0.994004 7.088984 1.019389
v -1.101664 6.829229 0.882190
v -1.193880 6.534020 0.834914
v -1.261623 6.232254 0.882190
v -1.298264 5.953469 1.019389
v -1.300215 5.724957 1.233083
v -1.267285 5.569082 1.502352
v -1.202699 5.501107 1.800840
v -1.112777 5.527682 2.099327
v -1.047476 5.646208 2.368597
v -1.160068 5.845082 2.582290
v -0.786095 6.104836 2.719490
v -0.693880 6.400046 2.766766
v -0.626136 6.701811 2.719490
v -0.589495 6.980595 2.582290
v -0.587544 7.209108 2.368597
v -0.620473 7.364983 2.099327
v -0.685060 7.432958 1.800840
v -1.282297 7.542317 1.643082
v -1.388752 7.423792 1.373812
v -1.501318 7.224918 1.160119
v -1.608979 6.965164 1.022920
v -1.701194 6.669954 0.975644
v -1.768938 6.368189 1.022920
v -1.805579 6.089404 1.160120
v -1.807530 5.860891 1.373813
v -1.774600 5.705018 1.643082
v -1.710013 5.637041 1.941570
v -1.620092 5.663617 2.240058
v -1.513637 5.782142 2.509327
v -1.401070 5.981016 2.723021
v -1.293410 6.240770 2.860220
v -1.201194 6.535979 2.907496
v -1.133451 6.837746 2.860220
v -1.096810 7.116531 2.723021
v -1.094859 7.345043 2.509327
v -1.127788 7.500917 2.240057
v -1.192375 7.568892 1.941570
v -0.943879 6.467032 1.800840
v -1.451194 6.602968 1.941570
v -1.103740 7.362893 1.622179
v -1.201493 7.254055 1.374918
v -1.258832 6.500320 1.896269
v -1.304859 7.071436 1.178691
v -1.403720 6.832913 1.052706
v -1.488398 6.561833 1.009294
v -1.029266 6.438808 2.783245
v -0.967060 6.715909 2.739833
v -0.933414 6.971907 2.613847
v -0.931622 7.181742 2.417620
v -0.961860 7.324876 2.170360
v -1.021168 7.387295 1.896269
vt 0.419290 -0.003056
vt 0.431904 -0.003056
vt 0.431904 0.087444
vt 0.419290 0.087444
vt 0.441915 -0.003056
vt 0.441915 0.087444
vt 0.405306 -0.003056
vt 0.405306 0.087444
vt 0.391323 -0.003056
vt 0.391323 0.087444
vt 0.378709 -0.003056
vt 0.378709 0.087444
vt 0.368698 -0.003056
vt 0.368698 0.087444
vt 0.508888 -0.003056
vt 0.521503 -0.003056
vt 0.521503 0.087444
vt 0.508888 0.087444
vt 0.535486 -0.003056
vt 0.535486 0.087444
vt 0.498878 -0.003056
vt 0.498878 0.087444
vt 0.549469 -0.003056
vt 0.549469 0.087444
vt 0.561618 0.003335
vt 0.562083 0.087444
vt 0.569081 0.038300
vt 0.572094 0.087444
vt 0.449534 0.179926
vt 0.490891 0.189366
vt 0.449534 0.222962
vt 0.447896 0.230518
vt 0.447896 0.243132
vt 0.411801 0.240451
vt 0.411801 0.228867
vt 0.447896 0.253143
vt 0.411801 0.249643
vt 0.447896 0.216534
vt 0.411801 0.216027
vt 0.447896 0.202551
vt 0.411801 0.203187
vt 0.447896 0.189937
vt 0.411801 0.191604
vt 0.447896 0.179926
vt 0.411801 0.182411
vt 0.419291 0.088435
vt 0.419291 0.133685
vt 0.383196 0.134192
vt 0.383196 0.092641
vt 0.419291 0.178935
vt 0.383196 0.175744
vt 0.549445 0.107088
vt 0.555873 0.119702
vt 0.512837 0.133685
vt 0.558087 0.133685
vt 0.539435 0.097077
vt 0.555873 0.147668
vt 0.526820 0.090650
vt 0.549445 0.160283
vt 0.512837 0.088435
vt 0.539434 0.170293
vt 0.498854 0.090650
vt 0.526820 0.176721
vt 0.486240 0.097077
vt 0.512837 0.178935
vt 0.476229 0.107088
vt 0.498854 0.176721
vt 0.469801 0.119702
vt 0.467587 0.133685
vt 0.469801 0.147668
vt 0.475747 0.159817
vt 0.408216 0.234318
vt 0.402314 0.245901
vt 0.368698 0.221478
vt 0.393122 0.255094
vt 0.410250 0.221478
vt 0.381539 0.260996
vt 0.408216 0.208638
vt 0.368698 0.263029
vt 0.402314 0.197054
vt 0.393122 0.187862
vt 0.381538 0.181960
vt 0.368698 0.179926
vt 0.466064 0.178935
vt 0.452081 0.176721
vt 0.466064 0.133685
vt 0.439467 0.170293
vt 0.429456 0.160283
vt 0.423028 0.147668
vt 0.420814 0.133685
vt 0.423028 0.119702
vt 0.429456 0.107088
vt 0.439467 0.097077
vt 0.452081 0.090650
vt 0.466064 0.088435
vt 0.496924 0.087444
vt 0.484310 0.087444
vt 0.484310 -0.003056
vt 0.496924 -0.003056
vt 0.470327 0.087444
vt 0.470327 -0.003056
vt 0.456344 0.087444
vt 0.456344 -0.003056
vt 0.443729 0.087444
vt 0.443729 -0.003056
vt 0.559610 0.129791
vt 0.575343 0.088435
vt 0.575343 0.178935
vt 0.562729 0.178935
vt 0.589326 0.088435
vt 0.589326 0.178935
vt 0.603310 0.088435
vt 0.603310 0.178935
vt 0.615924 0.088435
vt 0.615924 0.178936
vt 0.556734 0.216021
vt 0.544120 0.216021
vt 0.540743 0.179926
vt 0.552327 0.179926
vt 0.530137 0.216021
vt 0.527903 0.179926
vt 0.560614 0.179926
vt 0.574597 0.179926
vt 0.571220 0.216021
vt 0.558380 0.216021
vt 0.587211 0.179926
vt 0.582803 0.216021
vt 0.492589 0.221282
vt 0.500052 0.186317
vt 0.526184 0.179926
vn 0.168898 0.939351 -0.298486
vn 0.062443 0.820825 -0.567756
vn 0.062443 0.820825 -0.567756
vn 0.168898 0.939351 -0.298486
vn -0.050124 0.621952 -0.781450
vn -0.050124 0.621951 -0.781450
vn -0.157785 0.362196 -0.918650
vn -0.157785 0.362196 -0.918650
vn -0.250000 0.066987 -0.965926
vn -0.250000 0.066987 -0.965926
vn -0.317744 -0.234779 -0.918650
vn -0.317744 -0.234779 -0.918650
vn -0.354384 -0.513563 -0.781451
vn -0.354384 -0.513563 -0.781451
vn -0.356336 -0.742076 -0.567757
vn -0.356336 -0.742076 -0.567757
vn -0.323406 -0.897949 -0.298488
vn -0.323406 -0.897949 -0.298488
vn -0.258818 -0.965926 -0.000000
vn -0.258818 -0.965926 0.000000
vn -0.175762 -0.942253 0.285073
vn -0.173797 -0.940770 0.291114
vn -0.098827 -0.863516 0.494544
vn -0.079603 -0.838703 0.538740
vn 0.054079 -0.642087 0.764722
vn 0.076746 -0.607097 0.790913
vn 0.174736 -0.345151 0.922138
vn 0.165106 -0.380467 0.909937
vn 0.250000 -0.066987 0.965926
vn 0.250000 -0.066987 0.965926
vn 0.317744 0.234779 0.918650
vn 0.317744 0.234779 0.918650
vn 0.354385 0.513563 0.781450
vn 0.354385 0.513563 0.781450
vn 0.356336 0.742075 0.567758
vn 0.356336 0.742075 0.567758
vn 0.323406 0.897950 0.298488
vn 0.323406 0.897950 0.298488
vn 0.258819 0.965926 -0.000001
vn 0.258819 0.965926 -0.000002
vn 0.933012 -0.250000 -0.258820
vn 0.933013 -0.250000 -0.258819
vn 0.926586 -0.286023 -0.244192
vn 0.933013 -0.250000 -0.258820
vn 0.933013 -0.250000 -0.258819
vn 0.933013 -0.249999 -0.258819
vn 0.933013 -0.250000 -0.258819
vn 0.933013 -0.250000 -0.258819
vn 0.933012 -0.250000 -0.258820
vn 0.933013 -0.250000 -0.258818
vn 0.933013 -0.250001 -0.258818
vn 0.951367 -0.234528 -0.199743
vn 0.990969 -0.035663 0.129261
vn 0.901768 -0.423289 -0.087417
vn 0.774378 -0.531875 -0.342707
vn 0.933013 -0.250000 -0.258818
vn 0.933012 -0.250001 -0.258819
vn 0.933013 -0.250000 -0.258820
vn 0.933013 -0.250000 -0.258819
vn 0.933013 -0.250000 -0.258819
vn 0.933013 -0.250000 -0.258819
vn -0.933013 0.250000 0.258820
vn -0.933013 0.250000 0.258818
vn -0.933013 0.250000 0.258819
vn -0.933013 0.250000 0.258819
vn -0.933013 0.250000 0.258819
vn -0.933013 0.249999 0.258820
vn -0.933012 0.250002 0.258819
vn -0.933012 0.250001 0.258819
vn -0.933013 0.250000 0.258819
vn -0.933013 0.250000 0.258819
vn -0.933013 0.250000 0.258819
vn -0.933012 0.250000 0.258820
vn -0.933013 0.249999 0.258819
vn -0.933013 0.250000 0.258819
vn -0.933013 0.250000 0.258820
vn -0.933013 0.249999 0.258819
vn -0.933013 0.250000 0.258819
vn -0.933012 0.250001 0.258819
vn -0.933013 0.249999 0.258819
vn -0.933013 0.250000 0.258818
vn -0.933013 0.250000 0.258818
vn -0.933012 0.250000 0.258820
vn -0.933013 0.250000 0.258819
vn -0.933013 0.250000 0.258819
vn -0.579657 -0.636177 0.509192
vn -0.579657 -0.636177 0.509192
vn -0.579657 -0.636177 0.509192
vn -0.579657 -0.636177 0.509192
vn -0.467303 -0.510840 0.721575
vn -0.467303 -0.510840 0.721575
vn -0.467303 -0.510840 0.721575
vn -0.467303 -0.510840 0.721575
vn -0.338208 -0.326091 0.882768
vn -0.338208 -0.326091 0.882768
vn -0.338208 -0.326092 0.882768
vn -0.338208 -0.326091 0.882768
vn -0.201536 -0.093191 0.975038
vn -0.201536 -0.093191 0.975038
vn -0.201536 -0.093191 0.975038
vn -0.201536 -0.093191 0.975038
vn 0.459439 0.886350 -0.057444
vn 0.459439 0.886350 -0.057444
vn 0.459439 0.886350 -0.057444
vn 0.459439 0.886350 -0.057444
vn -0.584244 0.004013 -0.811568
vn -0.584244 0.004013 -0.811568
vn -0.584244 0.004013 -0.811568
vn -0.584244 0.004013 -0.811568
vn 0.459439 0.886350 -0.057442
vn 0.459439 0.886350 -0.057442
vn 0.459439 0.886350 -0.057442
vn 0.459439 0.886350 -0.057442
vn -0.680866 -0.249412 -0.688633
vn -0.680866 -0.249412 -0.688633
vn -0.680866 -0.249412 -0.688632
vn -0.680866 -0.249412 -0.688632
vn -0.737259 -0.458093 -0.496589
vn -0.737259 -0.458093 -0.496589
vn -0.737259 -0.458093 -0.496589
vn -0.737259 -0.458093 -0.496589
vn -0.751951 -0.606221 -0.258972
vn -0.751951 -0.606221 -0.258972
vn -0.751950 -0.606221 -0.258972
vn -0.751950 -0.606221 -0.258972
vn -0.727471 -0.686137 0.001155
vn -0.727471 -0.686137 0.001155
vn -0.727471 -0.686137 0.001155
vn -0.727471 -0.686137 0.001155
vn -0.668302 -0.695744 0.263274
vn -0.668302 -0.695744 0.263274
vn -0.668302 -0.695744 0.263274
vn -0.668302 -0.695744 0.263274
s 1
g Revolver meter
usemtl openPBRSurface1SG
f 634/1396/1380 635/1397/1381 655/1398/1382 654/1399/1383
f 635/1397/1381 636/1400/1384 656/1401/1385 655/1398/1382
f 636/1491/1384 637/1492/1386 657/1493/1387 656/1494/1385
f 637/1492/1386 638/1495/1388 658/1496/1389 657/1493/1387
f 638/1495/1388 639/1497/1390 659/1498/1391 658/1496/1389
f 639/1497/1390 640/1499/1392 660/1500/1393 659/1498/1391
f 640/1416/1392 641/1410/1394 661/1413/1395 660/1417/1393
f 641/1410/1394 642/1411/1396 662/1412/1397 661/1413/1395
f 642/1411/1396 643/1414/1398 663/1415/1399 662/1412/1397
f 643/1414/1398 644/1418/1400 664/1419/1401 663/1415/1399
f 644/1418/1400 645/1420/1402 665/1421/1403 664/1419/1401
f 645/1420/1402 646/1422/1404 666/1423/1405 665/1421/1403
f 646/1501/1404 647/1502/1406 667/1503/1407 666/1504/1405
f 647/1502/1406 648/1505/1408 668/1506/1409 667/1503/1407
f 648/1505/1408 649/1507/1410 669/1508/1411 668/1506/1409
f 649/1507/1410 650/1509/1412 670/1510/1413 669/1508/1411
f 650/1408/1412 651/1406/1414 671/1407/1415 670/1409/1413
f 651/1406/1414 652/1404/1416 672/1405/1417 671/1407/1415
f 652/1404/1416 653/1402/1418 673/1403/1419 672/1405/1417
f 653/1402/1418 634/1396/1380 654/1399/1383 673/1403/1419
s 2
f 635/1447/1420 634/1448/1421 674/1449/1422
f 636/1451/1423 635/1447/1420 674/1449/1422
f 637/1453/1424 636/1451/1423 674/1449/1422
f 638/1455/1425 637/1453/1424 674/1449/1422
f 639/1457/1426 638/1455/1425 674/1449/1422
f 640/1459/1427 639/1457/1426 674/1449/1422
f 641/1461/1428 640/1459/1427 674/1449/1422
f 642/1463/1429 641/1461/1428 674/1449/1422
f 643/1464/1430 642/1463/1429 674/1449/1422
f 644/1465/1431 643/1464/1430 674/1449/1422
f 645/1466/1432 644/1465/1431 674/1449/1422
f 646/1523/1433 645/1524/1432 674/1525/1422
f 647/1424/1434 646/1425/1433 674/1426/1422
f 648/1460/1435 647/1462/1434 674/1449/1422
f 649/1458/1436 648/1460/1435 674/1449/1422
f 650/1456/1437 649/1458/1436 674/1449/1422
f 651/1454/1438 650/1456/1437 674/1449/1422
f 652/1452/1439 651/1454/1438 674/1449/1422
f 653/1450/1440 652/1452/1439 674/1449/1422
f 634/1448/1421 653/1450/1440 674/1449/1422
s 3
f 676/1467/1441 677/1468/1442 678/1469/1443
f 677/1468/1442 679/1470/1444 678/1469/1443
f 679/1470/1444 680/1472/1445 678/1469/1443
f 680/1472/1445 681/1474/1446 678/1469/1443
s 4
f 658/1479/1447 659/1480/1448 675/1481/1449
f 659/1480/1448 660/1482/1450 675/1481/1449
f 660/1482/1450 661/1483/1451 675/1481/1449
f 661/1483/1451 662/1484/1452 675/1481/1449
f 662/1484/1452 663/1485/1453 675/1481/1449
f 663/1485/1453 664/1486/1454 675/1481/1449
f 664/1486/1454 665/1487/1455 675/1481/1449
f 665/1487/1455 666/1488/1456 675/1481/1449
f 666/1488/1456 667/1489/1457 675/1481/1449
f 667/1489/1457 668/1490/1458 675/1481/1449
s 3
f 682/1478/1459 683/1477/1460 678/1469/1443
f 683/1477/1460 684/1476/1461 678/1469/1443
f 684/1476/1461 685/1475/1462 678/1469/1443
f 685/1475/1462 686/1473/1463 678/1469/1443
f 686/1473/1463 687/1471/1464 678/1469/1443
f 687/1471/1464 676/1467/1441 678/1469/1443
s off
f 654/1427/1465 655/1428/1466 677/1429/1467 676/1430/1468
f 655/1428/1469 656/1431/1470 679/1432/1471 677/1429/1472
f 656/1511/1473 657/1512/1474 680/1513/1475 679/1514/1476
f 657/1512/1477 658/1515/1478 681/1516/1479 680/1513/1480
f 658/1441/1481 675/1442/1482 678/1443/1483 681/1444/1484
f 668/1517/1485 669/1518/1486 683/1519/1487 682/1520/1488
f 675/1442/1489 668/1445/1490 682/1446/1491 678/1443/1492
f 669/1518/1493 670/1521/1494 684/1522/1495 683/1519/1496
f 670/1439/1497 671/1437/1498 685/1438/1499 684/1440/1500
f 671/1437/1501 672/1435/1502 686/1436/1503 685/1438/1504
f 672/1435/1505 673/1433/1506 687/1434/1507 686/1436/1508
f 673/1433/1509 654/1427/1510 676/1430/1511 687/1434/1512
g default
v -0.363814 6.042595 3.835667
v -0.181907 6.042595 3.835667
v 0.000000 6.042595 3.835667
v 0.181907 6.042595 3.835667
v 0.363814 6.042594 3.835667
v -0.363814 6.486420 3.954590
v -0.181907 6.486420 3.954590
v 0.000000 6.486420 3.954590
v 0.181907 6.486420 3.954590
v 0.363814 6.486420 3.954589
v -0.363814 6.930244 4.073512
v -0.181907 6.930244 4.073512
v 0.000000 6.930244 4.073512
v 0.181907 6.930244 4.073512
v 0.363814 6.930244 4.073512
v -0.363814 7.374069 4.192434
v -0.181907 7.374069 4.192434
v 0.000000 7.374069 4.192434
v 0.181907 7.374069 4.192434
v 0.363814 7.374069 4.192434
v -0.363814 7.817894 4.311357
v -0.181907 7.817894 4.311357
v 0.000000 7.817894 4.311357
v 0.181907 7.817894 4.311357
v 0.363814 7.817894 4.311357
v -0.308303 7.782640 4.056284
v -0.181907 8.037048 4.056284
v 0.000000 8.037048 4.056284
v 0.181907 8.037048 4.056284
v 0.308303 7.782640 4.056284
v -0.363814 7.375428 3.416226
v -0.181907 7.375428 3.416226
v 0.000000 7.375428 3.416226
v 0.181907 7.375428 3.416226
v 0.363814 7.375428 3.416226
v -0.396966 7.246719 2.988784
v -0.198483 7.461460 2.988784
v 0.000000 7.461460 2.988784
v 0.198483 7.461460 2.988784
v 0.396966 7.246719 2.988784
v -0.536855 6.854369 2.504504
v -0.268428 6.854369 2.504504
v 0.000000 6.854369 2.504504
v 0.268428 6.854369 2.504504
v 0.536855 6.854369 2.504504
v -0.536855 6.446461 2.504504
v 0.536855 6.446461 2.504504
v -0.536855 6.038554 2.504504
v 0.536855 6.038554 2.504504
v -0.536855 5.630646 2.504504
v 0.536855 5.630646 2.504504
v -0.163807 5.222738 2.504504
v -0.081904 5.222738 2.504504
v 0.000000 5.222738 2.504504
v 0.081904 5.222738 2.504504
v 0.163807 5.222738 2.504504
v -0.121124 5.442555 2.988784
v -0.060562 5.442555 2.988784
v 0.000000 5.442555 2.988784
v 0.060562 5.442555 2.988784
v 0.121124 5.442555 2.988784
v -0.363814 6.162955 3.400665
v -0.181907 6.162955 3.400665
v 0.000000 6.162955 3.400665
v 0.181907 6.162955 3.400665
v 0.363814 6.162955 3.400665
v -0.363814 6.261749 3.580594
v -0.181907 6.261749 3.580594
v 0.000000 6.261749 3.580594
v 0.181907 6.261749 3.580594
v 0.363814 6.261749 3.580594
v 0.396966 5.947282 2.988784
v 0.459974 6.542595 3.193069
v 0.363814 6.705574 3.699517
v 0.396966 6.452008 2.988784
v 0.363814 6.820206 3.267455
v 0.363814 7.149399 3.818439
v 0.396966 6.956734 2.988784
v 0.459974 7.097817 3.341840
v 0.363814 7.593224 3.937362
v -0.396966 5.947282 2.988784
v -0.481826 6.542595 3.193069
v -0.363814 6.705574 3.699517
v -0.396966 6.452008 2.988784
v -0.363814 6.820206 3.267455
v -0.363814 7.149399 3.818439
v -0.396966 6.956734 2.988784
v -0.457715 7.097817 3.341840
v -0.363814 7.593224 3.937362
vt 0.174897 0.064902
vt 0.195715 0.028491
vt 0.195715 0.054002
vt 0.185390 0.084091
vt 0.220192 0.017381
vt 0.220192 0.037998
vt 0.195715 0.079512
vt 0.181630 0.098122
vt 0.165803 0.069896
vt 0.159792 0.092328
vt 0.220192 0.058615
vt 0.195715 0.105022
vt 0.177870 0.112153
vt 0.153782 0.114760
vt 0.152911 0.058819
vt 0.146900 0.081251
vt 0.220192 0.079232
vt 0.195715 0.119679
vt 0.174111 0.126184
vt 0.147771 0.137192
vt 0.140890 0.103683
vt 0.220192 0.099849
vt 0.141760 0.146766
vt 0.134879 0.126116
vt 0.141760 0.159625
vt 0.174111 0.126184
vt 0.128868 0.148548
vt 0.128868 0.148548
vt 0.060315 0.028491
vt 0.081133 0.064902
vt 0.070640 0.084091
vt 0.060315 0.054002
vt 0.090227 0.069896
vt 0.096238 0.092328
vt 0.074400 0.098122
vt 0.060315 0.079512
vt 0.035838 0.017381
vt 0.035838 0.037998
vt 0.103119 0.058819
vt 0.109130 0.081251
vt 0.102248 0.114760
vt 0.078160 0.112153
vt 0.060315 0.105022
vt 0.035838 0.058615
vt 0.115140 0.103683
vt 0.108259 0.137192
vt 0.081919 0.126184
vt 0.060315 0.119679
vt 0.035838 0.079232
vt 0.121151 0.126116
vt 0.114270 0.146766
vt 0.035838 0.099849
vt 0.127162 0.148548
vt 0.114270 0.159625
vt 0.081919 0.126184
vt 0.127162 0.148548
vt 0.213418 0.205761
vt 0.222612 0.205761
vt 0.221774 0.227366
vt 0.211742 0.227366
vt 0.231806 0.205761
vt 0.231806 0.227366
vt 0.218239 0.251843
vt 0.204672 0.251843
vt 0.222612 0.173411
vt 0.231806 0.173411
vt 0.241000 0.205761
vt 0.241838 0.227366
vt 0.231806 0.251843
vt 0.222612 0.160519
vt 0.231806 0.160519
vt 0.241000 0.173411
vt 0.250195 0.205761
vt 0.251870 0.227366
vt 0.245373 0.251843
vt 0.241000 0.160519
vt 0.258941 0.251843
vt 0.087442 0.160519
vt 0.091582 0.160519
vt 0.092661 0.184996
vt 0.089600 0.184996
vt 0.095722 0.160519
vt 0.095722 0.184996
vt 0.099861 0.160519
vt 0.098783 0.184996
vt 0.104001 0.160519
vt 0.101844 0.184996
vt 0.105375 0.197295
vt 0.105375 0.188101
vt 0.114469 0.188101
vt 0.114469 0.197295
vt 0.105375 0.178907
vt 0.114469 0.178907
vt 0.127362 0.188101
vt 0.127362 0.197295
vt 0.105375 0.169713
vt 0.114469 0.169713
vt 0.127362 0.178907
vt 0.105375 0.160519
vt 0.114469 0.160519
vt 0.127362 0.169713
vt 0.127362 0.160519
vt 0.166521 0.160519
vt 0.175715 0.160519
vt 0.175715 0.182951
vt 0.166521 0.182951
vt 0.184909 0.160519
vt 0.184909 0.182951
vt 0.175715 0.205383
vt 0.166521 0.205383
vt 0.194104 0.160519
vt 0.194104 0.182951
vt 0.184909 0.205383
vt 0.175715 0.227816
vt 0.166521 0.227816
vt 0.203298 0.160519
vt 0.203298 0.182951
vt 0.194104 0.205383
vt 0.184909 0.227816
vt 0.175715 0.250248
vt 0.166521 0.250248
vt 0.203298 0.205383
vt 0.194104 0.227816
vt 0.184909 0.250248
vt 0.203298 0.227816
vt 0.194104 0.250248
vt 0.203298 0.250248
vt 0.128736 0.185029
vt 0.128736 0.181968
vt 0.165147 0.188101
vt 0.165147 0.197295
vt 0.128736 0.178907
vt 0.165147 0.178907
vt 0.128736 0.175846
vt 0.165147 0.169713
vt 0.128736 0.172785
vt 0.165147 0.160519
vn 0.000000 -0.258819 0.965926
vn 0.000000 -0.258819 0.965926
vn 0.000000 -0.258819 0.965926
vn 0.000000 -0.258819 0.965926
vn 0.000000 -0.258819 0.965926
vn 0.000000 -0.258819 0.965926
vn 0.000000 -0.258819 0.965926
vn 0.000000 -0.258819 0.965926
vn 0.000000 -0.258820 0.965926
vn 0.000000 -0.258819 0.965926
vn 0.000000 -0.258819 0.965926
vn 0.000000 -0.258819 0.965926
vn 0.000000 -0.258819 0.965926
vn 0.000000 -0.258819 0.965926
vn 0.000000 -0.258819 0.965926
vn 0.000000 -0.258819 0.965926
vn 0.000000 -0.258819 0.965926
vn 0.000000 -0.258819 0.965926
vn 0.000000 -0.258819 0.965926
vn 0.000000 -0.258819 0.965926
vn 0.000000 -0.258819 0.965926
vn 0.000000 -0.258819 0.965926
vn 0.000000 -0.258819 0.965926
vn 0.000000 -0.258819 0.965926
vn 0.000000 -0.258819 0.965926
vn -0.623036 0.755021 0.204377
vn -0.310045 0.819100 0.482646
vn -0.234408 0.873569 -0.426533
vn -0.584727 0.708595 -0.394953
vn 0.000000 0.758491 0.651683
vn 0.000000 0.896461 -0.443123
vn 0.310045 0.819100 0.482646
vn 0.234408 0.873569 -0.426533
vn 0.623036 0.755021 0.204378
vn 0.584727 0.708595 -0.394952
vn -0.287747 0.861151 -0.419071
vn -0.541956 0.772717 -0.330444
vn 0.000000 0.885061 -0.465476
vn 0.287747 0.861151 -0.419071
vn 0.541956 0.772717 -0.330444
vn -0.180993 0.852163 -0.490978
vn -0.379298 0.772375 -0.509479
vn 0.000000 0.840345 -0.542052
vn 0.180993 0.852163 -0.490978
vn 0.379298 0.772376 -0.509479
vn -0.162667 0.669113 -0.725140
vn -0.318849 0.693274 -0.646302
vn 0.000000 0.623600 -0.781743
vn 0.162667 0.669113 -0.725139
vn 0.318849 0.693274 -0.646302
vn 0.000000 -0.910586 0.413320
vn 0.000000 -0.910586 0.413320
vn 0.000000 -0.633965 0.773361
vn 0.000000 -0.622873 0.782323
vn 0.000000 -0.910586 0.413320
vn 0.000000 -0.633965 0.773362
vn 0.000000 -0.910586 0.413320
vn 0.000000 -0.633965 0.773362
vn 0.000000 -0.910586 0.413320
vn 0.000000 -0.622873 0.782323
vn 0.000000 -0.617462 0.786601
vn 0.000000 -0.635312 0.772256
vn 0.000000 -0.617461 0.786601
vn 0.000000 -0.617462 0.786601
vn 0.000000 -0.635311 0.772256
vn 0.000000 -0.963788 -0.266668
vn 0.000000 -0.963788 -0.266668
vn 0.000000 -0.963788 -0.266668
vn -0.000001 -0.963788 -0.266668
vn -0.000002 -0.963789 -0.266668
vn 0.000000 -0.758491 -0.651683
vn 0.000000 -0.758491 -0.651683
vn 0.000000 -0.758491 -0.651683
vn -0.000001 -0.758491 -0.651683
vn -0.000003 -0.758491 -0.651683
vn 0.772156 -0.493537 0.400245
vn 0.736288 -0.523507 0.428743
vn 0.834599 -0.380650 0.398182
vn 0.916264 -0.266079 0.299437
vn 0.941528 -0.252678 0.222888
vn 0.999297 -0.036202 0.009790
vn 0.993860 -0.053380 0.096920
vn 0.998685 0.031638 0.040346
vn 1.000000 -0.000000 0.000000
vn 1.000000 -0.000000 0.000000
vn 0.960722 0.000000 0.277514
vn 0.990367 0.021443 0.136796
vn 0.998426 -0.012541 0.054658
vn 0.993485 -0.062346 0.095401
vn 1.000000 -0.000000 0.000000
vn 0.960722 0.000000 0.277514
vn 0.984330 -0.005738 0.176241
vn 0.996474 -0.031218 0.077875
vn 0.987073 0.153028 -0.047644
vn 0.999374 0.030324 -0.018216
vn 0.960722 0.000000 0.277514
vn 0.992396 0.101842 0.069126
vn 0.941546 0.308155 -0.136131
vn 0.982781 0.164065 -0.084994
vn 0.991392 0.112230 -0.067420
vn -0.736288 -0.523507 0.428743
vn -0.770281 -0.495786 0.401078
vn -0.914012 -0.273026 0.300064
vn -0.834600 -0.380650 0.398182
vn -0.932035 -0.270920 0.240653
vn -0.999470 -0.031983 -0.006130
vn -0.990795 -0.065308 0.118579
vn -0.998023 0.038579 0.049621
vn -1.000000 0.000000 0.000000
vn -1.000000 0.000000 0.000000
vn -0.993190 0.029568 0.112695
vn -0.960722 0.000000 0.277514
vn -0.998704 0.003532 0.050768
vn -0.993924 -0.056762 0.094302
vn -1.000000 0.000000 0.000000
vn -0.984168 -0.005713 0.177145
vn -0.960722 0.000000 0.277514
vn -0.996573 -0.030409 0.076930
vn -0.987331 0.151409 -0.047465
vn -0.999374 0.030324 -0.018216
vn -0.992476 0.099305 0.071625
vn -0.960722 0.000000 0.277514
vn -0.943375 0.303674 -0.133512
vn -0.982997 0.162995 -0.084551
vn -0.991392 0.112230 -0.067420
s 1
g Revolver hammer
usemtl openPBRSurface1SG
f 688/1628/1513 689/1629/1514 694/1630/1515 693/1631/1516
f 689/1629/1514 690/1632/1517 695/1633/1518 694/1630/1515
f 690/1632/1517 691/1636/1519 696/1637/1520 695/1633/1518
f 691/1636/1519 692/1641/1521 697/1642/1522 696/1637/1520
f 693/1631/1516 694/1630/1515 699/1634/1523 698/1635/1524
f 694/1630/1515 695/1633/1518 700/1638/1525 699/1634/1523
f 695/1633/1518 696/1637/1520 701/1643/1526 700/1638/1525
f 696/1637/1520 697/1642/1522 702/1647/1527 701/1643/1526
f 698/1635/1524 699/1634/1523 704/1639/1528 703/1640/1529
f 699/1634/1523 700/1638/1525 705/1644/1530 704/1639/1528
f 700/1638/1525 701/1643/1526 706/1648/1531 705/1644/1530
f 701/1643/1526 702/1647/1527 707/1650/1532 706/1648/1531
f 703/1640/1529 704/1639/1528 709/1645/1533 708/1646/1534
f 704/1639/1528 705/1644/1530 710/1649/1535 709/1645/1533
f 705/1644/1530 706/1648/1531 711/1651/1536 710/1649/1535
f 706/1648/1531 707/1650/1532 712/1652/1537 711/1651/1536
s 2
f 708/1578/1538 709/1581/1539 714/1579/1540 713/1576/1541
f 709/1595/1539 710/1596/1542 715/1591/1543 714/1590/1540
f 710/1596/1542 711/1601/1544 716/1597/1545 715/1591/1543
f 711/1553/1544 712/1552/1546 717/1548/1547 716/1550/1545
f 713/1576/1541 714/1579/1540 719/1580/1548 718/1572/1549
f 714/1590/1540 715/1591/1543 720/1586/1550 719/1583/1548
f 715/1591/1543 716/1597/1545 721/1592/1551 720/1586/1550
f 716/1550/1545 717/1548/1547 722/1544/1552 721/1551/1551
f 718/1582/1549 719/1583/1548 724/1584/1553 723/1585/1554
f 719/1583/1548 720/1586/1550 725/1587/1555 724/1584/1553
f 720/1586/1550 721/1592/1551 726/1593/1556 725/1587/1555
f 721/1592/1551 722/1598/1552 727/1599/1557 726/1593/1556
f 723/1585/1554 724/1584/1553 729/1588/1558 728/1589/1559
f 724/1584/1553 725/1587/1555 730/1594/1560 729/1588/1558
f 725/1587/1555 726/1593/1556 731/1600/1561 730/1594/1560
f 726/1593/1556 727/1599/1557 732/1602/1562 731/1600/1561
s 3
f 739/1603/1563 740/1604/1564 745/1605/1565 744/1606/1566
f 740/1604/1564 741/1607/1567 746/1608/1568 745/1605/1565
f 741/1607/1567 742/1609/1569 747/1610/1570 746/1608/1568
f 742/1609/1569 743/1611/1571 748/1612/1572 747/1610/1570
f 744/1653/1566 745/1654/1565 750/1655/1573 749/1656/1574
f 745/1654/1565 746/1657/1568 751/1658/1575 750/1655/1573
f 746/1657/1568 747/1659/1570 752/1660/1576 751/1658/1575
f 747/1659/1570 748/1661/1572 753/1662/1577 752/1660/1576
f 749/1613/1574 750/1614/1573 755/1615/1578 754/1616/1579
f 750/1614/1573 751/1617/1575 756/1618/1580 755/1615/1578
f 751/1617/1575 752/1621/1576 757/1622/1581 756/1618/1580
f 752/1621/1576 753/1624/1577 758/1625/1582 757/1622/1581
f 754/1616/1579 755/1615/1578 689/1619/1583 688/1620/1584
f 755/1615/1578 756/1618/1580 690/1623/1585 689/1619/1583
f 756/1618/1580 757/1622/1581 691/1626/1586 690/1623/1585
f 757/1622/1581 758/1625/1582 692/1627/1587 691/1626/1586
s 4
f 748/1527/1588 743/1530/1589 738/1531/1590 759/1528/1591
f 753/1526/1592 748/1527/1588 759/1528/1591 760/1529/1593
f 758/1534/1594 753/1526/1592 760/1529/1593 761/1535/1595
f 692/1540/1596 758/1534/1594 761/1535/1595 697/1541/1597
f 759/1528/1591 738/1531/1590 736/1536/1598 762/1532/1599
f 760/1529/1593 759/1528/1591 762/1532/1599 763/1533/1600
f 761/1535/1595 760/1529/1593 763/1533/1600 764/1539/1601
f 697/1541/1597 761/1535/1595 764/1539/1601 702/1546/1602
f 762/1532/1599 736/1536/1598 734/1542/1603 765/1537/1604
f 763/1533/1600 762/1532/1599 765/1537/1604 766/1538/1605
f 764/1539/1601 763/1533/1600 766/1538/1605 767/1545/1606
f 702/1546/1602 764/1539/1601 767/1545/1606 707/1549/1607
f 765/1537/1604 734/1542/1603 732/1547/1608 727/1543/1609
f 766/1538/1605 765/1537/1604 727/1543/1609 722/1544/1610
f 767/1545/1606 766/1538/1605 722/1544/1610 717/1548/1611
f 707/1549/1607 767/1545/1606 717/1548/1611 712/1552/1612
s 5
f 739/1562/1613 744/1554/1614 768/1557/1615 737/1563/1616
f 744/1554/1614 749/1555/1617 769/1556/1618 768/1557/1615
f 749/1555/1617 754/1558/1619 770/1559/1620 769/1556/1618
f 754/1558/1619 688/1564/1621 693/1565/1622 770/1559/1620
f 737/1563/1616 768/1557/1615 771/1561/1623 735/1569/1624
f 768/1557/1615 769/1556/1618 772/1560/1625 771/1561/1623
f 769/1556/1618 770/1559/1620 773/1566/1626 772/1560/1625
f 770/1559/1620 693/1565/1622 698/1570/1627 773/1566/1626
f 735/1569/1624 771/1561/1623 774/1568/1628 733/1574/1629
f 771/1561/1623 772/1560/1625 775/1567/1630 774/1568/1628
f 772/1560/1625 773/1566/1626 776/1571/1631 775/1567/1630
f 773/1566/1626 698/1570/1627 703/1575/1632 776/1571/1631
f 733/1574/1629 774/1568/1628 723/1573/1633 728/1577/1634
f 774/1568/1628 775/1567/1630 718/1572/1635 723/1573/1633
f 775/1567/1630 776/1571/1631 713/1576/1636 718/1572/1635
f 776/1571/1631 703/1575/1632 708/1578/1637 713/1576/1636
g default
v 0.896424 5.429851 2.543784
v 0.933192 5.738737 0.991955
v 1.053809 5.738737 2.543784
v -0.000000 6.081141 2.543785
v 0.896424 5.225471 0.991955
v 1.298720 6.081141 0.991955
v 0.651290 5.184717 2.543784
v 1.108040 6.081141 2.543784
v 0.342403 5.027331 2.543785
v 1.053809 6.423544 2.543784
v 0.651290 5.184717 0.991955
v 1.053809 6.423544 0.991955
v 0.000000 4.973100 2.543785
v 0.651290 3.696260 2.704397
v 0.896423 6.732430 2.543784
v 0.651290 3.782200 1.163882
v -0.342403 5.027331 2.543785
v 0.342403 3.696258 2.704397
v 0.651290 6.977564 2.543784
v 0.342403 5.027331 0.991955
v 0.342403 3.782199 1.163882
v -0.651290 5.184717 2.543784
v -0.342403 3.696258 2.704397
v 0.000000 3.696258 2.704397
v 0.970170 6.867825 0.991955
v 0.651290 6.977564 0.991955
v 0.342403 7.134949 2.543784
v 0.000000 3.782198 1.163882
v -0.896423 5.429851 2.543784
v -0.651290 3.696260 2.704397
v 0.342403 7.134949 0.991955
v -0.000000 7.268136 2.543784
v 0.342403 4.300372 -0.769966
v 0.342403 5.027331 -1.010111
v -0.342403 3.782199 1.163882
v 0.000000 4.300371 -0.769966
v -1.053809 5.738737 2.543784
v -0.896423 5.429851 0.991955
v -0.651290 5.184717 0.991955
v -0.651290 3.782200 1.163882
v 0.000114 7.269030 0.991955
v -0.342403 7.134949 2.543784
v 0.651290 4.300373 -0.769966
v -0.342403 4.300372 -0.769966
v 0.000000 4.381613 -1.073163
v 0.342403 4.381613 -1.073163
v -1.408433 6.081141 2.543784
v -1.053809 5.738737 0.991955
v -0.342403 5.027331 0.991955
v -0.342403 7.134949 0.991955
v 0.000837 7.269999 -1.010099
v 0.342403 7.134949 -1.010099
v -0.651290 6.977564 2.543784
v 0.651290 4.381615 -1.073162
v 0.651290 5.127852 -1.010111
v -0.342403 5.027331 -1.010111
v -0.342403 4.381613 -1.073163
v 0.000000 4.973100 -1.324004
v -1.053809 6.423544 2.543784
v -1.408433 6.081141 0.991955
v -0.651290 6.977564 0.991955
v -0.342403 7.134949 -1.010099
v -0.000000 7.268136 -1.324004
v 0.342403 7.134949 -1.324004
v -0.984065 6.864057 2.468425
v 0.651290 5.127852 -1.324004
v 0.342403 5.027331 -1.324004
v -0.651290 4.300373 -0.769966
v -0.651290 4.381615 -1.073162
v -1.053809 6.423544 0.991955
v -1.059431 6.864057 0.991955
v -0.342403 7.134949 -1.324004
v 0.706698 7.060146 -1.010111
v 0.651290 7.105996 -1.324004
v 0.284821 6.957728 -1.324004
v 0.000000 7.090983 -1.324004
v 0.896424 5.429851 -1.324004
v 0.896424 5.429851 -1.010111
v -0.651290 5.184717 -1.010111
v -0.651290 5.184717 -1.324004
v -0.342403 5.027331 -1.324004
v 0.000000 5.573656 -1.324004
v 0.153462 5.608833 -1.324004
v -0.651290 7.180316 -1.324004
v -0.651290 7.180316 -1.010111
v -0.284820 6.957728 -1.324004
v 0.896423 6.732430 -1.010111
v 0.896423 6.732430 -1.324004
v 0.383854 6.609471 -1.324004
v 0.279747 5.696102 -1.324004
v 1.129603 5.536967 -1.324004
v 1.129603 5.536967 -1.010111
v 0.362013 5.818123 -1.324004
v -1.060750 5.429851 -1.324004
v -1.060750 5.429851 -1.010111
v -0.153462 5.608833 -1.324004
v -0.896423 6.732430 -1.324004
v -0.896423 6.732430 -1.010111
v -0.388755 6.737238 -1.324004
v 1.053809 6.423544 -1.010111
v 1.053809 6.423544 -1.324004
v 0.160984 6.302716 -1.324004
v 0.256387 6.267416 -1.324004
v 1.108040 6.081141 -1.324004
v 1.108040 6.081141 -1.010111
v 0.393750 5.953203 -1.324004
v -1.053809 5.738737 -1.010111
v -1.053809 5.738737 -1.324004
v -0.377170 5.848524 -1.324004
v -0.279747 5.696102 -1.324004
v -1.053809 6.423544 -1.324004
v -1.053809 6.423544 -1.010111
v -0.134337 6.307860 -1.324004
v -0.256387 6.267416 -1.324004
v 0.328470 6.187867 -1.324004
v 0.378832 6.081141 -1.324004
v -1.242118 6.081141 -1.324004
v -1.242118 6.081141 -1.010111
v -0.393750 5.953203 -1.324004
v -0.328470 6.187867 -1.324004
v -0.378832 6.081141 -1.324004
v -0.083002 6.112201 1.023419
v -0.085815 6.113726 1.023419
v -0.097651 6.098286 1.023419
v -0.095447 6.095965 1.023419
v -0.099030 6.101173 1.023419
v -0.099449 6.104346 1.023419
v -0.092134 6.113889 1.023419
v -0.095022 6.112509 1.023419
v -0.098868 6.107492 1.023419
v -0.097342 6.110305 1.023419
v -0.086216 6.110147 -1.041744
v -0.084129 6.109068 -1.041742
v -0.082528 6.098574 -1.041658
v -0.084199 6.096922 -1.041638
v -0.092954 6.109119 -1.041714
v -0.090855 6.110174 -1.041730
v -0.082478 6.107398 -1.041733
v -0.081450 6.100660 -1.041679
v -0.093024 6.096973 -1.041610
v -0.094675 6.098644 -1.041620
v -0.094624 6.107468 -1.041695
v -0.081424 6.105299 -1.041718
v -0.081069 6.102978 -1.041700
v -0.095729 6.100742 -1.041634
v -0.095703 6.105382 -1.041673
v -0.096083 6.103064 -1.041653
v -0.081107 6.097861 1.023419
v -0.079581 6.100674 1.023419
v -0.079000 6.103820 1.023419
v -0.083427 6.095657 1.023419
v -0.079419 6.106993 1.023419
v -0.080798 6.109880 1.023419
v -0.086315 6.094277 1.023419
v -0.086297 6.095869 -1.041623
v -0.092634 6.094440 1.023419
v -0.090937 6.095895 -1.041608
v -0.088962 6.114308 1.023419
v 0.010307 5.027331 0.991955
v -0.089487 6.093858 1.023419
v 0.019640 5.027331 -1.010111
v -0.088619 6.095514 -1.041612
v -0.088525 6.110516 -1.041742
v 0.581359 6.895592 1.012752
v 0.301498 7.038249 1.012752
v -0.008544 7.160111 1.012751
v -0.319012 7.038356 1.012751
v -0.598923 6.895796 1.012751
v -0.967786 6.792181 1.012751
v -0.963737 6.393856 1.012751
v -1.283284 6.083609 1.012751
v -0.963844 5.773345 1.012751
v -0.821284 5.493434 1.012751
v -0.599204 5.271277 1.012751
v -0.319343 5.128620 1.012751
v 0.000180 5.128235 1.012751
v 0.301168 5.128512 1.012751
v 0.581078 5.271073 1.012751
v 0.803235 5.309211 1.012751
v 0.825275 5.773014 1.012751
v 1.174483 6.083261 1.012751
v 0.945999 6.393525 1.012751
v 0.869811 6.795290 1.012751
v -0.007856 7.159947 -1.030506
v 0.301424 7.038091 -1.031934
v 0.636564 6.977935 -1.030974
v 0.803206 6.673286 -1.030965
v 0.945767 6.393470 -1.030950
v 0.994882 6.083295 -1.030932
v 1.021538 5.571355 -1.030910
v 0.803163 5.493320 -1.030889
v 0.581096 5.214404 -1.030869
v 0.301280 5.128708 -1.030853
v 0.008781 5.128402 -1.030843
v -0.319066 5.128732 -1.030838
v -0.598871 5.271313 -1.030841
v -0.968816 5.493380 -1.030850
v -0.963482 5.773196 -1.030865
v -1.133267 6.083370 -1.030884
v -0.963459 6.393541 -1.030905
v -0.820878 6.673347 -1.030926
v -0.598811 7.077874 -1.030946
v -0.319004 7.038157 -1.031353
vt 0.881346 0.798933
vt 0.874105 0.731832
vt 0.943552 0.735707
vt 0.951303 0.798933
vt 0.881346 0.809983
vt 0.951303 0.800770
vt 0.951303 0.823908
vt 0.881346 0.823908
vt 0.951303 0.839344
vt 0.881346 0.839344
vt 0.951303 0.854780
vt 0.881346 0.854780
vt 0.951303 0.874808
vt 0.881346 0.868704
vt 0.951303 0.879755
vt 0.881346 0.879755
vt 0.576595 0.975726
vt 0.520464 0.983477
vt 0.543824 0.896298
vt 0.576595 0.885472
vt 0.864211 0.798933
vt 0.794254 0.798933
vt 0.802004 0.735707
vt 0.871451 0.731832
vt 0.864211 0.809983
vt 0.794254 0.809983
vt 0.864211 0.823908
vt 0.794254 0.823908
vt 0.864211 0.839344
vt 0.794254 0.839344
vt 0.864211 0.854780
vt 0.794254 0.854780
vt 0.860814 0.874638
vt 0.794254 0.874638
vt 0.579561 0.885472
vt 0.635693 0.893223
vt 0.635693 0.983477
vt 0.602921 0.972651
vt 0.735524 0.872429
vt 0.749193 0.876091
vt 0.760501 0.909732
vt 0.746350 0.909732
vt 0.760501 0.923346
vt 0.746350 0.923346
vt 0.682027 0.749849
vt 0.671202 0.789716
vt 0.657051 0.789716
vt 0.668359 0.753511
vt 0.671202 0.800766
vt 0.657051 0.800766
vt 0.671202 0.814691
vt 0.657051 0.814691
vt 0.671202 0.830127
vt 0.657051 0.830127
vt 0.657051 0.845563
vt 0.671202 0.845563
vt 0.657051 0.859487
vt 0.671202 0.859487
vt 0.657051 0.879678
vt 0.671202 0.879678
vt 0.718664 0.926321
vt 0.718664 0.912396
vt 0.732814 0.912396
vt 0.732814 0.926321
vt 0.718664 0.896961
vt 0.732814 0.896961
vt 0.718664 0.941095
vt 0.732814 0.943162
vt 0.732814 0.872429
vt 0.718664 0.872429
vt 0.677363 0.881405
vt 0.681718 0.882342
vt 0.681718 0.972596
vt 0.677354 0.973554
vt 0.674133 0.972643
vt 0.669774 0.973580
vt 0.669767 0.881405
vt 0.674133 0.882389
vt 0.661888 0.748122
vt 0.647963 0.748122
vt 0.647963 0.678675
vt 0.661888 0.678675
vt 0.632527 0.748122
vt 0.632527 0.678675
vt 0.617091 0.748122
vt 0.617091 0.678675
vt 0.632527 0.591496
vt 0.647963 0.591496
vt 0.603167 0.748122
vt 0.603167 0.678675
vt 0.617091 0.591496
vt 0.632527 0.577828
vt 0.647963 0.577828
vt 0.617091 0.577828
vt 0.661888 0.577828
vt 0.661888 0.591496
vt 0.603167 0.591496
vt 0.603167 0.577828
vt 0.597584 0.577828
vt 0.597584 0.647785
vt 0.583659 0.647785
vt 0.583659 0.577828
vt 0.568229 0.647785
vt 0.568224 0.577828
vt 0.583659 0.738039
vt 0.568261 0.738039
vt 0.552788 0.647785
vt 0.552788 0.577828
vt 0.583659 0.752190
vt 0.568224 0.752190
vt 0.552788 0.738039
vt 0.538863 0.647785
vt 0.538863 0.577828
vt 0.600082 0.738039
vt 0.597584 0.752190
vt 0.552788 0.752190
vt 0.520464 0.647785
vt 0.523862 0.581225
vt 0.538863 0.752190
vt 0.538863 0.738039
vt 0.763345 0.872429
vt 0.773857 0.872429
vt 0.773857 0.886579
vt 0.763345 0.886579
vt 0.700842 0.872429
vt 0.715813 0.872429
vt 0.715813 0.962683
vt 0.701263 0.962683
vt 0.684942 0.872429
vt 0.684942 0.962683
vt 0.652570 0.977648
vt 0.638574 0.977648
vt 0.638575 0.885499
vt 0.652601 0.885537
vt 0.666547 0.977648
vt 0.666544 0.885472
vt 0.768613 0.655979
vt 0.775708 0.669904
vt 0.728202 0.685340
vt 0.778153 0.685340
vt 0.757562 0.644929
vt 0.775708 0.700775
vt 0.743637 0.637834
vt 0.768613 0.714700
vt 0.728202 0.635389
vt 0.743637 0.577828
vt 0.757562 0.577828
vt 0.757562 0.725751
vt 0.712766 0.637834
vt 0.728202 0.577828
vt 0.743637 0.732846
vt 0.698841 0.644929
vt 0.712766 0.577828
vt 0.728202 0.738850
vt 0.687790 0.655979
vt 0.698841 0.577828
vt 0.712766 0.732846
vt 0.680695 0.669904
vt 0.698841 0.725751
vt 0.664709 0.685340
vt 0.683839 0.720634
vt 0.680695 0.700775
vt 0.692858 0.823447
vt 0.693170 0.809523
vt 0.722926 0.799854
vt 0.723674 0.804574
vt 0.684681 0.794087
vt 0.723599 0.794087
vt 0.711316 0.834498
vt 0.728065 0.811445
vt 0.693170 0.778651
vt 0.725869 0.789276
vt 0.733759 0.815379
vt 0.725241 0.841593
vt 0.700265 0.764726
vt 0.729119 0.785690
vt 0.740677 0.844038
vt 0.740677 0.816965
vt 0.711316 0.870702
vt 0.725241 0.870703
vt 0.711316 0.744536
vt 0.723151 0.764510
vt 0.734621 0.783866
vt 0.740677 0.870703
vt 0.747595 0.815379
vt 0.756112 0.841593
vt 0.725241 0.746581
vt 0.727837 0.754570
vt 0.756112 0.870703
vt 0.770037 0.837062
vt 0.753288 0.811445
vt 0.740677 0.740577
vt 0.740677 0.748563
vt 0.770037 0.870702
vt 0.756996 0.805944
vt 0.781088 0.823447
vt 0.756112 0.746581
vt 0.753516 0.754570
vt 0.758427 0.799854
vt 0.791600 0.818619
vt 0.770037 0.747886
vt 0.757981 0.770270
vt 0.757755 0.794087
vt 0.790628 0.794087
vt 0.781088 0.764727
vt 0.752235 0.785690
vt 0.747934 0.784098
vt 0.788183 0.778651
vt 0.755484 0.789276
vt 0.873902 0.730106
vt 0.859977 0.730106
vt 0.859977 0.673975
vt 0.873902 0.666880
vt 0.858118 0.669414
vt 0.870737 0.662987
vt 0.844550 0.669426
vt 0.845006 0.673975
vt 0.840650 0.625876
vt 0.840781 0.625814
vt 0.884953 0.665043
vt 0.880752 0.661267
vt 0.840508 0.625895
vt 0.829106 0.673975
vt 0.830145 0.669409
vt 0.840885 0.625715
vt 0.886610 0.641904
vt 0.881745 0.640359
vt 0.840366 0.625869
vt 0.815181 0.666880
vt 0.817529 0.662978
vt 0.840954 0.625588
vt 0.903089 0.626469
vt 0.897488 0.626373
vt 0.840239 0.625800
vt 0.815181 0.730106
vt 0.829106 0.730106
vt 0.804130 0.655829
vt 0.807518 0.652963
vt 0.840980 0.625446
vt 0.892048 0.611033
vt 0.887188 0.612386
vt 0.840139 0.625696
vt 0.797035 0.641904
vt 0.801091 0.640344
vt 0.840961 0.625303
vt 0.888277 0.591004
vt 0.883753 0.594274
vt 0.840077 0.625565
vt 0.781049 0.626469
vt 0.786691 0.626357
vt 0.840899 0.625173
vt 0.873902 0.586057
vt 0.870750 0.589753
vt 0.840058 0.625422
vt 0.797035 0.611033
vt 0.801096 0.612371
vt 0.840800 0.625068
vt 0.859977 0.578962
vt 0.858133 0.583322
vt 0.840085 0.625280
vt 0.796782 0.591174
vt 0.800913 0.594415
vt 0.840673 0.625000
vt 0.840153 0.625154
vt 0.815181 0.586057
vt 0.817542 0.589743
vt 0.844156 0.577828
vt 0.840531 0.624973
vt 0.840258 0.625054
vt 0.829106 0.578962
vt 0.830160 0.583317
vt 0.840388 0.624992
vt 0.618910 0.753916
vt 0.632835 0.753917
vt 0.632835 0.791220
vt 0.618910 0.786688
vt 0.629670 0.795121
vt 0.617056 0.791258
vt 0.643885 0.804834
vt 0.639681 0.807695
vt 0.599678 0.834906
vt 0.599584 0.834858
vt 0.603870 0.791244
vt 0.604360 0.786688
vt 0.654397 0.809663
vt 0.649526 0.811213
vt 0.599754 0.834980
vt 0.599479 0.834842
vt 0.589090 0.791259
vt 0.588038 0.786688
vt 0.653425 0.834194
vt 0.648324 0.834292
vt 0.599802 0.835074
vt 0.599375 0.834859
vt 0.574114 0.793783
vt 0.576477 0.797687
vt 0.650980 0.849630
vt 0.646110 0.848274
vt 0.599819 0.835179
vt 0.599281 0.834908
vt 0.574114 0.753917
vt 0.588038 0.753916
vt 0.555655 0.804834
vt 0.559799 0.807698
vt 0.643885 0.863555
vt 0.639683 0.860889
vt 0.599804 0.835284
vt 0.599206 0.834983
vt 0.555968 0.818759
vt 0.560040 0.820312
vt 0.635332 0.878328
vt 0.632171 0.874622
vt 0.599756 0.835378
vt 0.599159 0.835078
vt 0.547479 0.834194
vt 0.552386 0.834295
vt 0.618910 0.881701
vt 0.617063 0.877334
vt 0.599681 0.835453
vt 0.599143 0.835183
vt 0.555968 0.849630
vt 0.560041 0.848278
vt 0.599588 0.835502
vt 0.599160 0.835287
vt 0.563063 0.863555
vt 0.566469 0.860891
vt 0.603120 0.882827
vt 0.599483 0.835519
vt 0.599208 0.835381
vt 0.574114 0.883746
vt 0.576479 0.879128
vt 0.589093 0.877337
vt 0.599378 0.835503
vt 0.599284 0.835456
vt 0.588038 0.881701
vn 0.000001 -0.000000 1.000000
vn 0.000001 -0.000000 1.000000
vn -0.003726 0.006068 0.999975
vn 0.000001 0.000000 1.000000
vn 0.000001 0.000000 1.000000
vn 0.000001 0.000000 1.000000
vn 0.000001 0.000000 1.000000
vn 0.000000 0.000000 1.000000
vn 0.000001 0.000000 1.000000
vn -0.000001 0.000000 1.000000
vn 0.000001 0.000001 1.000000
vn -0.000001 0.000000 1.000000
vn 0.000000 0.000001 1.000000
vn -0.000001 -0.000000 1.000000
vn 0.000000 0.000001 1.000000
vn -0.000001 -0.000000 1.000000
vn 0.000000 0.000001 1.000000
vn -0.000001 -0.000000 1.000000
vn -0.101538 -0.073771 0.992093
vn 0.024184 0.074434 0.996933
vn -0.045546 0.038836 0.998207
vn 1.000000 0.000000 0.000000
vn 1.000000 0.000000 0.000000
vn 1.000000 0.000000 0.000000
vn 1.000000 0.000000 0.000000
vn 0.000005 -0.998448 -0.055700
vn 0.000003 -0.998448 -0.055700
vn 0.000002 -0.990323 -0.138782
vn 0.000005 -0.998448 -0.055700
vn -0.000000 -0.998448 -0.055700
vn -0.000000 -0.985218 -0.171307
vn 0.492847 0.869776 0.024315
vn 0.492847 0.869776 0.024315
vn 0.391405 0.920219 0.000203
vn 0.407990 0.912987 0.000145
vn 1.000000 -0.000000 0.000000
vn 1.000000 -0.000000 0.000000
vn 1.000000 -0.000000 0.000000
vn 1.000000 -0.000000 0.000000
vn -0.000003 -0.998448 -0.055700
vn -0.000002 -0.990323 -0.138782
vn 0.000000 -0.965926 -0.258819
vn 0.000002 -0.965926 -0.258819
vn -0.707106 -0.707107 0.000000
vn -0.809017 -0.587785 0.000000
vn -0.809017 -0.587785 0.000000
vn -0.707106 -0.707107 0.000000
vn -1.000000 0.000000 0.000000
vn -1.000000 0.000000 0.000000
vn -1.000000 0.000000 0.000000
vn -1.000000 0.000000 0.000000
vn -0.000005 -0.998448 -0.055700
vn -0.000005 -0.998448 -0.055700
vn -0.000040 1.000000 0.000262
vn -0.000017 1.000000 0.000288
vn -0.000002 -0.965926 -0.258819
vn 0.000000 -0.965925 -0.258821
vn 0.000003 -0.965926 -0.258820
vn -0.786153 -0.618032 0.000000
vn -0.786153 -0.618032 0.000000
vn -0.390998 0.920391 0.000143
vn -0.407930 0.913013 0.000131
vn 0.000006 -0.965926 -0.258819
vn 0.000006 -0.965926 -0.258819
vn -1.000000 -0.000000 0.000000
vn -1.000000 -0.000000 0.000000
vn -1.000000 -0.000000 0.000000
vn -1.000000 -0.000000 0.000000
vn -0.000003 -0.965925 -0.258821
vn -1.000000 0.000000 0.000000
vn -1.000000 0.000000 0.000000
vn -0.371821 0.928297 0.003822
vn -0.377628 0.925950 0.003558
vn 0.000618 0.999995 -0.002967
vn 0.264256 0.964082 0.026725
vn 0.264255 0.964083 0.026725
vn -0.000619 0.999995 -0.002966
vn 1.000000 -0.000000 0.000000
vn 1.000000 -0.000000 0.000000
vn 1.000000 -0.000000 0.000000
vn 1.000000 -0.000000 0.000000
vn -0.000006 -0.965925 -0.258821
vn -0.000006 -0.965925 -0.258821
vn -0.884323 0.466730 0.011635
vn -0.894029 0.447838 0.012384
vn -0.815045 0.579042 0.020284
vn -0.797466 0.603038 0.019847
vn -0.134939 0.990853 -0.001275
vn -0.134942 0.990853 -0.001275
vn 0.633810 0.773489 0.000552
vn 0.538634 0.842424 0.013987
vn 0.776415 -0.630221 0.000000
vn 0.776415 -0.630221 0.000000
vn 0.649996 -0.759938 0.000000
vn 0.649996 -0.759938 0.000000
vn -1.000000 0.000000 0.000000
vn -1.000000 0.000000 0.000000
vn -1.000000 0.000000 0.000000
vn -1.000000 0.000000 0.000000
vn -0.587780 0.809021 0.000000
vn -0.587774 0.809025 0.000000
vn 0.869238 0.493995 -0.019858
vn 0.869238 0.493995 -0.019858
vn 0.951057 -0.309016 0.000000
vn 0.951057 -0.309016 0.000000
vn -0.513659 -0.857994 0.000000
vn -0.809017 -0.587785 0.000000
vn -0.809017 -0.587785 0.000000
vn -0.513659 -0.857994 0.000000
vn -0.882882 0.469596 0.000000
vn -0.882882 0.469596 0.000000
vn 0.951056 0.309017 -0.000000
vn 0.951056 0.309017 -0.000000
vn 0.996366 0.085181 0.000000
vn 0.996366 0.085181 0.000000
vn -0.963345 -0.268267 0.000000
vn -0.963345 -0.268267 0.000000
vn -0.883286 0.468834 0.000001
vn -0.883286 0.468834 0.000001
vn -1.000000 0.000000 0.000000
vn -1.000000 0.000000 0.000000
vn -0.000000 0.000000 -1.000000
vn -0.000000 0.000000 -1.000000
vn -0.000000 0.000000 -1.000000
vn -0.000000 0.000000 -1.000000
vn 0.839616 -0.543044 0.012191
vn 0.927306 -0.374294 -0.002704
vn 0.925178 -0.379529 -0.001956
vn 0.864462 -0.502644 0.007349
vn 0.995541 -0.084498 0.041936
vn 0.995274 -0.087650 0.041807
vn 0.502925 -0.862462 0.056794
vn 0.502925 -0.862462 0.056794
vn 0.935147 0.351282 0.045837
vn 0.935147 0.351282 0.045837
vn -0.028825 0.113149 0.993160
vn -0.028825 0.113149 0.993160
vn -0.028825 0.113149 0.993160
vn -0.028825 0.113149 0.993160
vn 0.803977 0.592958 0.044971
vn 0.813781 0.579457 0.044615
vn -0.009682 0.122243 0.992453
vn -0.009682 0.122243 0.992453
vn -0.009682 0.122243 0.992453
vn -0.009682 0.122243 0.992453
vn 0.009682 0.122243 0.992453
vn 0.009682 0.122243 0.992453
vn 0.009682 0.122243 0.992453
vn 0.009682 0.122243 0.992453
vn 0.032794 -0.128721 -0.991139
vn 0.032794 -0.128721 -0.991139
vn 0.032794 -0.128721 -0.991139
vn 0.032794 -0.128721 -0.991139
vn 0.028825 0.113149 0.993160
vn 0.028825 0.113149 0.993160
vn 0.028825 0.113149 0.993160
vn 0.028825 0.113149 0.993160
vn -0.047981 0.294870 0.954332
vn -0.047981 0.294870 0.954332
vn -0.047981 0.294870 0.954332
vn -0.047981 0.294870 0.954332
vn -0.032794 -0.128721 -0.991139
vn -0.032794 -0.128720 -0.991139
vn -0.032794 -0.128721 -0.991139
vn -0.032794 -0.128721 -0.991139
vn 0.029745 -0.375611 -0.926300
vn 0.029745 -0.375611 -0.926300
vn 0.029745 -0.375611 -0.926300
vn 0.029745 -0.375611 -0.926300
vn 0.055089 -0.338551 -0.939334
vn 0.055089 -0.338551 -0.939334
vn 0.055089 -0.338551 -0.939334
vn 0.055089 -0.338551 -0.939334
vn 0.072584 0.284903 0.955805
vn 0.072584 0.284903 0.955805
vn 0.072584 0.284903 0.955805
vn 0.072584 0.284903 0.955805
vn -0.029745 -0.375611 -0.926300
vn -0.029745 -0.375611 -0.926300
vn -0.029745 -0.375611 -0.926300
vn -0.029745 -0.375611 -0.926300
vn -0.083074 -0.326077 -0.941686
vn -0.083074 -0.326077 -0.941686
vn -0.083074 -0.326077 -0.941686
vn -0.083074 -0.326077 -0.941686
vn 0.000000 0.000000 -1.000000
vn -0.000000 0.000000 -1.000000
vn -0.000000 0.000000 -1.000000
vn 0.000000 0.000000 -1.000000
vn -0.000000 0.000000 -1.000000
vn -0.000000 0.000000 -1.000000
vn -0.000000 0.000000 -1.000000
vn -0.000000 0.000000 -1.000000
vn -0.000000 0.000000 -1.000000
vn -0.000000 0.000000 -1.000000
vn 0.000000 0.000000 -1.000000
vn 0.000000 0.000000 -1.000000
vn 0.000000 0.000000 -1.000000
vn 0.000000 0.000000 -1.000000
vn 0.000000 0.000000 -1.000000
vn 0.000000 0.000000 -1.000000
vn -0.000000 0.000000 -1.000000
vn -0.000000 0.000000 -1.000000
vn -0.000000 0.000000 -1.000000
vn -0.000000 0.000000 -1.000000
vn -0.000000 0.000000 -1.000000
vn -0.000000 0.000000 -1.000000
vn -0.000000 0.000000 -1.000000
vn -0.000000 0.000000 -1.000000
vn -0.000000 0.000000 -1.000000
vn -0.000000 0.000000 -1.000000
vn 0.000000 0.000000 -1.000000
vn 0.000000 0.000000 -1.000000
vn 0.000000 0.000000 -1.000000
vn 0.000000 0.000000 -1.000000
vn 0.000000 0.000000 -1.000000
vn 0.000000 0.000000 -1.000000
vn -0.000000 0.000000 -1.000000
vn -0.000000 0.000000 -1.000000
vn -0.000000 0.000000 -1.000000
vn -0.000000 0.000000 -1.000000
vn -0.000000 0.000000 -1.000000
vn 0.000000 0.000000 -1.000000
vn -0.088415 -0.173490 -0.980859
vn -0.075531 -0.183522 -0.980110
vn -0.017195 -0.039339 -0.999078
vn -0.013108 -0.026804 -0.999555
vn 0.117313 0.164700 -0.979342
vn 0.166605 0.123094 -0.978310
vn 0.043218 0.031110 -0.998581
vn 0.030780 0.041912 -0.998647
vn 0.170354 0.140362 -0.975335
vn 0.034062 0.025716 -0.999089
vn 0.165078 0.004169 -0.986272
vn 0.072364 -0.000448 -0.997378
vn 0.073362 -0.200617 -0.976919
vn 0.095477 -0.187422 -0.977628
vn 0.014745 -0.030223 -0.999434
vn 0.016050 -0.041355 -0.999016
vn 0.194202 -0.090323 -0.976794
vn 0.032585 -0.013942 -0.999372
vn 0.141175 -0.106422 -0.984248
vn 0.055377 -0.039818 -0.997671
vn -0.112455 -0.145326 0.982972
vn -0.041342 -0.207395 0.977383
vn -0.009576 -0.036353 0.999293
vn -0.034095 -0.046492 0.998337
vn -0.108260 0.143500 0.983711
vn -0.122352 0.160627 0.979402
vn -0.024867 0.028219 0.999292
vn -0.029460 0.041524 0.998703
vn -0.953722 -0.262413 0.146812
vn 0.107691 -0.146515 0.983329
vn 0.039706 -0.054162 0.997742
vn 0.101775 -0.884662 0.454989
vn -0.167325 -0.090112 0.981775
vn -0.037851 -0.020190 0.999079
vn -0.170038 0.033375 0.984872
vn -0.054085 0.021217 0.998311
vn 0.143006 0.115084 0.983008
vn 0.098181 0.174761 0.979704
vn 0.022889 0.040896 0.998901
vn 0.050849 0.035694 0.998068
vn 0.189427 -0.101201 0.976666
vn 0.042787 -0.022640 0.998828
vn -0.174123 -0.055657 0.983150
vn -0.044877 -0.014611 0.998886
vn -0.184574 -0.015618 0.982695
vn -0.041958 -0.003770 0.999112
vn 0.203435 0.052879 0.977659
vn 0.038041 0.011266 0.999213
vn 0.190541 -0.101363 0.976432
vn 0.042788 -0.022489 0.998831
vn 0.188103 0.001891 0.982148
vn 0.063940 -0.000158 0.997954
vn -0.172946 0.088144 -0.980979
vn -0.146967 0.072368 -0.986490
vn -0.059609 0.029519 -0.997785
vn -0.030735 0.013619 -0.999435
vn -0.157212 0.015882 -0.987437
vn -0.064766 0.013512 -0.997809
vn -0.060199 0.186428 -0.980623
vn -0.014827 0.038622 -0.999144
vn -0.170816 -0.075474 -0.982408
vn -0.032755 -0.013381 -0.999374
vn -0.138831 -0.091610 -0.986070
vn -0.045421 -0.034061 -0.998387
vn -0.049789 0.181712 -0.982091
vn -0.011652 0.050133 -0.998675
vn -0.034187 0.190038 0.981181
vn -0.006773 0.048578 0.998797
vn 0.045140 0.191214 -0.980510
vn 0.012530 0.052259 -0.998555
vn 0.044395 0.190433 0.980696
vn 0.012336 0.052243 0.998558
vn 0.000007 0.045967 -0.998943
vn 0.000010 0.201526 -0.979483
vn 0.000043 0.046068 0.998938
vn 0.000009 0.200633 0.979667
vn 0.000000 1.000000 -0.000000
vn 0.000000 1.000000 -0.000000
vn 0.000000 1.000000 -0.000000
vn 0.000000 1.000000 -0.000000
vn 0.000000 1.000000 0.000000
vn 0.000000 1.000000 0.000000
vn 0.000000 1.000000 0.000000
vn 0.000000 1.000000 0.000000
vn -0.004308 -0.009953 -0.999941
vn -0.004329 -0.009720 -0.999943
vn -0.000257 -0.010188 -0.999948
vn 0.000115 -0.010216 -0.999948
vn 0.004654 -0.010393 -0.999935
vn 0.004154 -0.010933 -0.999932
vn 0.007849 -0.005652 -0.999953
vn 0.010748 -0.004714 -0.999931
vn 0.009036 -0.000235 -0.999959
vn 0.009483 0.007480 -0.999927
vn 0.009237 0.006585 -0.999936
vn 0.006605 0.008900 -0.999939
vn 0.002666 0.010422 -0.999942
vn 0.000007 0.011042 -0.999939
vn -0.002353 0.010105 -0.999946
vn -0.003687 0.009956 -0.999944
vn -0.008590 0.003915 -0.999955
vn -0.010022 0.004819 -0.999938
vn -0.008499 0.001681 -0.999963
vn -0.009290 -0.003942 -0.999949
vn -0.007413 -0.005299 -0.999959
vn 0.000379 -0.010733 0.999942
vn -0.354775 -0.904309 0.237402
vn -0.358335 -0.912867 0.195624
vn 0.000379 -0.010733 0.999942
vn -0.004436 -0.008716 0.999952
vn -0.006752 -0.006792 0.999954
vn -0.009111 -0.004758 0.999947
vn -0.009625 -0.003051 0.999949
vn -0.010015 -0.000826 0.999950
vn -0.008571 0.002520 0.999960
vn -0.006546 0.008189 0.999945
vn -0.005612 0.007979 0.999952
vn -0.001445 0.010558 0.999943
vn 0.000048 0.011138 0.999938
vn 0.002622 0.010521 0.999941
vn 0.005443 0.009709 0.999938
vn 0.008133 0.006060 0.999949
vn 0.011149 0.003322 0.999932
vn 0.010391 0.000035 0.999946
vn 0.010592 -0.005450 0.999929
vn 0.010536 -0.005503 0.999929
vn 0.006905 -0.007512 0.999948
vn 0.000821 -0.010973 0.999940
vn 0.359463 -0.918604 0.164173
vn 0.001551 -0.010813 0.999940
vn 0.364794 -0.931088 0.000145
vn 0.364794 -0.931088 0.000145
vn -0.971955 -0.235168 0.000010
vn -0.971955 -0.235168 0.000010
vn -0.365329 0.930878 0.000160
vn -0.365329 0.930878 0.000160
vn 0.920979 -0.389613 -0.000002
vn 0.920979 -0.389613 -0.000002
vn 0.920979 -0.389613 -0.000002
vn 0.920979 -0.389613 -0.000002
vn -0.366190 -0.930540 0.000018
vn -0.366190 -0.930540 0.000018
vn 0.366209 0.930533 0.000291
vn 0.366209 0.930533 0.000291
s 1
g Revolver body
usemtl openPBRSurface1SG
f 777/1799/1638 779/1800/1639 780/1801/1640
f 777/1799/1638 780/1801/1640 783/1803/1641
f 779/1800/1639 784/1802/1642 780/1801/1640
f 780/1801/1640 785/1805/1643 783/1803/1641
f 780/1801/1640 784/1802/1642 786/1804/1644
f 780/1801/1640 789/1807/1645 785/1805/1643
f 780/1801/1640 786/1804/1644 791/1806/1646
f 780/1801/1640 793/1811/1647 789/1807/1645
f 780/1801/1640 791/1806/1646 795/1810/1648
f 780/1801/1640 798/1814/1649 793/1811/1647
f 780/1801/1640 795/1810/1648 803/1813/1650
f 780/1801/1640 805/1817/1651 798/1814/1649
f 780/1801/1640 803/1813/1650 808/1816/1652
f 780/1801/1640 813/1820/1653 805/1817/1651
f 780/1801/1640 808/1816/1652 818/1819/1654
f 780/1801/1640 823/1822/1655 813/1820/1653
f 780/1801/1640 818/1819/1654 829/1821/1656
f 780/1801/1640 835/1824/1657 823/1822/1655
f 780/1801/1640 829/1821/1656 841/1823/1658
f 780/1801/1640 841/1823/1658 835/1824/1657
s off
f 783/1663/1659 790/1664/1660 792/1665/1661 787/1666/1662
s 2
f 790/1741/1663 794/1742/1664 797/1743/1665 792/1744/1666
f 794/1742/1664 800/1745/1667 804/1746/1668 797/1743/1665
s 3
f 795/1761/1669 802/1762/1670 807/1763/1671 803/1764/1672
s off
f 796/1679/1673 797/1680/1674 809/1681/1675 810/1682/1676
s 2
f 799/1747/1677 811/1748/1678 804/1746/1668 800/1745/1667
f 797/1743/1665 804/1746/1668 812/1749/1679 809/1750/1680
s 3
f 798/1683/1681 805/1687/1682 814/1688/1683 815/1684/1684
s off
f 798/1683/1685 815/1684/1686 816/1685/1687 806/1686/1688
s 2
f 799/1747/1677 806/1751/1689 816/1752/1690 811/1748/1678
s 3
f 803/1764/1672 807/1763/1671 817/1765/1691 808/1766/1692
s 2
f 804/1746/1668 811/1748/1678 820/1753/1693 812/1749/1679
f 809/1750/1680 812/1749/1679 821/1754/1694 822/1755/1695
s 3
f 805/1687/1682 813/1689/1696 824/1690/1697 814/1688/1683
f 808/1766/1692 817/1765/1691 826/1769/1698 818/1770/1699
s 2
f 809/1750/1680 822/1755/1695 830/1757/1700 819/1758/1701
s off
f 811/1697/1702 825/1698/1703 832/1699/1704 820/1700/1705
s 2
f 812/1749/1679 820/1753/1693 833/1756/1706 821/1754/1694
s 3
f 813/1689/1696 823/1691/1707 836/1692/1708 824/1690/1697
f 818/1770/1699 826/1769/1698 837/1774/1709 829/1775/1710
s 5
f 827/1768/1711 828/1767/1712 840/1771/1713 839/1772/1714
s off
f 819/1701/1715 830/1702/1716 842/1703/1717 831/1704/1718
s 2
f 820/1753/1693 844/1759/1719 845/1760/1720 833/1756/1706
s 3
f 823/1691/1707 835/1693/1721 846/1694/1722 836/1692/1708
f 829/1775/1710 837/1774/1709 847/1779/1723 841/1780/1724
s 5
f 827/1768/1711 839/1772/1714 848/1778/1725 838/1773/1726
f 828/1767/1712 849/1776/1727 850/1777/1728 840/1771/1713
f 831/1704/1729 842/1703/1730 853/1705/1731 854/1706/1732
s off
f 844/1707/1733 855/1708/1734 856/1709/1735 845/1710/1736
s 3
f 835/1693/1721 841/1695/1724 847/1696/1723 846/1694/1722
s 5
f 838/1773/1726 848/1778/1725 860/1781/1737 861/1782/1738
f 849/1729/1727 863/1723/1739 864/1726/1740 850/1730/1728
f 853/1783/1731 867/1784/1741 868/1785/1742 854/1786/1732
f 855/1708/1743 871/1711/1744 870/1712/1745 856/1709/1746
f 860/1721/1737 873/1719/1747 874/1720/1748 861/1722/1738
f 863/1723/1739 876/1724/1749 877/1725/1750 864/1726/1740
f 867/1731/1741 880/1728/1751 881/1727/1752 868/1732/1742
f 870/1712/1745 871/1711/1744 883/1713/1753 884/1714/1754
f 873/1719/1747 887/1717/1755 888/1718/1756 874/1720/1748
f 876/1724/1749 881/1727/1752 880/1728/1751 877/1725/1750
f 883/1713/1753 894/1715/1757 893/1716/1758 884/1714/1754
s 8
f 870/1825/1759 884/1826/1760 895/1827/1761 885/1828/1762
s 5
f 887/1717/1755 893/1716/1758 894/1715/1757 888/1718/1756
s 3
f 781/1668/1763 778/1669/1764 779/1670/1765 777/1667/1766
f 778/1669/1764 782/1671/1767 784/1672/1768 779/1670/1765
f 777/1667/1766 783/1663/1769 787/1666/1770 781/1668/1763
f 782/1671/1767 788/1673/1771 786/1674/1772 784/1672/1768
s off
f 785/1805/1773 794/1808/1774 790/1809/1775 783/1803/1776
s 3
f 788/1673/1771 801/1675/1777 791/1676/1778 786/1674/1772
s off
f 789/1807/1779 800/1812/1780 794/1808/1781 785/1805/1782
f 793/1811/1783 799/1815/1784 800/1812/1785 789/1807/1786
s 3
f 801/1675/1777 802/1677/1670 795/1678/1669 791/1676/1778
s off
f 792/1872/1787 797/1873/1788 796/1874/1789 787/1875/1790
f 798/1814/1791 806/1818/1792 799/1815/1793 793/1811/1794
f 809/1935/1795 819/1936/1796 831/1937/1797 810/1938/1798
f 816/1897/1799 815/1891/1800 825/1885/1801 811/1898/1802
f 821/1846/1803 834/1839/1804 843/1848/1805 822/1851/1806
f 822/1851/1807 843/1848/1808 842/1852/1809 830/1856/1810
f 832/1952/1811 855/1957/1812 844/1963/1813 820/1964/1814
f 833/1842/1815 857/1836/1816 834/1839/1817 821/1846/1818
f 845/1841/1819 856/1831/1820 857/1836/1821 833/1842/1822
s 8
f 839/1854/1823 840/1859/1824 851/1860/1825 852/1855/1826
f 839/1854/1823 852/1855/1826 862/1850/1827 848/1849/1828
f 834/1839/1829 858/1840/1830 859/1847/1831 843/1848/1832
f 842/1852/1833 843/1848/1832 859/1847/1831 866/1853/1834
f 842/1852/1833 866/1853/1834 869/1857/1835 853/1858/1836
f 834/1839/1829 857/1836/1837 872/1835/1838 858/1840/1830
f 853/1858/1836 869/1857/1835 882/1861/1839 867/1862/1840
f 856/1831/1841 886/1832/1842 872/1835/1838 857/1836/1837
f 864/1867/1843 877/1870/1844 891/1871/1845 879/1868/1846
f 867/1862/1840 882/1861/1839 892/1865/1847 880/1866/1848
f 873/1837/1849 890/1838/1850 896/1834/1851 887/1833/1852
f 877/1870/1844 880/1866/1848 892/1865/1847 891/1871/1845
f 884/1826/1760 893/1829/1853 897/1830/1854 895/1827/1761
f 887/1833/1852 896/1834/1851 897/1830/1854 893/1829/1853
f 840/1859/1824 850/1863/1855 865/1864/1856 851/1860/1825
f 848/1849/1828 862/1850/1827 875/1844/1857 860/1843/1858
f 850/1863/1855 864/1867/1843 879/1868/1846 878/1869/1859 865/1864/1856
f 856/1831/1841 870/1825/1759 885/1828/1762 886/1832/1842
f 860/1843/1858 875/1844/1857 889/1845/1860 890/1838/1850 873/1837/1849
s 14
f 807/1920/1861 802/1914/1862 940/1915/1863 941/1921/1864
f 815/1891/1865 814/1899/1866 949/1900/1867 950/1892/1868
f 814/1899/1866 824/1905/1869 948/1906/1870 949/1900/1867
f 824/1905/1869 836/1911/1871 947/1912/1872 948/1906/1870
f 837/1927/1873 826/1932/1874 943/1933/1875 944/1928/1876
f 836/1911/1871 846/1917/1877 946/1918/1878 947/1912/1872
f 847/1923/1879 837/1927/1873 944/1928/1876 945/1924/1880
s 17
f 849/1973/1881 828/1979/1882 961/1980/1883 962/1974/1884
f 831/1937/1885 854/1941/1886 967/1942/1887 968/1939/1888
s 14
f 846/1917/1877 847/1923/1879 945/1924/1880 946/1918/1878
s 17
f 838/1997/1889 861/1992/1890 978/1993/1891 979/1994/1892
f 863/1967/1893 849/1973/1881 962/1974/1884 963/1968/1894
f 854/1941/1886 868/1947/1895 966/1948/1896 967/1942/1887
f 871/1965/1897 855/1957/1898 972/1958/1899 973/1966/1900
f 861/1992/1890 874/1987/1901 977/1988/1902 978/1993/1891
f 876/1959/1903 863/1967/1893 963/1968/1894 964/1960/1904
f 868/1947/1895 881/1953/1905 965/1954/1906 966/1948/1896
f 883/1971/1907 871/1965/1897 973/1966/1900 974/1972/1908
f 874/1987/1901 888/1983/1909 976/1984/1910 977/1988/1902
f 881/1953/1905 876/1959/1903 964/1960/1904 965/1954/1906
f 894/1977/1911 883/1971/1907 974/1972/1908 975/1978/1912
f 888/1983/1909 894/1977/1911 975/1978/1912 976/1984/1910
s 14
f 778/1888/1913 781/1882/1914 955/1883/1915 956/1889/1916
f 782/1894/1917 778/1888/1913 956/1889/1916 957/1895/1918
f 781/1882/1914 787/1875/1919 954/1877/1920 955/1883/1915
f 788/1902/1921 782/1894/1917 957/1895/1918 958/1903/1922
f 801/1908/1923 788/1902/1921 958/1903/1922 959/1909/1924
f 802/1914/1862 801/1908/1923 959/1909/1924 940/1915/1863
f 787/1875/1919 796/1874/1925 953/1876/1926 954/1877/1920
s 17
f 810/1938/1927 831/1937/1885 968/1939/1888 969/1940/1928
s 14
f 825/1885/1929 815/1891/1865 950/1892/1868 951/1886/1930
s 17
f 855/1957/1898 832/1952/1931 971/1951/1932 972/1958/1899
s 14
f 952/1878/1933 953/1876/1926 796/1874/1925 935/1879/1934
f 825/1885/1929 951/1886/1930 952/1878/1933 935/1879/1934
s 17
f 970/1945/1935 971/1951/1932 832/1952/1931 937/1946/1936
f 810/1938/1927 969/1940/1928 970/1945/1935 937/1946/1936
s off
f 935/1787/1937 796/1788/1938 810/1789/1939 937/1790/1940
f 825/1791/1941 935/1787/1942 937/1790/1943 832/1792/1944
s 14
f 941/1921/1864 940/1915/1863 898/1919/1945 899/1925/1946
f 942/1929/1947 941/1921/1864 899/1925/1946 934/1930/1948
f 904/1934/1949 943/1933/1875 942/1929/1947 934/1930/1948
f 944/1928/1876 943/1933/1875 904/1934/1949 905/1931/1950
f 945/1924/1880 944/1928/1876 905/1931/1950 907/1926/1951
f 946/1918/1878 945/1924/1880 907/1926/1951 906/1922/1952
f 947/1912/1872 946/1918/1878 906/1922/1952 903/1916/1953
f 948/1906/1870 947/1912/1872 903/1916/1953 902/1910/1954
f 949/1900/1867 948/1906/1870 902/1910/1954 900/1904/1955
f 950/1892/1868 949/1900/1867 900/1904/1955 901/1896/1956
f 951/1886/1930 950/1892/1868 901/1896/1956 932/1890/1957
f 952/1878/1933 951/1886/1930 932/1890/1957 936/1884/1958
f 930/1880/1959 953/1876/1926 952/1878/1933 936/1884/1958
f 954/1877/1920 953/1876/1926 930/1880/1959 927/1881/1960
f 955/1883/1915 954/1877/1920 927/1881/1960 924/1887/1961
f 956/1889/1916 955/1883/1915 924/1887/1961 925/1893/1962
f 957/1895/1918 956/1889/1916 925/1893/1962 926/1901/1963
f 958/1903/1922 957/1895/1918 926/1901/1963 928/1907/1964
f 959/1909/1924 958/1903/1922 928/1907/1964 929/1913/1965
f 940/1915/1863 959/1909/1924 929/1913/1965 898/1919/1945
s 22
f 908/1985/1966 961/1980/1967 960/1989/1968 939/1990/1969
s 17
f 962/1974/1884 961/1980/1883 908/1985/1970 909/1981/1971
f 963/1968/1894 962/1974/1884 909/1981/1971 914/1975/1972
f 964/1960/1904 963/1968/1894 914/1975/1972 919/1969/1973
f 965/1954/1906 964/1960/1904 919/1969/1973 920/1961/1974
f 966/1948/1896 965/1954/1906 920/1961/1974 915/1955/1975
f 967/1942/1887 966/1948/1896 915/1955/1975 910/1949/1976
f 968/1939/1888 967/1942/1887 910/1949/1976 911/1943/1977
f 969/1940/1928 968/1939/1888 911/1943/1977 931/1944/1978
f 970/1945/1935 969/1940/1928 931/1944/1978 938/1950/1979
f 933/1956/1980 971/1951/1932 970/1945/1935 938/1950/1979
f 972/1958/1899 971/1951/1932 933/1956/1980 916/1962/1981
f 973/1966/1900 972/1958/1899 916/1962/1981 917/1970/1982
f 974/1972/1908 973/1966/1900 917/1970/1982 921/1976/1983
f 975/1978/1912 974/1972/1908 921/1976/1983 923/1982/1984
f 976/1984/1910 975/1978/1912 923/1982/1984 922/1986/1985
f 977/1988/1902 976/1984/1910 922/1986/1985 918/1991/1986
f 978/1993/1891 977/1988/1902 918/1991/1986 912/1996/1987
f 979/1994/1892 978/1993/1891 912/1996/1987 913/1995/1988
f 960/1989/1989 979/1994/1892 913/1995/1988 939/1990/1990
f 942/1793/1991 943/1794/1992 979/1795/1892 960/1796/1989
f 943/1733/1993 826/1734/1994 838/1735/1889 979/1736/1892
s 3
f 826/1769/1698 817/1765/1691 827/1768/1995 838/1773/1996
s off
f 807/1737/1997 941/1738/1998 961/1739/1999 828/1740/2000
s 22
f 941/1797/2001 942/1793/2002 960/1796/1968 961/1798/1967
s 3
f 817/1765/1691 807/1763/1671 828/1767/2003 827/1768/2004
g default
v -1.377247 6.490829 1.930233
v -1.173667 7.250598 1.930233
v -1.199895 6.850466 2.222185
v -1.275457 6.870714 1.930233
v -1.351020 6.890960 1.638281
v -1.392267 6.494853 1.872198
v -1.289875 6.874577 1.874526
v -1.183561 7.253250 1.892006
v -1.362226 6.486804 1.988268
v -1.261039 6.866850 1.985940
v -1.163774 7.247947 1.968460
v -1.176737 7.047841 2.115016
v -1.198445 7.053658 2.031143
v -1.224562 7.060656 1.930233
v -1.250679 7.067655 1.829324
v -1.272387 7.073470 1.745451
v -1.311331 6.676747 1.988268
v -1.326352 6.680771 1.930233
v -1.341372 6.684795 1.872198
vt 0.308745 0.224535
vt 0.308745 0.193706
vt 0.318164 0.193706
vt 0.318164 0.224535
vt 0.309123 0.162877
vt 0.318164 0.162877
vt 0.327584 0.193706
vt 0.327584 0.224535
vt 0.301786 0.132048
vt 0.318164 0.132048
vt 0.327206 0.162877
vt 0.288173 0.132048
vt 0.270778 0.162877
vt 0.311960 0.101219
vt 0.318164 0.101219
vt 0.334543 0.132047
vt 0.324369 0.101218
vt 0.365550 0.162877
vt 0.348156 0.132048
vn -0.933014 0.250000 0.258813
vn -0.933014 0.250000 0.258815
vn -0.933013 0.250000 0.258817
vn -0.933013 0.250000 0.258817
vn -0.933013 0.250000 0.258818
vn -0.933013 0.250001 0.258817
vn -0.933013 0.250000 0.258819
vn -0.933013 0.250000 0.258819
vn -0.933014 0.250000 0.258814
vn -0.933013 0.250000 0.258817
vn -0.933013 0.250000 0.258818
vn -0.933014 0.250000 0.258814
vn -0.933013 0.250000 0.258819
vn -0.933012 0.250000 0.258821
vn -0.933013 0.250001 0.258818
vn -0.933013 0.250001 0.258818
vn -0.933014 0.250000 0.258813
vn -0.933013 0.250000 0.258818
vn -0.933011 0.250000 0.258824
s 1
g Revolver meter_arrow
usemtl openPBRSurface1SG
f 988/1998/2005 996/1999/2006 997/2000/2007 980/2001/2008
f 989/2002/2009 992/2006/2010 993/2007/2011 983/2003/2012
f 984/2015/2013 986/2008/2014 994/2013/2015 995/2016/2016
f 980/2001/2008 997/2000/2007 998/2004/2017 985/2005/2018
f 993/2007/2011 994/2013/2015 986/2008/2014 983/2003/2012
f 991/2009/2019 992/2006/2010 989/2002/2009 982/2010/2020
f 993/2007/2011 992/2006/2010 990/2011/2021 981/2012/2022
f 987/2014/2023 994/2013/2015 993/2007/2011 981/2012/2022
f 997/2000/2007 996/1999/2006 989/2002/2009 983/2003/2012
f 998/2004/2017 997/2000/2007 983/2003/2012 986/2008/2014
g default
v 0.484464 -0.113768 7.007653
v 0.412110 -0.113768 6.884674
v 0.299415 -0.113768 6.787077
v 0.157412 -0.113768 6.724417
v 0.000000 -0.113768 6.702826
v -0.157412 -0.113768 6.724417
v -0.299415 -0.113768 6.787077
v -0.412110 -0.113768 6.884674
v -0.484464 -0.113768 7.007653
v -0.509396 -0.113768 7.143975
v -0.484464 -0.113768 7.280298
v -0.412110 -0.113768 7.403276
v -0.299415 -0.113768 7.500873
v -0.157412 -0.113768 7.563533
v -0.000000 -0.113768 7.585125
v 0.157412 -0.113768 7.563533
v 0.299415 -0.113768 7.500873
v 0.412110 -0.113768 7.403276
v 0.484464 -0.113768 7.280298
v 0.509396 -0.113768 7.143975
v 0.749410 0.388512 6.664845
v 0.749410 0.253459 6.430925
v 0.569522 0.146280 6.245286
v 0.299415 0.077467 6.126099
v 0.000000 0.053755 6.085030
v -0.299415 0.077467 6.126099
v -0.569522 0.146280 6.245287
v -0.753097 0.253459 6.430925
v -0.753097 0.388512 6.664845
v -0.753097 0.538220 6.924146
v -0.753097 0.687927 7.183447
v -0.753097 0.822980 7.417366
v -0.569522 0.930159 7.603005
v -0.299415 0.998972 7.722194
v -0.000000 1.022683 7.763262
v 0.299415 0.998972 7.722194
v 0.569522 0.930159 7.603005
v 0.749410 0.822980 7.417366
v 0.749410 0.687927 7.183447
v 0.749410 0.538220 6.924146
v 0.749410 0.925205 6.224856
v 0.749410 0.739320 5.902894
v 0.749410 0.591801 5.647384
v 0.412110 0.497088 5.483336
v 0.000000 0.464452 5.426808
v -0.412110 0.497088 5.483336
v -0.753097 0.591801 5.647384
v -0.753097 0.739320 5.902894
v -0.753097 0.925205 6.224857
v -0.753097 1.131260 6.581754
v -0.753097 1.337315 6.938652
v -0.753097 1.523200 7.260614
v -0.753097 1.670718 7.516124
v -0.412110 1.765432 7.680172
v -0.000000 1.798067 7.736699
v 0.412110 1.765432 7.680172
v 0.749410 1.670719 7.516123
v 0.749410 1.523199 7.260614
v 0.749410 1.337315 6.938652
v 0.749410 1.131260 6.581754
v 0.749410 2.150846 5.554197
v 0.749409 1.919119 5.322470
v 0.749409 1.735220 5.138572
v 0.363271 1.617149 5.020501
v -0.000000 1.576464 4.979816
v -0.363271 1.617149 5.020501
v -0.690982 1.735220 5.138571
v -0.753095 1.919119 5.322471
v -0.753097 2.150846 5.554197
v -0.753097 2.407717 5.811069
v -0.753097 2.664588 6.067940
v -0.676236 2.896315 6.299666
v -0.753097 3.080214 6.483566
v -0.363271 3.198285 6.601637
v -0.000000 3.238970 6.642322
v 0.363270 3.198285 6.601637
v 0.749410 3.080214 6.483566
v 0.749410 2.896315 6.299666
v 0.749410 2.664588 6.067940
v 0.749410 2.407717 5.811069
v 0.886484 3.307474 4.799418
v 0.754089 3.123739 4.615683
v 0.547878 2.977926 4.469869
v 0.288036 2.884307 4.376251
v -0.000000 2.852048 4.343993
v -0.288037 2.884307 4.376251
v -0.547878 2.977926 4.469869
v -0.754089 3.123739 4.615683
v -0.886485 3.307474 4.799418
v -0.932105 3.511147 5.003091
v -0.886485 3.714819 5.206764
v -0.754089 3.898556 5.390500
v -0.547878 4.044368 5.536313
v -0.288037 4.137987 5.629931
v -0.000000 4.170246 5.662190
v 0.288036 4.137987 5.629931
v 0.547878 4.044368 5.536313
v 0.754089 3.898555 5.390500
v 0.886484 3.714819 5.206764
v 0.932105 3.511147 5.003091
v 0.975280 3.755569 3.364070
v 0.710360 3.663506 3.076891
v 0.602756 3.803874 2.555838
v 0.316888 3.731045 2.680530
v -0.000000 3.705950 2.694818
v -0.316888 3.731045 2.692175
v -0.602756 3.803874 2.555838
v -0.710360 3.663506 3.076891
v -0.975280 3.755569 3.364070
v -1.025470 3.979642 3.588143
v -0.975280 4.203715 3.812216
v -0.829623 4.405855 4.014357
v -0.602756 4.566274 4.174775
v -0.316888 4.669270 4.277771
v -0.000000 4.704759 4.313260
v 0.316887 4.669270 4.277771
v 0.602756 4.566274 4.174775
v 0.829622 4.405855 4.014357
v 0.975279 4.203715 3.812217
v 1.025470 3.979642 3.588143
v 1.008398 4.618186 2.600899
v 0.727394 4.523598 2.555837
v 0.527766 4.476402 2.555838
v -0.527766 4.476402 2.555838
v -0.828703 4.523598 2.555837
v -1.109707 4.618186 2.600899
v -1.109707 4.774221 2.928578
v -1.109707 4.930315 3.256240
v -1.007865 5.071116 3.551832
v -0.783879 5.182827 3.786422
v -0.412110 5.254586 3.937031
v 0.412110 5.254586 3.937031
v 0.783879 5.182827 3.786422
v 1.008396 5.071116 3.551832
v 1.008398 4.930315 3.256240
v 1.008399 4.774221 2.928578
v 0.921506 4.734915 2.559355
v 0.783880 4.693165 2.570539
v 0.569522 4.660035 2.579414
v -0.569522 4.660035 2.579414
v -0.783879 4.693165 2.570539
v -0.921506 4.734931 2.559350
v -0.781680 4.868990 2.548714
v -0.921506 4.982341 2.786790
v -0.783879 5.084643 3.001549
v -0.569522 5.165818 3.171986
v -0.299415 5.217968 3.281405
v 0.299415 5.217968 3.281405
v 0.569522 5.165818 3.171986
v 0.783879 5.084643 3.001549
v 0.921505 4.982341 2.786790
v 0.781680 4.868990 2.548714
v 0.484464 5.131660 2.517441
v 0.412110 5.109689 2.570254
v 0.299415 5.092270 2.574921
v -0.299415 5.092270 2.574921
v -0.412110 5.109689 2.570254
v -0.484464 5.131660 2.564369
v -0.509396 5.156012 2.510916
v -0.484464 5.180339 2.504399
v -0.412110 5.202239 2.498532
v -0.299415 5.219672 2.493862
v -0.157412 5.230829 2.490873
v -0.000000 5.234723 2.489830
v 0.157412 5.230829 2.490873
v 0.299415 5.219672 2.493862
v 0.412110 5.202239 2.498532
v 0.484464 5.180339 2.504399
v 0.509396 5.156012 2.510916
v 0.000000 -0.241192 7.125958
v -0.316888 4.075202 4.277770
v -0.000000 4.110691 4.313260
v -0.000000 4.685258 3.988922
v -0.412110 4.660518 3.937030
v 0.316887 4.075202 4.277770
v 0.412110 4.660518 3.937030
v -0.000000 4.641799 3.319127
v -0.299415 4.623900 3.281405
v 0.299415 4.623900 3.281405
v -0.000000 4.640656 2.489830
v -0.157412 4.636761 2.490873
v 0.157412 4.636761 2.490873
vt 0.389061 0.575157
vt 0.398767 0.584863
vt 0.376569 0.607061
vt 0.363211 0.593702
vt 0.407916 0.565508
vt 0.413019 0.570611
vt 0.408473 0.594569
vt 0.389928 0.620419
vt 0.348599 0.635031
vt 0.336823 0.623256
vt 0.380306 0.566401
vt 0.351160 0.581651
vt 0.418122 0.575714
vt 0.403313 0.560905
vt 0.417229 0.603324
vt 0.401979 0.632470
vt 0.360374 0.646807
vt 0.317593 0.666037
vt 0.301081 0.649525
vt 0.326200 0.612633
vt 0.373357 0.559453
vt 0.341596 0.572087
vt 0.422725 0.580317
vt 0.424177 0.610273
vt 0.411543 0.642034
vt 0.370997 0.657430
vt 0.334105 0.682549
vt 0.286587 0.697043
vt 0.276315 0.686771
vt 0.286185 0.634629
vt 0.317770 0.604202
vt 0.379428 0.665860
vt 0.349001 0.697445
vt 0.296859 0.707315
vt 0.256351 0.733468
vt 0.241329 0.726315
vt 0.239264 0.674767
vt 0.274363 0.622807
vt 0.360823 0.709267
vt 0.306126 0.716581
vt 0.271372 0.740624
vt 0.238937 0.737813
vt 0.239425 0.731667
vt 0.239264 0.721979
vt 0.313480 0.723935
vt 0.284923 0.747079
vt 0.249851 0.743009
vt 0.295677 0.752200
vt 0.236906 0.752086
vt 0.237204 0.750970
vt 0.062320 0.594569
vt 0.072026 0.584863
vt 0.094224 0.607061
vt 0.080865 0.620419
vt 0.052672 0.575714
vt 0.057774 0.570611
vt 0.081732 0.575157
vt 0.107583 0.593702
vt 0.122195 0.635031
vt 0.110419 0.646807
vt 0.053565 0.603324
vt 0.068814 0.632470
vt 0.062877 0.565508
vt 0.048069 0.580317
vt 0.090488 0.566401
vt 0.119634 0.581651
vt 0.133970 0.623256
vt 0.153200 0.666037
vt 0.136688 0.682549
vt 0.099796 0.657430
vt 0.046616 0.610273
vt 0.059250 0.642034
vt 0.067480 0.560905
vt 0.097436 0.559453
vt 0.129198 0.572087
vt 0.144593 0.612633
vt 0.169713 0.649525
vt 0.184206 0.697043
vt 0.173934 0.707315
vt 0.121792 0.697445
vt 0.091366 0.665860
vt 0.153023 0.604202
vt 0.184609 0.634629
vt 0.194478 0.686771
vt 0.214442 0.733468
vt 0.199421 0.740624
vt 0.164667 0.716581
vt 0.109970 0.709267
vt 0.196430 0.622807
vt 0.231529 0.674767
vt 0.229464 0.726315
vt 0.231856 0.737813
vt 0.220942 0.743009
vt 0.185871 0.747079
vt 0.157313 0.723935
vt 0.231530 0.721979
vt 0.231368 0.731666
vt 0.233589 0.750970
vt 0.233888 0.752086
vt 0.175116 0.752200
vt 0.100682 0.906458
vt 0.073850 0.922079
vt 0.046616 0.922079
vt 0.073449 0.906458
vt 0.099004 0.876403
vt 0.071770 0.876403
vt 0.099593 0.840163
vt 0.072360 0.840163
vt 0.130747 0.844409
vt 0.157580 0.860029
vt 0.130346 0.860029
vt 0.103514 0.844409
vt 0.155901 0.890085
vt 0.128667 0.890085
vt 0.156491 0.926325
vt 0.129257 0.926325
vt 0.441894 0.893041
vt 0.436728 0.889388
vt 0.449110 0.863086
vt 0.458937 0.870034
vt 0.423002 0.907658
vt 0.430218 0.887043
vt 0.436728 0.858624
vt 0.445211 0.897645
vt 0.423002 0.886235
vt 0.423002 0.857087
vt 0.441894 0.825184
vt 0.458937 0.831324
vt 0.446354 0.902747
vt 0.415786 0.887043
vt 0.409276 0.858624
vt 0.423002 0.823068
vt 0.445211 0.907850
vt 0.409276 0.889388
vt 0.396894 0.863086
vt 0.404110 0.825184
vt 0.423002 0.800220
vt 0.439655 0.802085
vt 0.441894 0.912453
vt 0.404110 0.893041
vt 0.387067 0.870034
vt 0.387067 0.831324
vt 0.406349 0.802085
vt 0.423002 0.753886
vt 0.446354 0.756501
vt 0.436728 0.916106
vt 0.399650 0.756501
vt 0.454678 0.807498
vt 0.467420 0.764091
vt 0.400793 0.897645
vt 0.391326 0.807498
vt 0.378584 0.764091
vt 0.399650 0.902747
vt 0.400793 0.907850
vt 0.404110 0.912453
vt 0.409276 0.916106
vt 0.168585 0.916279
vt 0.162445 0.899236
vt 0.195288 0.896997
vt 0.200700 0.912020
vt 0.160329 0.880344
vt 0.193423 0.880344
vt 0.162445 0.861452
vt 0.195288 0.863691
vt 0.168585 0.844409
vt 0.200700 0.848668
vt 0.147580 0.842723
vt 0.139990 0.821656
vt 0.190201 0.812831
vt 0.194923 0.825936
vt 0.137375 0.798304
vt 0.188574 0.798304
vt 0.139990 0.774952
vt 0.190201 0.783777
vt 0.147580 0.753886
vt 0.194923 0.770672
vt 0.245140 0.925151
vt 0.253823 0.911600
vt 0.267349 0.936826
vt 0.261040 0.946671
vt 0.267349 0.900846
vt 0.277175 0.929013
vt 0.284392 0.959886
vt 0.281075 0.959617
vt 0.284392 0.893941
vt 0.289558 0.923997
vt 0.289558 0.960100
vt 0.296068 0.960237
vt 0.203969 0.846788
vt 0.222862 0.844409
vt 0.222862 0.875114
vt 0.209136 0.876843
vt 0.241754 0.846788
vt 0.236587 0.876843
vt 0.222862 0.913131
vt 0.215645 0.913083
vt 0.230078 0.913083
vt 0.310337 0.893941
vt 0.327380 0.900846
vt 0.317553 0.929013
vt 0.305171 0.923997
vt 0.340905 0.911600
vt 0.327380 0.936826
vt 0.305171 0.960100
vt 0.298661 0.960237
vt 0.349589 0.925151
vt 0.333689 0.946671
vt 0.310337 0.959886
vt 0.313654 0.959617
vt 0.079955 0.768503
vt 0.085122 0.772156
vt 0.072739 0.798459
vt 0.062912 0.791510
vt 0.091631 0.774501
vt 0.085122 0.802920
vt 0.098848 0.753886
vt 0.098848 0.775309
vt 0.098848 0.804457
vt 0.079955 0.836361
vt 0.062912 0.830220
vt 0.106064 0.774501
vt 0.112573 0.802920
vt 0.098848 0.838476
vt 0.112573 0.772156
vt 0.124956 0.798459
vt 0.117740 0.836361
vt 0.117740 0.768503
vt 0.134783 0.791510
vt 0.134783 0.830220
vt 0.371464 0.926057
vt 0.354422 0.932197
vt 0.352183 0.899354
vt 0.367206 0.893941
vt 0.391458 0.956048
vt 0.374415 0.949908
vt 0.378673 0.917792
vt 0.393696 0.923205
vt 0.197515 0.829981
vt 0.202928 0.814958
vt 0.248512 0.821656
vt 0.240922 0.842723
vt 0.204793 0.798304
vt 0.251127 0.798304
vt 0.202928 0.781651
vt 0.248511 0.774952
vt 0.197515 0.766628
vt 0.240922 0.753886
vt 0.359273 0.882050
vt 0.338207 0.889640
vt 0.329382 0.819210
vt 0.342487 0.815872
vt 0.314855 0.892255
vt 0.314855 0.820361
vt 0.375992 0.870228
vt 0.352887 0.830090
vt 0.291503 0.889640
vt 0.300328 0.819210
vt 0.339049 0.785041
vt 0.364316 0.782878
vt 0.270437 0.882050
vt 0.287223 0.815872
vt 0.340964 0.776623
vt 0.350790 0.775104
vt 0.253719 0.870228
vt 0.276823 0.830090
vt 0.328581 0.756808
vt 0.333747 0.756010
vt 0.372999 0.778542
vt 0.357100 0.773190
vt 0.265395 0.782878
vt 0.290661 0.785041
vt 0.337064 0.755003
vt 0.278920 0.775104
vt 0.288747 0.776623
vt 0.359273 0.767044
vt 0.338207 0.753886
vt 0.256711 0.778542
vt 0.272611 0.773190
vt 0.295963 0.756010
vt 0.301129 0.756808
vt 0.292646 0.755003
vt 0.270437 0.767044
vt 0.291503 0.753886
vt 0.436239 0.917792
vt 0.449344 0.922514
vt 0.444979 0.949346
vt 0.427936 0.946057
vt 0.396647 0.951211
vt 0.398274 0.936685
vt 0.424613 0.936685
vt 0.423479 0.955577
vt 0.396647 0.922158
vt 0.423479 0.917792
vt 0.446012 0.955754
vt 0.459117 0.951033
vt 0.467420 0.979297
vt 0.450377 0.982587
vt 0.416186 0.986317
vt 0.414560 0.971790
vt 0.441793 0.971790
vt 0.443420 0.986317
vt 0.416186 0.957263
vt 0.443420 0.957263
vt 0.404751 0.984675
vt 0.397535 0.984497
vt 0.397535 0.957263
vt 0.404751 0.957442
vt 0.411967 0.984497
vt 0.411967 0.957263
vn 0.827484 -0.560008 0.040758
vn 0.628524 -0.771271 -0.100487
vn 0.925565 -0.369404 -0.082883
vn 0.985020 -0.170983 0.022378
vn 0.357509 -0.902385 -0.240601
vn 0.583975 -0.748731 -0.313648
vn 0.165692 -0.948031 -0.271632
vn 0.249551 -0.870469 -0.424275
vn -0.000000 -0.961152 -0.276020
vn -0.000001 -0.892426 -0.451193
vn -0.165693 -0.948031 -0.271632
vn -0.249080 -0.870596 -0.424289
vn -0.356208 -0.902738 -0.241206
vn -0.580196 -0.751191 -0.314778
vn -0.625320 -0.773835 -0.100766
vn -0.924140 -0.372742 -0.083841
vn -0.825293 -0.563118 0.042310
vn -0.984676 -0.172856 0.023103
vn -0.880152 -0.458453 0.123102
vn -0.990114 -0.129678 0.053469
vn -0.870395 -0.432491 0.235297
vn -0.985578 -0.129667 0.108729
vn -0.722238 -0.395332 0.567525
vn -0.913652 -0.137185 0.382650
vn -0.469224 -0.320048 0.823042
vn -0.586378 -0.115035 0.801828
vn -0.236868 -0.278051 0.930903
vn -0.263388 -0.069406 0.962190
vn 0.000000 -0.265168 0.964202
vn 0.000000 -0.053185 0.998585
vn 0.236868 -0.278051 0.930904
vn 0.263784 -0.069367 0.962084
vn 0.470659 -0.320365 0.822099
vn 0.589565 -0.114735 0.799530
vn 0.725388 -0.394706 0.563933
vn 0.915245 -0.136288 0.379145
vn 0.872040 -0.429702 0.234314
vn 0.985867 -0.127975 0.108116
vn 0.881969 -0.455299 0.121796
vn 0.990386 -0.127860 0.052787
vn 0.997049 -0.070483 -0.030436
vn 1.000000 -0.000000 -0.000001
vn 0.737661 -0.412816 -0.534265
vn 0.301863 -0.548241 -0.779943
vn -0.000000 -0.572678 -0.819780
vn -0.308456 -0.548383 -0.777259
vn -0.738320 -0.405577 -0.538879
vn -0.994504 -0.080537 -0.066903
vn -1.000000 -0.000000 -0.000001
vn -1.000000 -0.000000 0.000000
vn -0.999172 0.029395 0.028131
vn -0.998741 0.000683 0.050166
vn -0.759872 0.277669 0.587787
vn -0.303706 0.440667 0.844734
vn 0.000000 0.464617 0.885512
vn 0.304848 0.440451 0.844435
vn 0.739879 0.288053 0.607951
vn 0.997915 -0.007469 0.064111
vn 1.000000 0.000000 0.000000
vn 1.000000 -0.000000 -0.000000
vn 0.987190 -0.074989 -0.140829
vn 0.997415 -0.063676 -0.033308
vn 0.736043 -0.271364 -0.620163
vn 0.290014 -0.390288 -0.873823
vn 0.000000 -0.409283 -0.912408
vn -0.301480 -0.386815 -0.871484
vn -0.726909 -0.273104 -0.630094
vn -0.977826 -0.097914 -0.185122
vn -0.997440 -0.062819 -0.034169
vn -0.998802 -0.036616 0.032456
vn -0.991766 0.050219 0.117804
vn -0.992327 0.084944 0.089840
vn -0.751125 0.448658 0.484270
vn -0.297013 0.628029 0.719279
vn -0.000000 0.653604 0.756836
vn 0.298073 0.627822 0.719022
vn 0.722335 0.466794 0.510231
vn 0.991562 0.087580 0.095577
vn 0.997380 0.011142 0.071482
vn 0.998744 -0.037450 0.033291
vn 0.849589 -0.459507 -0.258942
vn 0.959730 -0.272230 -0.069346
vn 0.565518 -0.618055 -0.546075
vn 0.238837 -0.707956 -0.664647
vn -0.002441 -0.727087 -0.686541
vn -0.243381 -0.712752 -0.657837
vn -0.564293 -0.623448 -0.541189
vn -0.839662 -0.468120 -0.275376
vn -0.959920 -0.271300 -0.070353
vn -0.996328 -0.039683 0.075868
vn -0.960608 0.192387 0.200548
vn -0.875348 0.408697 0.258326
vn -0.609269 0.681359 0.405637
vn -0.287034 0.805440 0.518534
vn -0.000000 0.840266 0.542175
vn 0.287420 0.805418 0.518354
vn 0.595605 0.688478 0.413827
vn 0.873542 0.418436 0.248669
vn 0.968913 0.176603 0.173262
vn 0.996213 -0.040666 0.076851
vn 0.661303 -0.633373 -0.401893
vn 0.862378 -0.447223 -0.237266
vn 0.560307 -0.668097 -0.489594
vn 0.183532 -0.886746 -0.424261
vn -0.003201 -0.891438 -0.453131
vn -0.181886 -0.886400 -0.425691
vn -0.523271 -0.665860 -0.531806
vn -0.651471 -0.644240 -0.400674
vn -0.852648 -0.473085 -0.221771
vn -0.994456 -0.096049 0.042794
vn -0.972131 0.139068 0.188737
vn -0.843960 0.394600 0.363349
vn -0.603478 0.621876 0.499084
vn -0.339184 0.811555 0.475745
vn -0.000000 0.929674 0.368383
vn 0.339184 0.811555 0.475745
vn 0.603415 0.621856 0.499185
vn 0.857449 0.390545 0.335047
vn 0.977775 0.152176 0.144214
vn 0.998108 -0.059054 0.017130
vn 0.627935 -0.364188 -0.687797
vn 0.870400 -0.233482 -0.433463
vn 0.794835 -0.126623 -0.593468
vn -0.587280 -0.409295 -0.698270
vn -0.683438 -0.202521 -0.701354
vn -0.878016 -0.257216 -0.403644
vn -0.998349 0.030996 -0.048366
vn -0.960977 0.247232 0.124096
vn -0.797395 0.504538 0.331064
vn -0.528672 0.709669 0.465699
vn -0.371935 0.759653 0.533471
vn -0.143451 0.483395 0.863569
vn -0.000000 0.488447 0.872594
vn 0.000000 0.861112 0.508416
vn -0.114012 0.880555 0.460026
vn 0.143451 0.483395 0.863569
vn 0.114012 0.880555 0.460025
vn 0.528473 0.709775 0.465764
vn 0.371935 0.759653 0.533471
vn 0.833245 0.474051 0.284566
vn 0.977747 0.200668 0.061176
vn 0.997434 0.036307 -0.061705
vn -0.074024 -0.114082 -0.990710
vn 0.571415 0.411060 -0.710292
vn -0.038878 0.013796 -0.999149
vn 0.022006 -0.006273 -0.999738
vn 0.035453 0.018556 -0.999199
vn -0.450604 0.498726 -0.740425
vn -0.589558 0.457412 -0.665730
vn -0.664055 0.680858 -0.308971
vn -0.395417 0.912644 -0.103566
vn -0.221858 0.972985 -0.063868
vn -0.155361 0.986479 -0.052181
vn -0.000000 0.999289 -0.037692
vn -0.050051 0.998098 -0.035987
vn 0.050051 0.998098 -0.035987
vn 0.221781 0.973001 -0.063890
vn 0.155360 0.986479 -0.052181
vn 0.434323 0.895029 -0.101425
vn 0.781469 0.556693 -0.281779
vn 0.713902 0.442797 -0.542471
vn -0.089237 -0.101508 -0.990824
vn -0.186417 -0.241221 -0.952397
vn -0.036249 -0.033037 -0.998797
vn 0.043802 -0.039779 -0.998248
vn 0.036250 -0.033038 -0.998797
vn 0.166180 -0.169542 -0.971411
vn -0.565147 0.440166 -0.697756
vn -0.467360 0.871231 -0.150103
vn -0.315941 0.948287 -0.030532
vn -0.193205 0.981154 -0.002919
vn -0.152375 0.988320 0.002138
vn -0.000000 0.999995 0.003030
vn -0.047894 0.998848 0.003026
vn 0.047894 0.998848 0.003026
vn 0.193205 0.981154 -0.002918
vn 0.152375 0.988320 0.002139
vn 0.315941 0.948287 -0.030532
vn 0.467360 0.871231 -0.150103
vn 0.594843 0.477626 -0.646557
vn 0.000000 -0.999987 -0.005108
vn 0.111299 0.000000 -0.993787
vn 0.111299 0.000000 -0.993787
vn 0.111299 0.000000 -0.993787
vn 0.111299 0.000000 -0.993787
vn 0.963100 0.000000 -0.269144
vn 0.963100 0.000000 -0.269144
vn 0.963100 0.000000 -0.269144
vn 0.963100 0.000000 -0.269144
vn -0.111299 0.000000 -0.993787
vn -0.111299 0.000000 -0.993787
vn -0.111299 0.000000 -0.993787
vn -0.111299 0.000000 -0.993787
vn -0.963100 0.000000 -0.269145
vn -0.963100 0.000000 -0.269145
vn -0.963100 0.000000 -0.269145
vn -0.963100 0.000000 -0.269145
vn 0.985547 -0.000000 0.169404
vn 0.985547 -0.000000 0.169404
vn 0.985547 -0.000000 0.169404
vn 0.985547 -0.000000 0.169404
vn -0.985547 -0.000000 0.169404
vn -0.985547 -0.000000 0.169404
vn -0.985547 -0.000000 0.169404
vn -0.985547 -0.000000 0.169404
vn 0.006625 -0.000000 0.999978
vn 0.006625 -0.000000 0.999978
vn 0.006625 -0.000000 0.999978
vn 0.006625 -0.000000 0.999978
vn 0.984247 -0.000000 0.176800
vn 0.984247 -0.000000 0.176800
vn 0.984247 -0.000000 0.176800
vn 0.984247 -0.000000 0.176800
vn -0.984247 0.000000 0.176800
vn -0.984247 0.000000 0.176800
vn -0.984247 0.000000 0.176800
vn -0.984247 0.000000 0.176800
vn -0.006625 -0.000000 0.999978
vn -0.006625 -0.000000 0.999978
vn -0.006625 -0.000000 0.999978
vn -0.006625 -0.000000 0.999978
s 1
g Revolver Handle
usemtl openPBRSurface1SG
f 999/2079/2024 1000/2089/2025 1020/2081/2026 1019/2073/2027
f 1000/2133/2025 1001/2134/2028 1021/2135/2029 1020/2136/2026
f 1001/2134/2028 1002/2138/2030 1022/2139/2031 1021/2135/2029
f 1002/2138/2030 1003/2141/2032 1023/2142/2033 1022/2139/2031
f 1003/2141/2032 1004/2146/2034 1024/2147/2035 1023/2142/2033
f 1004/2146/2034 1005/2150/2036 1025/2151/2037 1024/2147/2035
f 1005/2150/2036 1006/2156/2038 1026/2157/2039 1025/2151/2037
f 1006/2030/2038 1007/2021/2040 1027/2017/2041 1026/2027/2039
f 1007/2021/2040 1008/2022/2042 1028/2018/2043 1027/2017/2041
f 1008/2022/2042 1009/2029/2044 1029/2023/2045 1028/2018/2043
f 1009/2029/2044 1010/2039/2046 1030/2031/2047 1029/2023/2045
f 1010/2226/2046 1011/2227/2048 1031/2228/2049 1030/2229/2047
f 1011/2227/2048 1012/2230/2050 1032/2231/2051 1031/2228/2049
f 1012/2230/2050 1013/2233/2052 1033/2234/2053 1032/2231/2051
f 1013/2233/2052 1014/2237/2054 1034/2238/2055 1033/2234/2053
f 1014/2237/2054 1015/2240/2056 1035/2241/2057 1034/2238/2055
f 1015/2240/2056 1016/2243/2058 1036/2244/2059 1035/2241/2057
f 1016/2080/2058 1017/2071/2060 1037/2067/2061 1036/2077/2059
f 1017/2071/2060 1018/2072/2062 1038/2068/2063 1037/2067/2061
f 1018/2072/2062 999/2079/2024 1019/2073/2027 1038/2068/2063
f 1019/2073/2027 1020/2081/2026 1040/2082/2064 1039/2074/2065
f 1020/2081/2026 1021/2090/2029 1041/2091/2066 1040/2082/2064
f 1021/2135/2029 1022/2139/2031 1042/2143/2067 1041/2144/2066
f 1022/2139/2031 1023/2142/2033 1043/2148/2068 1042/2143/2067
f 1023/2142/2033 1024/2147/2035 1044/2152/2069 1043/2148/2068
f 1024/2147/2035 1025/2151/2037 1045/2158/2070 1044/2152/2069
f 1025/2037/2037 1026/2027/2039 1046/2028/2071 1045/2038/2070
f 1026/2027/2039 1027/2017/2041 1047/2020/2072 1046/2028/2071
f 1027/2017/2041 1028/2018/2043 1048/2019/2073 1047/2020/2072
f 1028/2018/2043 1029/2023/2045 1049/2024/2074 1048/2019/2073
f 1029/2023/2045 1030/2031/2047 1050/2032/2075 1049/2024/2074
f 1030/2031/2047 1031/2040/2049 1051/2041/2076 1050/2032/2075
f 1031/2228/2049 1032/2231/2051 1052/2235/2077 1051/2236/2076
f 1032/2231/2051 1033/2234/2053 1053/2239/2078 1052/2235/2077
f 1033/2234/2053 1034/2238/2055 1054/2242/2079 1053/2239/2078
f 1034/2238/2055 1035/2241/2057 1055/2245/2080 1054/2242/2079
f 1035/2087/2057 1036/2077/2059 1056/2078/2081 1055/2088/2080
f 1036/2077/2059 1037/2067/2061 1057/2070/2082 1056/2078/2081
f 1037/2067/2061 1038/2068/2063 1058/2069/2083 1057/2070/2082
f 1038/2068/2063 1019/2073/2027 1039/2074/2065 1058/2069/2083
f 1039/2074/2065 1040/2082/2064 1060/2092/2084 1059/2083/2085
f 1040/2082/2064 1041/2091/2066 1061/2098/2086 1060/2092/2084
f 1041/2246/2066 1042/2247/2067 1062/2248/2087 1061/2249/2086
f 1042/2143/2067 1043/2148/2068 1063/2153/2088 1062/2154/2087
f 1043/2148/2068 1044/2152/2069 1064/2159/2089 1063/2153/2088
f 1044/2250/2069 1045/2251/2070 1065/2252/2090 1064/2253/2089
f 1045/2038/2070 1046/2028/2071 1066/2036/2091 1065/2047/2090
f 1046/2028/2071 1047/2020/2072 1067/2026/2092 1066/2036/2091
f 1047/2020/2072 1048/2019/2073 1068/2025/2093 1067/2026/2092
f 1048/2019/2073 1049/2024/2074 1069/2033/2094 1068/2025/2093
f 1049/2024/2074 1050/2032/2075 1070/2042/2095 1069/2033/2094
f 1050/2032/2075 1051/2041/2076 1071/2048/2096 1070/2042/2095
f 1051/2173/2076 1052/2174/2077 1072/2175/2097 1071/2176/2096
f 1052/2174/2077 1053/2177/2078 1073/2178/2098 1072/2175/2097
f 1053/2177/2078 1054/2179/2079 1074/2180/2099 1073/2178/2098
f 1054/2179/2079 1055/2181/2080 1075/2182/2100 1074/2180/2099
f 1055/2088/2080 1056/2078/2081 1076/2086/2101 1075/2097/2100
f 1056/2078/2081 1057/2070/2082 1077/2076/2102 1076/2086/2101
f 1057/2070/2082 1058/2069/2083 1078/2075/2103 1077/2076/2102
f 1058/2069/2083 1039/2074/2065 1059/2083/2085 1078/2075/2103
f 1059/2083/2085 1060/2092/2084 1080/2099/2104 1079/2093/2105
f 1060/2092/2084 1061/2098/2086 1081/2105/2106 1080/2099/2104
f 1061/2164/2086 1062/2154/2087 1082/2161/2107 1081/2165/2106
f 1062/2154/2087 1063/2153/2088 1083/2160/2108 1082/2161/2107
f 1063/2153/2088 1064/2159/2089 1084/2163/2109 1083/2160/2108
f 1064/2159/2089 1065/2167/2090 1085/2168/2110 1084/2163/2109
f 1065/2047/2090 1066/2036/2091 1086/2046/2111 1085/2054/2110
f 1066/2036/2091 1067/2026/2092 1087/2035/2112 1086/2046/2111
f 1067/2026/2092 1068/2025/2093 1088/2034/2113 1087/2035/2112
f 1068/2025/2093 1069/2033/2094 1089/2043/2114 1088/2034/2113
f 1069/2033/2094 1070/2042/2095 1090/2049/2115 1089/2043/2114
f 1070/2042/2095 1071/2048/2096 1091/2055/2116 1090/2049/2115
f 1071/2254/2096 1072/2255/2097 1092/2256/2117 1091/2257/2116
f 1072/2255/2097 1073/2258/2098 1093/2259/2118 1092/2256/2117
f 1073/2258/2098 1074/2260/2099 1094/2261/2119 1093/2259/2118
f 1074/2260/2099 1075/2262/2100 1095/2263/2120 1094/2261/2119
f 1075/2097/2100 1076/2086/2101 1096/2096/2121 1095/2104/2120
f 1076/2086/2101 1077/2076/2102 1097/2085/2122 1096/2096/2121
f 1077/2076/2102 1078/2075/2103 1098/2084/2123 1097/2085/2122
f 1078/2075/2103 1059/2083/2085 1079/2093/2105 1098/2084/2123
f 1079/2093/2105 1080/2099/2104 1100/2106/2124 1099/2100/2125
f 1080/2270/2104 1081/2264/2106 1101/2267/2126 1100/2271/2124
f 1081/2264/2106 1082/2265/2107 1102/2266/2127 1101/2267/2126
f 1082/2265/2107 1083/2268/2108 1103/2269/2128 1102/2266/2127
f 1083/2268/2108 1084/2272/2109 1104/2273/2129 1103/2269/2128
f 1084/2272/2109 1085/2276/2110 1105/2277/2130 1104/2273/2129
f 1085/2276/2110 1086/2280/2111 1106/2281/2131 1105/2277/2130
f 1086/2046/2111 1087/2035/2112 1107/2045/2132 1106/2053/2131
f 1087/2035/2112 1088/2034/2113 1108/2044/2133 1107/2045/2132
f 1088/2034/2113 1089/2043/2114 1109/2050/2134 1108/2044/2133
f 1089/2043/2114 1090/2049/2115 1110/2056/2135 1109/2050/2134
f 1090/2049/2115 1091/2055/2116 1111/2061/2136 1110/2056/2135
f 1091/2183/2116 1092/2184/2117 1112/2185/2137 1111/2186/2136
f 1092/2184/2117 1093/2187/2118 1113/2188/2138 1112/2185/2137
f 1093/2187/2118 1094/2189/2119 1114/2190/2139 1113/2188/2138
f 1094/2189/2119 1095/2191/2120 1115/2192/2140 1114/2190/2139
f 1095/2104/2120 1096/2096/2121 1116/2103/2141 1115/2111/2140
f 1096/2096/2121 1097/2085/2122 1117/2095/2142 1116/2103/2141
f 1097/2085/2122 1098/2084/2123 1118/2094/2143 1117/2095/2142
f 1098/2084/2123 1079/2093/2105 1099/2100/2125 1118/2094/2143
f 1099/2100/2125 1100/2106/2124 1120/2112/2144 1119/2107/2145
f 1100/2271/2124 1101/2267/2126 1121/2274/2146 1120/2275/2144
f 1105/2277/2130 1106/2281/2131 1123/2286/2147 1122/2287/2148
f 1106/2053/2131 1107/2045/2132 1124/2052/2149 1123/2060/2147
f 1107/2045/2132 1108/2044/2133 1125/2051/2150 1124/2052/2149
f 1108/2044/2133 1109/2050/2134 1126/2057/2151 1125/2051/2150
f 1109/2050/2134 1110/2056/2135 1127/2062/2152 1126/2057/2151
f 1110/2056/2135 1111/2061/2136 1128/2064/2153 1127/2062/2152
f 1111/2300/2136 1112/2301/2137 1129/2302/2154 1128/2303/2153
s 2
f 1169/2304/2155 1170/2305/2156 1171/2306/2157 1172/2307/2158
f 1170/2305/2156 1173/2308/2159 1174/2309/2160 1171/2306/2157
s 1
f 1114/2310/2139 1115/2311/2140 1131/2312/2161 1130/2313/2162
f 1115/2111/2140 1116/2103/2141 1132/2110/2163 1131/2116/2161
f 1116/2103/2141 1117/2095/2142 1133/2102/2164 1132/2110/2163
f 1117/2095/2142 1118/2094/2143 1134/2101/2165 1133/2102/2164
f 1118/2094/2143 1099/2100/2125 1119/2107/2145 1134/2101/2165
f 1119/2284/2145 1120/2275/2144 1136/2279/2166 1135/2285/2167
f 1120/2275/2144 1121/2274/2146 1137/2278/2168 1136/2279/2166
f 1122/2287/2148 1123/2286/2147 1139/2289/2169 1138/2290/2170
f 1123/2286/2147 1124/2293/2149 1140/2294/2171 1139/2289/2169
f 1124/2052/2149 1125/2051/2150 1141/2058/2172 1140/2059/2171
f 1125/2051/2150 1126/2057/2151 1142/2063/2173 1141/2058/2172
f 1126/2193/2151 1127/2194/2152 1143/2195/2174 1142/2196/2173
f 1127/2194/2152 1128/2197/2153 1144/2198/2175 1143/2195/2174
f 1128/2197/2153 1129/2201/2154 1145/2202/2176 1144/2198/2175
s 2
f 1172/2205/2158 1171/2206/2157 1175/2207/2177 1176/2208/2178
f 1171/2206/2157 1174/2209/2160 1177/2210/2179 1175/2207/2177
s 1
f 1130/2214/2162 1131/2215/2161 1147/2216/2180 1146/2217/2181
f 1131/2215/2161 1132/2218/2163 1148/2219/2182 1147/2216/2180
f 1132/2218/2163 1133/2222/2164 1149/2223/2183 1148/2219/2182
f 1133/2102/2164 1134/2101/2165 1150/2108/2184 1149/2109/2183
f 1134/2101/2165 1119/2107/2145 1135/2113/2167 1150/2108/2184
f 1135/2285/2167 1136/2279/2166 1152/2283/2185 1151/2288/2186
f 1136/2279/2166 1137/2278/2168 1153/2282/2187 1152/2283/2185
f 1138/2290/2170 1139/2289/2169 1155/2295/2188 1154/2296/2189
f 1139/2289/2169 1140/2294/2171 1156/2297/2190 1155/2295/2188
f 1140/2294/2171 1141/2298/2172 1157/2299/2191 1156/2297/2190
f 1141/2058/2172 1142/2063/2173 1158/2065/2192 1157/2066/2191
f 1142/2196/2173 1143/2195/2174 1159/2199/2193 1158/2200/2192
f 1143/2195/2174 1144/2198/2175 1160/2203/2194 1159/2199/2193
f 1144/2198/2175 1145/2202/2176 1161/2204/2195 1160/2203/2194
s 2
f 1176/2208/2178 1175/2207/2177 1178/2211/2196 1179/2212/2197
f 1175/2207/2177 1177/2210/2179 1180/2213/2198 1178/2211/2196
s 1
f 1146/2217/2181 1147/2216/2180 1164/2220/2199 1163/2221/2200
f 1147/2216/2180 1148/2219/2182 1165/2224/2201 1164/2220/2199
f 1148/2219/2182 1149/2223/2183 1166/2225/2202 1165/2224/2201
f 1149/2109/2183 1150/2108/2184 1167/2114/2203 1166/2115/2202
f 1150/2291/2184 1135/2285/2167 1151/2288/2186 1167/2292/2203
f 1000/2133/2025 999/2140/2024 1168/2137/2204
f 1001/2134/2028 1000/2133/2025 1168/2137/2204
f 1002/2138/2030 1001/2134/2028 1168/2137/2204
f 1003/2141/2032 1002/2138/2030 1168/2137/2204
f 1004/2146/2034 1003/2141/2032 1168/2137/2204
f 1005/2150/2036 1004/2146/2034 1168/2137/2204
f 1006/2156/2038 1005/2150/2036 1168/2137/2204
f 1007/2166/2040 1006/2156/2038 1168/2137/2204
f 1008/2169/2042 1007/2166/2040 1168/2137/2204
f 1009/2170/2044 1008/2169/2042 1168/2137/2204
f 1010/2171/2046 1009/2170/2044 1168/2137/2204
f 1011/2172/2048 1010/2171/2046 1168/2137/2204
f 1012/2230/2050 1011/2227/2048 1168/2232/2204
f 1013/2233/2052 1012/2230/2050 1168/2232/2204
f 1014/2237/2054 1013/2233/2052 1168/2232/2204
f 1015/2240/2056 1014/2237/2054 1168/2232/2204
f 1016/2155/2058 1015/2162/2056 1168/2137/2204
f 1017/2149/2060 1016/2155/2058 1168/2137/2204
f 1018/2145/2062 1017/2149/2060 1168/2137/2204
f 999/2140/2024 1018/2145/2062 1168/2137/2204
s off
f 1112/2314/2205 1113/2315/2206 1170/2316/2207 1169/2317/2208
f 1129/2117/2209 1112/2118/2210 1169/2119/2211 1172/2120/2212
f 1113/2315/2213 1114/2318/2214 1173/2319/2215 1170/2316/2216
f 1114/2125/2217 1130/2126/2218 1174/2127/2219 1173/2128/2220
f 1145/2121/2221 1129/2117/2222 1172/2120/2223 1176/2122/2224
f 1130/2126/2225 1146/2129/2226 1177/2130/2227 1174/2127/2228
f 1162/2320/2229 1161/2321/2230 1179/2322/2231 1178/2323/2232
f 1161/2123/2233 1145/2121/2234 1176/2122/2235 1179/2124/2236
f 1146/2129/2237 1163/2131/2238 1180/2132/2239 1177/2130/2240
f 1163/2324/2241 1162/2320/2242 1178/2323/2243 1180/2325/2244
g default
v 0.750555 6.623574 -0.951240
v 0.750555 6.623574 0.951240
v 0.951057 6.387281 0.951241
v 0.951057 6.387281 -0.951241
v 0.210618 6.231287 -0.951241
v 0.695143 6.304130 -0.951241
v 0.652493 6.325861 -0.951241
v 0.572044 6.338603 -0.951241
v 0.491595 6.325861 -0.951241
v 0.419021 6.288882 -0.951241
v 0.361426 6.231287 -0.951241
v 0.339694 6.188638 -0.951241
v 0.247597 6.158713 -0.951241
v 0.534143 6.758664 -0.951240
v 0.534143 6.758664 0.951240
v 0.210618 6.231287 0.951241
v 0.247597 6.158713 0.951241
v 0.339694 6.188638 0.951241
v 0.361426 6.231287 0.951241
v 0.419021 6.288882 0.951241
v 0.491595 6.325861 0.951241
v 0.572044 6.338603 0.951241
v 0.652493 6.325861 0.951241
v 0.695143 6.304130 0.951241
v 1.068756 6.078264 0.951241
v 1.068756 6.078264 -0.951241
v 0.153023 6.288882 -0.951241
v 0.832382 6.078264 -0.951241
v 0.819641 6.158713 -0.951241
v 0.782662 6.231287 -0.951241
v 0.725067 6.288882 -0.951241
v 0.725067 6.288882 0.951241
v 0.324447 6.158713 -0.951241
v 0.324447 6.158713 0.951241
v 0.311705 6.078264 -0.951241
v 0.260338 6.078264 -0.951241
v 0.309017 7.029321 -0.951241
v 0.309017 7.029321 0.951241
v 0.153023 6.288882 0.951241
v 0.260338 6.078264 0.951241
v 0.311705 6.078264 0.951241
v 0.782662 6.231287 0.951241
v 0.819641 6.158713 0.951241
v 0.832382 6.078264 0.951241
v 0.951057 5.769247 -0.951241
v 0.951057 5.769247 0.951241
v 0.080449 6.325861 -0.951241
v 0.133684 6.489701 -0.951241
v 0.153023 6.499555 -0.951241
v 0.210618 6.557150 -0.951241
v 0.247597 6.629725 -0.951241
v 0.260338 6.710173 -0.951241
v 0.247597 6.790622 -0.951241
v 0.237743 6.809961 -0.951241
v 0.695143 5.852398 -0.951241
v 0.725067 5.867646 -0.951241
v 0.782662 5.925241 -0.951241
v 0.819641 5.997815 -0.951241
v 0.247597 5.997815 -0.951241
v 0.324447 5.997815 -0.951241
v 0.339695 5.967891 -0.951241
v 0.000000 7.138316 -0.951241
v 0.000000 7.138316 0.951241
v 0.080449 6.325861 0.951241
v 0.237743 6.809961 0.951241
v 0.247597 6.790622 0.951241
v 0.260338 6.710173 0.951241
v 0.247597 6.629724 0.951241
v 0.210618 6.557150 0.951241
v 0.153023 6.499555 0.951241
v 0.133684 6.489701 0.951241
v 0.247597 5.997815 0.951241
v 0.339695 5.967891 0.951241
v 0.324447 5.997815 0.951241
v 0.695143 5.852399 0.951241
v 0.819641 5.997815 0.951241
v 0.782662 5.925241 0.951241
v 0.725067 5.867646 0.951241
v 0.750554 5.532955 -0.951240
v 0.750554 5.532955 0.951240
v -0.000000 6.449835 -0.951241
v 0.080449 6.462577 -0.951241
v -0.000000 6.338603 -0.951241
v 0.080449 6.462577 0.951241
v 0.210618 6.863196 -0.951241
v 0.210618 6.863196 0.951241
v 0.000000 6.970511 -0.951241
v 0.153023 6.920792 -0.951241
v 0.080449 6.957770 -0.951241
v 0.210618 5.925241 -0.951241
v 0.361426 5.925241 -0.951241
v 0.419021 5.867646 -0.951241
v 0.491595 5.830667 -0.951241
v 0.572044 5.817925 -0.951241
v 0.652493 5.830667 -0.951241
v 0.652493 5.830667 0.951241
v 0.361426 5.925241 0.951241
v -0.309017 7.029321 -0.951241
v -0.309017 7.029321 0.951241
v 0.000000 6.970512 0.951241
v 0.080449 6.957770 0.951241
v 0.153023 6.920792 0.951241
v -0.000000 6.449835 0.951241
v -0.000000 6.338603 0.951241
v 0.210618 5.925241 0.951241
v 0.572044 5.817925 0.951241
v 0.491595 5.830667 0.951241
v 0.419021 5.867646 0.951241
v 0.530465 5.397865 -0.951240
v 0.530465 5.397865 0.951240
v -0.133684 6.489701 -0.951241
v -0.080449 6.462577 -0.951241
v -0.080449 6.325861 -0.951241
v -0.080449 6.957770 -0.951241
v -0.153023 6.920792 -0.951241
v -0.210618 6.863196 -0.951241
v -0.237743 6.809961 -0.951241
v 0.153023 5.867646 -0.951241
v -0.534143 6.758664 -0.951240
v -0.534143 6.758664 0.951240
v -0.237743 6.809961 0.951241
v -0.210618 6.863196 0.951241
v -0.153023 6.920792 0.951241
v -0.080449 6.957770 0.951241
v -0.133684 6.489701 0.951241
v -0.080449 6.325861 0.951241
v -0.080449 6.462576 0.951241
v 0.153023 5.867646 0.951241
v 0.309017 5.127208 -0.951241
v 0.309017 5.127208 0.951241
v -0.247597 6.790622 -0.951241
v -0.260339 6.710173 -0.951241
v -0.247597 6.629724 -0.951241
v -0.210618 6.557150 -0.951241
v -0.153023 6.499555 -0.951241
v -0.153023 6.288882 -0.951241
v -0.153023 6.499555 0.951241
v -0.247597 6.790622 0.951241
v 0.080449 5.830667 -0.951241
v 0.222621 5.393107 -0.951241
v 0.247597 5.442124 -0.951241
v 0.260338 5.522573 -0.951241
v 0.247597 5.603023 -0.951241
v 0.210618 5.675597 -0.951241
v 0.153023 5.733191 -0.951241
v 0.104006 5.758167 -0.951241
v -0.750555 6.623574 -0.951240
v -0.750555 6.623574 0.951240
v -0.153023 6.288882 0.951241
v -0.210618 6.557150 0.951241
v -0.247597 6.629724 0.951241
v -0.260339 6.710173 0.951241
v 0.080449 5.830667 0.951241
v 0.104006 5.758167 0.951241
v 0.153023 5.733192 0.951241
v 0.210618 5.675597 0.951241
v 0.247597 5.603023 0.951241
v 0.260338 5.522573 0.951241
v 0.247597 5.442124 0.951241
v 0.222621 5.393107 0.951241
v -0.000000 4.987073 -0.951241
v -0.000000 4.987073 0.951241
v -0.210618 6.231287 -0.951241
v -0.000000 5.262235 -0.951241
v 0.080449 5.274977 -0.951241
v 0.153023 5.311955 -0.951241
v 0.210618 5.369550 -0.951241
v 0.210618 5.369550 0.951241
v 0.080449 5.770170 -0.951241
v 0.080449 5.770170 0.951241
v -0.000000 5.817925 -0.951241
v -0.000000 5.782912 -0.951241
v -0.951057 6.387281 -0.951241
v -0.951057 6.387281 0.951241
v -0.210618 6.231287 0.951241
v -0.000000 5.817925 0.951241
v -0.000000 5.782912 0.951241
v 0.153023 5.311955 0.951241
v 0.080449 5.274977 0.951241
v -0.000000 5.262235 0.951241
v -0.309017 5.127207 -0.951241
v -0.309017 5.127207 0.951241
v -0.247597 6.158713 -0.951241
v -0.379975 6.201725 -0.951241
v -0.395038 6.231287 -0.951241
v -0.452633 6.288882 -0.951241
v -0.525207 6.325861 -0.951241
v -0.605656 6.338603 -0.951241
v -0.686105 6.325861 -0.951241
v -0.715667 6.310799 -0.951241
v -0.222621 5.393107 -0.951241
v -0.210618 5.369550 -0.951241
v -0.153023 5.311955 -0.951241
v -0.080449 5.274977 -0.951241
v -0.104006 5.758167 -0.951241
v -0.080449 5.830667 -0.951241
v -0.080449 5.770170 -0.951241
v -1.040769 6.078264 -0.951241
v -1.040769 6.078264 0.951241
v -0.715667 6.310799 0.951241
v -0.686105 6.325861 0.951241
v -0.605656 6.338603 0.951241
v -0.525207 6.325861 0.951241
v -0.452633 6.288882 0.951241
v -0.395038 6.231287 0.951241
v -0.379975 6.201725 0.951241
v -0.247597 6.158713 0.951241
v -0.104006 5.758167 0.951241
v -0.080449 5.770170 0.951241
v -0.080449 5.830667 0.951241
v -0.080449 5.274977 0.951241
v -0.153023 5.311955 0.951241
v -0.210618 5.369550 0.951241
v -0.222621 5.393107 0.951241
v -0.530465 5.397865 -0.951240
v -0.530465 5.397865 0.951240
v -0.260339 6.078264 -0.951241
v -0.345318 6.078264 -0.951241
v -0.358059 6.158713 -0.951241
v -0.358059 6.158713 0.951241
v -0.758679 6.288882 -0.951241
v -0.758679 6.288882 0.951241
v -0.816275 6.231287 -0.951241
v -0.853253 6.158713 -0.951241
v -0.865995 6.078264 -0.951241
v -0.153023 5.867646 -0.951241
v -0.153023 5.733191 -0.951241
v -0.210618 5.675597 -0.951241
v -0.247597 5.603023 -0.951241
v -0.260339 5.522573 -0.951241
v -0.247597 5.442124 -0.951241
v -0.247597 5.442124 0.951241
v -0.153023 5.733191 0.951241
v -0.951057 5.769247 -0.951241
v -0.951057 5.769247 0.951241
v -0.865995 6.078264 0.951241
v -0.853253 6.158713 0.951241
v -0.816275 6.231287 0.951241
v -0.345318 6.078264 0.951241
v -0.260339 6.078264 0.951241
v -0.260339 5.522573 0.951241
v -0.247597 5.603023 0.951241
v -0.210618 5.675597 0.951241
v -0.153023 5.867646 0.951241
v -0.750555 5.532954 -0.951240
v -0.750555 5.532954 0.951240
v -0.379976 5.954803 -0.951241
v -0.358060 5.997815 -0.951241
v -0.247597 5.997815 -0.951241
v -0.853253 5.997815 -0.951241
v -0.816275 5.925241 -0.951241
v -0.758679 5.867646 -0.951241
v -0.715667 5.845730 -0.951241
v -0.210618 5.925241 -0.951241
v -0.715667 5.845730 0.951241
v -0.758679 5.867646 0.951241
v -0.816275 5.925241 0.951241
v -0.853253 5.997815 0.951241
v -0.379976 5.954803 0.951241
v -0.247597 5.997815 0.951241
v -0.358060 5.997815 0.951241
v -0.210618 5.925241 0.951241
v -0.686105 5.830667 -0.951241
v -0.605656 5.817925 -0.951241
v -0.525207 5.830667 -0.951241
v -0.452633 5.867646 -0.951241
v -0.395038 5.925241 -0.951241
v -0.395038 5.925241 0.951241
v -0.686105 5.830667 0.951241
v -0.452633 5.867646 0.951241
v -0.525207 5.830667 0.951241
v -0.605656 5.817925 0.951241
vt 0.949678 0.098653
vt 0.938776 0.098653
vt 0.938776 0.031533
vt 0.949678 0.031533
vt 0.927874 0.098653
vt 0.927874 0.031533
vt 0.958015 0.031533
vt 0.958015 0.098653
vt 0.919538 0.098653
vt 0.919538 0.031533
vt 0.962781 0.031533
vt 0.962781 0.098653
vt 0.914772 0.098653
vt 0.914772 0.031533
vt 0.972330 0.031533
vt 0.972330 0.098653
vt 0.905223 0.098653
vt 0.905223 0.031533
vt 0.941829 0.166672
vt 0.941829 0.099553
vt 0.944667 0.099553
vt 0.944667 0.166672
vt 0.938991 0.166672
vt 0.938991 0.099553
vt 0.947228 0.099553
vt 0.947228 0.166672
vt 0.936430 0.166672
vt 0.936430 0.099553
vt 0.949260 0.099553
vt 0.949260 0.166672
vt 0.934399 0.166672
vt 0.934399 0.099553
vt 0.960912 0.099553
vt 0.960912 0.166672
vt 0.958073 0.166672
vt 0.958073 0.099553
vt 0.963472 0.099553
vt 0.963472 0.166672
vt 0.961967 0.166672
vt 0.961967 0.099553
vt 0.955235 0.166672
vt 0.955235 0.099553
vt 0.965504 0.099553
vt 0.965504 0.166672
vt 0.954179 0.166672
vt 0.952675 0.166672
vt 0.952675 0.099553
vt 0.954179 0.099553
vt 0.950643 0.166672
vt 0.950643 0.099553
vt 0.896999 0.175449
vt 0.896999 0.108329
vt 0.899560 0.108329
vt 0.899560 0.175449
vt 0.894967 0.175449
vt 0.894967 0.108329
vt 0.902398 0.108329
vt 0.902398 0.175449
vt 0.905236 0.108329
vt 0.905236 0.175449
vt 0.905918 0.108329
vt 0.907797 0.108329
vt 0.907797 0.175449
vt 0.905918 0.175449
vt 0.909828 0.108329
vt 0.909828 0.175449
vt 0.783962 0.108329
vt 0.783962 0.175449
vt 0.781123 0.175449
vt 0.781123 0.108329
vt 0.786522 0.108329
vt 0.786522 0.175449
vt 0.784644 0.175449
vt 0.784644 0.108329
vt 0.778285 0.175449
vt 0.778285 0.108329
vt 0.788554 0.108329
vt 0.788554 0.175449
vt 0.775725 0.175449
vt 0.775725 0.108329
vt 0.773693 0.175449
vt 0.773693 0.108329
vt 0.781104 0.243468
vt 0.781104 0.176348
vt 0.783942 0.176348
vt 0.783942 0.243468
vt 0.779375 0.243468
vt 0.778543 0.243468
vt 0.778543 0.176348
vt 0.779375 0.176348
vt 0.786780 0.176348
vt 0.786780 0.243468
vt 0.776512 0.243468
vt 0.776512 0.176348
vt 0.789341 0.176348
vt 0.789341 0.243468
vt 0.791373 0.176348
vt 0.791373 0.243468
vt 0.834392 0.175449
vt 0.823490 0.175449
vt 0.823490 0.108329
vt 0.834392 0.108329
vt 0.812588 0.175449
vt 0.812588 0.108329
vt 0.842729 0.175449
vt 0.842729 0.108329
vt 0.804252 0.175449
vt 0.804252 0.108329
vt 0.847495 0.175449
vt 0.847495 0.108329
vt 0.799486 0.175449
vt 0.799486 0.108329
vt 0.857044 0.175449
vt 0.857044 0.108329
vt 0.789937 0.175449
vt 0.789937 0.108329
vt 0.824796 0.243468
vt 0.824796 0.176348
vt 0.827634 0.176348
vt 0.827634 0.243468
vt 0.821958 0.243468
vt 0.821958 0.176348
vt 0.829152 0.243468
vt 0.829152 0.176348
vt 0.830195 0.176348
vt 0.830195 0.243468
vt 0.820440 0.243468
vt 0.819397 0.243468
vt 0.819397 0.176348
vt 0.820440 0.176348
vt 0.832227 0.176348
vt 0.832227 0.243468
vt 0.817365 0.243468
vt 0.817365 0.176348
vt 0.875002 0.176348
vt 0.875002 0.243468
vt 0.872442 0.243468
vt 0.872442 0.176348
vt 0.877034 0.176348
vt 0.877034 0.243468
vt 0.869603 0.243468
vt 0.869603 0.176348
vt 0.866765 0.243468
vt 0.866765 0.176348
vt 0.864205 0.243468
vt 0.864205 0.176348
vt 0.862173 0.243468
vt 0.862173 0.176348
vt 0.858748 0.176348
vt 0.858748 0.243468
vt 0.856188 0.243468
vt 0.856188 0.176348
vt 0.860780 0.176348
vt 0.860780 0.243468
vt 0.853350 0.243468
vt 0.853350 0.176348
vt 0.850511 0.243468
vt 0.850511 0.176348
vt 0.848782 0.176348
vt 0.848782 0.243468
vt 0.847951 0.243468
vt 0.847951 0.176348
vt 0.845919 0.243468
vt 0.845919 0.176348
vt 0.903556 0.243468
vt 0.900995 0.243468
vt 0.900995 0.176348
vt 0.903556 0.176348
vt 0.898157 0.243468
vt 0.898157 0.176348
vt 0.905588 0.176348
vt 0.905588 0.243468
vt 0.895319 0.243468
vt 0.895319 0.176348
vt 0.892758 0.243468
vt 0.892758 0.176348
vt 0.890726 0.243468
vt 0.890726 0.176348
vt 0.944409 0.167572
vt 0.944409 0.234692
vt 0.941849 0.234692
vt 0.941849 0.167572
vt 0.946441 0.167572
vt 0.946441 0.234692
vt 0.939011 0.234692
vt 0.939011 0.167572
vt 0.936172 0.234692
vt 0.936172 0.167572
vt 0.933612 0.234692
vt 0.933612 0.167572
vt 0.931580 0.167572
vt 0.931580 0.234692
vt 0.975124 0.099553
vt 0.975124 0.166672
vt 0.972286 0.166672
vt 0.972286 0.099553
vt 0.976628 0.099553
vt 0.977684 0.099553
vt 0.977684 0.166672
vt 0.976628 0.166672
vt 0.969447 0.166672
vt 0.969447 0.099553
vt 0.966887 0.166672
vt 0.966887 0.099553
vt 0.933016 0.166672
vt 0.922114 0.166672
vt 0.922114 0.099553
vt 0.933016 0.099553
vt 0.911211 0.166672
vt 0.911211 0.099553
vt 0.888186 0.175449
vt 0.888186 0.108329
vt 0.891024 0.108329
vt 0.891024 0.175449
vt 0.885347 0.175449
vt 0.885347 0.108329
vt 0.892902 0.175449
vt 0.892902 0.108329
vt 0.893584 0.108329
vt 0.893584 0.175449
vt 0.883469 0.175449
vt 0.882787 0.175449
vt 0.882787 0.108329
vt 0.883469 0.108329
vt 0.881404 0.108329
vt 0.881404 0.175449
vt 0.878844 0.175449
vt 0.878844 0.108329
vt 0.876005 0.108329
vt 0.876005 0.175449
vt 0.873167 0.175449
vt 0.873167 0.108329
vt 0.870607 0.175449
vt 0.870607 0.108329
vt 0.858427 0.175449
vt 0.858427 0.108329
vt 0.860987 0.108329
vt 0.860987 0.175449
vt 0.863825 0.108329
vt 0.863825 0.175449
vt 0.866663 0.108329
vt 0.866663 0.175449
vt 0.868168 0.175449
vt 0.868168 0.108329
vt 0.869224 0.108329
vt 0.869224 0.175449
vt 0.774990 0.176348
vt 0.774990 0.243468
vt 0.764088 0.243468
vt 0.764088 0.176348
vt 0.753185 0.243468
vt 0.753185 0.176348
vt 0.798164 0.243468
vt 0.798164 0.176348
vt 0.801002 0.176348
vt 0.801002 0.243468
vt 0.795326 0.243468
vt 0.795326 0.176348
vt 0.803563 0.176348
vt 0.803563 0.243468
vt 0.792765 0.243468
vt 0.792765 0.176348
vt 0.813302 0.176348
vt 0.813302 0.243468
vt 0.810464 0.243468
vt 0.810464 0.176348
vt 0.815863 0.176348
vt 0.815863 0.243468
vt 0.814133 0.243468
vt 0.814133 0.176348
vt 0.807626 0.243468
vt 0.807626 0.176348
vt 0.806795 0.176348
vt 0.806795 0.243468
vt 0.805065 0.243468
vt 0.805065 0.176348
vt 0.844416 0.176348
vt 0.844416 0.243468
vt 0.841856 0.243468
vt 0.841856 0.176348
vt 0.839018 0.243468
vt 0.839018 0.176348
vt 0.836179 0.243468
vt 0.836179 0.176348
vt 0.835137 0.243468
vt 0.833619 0.243468
vt 0.833619 0.176348
vt 0.835137 0.176348
vt 0.880987 0.243468
vt 0.880987 0.176348
vt 0.883825 0.176348
vt 0.883825 0.243468
vt 0.878426 0.243468
vt 0.878426 0.176348
vt 0.879944 0.176348
vt 0.879944 0.243468
vt 0.886663 0.176348
vt 0.886663 0.243468
vt 0.889224 0.176348
vt 0.889224 0.243468
vt 0.917777 0.176348
vt 0.917777 0.243468
vt 0.915217 0.243468
vt 0.915217 0.176348
vt 0.912379 0.243468
vt 0.912379 0.176348
vt 0.909540 0.243468
vt 0.909540 0.176348
vt 0.906980 0.243468
vt 0.906980 0.176348
vt 0.930077 0.234692
vt 0.927517 0.234692
vt 0.927517 0.167572
vt 0.930077 0.167572
vt 0.924679 0.234692
vt 0.924679 0.167572
vt 0.921840 0.234692
vt 0.921840 0.167572
vt 0.919280 0.234692
vt 0.919280 0.167572
vt 0.816383 0.049693
vt 0.797334 0.063533
vt 0.795303 0.061501
vt 0.808748 0.044927
vt 0.823457 0.058030
vt 0.814429 0.060963
vt 0.812924 0.060197
vt 0.810086 0.059747
vt 0.807247 0.060197
vt 0.804687 0.061501
vt 0.802655 0.063533
vt 0.801888 0.065038
vt 0.798639 0.066094
vt 0.792742 0.060197
vt 0.794620 0.054416
vt 0.795303 0.054069
vt 0.797334 0.052037
vt 0.798639 0.049476
vt 0.799089 0.046638
vt 0.798639 0.043800
vt 0.798291 0.043117
vt 0.800806 0.035378
vt 0.827610 0.068932
vt 0.819270 0.068932
vt 0.818821 0.066094
vt 0.817516 0.063533
vt 0.815484 0.061501
vt 0.801350 0.066094
vt 0.800901 0.068932
vt 0.799089 0.068932
vt 0.789904 0.059747
vt 0.789904 0.055823
vt 0.792742 0.055373
vt 0.797334 0.041239
vt 0.795303 0.039207
vt 0.792742 0.037903
vt 0.789904 0.037453
vt 0.789904 0.031533
vt 0.823457 0.079834
vt 0.814429 0.076900
vt 0.815484 0.076363
vt 0.817516 0.074331
vt 0.818821 0.071770
vt 0.801350 0.071770
vt 0.801888 0.072826
vt 0.798639 0.071770
vt 0.787066 0.060197
vt 0.785187 0.054416
vt 0.787066 0.055373
vt 0.787066 0.037903
vt 0.784505 0.039207
vt 0.782473 0.041239
vt 0.781516 0.043117
vt 0.779002 0.035378
vt 0.816383 0.088170
vt 0.797334 0.074331
vt 0.802655 0.074331
vt 0.804687 0.076363
vt 0.807247 0.077667
vt 0.810086 0.078117
vt 0.812924 0.077667
vt 0.781169 0.043800
vt 0.780719 0.046638
vt 0.781169 0.049476
vt 0.782473 0.052037
vt 0.784505 0.054069
vt 0.784505 0.061501
vt 0.771059 0.044927
vt 0.808619 0.092936
vt 0.795303 0.076363
vt 0.782473 0.063533
vt 0.763424 0.049693
vt 0.800806 0.102485
vt 0.797758 0.093104
vt 0.798639 0.091375
vt 0.799089 0.088537
vt 0.798639 0.085698
vt 0.797334 0.083138
vt 0.795303 0.081106
vt 0.793573 0.080225
vt 0.792742 0.077667
vt 0.781169 0.066094
vt 0.776498 0.064576
vt 0.775967 0.063533
vt 0.773935 0.061501
vt 0.771374 0.060197
vt 0.768536 0.059747
vt 0.765698 0.060197
vt 0.764655 0.060728
vt 0.756350 0.058030
vt 0.789904 0.107429
vt 0.789904 0.097721
vt 0.792742 0.097272
vt 0.795303 0.095967
vt 0.797334 0.093935
vt 0.792742 0.079801
vt 0.789904 0.079352
vt 0.789904 0.078117
vt 0.780719 0.068932
vt 0.777721 0.068932
vt 0.777272 0.066094
vt 0.763138 0.061501
vt 0.761106 0.063533
vt 0.759801 0.066094
vt 0.759351 0.068932
vt 0.753185 0.068932
vt 0.779002 0.102485
vt 0.782050 0.093104
vt 0.782473 0.093935
vt 0.784505 0.095967
vt 0.787066 0.097272
vt 0.787066 0.079801
vt 0.786234 0.080225
vt 0.787066 0.077667
vt 0.781169 0.071770
vt 0.776498 0.073288
vt 0.777272 0.071770
vt 0.759801 0.071770
vt 0.761106 0.074331
vt 0.763138 0.076363
vt 0.764655 0.077136
vt 0.756350 0.079834
vt 0.771189 0.092936
vt 0.784505 0.076363
vt 0.784505 0.081106
vt 0.782473 0.083138
vt 0.781169 0.085698
vt 0.780719 0.088537
vt 0.781169 0.091375
vt 0.765698 0.077667
vt 0.768536 0.078117
vt 0.771374 0.077667
vt 0.773935 0.076363
vt 0.775967 0.074331
vt 0.782473 0.074331
vt 0.763424 0.088170
vt 0.892424 0.089269
vt 0.884789 0.094035
vt 0.871343 0.077461
vt 0.873375 0.075429
vt 0.876847 0.103584
vt 0.874332 0.095845
vt 0.874680 0.095163
vt 0.875129 0.092324
vt 0.874680 0.089486
vt 0.873375 0.086926
vt 0.871343 0.084894
vt 0.870661 0.084546
vt 0.868783 0.078766
vt 0.874680 0.072869
vt 0.877929 0.073925
vt 0.878696 0.075429
vt 0.880728 0.077461
vt 0.883288 0.078766
vt 0.886126 0.079215
vt 0.888965 0.078766
vt 0.890469 0.077999
vt 0.899498 0.080933
vt 0.865945 0.107429
vt 0.865945 0.101509
vt 0.868783 0.101060
vt 0.871343 0.099755
vt 0.873375 0.097723
vt 0.868783 0.083589
vt 0.865945 0.083140
vt 0.865945 0.079215
vt 0.875129 0.070031
vt 0.876942 0.070031
vt 0.877391 0.072869
vt 0.891525 0.077461
vt 0.893557 0.075429
vt 0.894861 0.072869
vt 0.895311 0.070031
vt 0.903650 0.070031
vt 0.855042 0.103584
vt 0.857557 0.095845
vt 0.858514 0.097723
vt 0.860546 0.099755
vt 0.863106 0.101060
vt 0.863106 0.083589
vt 0.861228 0.084546
vt 0.863106 0.078766
vt 0.874680 0.067192
vt 0.877929 0.066137
vt 0.877391 0.067192
vt 0.894861 0.067192
vt 0.893557 0.064632
vt 0.891525 0.062600
vt 0.890469 0.062062
vt 0.899498 0.059128
vt 0.847100 0.094035
vt 0.860546 0.077461
vt 0.860546 0.084894
vt 0.858514 0.086926
vt 0.857209 0.089486
vt 0.856760 0.092324
vt 0.857209 0.095163
vt 0.888965 0.061295
vt 0.886126 0.060846
vt 0.883288 0.061295
vt 0.880728 0.062600
vt 0.878696 0.064632
vt 0.873375 0.064632
vt 0.892424 0.050792
vt 0.839465 0.089269
vt 0.858514 0.075429
vt 0.871343 0.062600
vt 0.884659 0.046026
vt 0.832391 0.080933
vt 0.840696 0.078234
vt 0.841739 0.078766
vt 0.844577 0.079215
vt 0.847415 0.078766
vt 0.849976 0.077461
vt 0.852008 0.075429
vt 0.852539 0.074386
vt 0.857209 0.072869
vt 0.868783 0.061295
vt 0.869614 0.058737
vt 0.871343 0.057856
vt 0.873375 0.055824
vt 0.874680 0.053264
vt 0.875129 0.050426
vt 0.874680 0.047587
vt 0.873799 0.045858
vt 0.876847 0.036477
vt 0.829226 0.070031
vt 0.835392 0.070031
vt 0.835842 0.072869
vt 0.837146 0.075429
vt 0.839178 0.077461
vt 0.853312 0.072869
vt 0.853762 0.070031
vt 0.856760 0.070031
vt 0.865945 0.060846
vt 0.865945 0.059610
vt 0.868783 0.059161
vt 0.873375 0.045027
vt 0.871343 0.042995
vt 0.868783 0.041690
vt 0.865945 0.041241
vt 0.865945 0.031533
vt 0.832391 0.059128
vt 0.840696 0.061827
vt 0.839178 0.062600
vt 0.837146 0.064632
vt 0.835842 0.067192
vt 0.853312 0.067192
vt 0.852539 0.065675
vt 0.857209 0.067192
vt 0.863106 0.061295
vt 0.862275 0.058737
vt 0.863106 0.059161
vt 0.863106 0.041690
vt 0.860546 0.042995
vt 0.858514 0.045027
vt 0.858090 0.045858
vt 0.855042 0.036477
vt 0.839465 0.050792
vt 0.858514 0.064632
vt 0.852008 0.064632
vt 0.849976 0.062600
vt 0.847415 0.061295
vt 0.844577 0.060846
vt 0.841739 0.061295
vt 0.857209 0.047587
vt 0.856760 0.050426
vt 0.857209 0.053264
vt 0.858514 0.055824
vt 0.860546 0.057856
vt 0.860546 0.062600
vt 0.847230 0.046026
vn 0.665157 0.746704 0.000000
vn 0.665157 0.746704 0.000000
vn 0.863708 0.503993 0.000000
vn 0.863708 0.503993 0.000000
vn 0.676634 0.736319 0.000000
vn 0.676634 0.736319 0.000000
vn 1.000000 -0.000001 0.000000
vn 1.000000 -0.000001 0.000000
vn -0.000000 0.000002 -1.000000
vn 0.000000 0.000000 -1.000000
vn 0.000000 0.000000 -1.000000
vn 0.000002 0.000000 -1.000000
vn -0.309017 -0.951056 0.000000
vn -0.309017 -0.951056 0.000000
vn 0.000000 -1.000000 0.000000
vn 0.000000 -1.000000 0.000000
vn 0.309018 -0.951056 0.000000
vn 0.309018 -0.951056 0.000000
vn 0.587785 -0.809017 0.000000
vn 0.587785 -0.809017 0.000000
vn 0.809017 -0.587785 0.000000
vn 0.809017 -0.587785 0.000000
vn 0.579337 0.815088 0.000000
vn 0.579337 0.815088 0.000000
vn -0.000000 0.000002 1.000000
vn 0.000002 0.000000 1.000000
vn 0.000000 0.000000 1.000000
vn 0.000000 0.000000 1.000000
vn 0.863707 -0.503994 0.000000
vn 0.863707 -0.503994 0.000000
vn -1.000000 0.000001 -0.000000
vn -1.000000 0.000001 -0.000000
vn -0.951057 -0.309016 0.000000
vn -0.951057 -0.309016 0.000000
vn -0.809017 -0.587785 0.000000
vn -0.809017 -0.587785 0.000000
vn -0.587785 -0.809017 0.000000
vn -0.587785 -0.809017 0.000000
vn 0.951057 -0.309017 0.000000
vn 0.951057 -0.309017 0.000000
vn 1.000000 0.000000 -0.000000
vn 1.000000 0.000000 -0.000000
vn 0.000000 1.000000 0.000000
vn 0.000000 1.000000 0.000000
vn 0.661894 -0.749598 0.000000
vn 0.661894 -0.749598 0.000000
vn -0.587785 0.809017 0.000000
vn -0.587785 0.809017 0.000000
vn -0.809017 0.587785 0.000000
vn -0.809017 0.587785 0.000000
vn -0.951057 0.309017 0.000000
vn -0.951057 0.309017 0.000000
vn -1.000000 0.000001 0.000000
vn -1.000000 0.000001 0.000000
vn -0.951057 -0.309016 0.000000
vn -0.951057 -0.309016 0.000000
vn -0.587785 0.809017 -0.000000
vn -0.587785 0.809017 -0.000000
vn -0.809017 0.587785 -0.000000
vn -0.809017 0.587785 -0.000000
vn -0.951057 0.309017 -0.000000
vn -0.951057 0.309017 -0.000000
vn 0.951056 0.309017 -0.000000
vn 0.951056 0.309017 -0.000000
vn -0.579338 0.815087 0.000000
vn -0.579338 0.815087 0.000000
vn 0.676634 -0.736319 0.000000
vn 0.676634 -0.736319 0.000000
vn -0.000000 1.000000 0.000000
vn -0.000000 1.000000 0.000000
vn -0.309017 0.951056 0.000000
vn -0.309017 0.951056 0.000000
vn -0.809017 -0.587785 0.000000
vn -0.809017 -0.587785 0.000000
vn -0.587785 -0.809017 0.000000
vn -0.587785 -0.809017 0.000000
vn -0.309017 -0.951057 0.000000
vn -0.309017 -0.951057 0.000000
vn 0.000000 -1.000000 0.000000
vn 0.000000 -1.000000 0.000000
vn 0.809017 0.587785 -0.000000
vn 0.809017 0.587785 -0.000000
vn 0.587785 0.809017 -0.000000
vn 0.587785 0.809017 -0.000000
vn 0.309016 0.951057 -0.000000
vn 0.309016 0.951057 -0.000000
vn -0.000000 1.000000 0.000000
vn -0.000000 1.000000 0.000000
vn -0.309016 0.951057 -0.000000
vn -0.309016 0.951057 -0.000000
vn -0.000000 -0.000002 -1.000000
vn 0.000002 -0.000000 -1.000000
vn 0.000000 0.000000 -1.000000
vn 0.000000 0.000000 -1.000000
vn -0.676635 0.736319 0.000000
vn -0.676635 0.736319 0.000000
vn -0.000000 -0.000002 1.000000
vn 0.000000 0.000000 1.000000
vn 0.000000 0.000000 1.000000
vn 0.000002 -0.000000 1.000000
vn 0.612275 -0.790645 0.000000
vn 0.612275 -0.790645 0.000000
vn 0.309017 0.951056 0.000000
vn 0.309017 0.951056 0.000000
vn 0.309017 -0.951056 0.000000
vn 0.309017 -0.951056 0.000000
vn 0.587785 -0.809017 0.000000
vn 0.587785 -0.809017 0.000000
vn 0.809017 -0.587785 0.000000
vn 0.809017 -0.587785 0.000000
vn -0.665156 0.746704 0.000000
vn -0.665156 0.746704 0.000000
vn 0.000001 -1.000000 0.000000
vn 0.000001 -1.000000 0.000000
vn -0.000002 0.000000 -1.000000
vn 0.000000 0.000000 -1.000000
vn 0.000000 0.000000 -1.000000
vn 0.000000 0.000002 -1.000000
vn 0.951057 -0.309017 0.000000
vn 0.951057 -0.309017 0.000000
vn 1.000000 0.000000 0.000000
vn 1.000000 0.000000 0.000000
vn 0.951056 0.309017 0.000000
vn 0.951056 0.309017 0.000000
vn 0.809017 0.587786 0.000000
vn 0.809017 0.587786 0.000000
vn 0.587785 0.809017 0.000000
vn 0.587785 0.809017 0.000000
vn -0.951057 0.309017 0.000000
vn -0.951057 0.309017 0.000000
vn -1.000000 0.000001 0.000000
vn -1.000000 0.000001 0.000000
vn -0.951057 -0.309016 0.000000
vn -0.951057 -0.309016 0.000000
vn -0.809017 -0.587786 0.000000
vn -0.809017 -0.587786 0.000000
vn -0.587785 -0.809017 0.000000
vn -0.587785 -0.809017 0.000000
vn -0.882768 0.469809 0.000000
vn -0.882768 0.469809 0.000000
vn -0.000002 0.000000 1.000000
vn 0.000000 0.000002 1.000000
vn 0.000000 0.000000 1.000000
vn 0.000000 0.000000 1.000000
vn -0.612275 -0.790645 0.000000
vn -0.612275 -0.790645 0.000000
vn 0.000000 1.000000 -0.000000
vn 0.000000 1.000000 -0.000000
vn -0.309017 0.951056 -0.000000
vn -0.309017 0.951056 -0.000000
vn -0.587785 0.809017 0.000000
vn -0.587785 0.809017 0.000000
vn -0.809017 0.587785 0.000000
vn -0.809017 0.587785 0.000000
vn -0.309017 -0.951057 0.000000
vn -0.309017 -0.951057 0.000000
vn 0.000000 -1.000000 0.000000
vn 0.000000 -1.000000 0.000000
vn -1.000000 0.000000 0.000000
vn -1.000000 0.000000 0.000000
vn -0.676634 -0.736319 0.000000
vn -0.676634 -0.736319 0.000000
vn -0.809017 -0.587785 0.000000
vn -0.809017 -0.587785 0.000000
vn -0.587785 -0.809017 0.000000
vn -0.587785 -0.809017 0.000000
vn -0.309017 -0.951057 0.000000
vn -0.309017 -0.951057 0.000000
vn 0.000000 -1.000000 0.000000
vn 0.000000 -1.000000 0.000000
vn 0.309017 -0.951056 0.000000
vn 0.309017 -0.951056 0.000000
vn 0.809017 0.587786 0.000000
vn 0.809017 0.587786 0.000000
vn 0.587785 0.809017 0.000000
vn 0.587785 0.809017 0.000000
vn 0.309017 0.951056 -0.000000
vn 0.309017 0.951056 -0.000000
vn 0.309017 -0.951056 0.000000
vn 0.309017 -0.951056 0.000000
vn -0.882768 -0.469809 0.000000
vn -0.882768 -0.469809 0.000000
vn -0.661894 -0.749598 0.000000
vn -0.661894 -0.749598 0.000000
vn -1.000000 0.000002 0.000000
vn -1.000000 0.000002 0.000000
vn -0.951057 -0.309016 0.000000
vn -0.951057 -0.309016 0.000000
vn 0.587785 -0.809017 0.000000
vn 0.587785 -0.809017 0.000000
vn 0.809017 -0.587785 0.000000
vn 0.809017 -0.587785 0.000000
vn 0.951057 -0.309017 0.000000
vn 0.951057 -0.309017 0.000000
vn 1.000000 0.000000 0.000000
vn 1.000000 0.000000 0.000000
vn 0.587786 -0.809017 -0.000000
vn 0.587786 -0.809017 -0.000000
vn 0.809017 -0.587785 -0.000000
vn 0.809017 -0.587785 -0.000000
vn 0.951057 -0.309017 -0.000000
vn 0.951057 -0.309017 -0.000000
vn 1.000000 0.000000 -0.000000
vn 1.000000 0.000000 -0.000000
vn 0.951057 0.309017 0.000000
vn 0.951057 0.309017 0.000000
vn -0.000002 -0.000000 -1.000000
vn -0.000000 -0.000002 -1.000000
vn 0.000000 0.000000 -1.000000
vn 0.000000 0.000000 -1.000000
vn -0.000002 -0.000000 1.000000
vn 0.000000 0.000000 1.000000
vn 0.000000 0.000000 1.000000
vn 0.000000 -0.000002 1.000000
vn -0.951056 0.309017 -0.000000
vn -0.951056 0.309017 -0.000000
vn 0.951056 0.309017 -0.000000
vn 0.951056 0.309017 -0.000000
vn 0.809017 0.587785 -0.000000
vn 0.809017 0.587785 -0.000000
vn 0.587785 0.809017 -0.000000
vn 0.587785 0.809017 -0.000000
vn 0.309016 0.951057 -0.000000
vn 0.309016 0.951057 -0.000000
vn -0.000000 1.000000 0.000000
vn -0.000000 1.000000 0.000000
vn -0.309016 0.951057 -0.000000
vn -0.309016 0.951057 -0.000000
vn -0.587785 0.809017 -0.000000
vn -0.587785 0.809017 -0.000000
vn -0.809017 0.587785 -0.000000
vn -0.809017 0.587785 -0.000000
vn -0.809017 -0.587785 0.000000
vn -0.951057 -0.309016 0.000000
vn -0.951057 -0.309016 0.000000
vn -0.809017 -0.587785 0.000000
vn -0.587785 -0.809017 0.000000
vn -0.587785 -0.809017 0.000000
vn -1.000000 0.000001 -0.000000
vn -1.000000 0.000001 -0.000000
vn -0.309017 -0.951056 0.000000
vn -0.309017 -0.951056 0.000000
vn -0.951056 0.309017 -0.000000
vn -0.951056 0.309017 -0.000000
vn 0.000000 -1.000000 0.000000
vn 0.000000 -1.000000 0.000000
vn -0.809017 0.587785 -0.000000
vn -0.809017 0.587785 -0.000000
vn 0.309017 -0.951056 0.000000
vn 0.309017 -0.951056 0.000000
vn -0.587785 0.809017 -0.000000
vn -0.587785 0.809017 -0.000000
vn 0.587785 -0.809017 0.000000
vn 0.587785 -0.809017 0.000000
vn -0.309016 0.951057 -0.000000
vn -0.309016 0.951057 -0.000000
vn 0.809017 -0.587785 0.000000
vn 0.809017 -0.587785 0.000000
vn -0.000000 1.000000 0.000000
vn -0.000000 1.000000 0.000000
vn 0.951057 -0.309017 0.000000
vn 0.951057 -0.309017 0.000000
vn 0.309016 0.951057 -0.000000
vn 0.309016 0.951057 -0.000000
vn 1.000000 0.000000 -0.000000
vn 1.000000 0.000000 -0.000000
vn 0.587785 0.809017 -0.000000
vn 0.587785 0.809017 -0.000000
vn 0.951056 0.309017 -0.000000
vn 0.951056 0.309017 -0.000000
vn 0.809017 0.587785 -0.000000
vn 0.809017 0.587785 -0.000000
vn -0.000000 0.000001 -1.000000
vn 0.000000 0.000000 -1.000000
vn 0.000000 0.000000 -1.000000
vn 0.000000 0.000000 -1.000000
vn 0.000000 0.000000 -1.000000
vn 0.000000 0.000000 -1.000000
vn 0.000000 0.000000 -1.000000
vn 0.000000 0.000000 -1.000000
vn 0.000000 0.000000 -1.000000
vn 0.000000 0.000000 1.000000
vn 0.000000 0.000000 1.000000
vn 0.000000 0.000000 1.000000
vn 0.000000 0.000000 1.000000
vn 0.000000 0.000000 1.000000
vn 0.000000 0.000000 1.000000
vn 0.000000 0.000000 1.000000
vn 0.000000 0.000000 1.000000
vn -0.000001 0.000001 1.000000
vn 0.000000 0.000000 -1.000000
vn 0.000000 0.000000 -1.000000
vn 0.000000 0.000000 -1.000000
vn 0.000000 0.000000 -1.000000
vn 0.000000 0.000000 -1.000000
vn 0.000000 0.000000 -1.000000
vn 0.000000 0.000000 -1.000000
vn 0.000000 0.000000 -1.000000
vn 0.000002 -0.000000 -1.000000
vn 0.000002 -0.000000 1.000000
vn 0.000000 0.000000 1.000000
vn 0.000000 0.000000 1.000000
vn 0.000000 0.000000 1.000000
vn 0.000000 0.000000 1.000000
vn 0.000000 0.000000 1.000000
vn 0.000000 0.000000 1.000000
vn 0.000000 0.000000 1.000000
vn 0.000000 0.000000 1.000000
vn -0.000000 -0.000001 -1.000000
vn 0.000000 0.000000 -1.000000
vn 0.000000 0.000000 -1.000000
vn 0.000000 0.000000 -1.000000
vn 0.000000 0.000000 -1.000000
vn 0.000000 0.000000 -1.000000
vn 0.000000 0.000000 -1.000000
vn 0.000000 0.000000 -1.000000
vn 0.000000 0.000000 -1.000000
vn -0.000000 -0.000001 1.000000
vn 0.000000 0.000000 1.000000
vn 0.000000 0.000000 1.000000
vn 0.000000 0.000000 1.000000
vn 0.000000 0.000000 1.000000
vn 0.000000 0.000000 1.000000
vn 0.000000 0.000000 1.000000
vn 0.000000 0.000000 1.000000
vn 0.000000 0.000000 1.000000
vn -0.000002 -0.000000 -1.000000
vn 0.000000 0.000000 -1.000000
vn 0.000000 0.000000 -1.000000
vn 0.000000 0.000000 -1.000000
vn 0.000000 0.000000 -1.000000
vn 0.000000 0.000000 -1.000000
vn 0.000000 0.000000 -1.000000
vn 0.000000 0.000000 -1.000000
vn 0.000000 0.000000 -1.000000
vn 0.000001 0.000000 -1.000000
vn 0.000000 0.000000 -1.000000
vn 0.000000 0.000000 -1.000000
vn 0.000000 0.000000 -1.000000
vn 0.000000 0.000000 -1.000000
vn 0.000000 0.000000 -1.000000
vn 0.000000 0.000000 -1.000000
vn 0.000000 0.000000 -1.000000
vn 0.000000 0.000000 -1.000000
vn -0.000002 -0.000000 1.000000
vn 0.000000 0.000000 1.000000
vn 0.000000 0.000000 1.000000
vn 0.000000 0.000000 1.000000
vn 0.000000 0.000000 1.000000
vn 0.000000 0.000000 1.000000
vn 0.000000 0.000000 1.000000
vn 0.000000 0.000000 1.000000
vn 0.000000 0.000000 1.000000
vn 0.000000 0.000000 1.000000
vn 0.000000 0.000000 1.000000
vn 0.000000 0.000000 1.000000
vn 0.000000 0.000000 1.000000
vn 0.000000 0.000000 1.000000
vn 0.000000 0.000000 1.000000
vn 0.000000 0.000000 1.000000
vn 0.000000 0.000000 1.000000
vn 0.000002 0.000000 1.000000
vn 0.000000 0.000000 -1.000000
vn 0.000000 0.000000 -1.000000
vn 0.000000 0.000000 -1.000000
vn 0.000000 0.000000 -1.000000
vn 0.000000 0.000000 -1.000000
vn 0.000000 0.000000 -1.000000
vn 0.000000 0.000000 -1.000000
vn 0.000000 0.000000 -1.000000
vn 0.000000 0.000001 -1.000000
vn 0.000000 0.000001 1.000000
vn 0.000000 0.000000 1.000000
vn 0.000000 0.000000 1.000000
vn 0.000000 0.000000 1.000000
vn 0.000000 0.000000 1.000000
vn 0.000000 0.000000 1.000000
vn 0.000000 0.000000 1.000000
vn 0.000000 0.000000 1.000000
vn 0.000000 0.000000 1.000000
vn -0.000002 0.000000 -1.000000
vn 0.000000 0.000000 -1.000000
vn 0.000000 0.000000 -1.000000
vn 0.000000 0.000000 -1.000000
vn 0.000000 0.000000 -1.000000
vn 0.000000 0.000000 -1.000000
vn 0.000000 0.000000 -1.000000
vn 0.000000 0.000000 -1.000000
vn 0.000000 0.000000 -1.000000
vn -0.000002 0.000000 1.000000
vn 0.000000 0.000000 1.000000
vn 0.000000 0.000000 1.000000
vn 0.000000 0.000000 1.000000
vn 0.000000 0.000000 1.000000
vn 0.000000 0.000000 1.000000
vn 0.000000 0.000000 1.000000
vn 0.000000 0.000000 1.000000
vn 0.000000 0.000000 1.000000
vn 0.000000 -0.000001 -1.000000
vn 0.000000 0.000000 -1.000000
vn 0.000000 0.000000 -1.000000
vn 0.000000 0.000000 -1.000000
vn 0.000000 0.000000 -1.000000
vn 0.000000 0.000000 -1.000000
vn 0.000000 0.000000 -1.000000
vn 0.000000 0.000000 -1.000000
vn 0.000000 0.000000 -1.000000
vn 0.000000 -0.000001 1.000000
vn 0.000000 0.000000 1.000000
vn 0.000000 0.000000 1.000000
vn 0.000000 0.000000 1.000000
vn 0.000000 0.000000 1.000000
vn 0.000000 0.000000 1.000000
vn 0.000000 0.000000 1.000000
vn 0.000000 0.000000 1.000000
vn 0.000000 0.000000 1.000000
vn 0.000000 0.000000 -1.000000
vn 0.000000 0.000000 -1.000000
vn 0.000000 0.000000 -1.000000
vn 0.000000 0.000000 -1.000000
vn 0.000000 0.000000 -1.000000
vn 0.000000 0.000000 1.000000
vn 0.000000 0.000000 1.000000
vn 0.000000 0.000000 1.000000
vn 0.000000 0.000000 1.000000
vn 0.000000 0.000000 1.000000
vn 0.000000 0.000000 -1.000000
vn 0.000000 0.000000 -1.000000
vn 0.000000 0.000000 -1.000000
vn 0.000000 0.000000 1.000000
vn 0.000000 0.000000 1.000000
vn 0.000000 0.000000 1.000000
vn 0.000000 0.000000 -1.000000
vn 0.000000 0.000000 -1.000000
vn 0.000000 0.000000 -1.000000
vn 0.000000 0.000000 -1.000000
vn 0.000000 0.000000 -1.000000
vn -0.000000 0.000000 1.000000
vn 0.000000 0.000000 1.000000
vn 0.000000 0.000000 1.000000
vn 0.000000 0.000000 1.000000
vn 0.000000 0.000000 1.000000
vn 0.000000 0.000000 -1.000000
vn 0.000000 0.000000 -1.000000
vn 0.000000 0.000000 -1.000000
vn 0.000000 0.000000 1.000000
vn 0.000000 0.000000 1.000000
vn 0.000000 0.000000 1.000000
vn 0.000000 0.000000 -1.000000
vn 0.000000 0.000000 -1.000000
vn 0.000000 0.000000 -1.000000
vn 0.000000 0.000000 -1.000000
vn 0.000000 0.000000 -1.000000
vn 0.000000 0.000000 1.000000
vn 0.000000 0.000000 1.000000
vn 0.000000 0.000000 1.000000
vn 0.000000 0.000000 1.000000
vn 0.000000 0.000000 1.000000
vn 0.000000 0.000000 -1.000000
vn 0.000000 0.000000 -1.000000
vn 0.000000 0.000000 -1.000000
vn 0.000000 0.000000 1.000000
vn 0.000000 0.000000 1.000000
vn 0.000000 0.000000 1.000000
vn 0.000000 0.000000 -1.000000
vn 0.000000 0.000000 -1.000000
vn 0.000000 0.000000 -1.000000
vn 0.000000 0.000000 -1.000000
vn 0.000000 0.000000 -1.000000
vn -0.000000 0.000000 1.000000
vn 0.000000 0.000000 1.000000
vn 0.000000 0.000000 1.000000
vn 0.000000 0.000000 1.000000
vn 0.000000 0.000000 1.000000
vn 0.000000 0.000000 -1.000000
vn 0.000000 0.000000 -1.000000
vn 0.000000 0.000000 -1.000000
vn 0.000000 0.000000 1.000000
vn 0.000000 0.000000 1.000000
vn 0.000000 0.000000 1.000000
vn -0.478551 -0.878060 0.000000
vn -0.478551 -0.878060 0.000000
vn 0.903266 -0.429080 0.000000
vn 0.903266 -0.429080 0.000000
vn -0.518485 0.855087 0.000000
vn -0.518485 0.855087 0.000000
vn -0.922071 -0.387022 0.000000
vn -0.922071 -0.387022 0.000000
vn -0.478550 0.878060 -0.000000
vn -0.478550 0.878060 -0.000000
vn 0.903266 0.429081 -0.000000
vn 0.903266 0.429081 -0.000000
vn 0.518485 0.855087 0.000000
vn 0.518485 0.855087 0.000000
vn 0.922070 -0.387022 0.000000
vn 0.922070 -0.387022 0.000000
vn -0.864447 0.502724 0.000000
vn -0.864447 0.502724 0.000000
vn -0.403858 -0.914822 0.000000
vn -0.403858 -0.914822 0.000000
vn -0.877302 -0.479939 0.000000
vn -0.877302 -0.479939 0.000000
vn 0.427651 -0.903944 0.000000
vn 0.427651 -0.903944 0.000000
vn 0.864447 0.502724 0.000000
vn 0.864447 0.502724 0.000000
vn 0.403859 -0.914821 -0.000000
vn 0.403859 -0.914821 -0.000000
vn -0.877302 0.479939 -0.000000
vn -0.877302 0.479939 -0.000000
vn 0.427650 0.903944 -0.000000
vn 0.427650 0.903944 -0.000000
vn 0.000000 0.000000 -1.000000
vn 0.000000 0.000000 -1.000000
vn 0.000000 0.000000 -1.000000
vn 0.000000 0.000000 1.000000
vn 0.000000 0.000000 1.000000
vn 0.000000 0.000000 1.000000
vn 0.000000 0.000000 -1.000000
vn 0.000000 0.000000 1.000000
vn 0.000000 0.000000 -1.000000
vn 0.000000 0.000000 -1.000000
vn 0.000000 0.000000 -1.000000
vn 0.000000 0.000000 1.000000
vn 0.000000 0.000000 1.000000
vn 0.000000 0.000000 1.000000
vn 0.000000 0.000000 -1.000000
vn 0.000000 0.000000 1.000000
vn 0.000000 0.000000 -1.000000
vn 0.000000 0.000000 -1.000000
vn 0.000000 0.000000 -1.000000
vn 0.000000 0.000000 1.000000
vn 0.000000 0.000000 1.000000
vn 0.000000 0.000000 1.000000
vn 0.000000 0.000000 -1.000000
vn 0.000000 0.000000 1.000000
vn 0.000000 0.000000 -1.000000
vn 0.000000 0.000000 -1.000000
vn 0.000000 0.000000 -1.000000
vn 0.000000 0.000000 1.000000
vn 0.000000 0.000000 1.000000
vn 0.000000 0.000000 1.000000
vn 0.000000 0.000000 -1.000000
vn 0.000000 0.000000 1.000000
s 1
g chainber Revolver
f 1181/2332/2245 1182/2333/2246 1183/2326/2247 1184/2329/2248
f 1181/2332/2245 1194/2336/2249 1195/2337/2250 1182/2333/2246
f 1183/2326/2247 1205/2327/2251 1206/2328/2252 1184/2329/2248
s 2
f 1181/2646/2253 1185/2647/2254 1207/2648/2255 1194/2649/2256
s 3
f 1187/2518/2257 1203/2519/2258 1202/2520/2259 1188/2521/2260
f 1188/2521/2260 1202/2520/2259 1201/2526/2261 1189/2527/2262
f 1189/2527/2262 1201/2526/2261 1200/2528/2263 1190/2529/2264
f 1190/2368/2264 1200/2369/2263 1199/2363/2265 1191/2362/2266
s 1
f 1194/2336/2249 1217/2340/2267 1218/2341/2268 1195/2337/2250
s 4
f 1182/2782/2269 1195/2783/2270 1219/2784/2271 1196/2785/2272
s 1
f 1205/2327/2251 1226/2330/2273 1225/2331/2274 1206/2328/2252
s 3
f 1208/2344/2275 1224/2345/2276 1223/2346/2277 1209/2347/2278
f 1209/2347/2278 1223/2346/2277 1222/2350/2279 1210/2351/2280
f 1210/2351/2280 1222/2350/2279 1212/2354/2281 1211/2355/2282
f 1213/2358/2283 1214/2359/2284 1221/2360/2285 1215/2361/2286
s 1
f 1217/2530/2267 1242/2531/2287 1243/2532/2288 1218/2533/2268
f 1225/2331/2274 1226/2330/2273 1260/2334/2289 1259/2335/2290
s 6
f 1229/2380/2291 1250/2381/2292 1249/2377/2293 1230/2376/2294
f 1230/2376/2294 1249/2377/2293 1248/2378/2295 1231/2379/2296
f 1231/2379/2296 1248/2378/2295 1247/2382/2297 1232/2383/2298
f 1232/2383/2298 1247/2382/2297 1246/2384/2299 1233/2385/2300
s 3
f 1236/2356/2301 1258/2357/2302 1257/2353/2303 1237/2352/2304
f 1237/2352/2304 1257/2353/2303 1256/2349/2305 1238/2348/2306
f 1208/2344/2275 1238/2348/2306 1256/2349/2305 1224/2345/2276
f 1215/2361/2286 1221/2360/2285 1254/2366/2307 1240/2367/2308
s 1
f 1242/2531/2287 1278/2534/2309 1279/2535/2310 1243/2532/2288
f 1259/2335/2290 1260/2334/2289 1290/2338/2311 1289/2339/2312
s 6
f 1261/2536/2313 1283/2537/2314 1264/2538/2315 1262/2539/2316
f 1265/2388/2317 1266/2387/2318 1282/2390/2319 1268/2391/2320
f 1268/2550/2320 1282/2551/2319 1281/2552/2321 1269/2553/2322
f 1267/2554/2323 1269/2553/2322 1281/2552/2321 1280/2555/2324
s 3
f 1271/2372/2325 1277/2371/2326 1288/2374/2327 1272/2375/2328
f 1272/2560/2328 1288/2561/2327 1287/2562/2329 1273/2563/2330
f 1273/2563/2330 1287/2562/2329 1286/2564/2331 1274/2565/2332
f 1274/2565/2332 1286/2564/2331 1276/2566/2333 1275/2567/2334
s 2
f 1259/2700/2335 1289/2714/2336 1298/2715/2337 1270/2701/2338
s 1
f 1278/2438/2309 1299/2434/2339 1300/2435/2340 1279/2439/2310
s 4
f 1260/2849/2341 1285/2848/2342 1308/2852/2343 1290/2853/2344
s 1
f 1289/2339/2312 1290/2338/2311 1310/2342/2345 1309/2343/2346
s 6
f 1261/2536/2313 1292/2540/2347 1307/2541/2348 1283/2537/2314
f 1267/2554/2323 1280/2555/2324 1304/2556/2349 1294/2557/2350
f 1294/2557/2350 1304/2556/2349 1303/2558/2351 1295/2559/2352
f 1295/2402/2352 1303/2403/2351 1302/2397/2353 1296/2396/2354
s 1
f 1299/2434/2339 1327/2430/2355 1328/2431/2356 1300/2435/2340
f 1309/2572/2346 1310/2573/2345 1342/2574/2357 1341/2575/2358
s 2
f 1299/2713/2359 1316/2712/2360 1343/2716/2361 1327/2717/2362
s 6
f 1311/2392/2363 1318/2393/2364 1332/2394/2365 1312/2395/2366
f 1312/2395/2366 1332/2394/2365 1331/2400/2367 1313/2401/2368
f 1313/2401/2368 1331/2400/2367 1330/2404/2369 1314/2405/2370
f 1314/2405/2370 1330/2404/2369 1317/2406/2371 1315/2407/2372
s 12
f 1321/2408/2373 1339/2409/2374 1338/2410/2375 1322/2411/2376
f 1322/2411/2376 1338/2410/2375 1337/2416/2377 1323/2417/2378
f 1323/2417/2378 1337/2416/2377 1336/2420/2379 1324/2421/2380
f 1324/2421/2380 1336/2420/2379 1335/2422/2381 1325/2423/2382
s 1
f 1327/2430/2355 1353/2424/2383 1354/2427/2384 1328/2431/2356
s 4
f 1300/2836/2385 1328/2850/2386 1355/2851/2387 1329/2837/2388
s 1
f 1341/2575/2358 1342/2574/2357 1362/2576/2389 1361/2577/2390
s 12
f 1344/2578/2391 1360/2579/2392 1359/2580/2393 1345/2581/2394
f 1345/2581/2394 1359/2580/2393 1358/2584/2395 1346/2585/2396
f 1346/2418/2396 1358/2419/2395 1348/2414/2397 1347/2413/2398
f 1349/2588/2399 1350/2589/2400 1357/2590/2401 1352/2591/2402
s 1
f 1353/2424/2383 1378/2425/2403 1379/2426/2404 1354/2427/2384
f 1361/2440/2390 1362/2441/2389 1396/2437/2405 1395/2436/2406
s 15
f 1365/2451/2407 1385/2450/2408 1384/2456/2409 1366/2457/2410
f 1366/2602/2410 1384/2603/2409 1383/2604/2411 1367/2605/2412
f 1367/2605/2412 1383/2604/2411 1382/2606/2413 1368/2607/2414
f 1368/2607/2414 1382/2606/2413 1381/2608/2415 1369/2609/2416
s 12
f 1372/2487/2417 1393/2486/2418 1392/2488/2419 1373/2489/2420
f 1373/2586/2420 1392/2587/2419 1391/2583/2421 1374/2582/2422
f 1344/2578/2391 1374/2582/2422 1391/2583/2421 1360/2579/2392
f 1352/2591/2402 1357/2590/2401 1389/2596/2423 1377/2597/2424
s 1
f 1378/2425/2403 1414/2428/2425 1415/2429/2426 1379/2426/2404
f 1395/2436/2406 1396/2437/2405 1426/2433/2427 1425/2432/2428
s 15
f 1398/2442/2429 1419/2443/2430 1400/2444/2431 1399/2445/2432
f 1401/2464/2433 1402/2465/2434 1418/2461/2435 1403/2460/2436
f 1403/2460/2436 1418/2461/2435 1417/2462/2437 1404/2463/2438
f 1404/2463/2438 1417/2462/2437 1416/2466/2439 1405/2467/2440
s 12
f 1407/2478/2441 1413/2479/2442 1423/2475/2443 1408/2474/2444
f 1408/2474/2444 1423/2475/2443 1422/2476/2445 1409/2477/2446
f 1409/2477/2446 1422/2476/2445 1421/2480/2447 1410/2481/2448
f 1410/2481/2448 1421/2480/2447 1412/2482/2449 1411/2483/2450
s 2
f 1395/2768/2451 1425/2781/2452 1434/2780/2453 1406/2769/2454
s 1
f 1414/2428/2425 1425/2432/2428 1426/2433/2427 1415/2429/2426
s 4
f 1396/2917/2455 1424/2916/2456 1442/2905/2457 1426/2904/2458
s 15
f 1398/2442/2429 1428/2446/2459 1441/2447/2460 1419/2443/2430
f 1405/2467/2440 1416/2466/2439 1438/2468/2461 1430/2469/2462
f 1430/2469/2462 1438/2468/2461 1437/2470/2463 1431/2471/2464
f 1431/2471/2464 1437/2470/2463 1436/2472/2465 1432/2473/2466
f 1443/2614/2467 1449/2615/2468 1452/2616/2469 1444/2617/2470
f 1444/2617/2470 1452/2616/2469 1451/2622/2471 1445/2623/2472
f 1445/2623/2472 1451/2622/2471 1450/2624/2473 1446/2625/2474
f 1446/2458/2474 1450/2459/2473 1448/2454/2475 1447/2453/2476
s 20
f 1185/2490/2477 1193/2491/2478 1197/2492/2479 1196/2493/2480
f 1185/2490/2477 1196/2493/2480 1219/2496/2481 1207/2497/2482
f 1193/2491/2478 1216/2494/2483 1220/2495/2484 1197/2492/2479
f 1207/2626/2482 1219/2627/2481 1244/2628/2485 1227/2629/2486
f 1216/2494/2483 1239/2498/2487 1252/2499/2488 1220/2495/2484
f 1227/2629/2486 1244/2628/2485 1284/2630/2489 1263/2631/2490
f 1239/2498/2487 1270/2500/2491 1285/2501/2492 1252/2499/2488
f 1263/2631/2490 1284/2630/2489 1306/2632/2493 1293/2633/2494
f 1270/2500/2491 1298/2502/2495 1308/2503/2496 1285/2501/2492
f 1293/2633/2494 1306/2632/2493 1329/2634/2497 1316/2635/2498
f 1298/2636/2495 1319/2637/2499 1333/2638/2500 1308/2639/2496
f 1316/2508/2498 1329/2509/2497 1355/2505/2501 1343/2504/2502
f 1319/2637/2499 1351/2640/2503 1356/2641/2504 1333/2638/2500
f 1343/2504/2502 1355/2505/2501 1387/2506/2505 1363/2507/2506
f 1351/2640/2503 1376/2642/2507 1390/2643/2508 1356/2641/2504
f 1363/2507/2506 1387/2506/2505 1420/2510/2509 1397/2511/2510
f 1376/2642/2507 1406/2644/2511 1424/2645/2512 1390/2643/2508
f 1397/2511/2510 1420/2510/2509 1440/2512/2513 1429/2513/2514
f 1406/2516/2511 1434/2515/2515 1442/2514/2516 1424/2517/2512
f 1429/2513/2514 1440/2512/2513 1442/2514/2516 1434/2515/2515
s 2
f 1181/2646/2253 1184/2650/2517 1186/2651/2518 1187/2652/2519 1188/2653/2520 1189/2654/2521 1190/2655/2522 1191/2656/2523 1192/2657/2524 1193/2658/2525 1185/2647/2254
s 4
f 1182/2782/2269 1196/2785/2272 1197/2795/2526 1198/2796/2527 1199/2797/2528 1200/2798/2529 1201/2799/2530 1202/2800/2531 1203/2801/2532 1204/2802/2533 1183/2803/2534
s 2
f 1194/2649/2256 1207/2648/2255 1227/2659/2535 1228/2660/2536 1229/2661/2537 1230/2662/2538 1231/2663/2539 1232/2664/2540 1233/2665/2541 1234/2666/2542 1217/2667/2543
s 4
f 1195/2783/2270 1218/2786/2544 1245/2787/2545 1246/2788/2546 1247/2789/2547 1248/2790/2548 1249/2791/2549 1250/2792/2550 1251/2793/2551 1244/2794/2552 1219/2784/2271
s 2
f 1225/2684/2553 1259/2700/2335 1270/2701/2338 1239/2691/2554 1241/2690/2555 1271/2702/2556 1272/2703/2557 1273/2704/2558 1274/2705/2559 1275/2706/2560 1235/2685/2561
s 4
f 1226/2835/2562 1255/2834/2563 1276/2843/2564 1286/2844/2565 1287/2845/2566 1288/2846/2567 1277/2847/2568 1253/2829/2569 1252/2828/2570 1285/2848/2342 1260/2849/2341
s 2
f 1278/2699/2571 1297/2698/2572 1311/2707/2573 1312/2708/2574 1313/2709/2575 1314/2710/2576 1315/2711/2577 1291/2693/2578 1293/2692/2579 1316/2712/2360 1299/2713/2359
f 1289/2714/2336 1309/2718/2580 1320/2719/2581 1321/2720/2582 1322/2721/2583 1323/2722/2584 1324/2723/2585 1325/2724/2586 1326/2725/2587 1319/2726/2588 1298/2715/2337
s 4
f 1279/2820/2589 1300/2836/2385 1329/2837/2388 1306/2827/2590 1305/2826/2591 1317/2838/2592 1330/2839/2593 1331/2840/2594 1332/2841/2595 1318/2842/2596 1301/2821/2597
f 1290/2853/2344 1308/2852/2343 1333/2863/2598 1334/2864/2599 1335/2865/2600 1336/2866/2601 1337/2867/2602 1338/2868/2603 1339/2869/2604 1340/2870/2605 1310/2871/2606
s 2
f 1327/2717/2362 1343/2716/2361 1363/2727/2607 1364/2728/2608 1365/2729/2609 1366/2730/2610 1367/2731/2611 1368/2732/2612 1369/2733/2613 1370/2734/2614 1353/2735/2615
s 4
f 1328/2850/2386 1354/2854/2616 1380/2855/2617 1381/2856/2618 1382/2857/2619 1383/2858/2620 1384/2859/2621 1385/2860/2622 1386/2861/2623 1387/2862/2624 1355/2851/2387
s 2
f 1361/2752/2625 1395/2768/2451 1406/2769/2454 1376/2759/2626 1375/2758/2627 1407/2770/2628 1408/2771/2629 1409/2772/2630 1410/2773/2631 1411/2774/2632 1371/2753/2633
s 4
f 1362/2903/2634 1394/2902/2635 1412/2911/2636 1421/2912/2637 1422/2913/2638 1423/2914/2639 1413/2915/2640 1388/2897/2641 1390/2896/2642 1424/2916/2456 1396/2917/2455
s 2
f 1414/2767/2643 1433/2766/2644 1443/2775/2645 1444/2776/2646 1445/2777/2647 1446/2778/2648 1447/2779/2649 1427/2761/2650 1429/2760/2651 1434/2780/2453 1425/2781/2452
s 4
f 1415/2888/2652 1426/2904/2458 1442/2905/2457 1440/2895/2653 1439/2894/2654 1448/2906/2655 1450/2907/2656 1451/2908/2657 1452/2909/2658 1449/2910/2659 1435/2889/2660
s 2
f 1184/2650/2517 1206/2668/2661 1208/2669/2662 1209/2670/2663 1210/2671/2664 1211/2672/2665 1186/2651/2518
s 4
f 1183/2803/2534 1204/2802/2533 1212/2815/2666 1222/2816/2667 1223/2817/2668 1224/2818/2669 1205/2819/2670
s 2
f 1206/2668/2661 1225/2684/2553 1235/2685/2561 1236/2686/2671 1237/2687/2672 1238/2688/2673 1208/2669/2662
s 4
f 1205/2819/2670 1224/2818/2669 1256/2831/2674 1257/2832/2675 1258/2833/2676 1255/2834/2563 1226/2835/2562
s 2
f 1217/2667/2543 1234/2666/2542 1265/2679/2677 1268/2680/2678 1269/2681/2679 1267/2682/2680 1242/2683/2681
s 4
f 1218/2786/2544 1243/2804/2682 1280/2805/2683 1281/2806/2684 1282/2807/2685 1266/2808/2686 1245/2787/2545
s 2
f 1242/2683/2681 1267/2682/2680 1294/2695/2687 1295/2696/2688 1296/2697/2689 1297/2698/2572 1278/2699/2571
s 4
f 1243/2804/2682 1279/2820/2589 1301/2821/2597 1302/2822/2690 1303/2823/2691 1304/2824/2692 1280/2805/2683
s 2
f 1309/2718/2580 1341/2736/2693 1344/2737/2694 1345/2738/2695 1346/2739/2696 1347/2740/2697 1320/2719/2581
s 4
f 1310/2871/2606 1340/2870/2605 1348/2883/2698 1358/2884/2699 1359/2885/2700 1360/2886/2701 1342/2887/2702
s 2
f 1341/2736/2693 1361/2752/2625 1371/2753/2633 1372/2754/2703 1373/2755/2704 1374/2756/2705 1344/2737/2694
s 4
f 1342/2887/2702 1360/2886/2701 1391/2899/2706 1392/2900/2707 1393/2901/2708 1394/2902/2635 1362/2903/2634
s 2
f 1353/2735/2615 1370/2734/2614 1401/2747/2709 1403/2748/2710 1404/2749/2711 1405/2750/2712 1378/2751/2713
s 4
f 1354/2854/2616 1379/2872/2714 1416/2873/2715 1417/2874/2716 1418/2875/2717 1402/2876/2718 1380/2855/2617
s 2
f 1378/2751/2713 1405/2750/2712 1430/2763/2719 1431/2764/2720 1432/2765/2721 1433/2766/2644 1414/2767/2643
s 4
f 1379/2872/2714 1415/2888/2652 1435/2889/2660 1436/2890/2722 1437/2891/2723 1438/2892/2724 1416/2873/2715
s 3
f 1186/2522/2725 1211/2523/2282 1212/2524/2281 1204/2525/2726 1203/2519/2258 1187/2518/2257
f 1191/2362/2266 1199/2363/2265 1198/2364/2727 1214/2359/2284 1213/2358/2283 1192/2365/2728
s 6
f 1228/2542/2729 1262/2539/2316 1264/2538/2315 1251/2543/2730 1250/2544/2292 1229/2545/2291
f 1233/2385/2300 1246/2384/2299 1245/2386/2731 1266/2387/2318 1265/2388/2317 1234/2389/2732
s 3
f 1235/2568/2733 1275/2567/2334 1276/2566/2333 1255/2569/2734 1258/2570/2302 1236/2571/2301
f 1240/2367/2308 1254/2366/2307 1253/2370/2735 1277/2371/2326 1271/2372/2325 1241/2373/2736
s 6
f 1291/2546/2737 1315/2547/2372 1317/2548/2371 1305/2549/2738 1307/2541/2348 1292/2540/2347
f 1296/2396/2354 1302/2397/2353 1301/2398/2739 1318/2393/2364 1311/2392/2363 1297/2399/2740
s 12
f 1320/2412/2741 1347/2413/2398 1348/2414/2397 1340/2415/2742 1339/2409/2374 1321/2408/2373
f 1325/2592/2382 1335/2593/2381 1334/2594/2743 1350/2589/2400 1349/2588/2399 1326/2595/2744
s 15
f 1364/2448/2745 1399/2445/2432 1400/2444/2431 1386/2449/2746 1385/2450/2408 1365/2451/2407
f 1369/2609/2416 1381/2608/2415 1380/2610/2747 1402/2611/2434 1401/2612/2433 1370/2613/2748
s 12
f 1371/2484/2749 1411/2483/2450 1412/2482/2449 1394/2485/2750 1393/2486/2418 1372/2487/2417
f 1375/2598/2751 1377/2597/2424 1389/2596/2423 1388/2599/2752 1413/2600/2442 1407/2601/2441
s 15
f 1427/2452/2753 1447/2453/2476 1448/2454/2475 1439/2455/2754 1441/2447/2460 1428/2446/2459
f 1432/2618/2466 1436/2619/2465 1435/2620/2755 1449/2615/2468 1443/2614/2467 1433/2621/2756
s 2
f 1192/2657/2524 1213/2673/2757 1215/2674/2758 1216/2675/2759 1193/2658/2525
s 4
f 1197/2795/2526 1220/2812/2760 1221/2813/2761 1214/2814/2762 1198/2796/2527
s 2
f 1215/2674/2758 1240/2689/2763 1241/2690/2555 1239/2691/2554 1216/2675/2759
s 4
f 1220/2812/2760 1252/2828/2570 1253/2829/2569 1254/2830/2764 1221/2813/2761
s 2
f 1227/2659/2535 1263/2676/2765 1261/2677/2766 1262/2678/2767 1228/2660/2536
s 4
f 1244/2794/2552 1251/2793/2551 1264/2809/2768 1283/2810/2769 1284/2811/2770
s 2
f 1261/2677/2766 1263/2676/2765 1293/2692/2579 1291/2693/2578 1292/2694/2771
s 4
f 1283/2810/2769 1307/2825/2772 1305/2826/2591 1306/2827/2590 1284/2811/2770
s 2
f 1319/2726/2588 1326/2725/2587 1349/2741/2773 1352/2742/2774 1351/2743/2775
s 4
f 1333/2863/2598 1356/2880/2776 1357/2881/2777 1350/2882/2778 1334/2864/2599
s 2
f 1351/2743/2775 1352/2742/2774 1377/2757/2779 1375/2758/2627 1376/2759/2626
s 4
f 1356/2880/2776 1390/2896/2642 1388/2897/2641 1389/2898/2780 1357/2881/2777
s 2
f 1363/2727/2607 1397/2744/2781 1398/2745/2782 1399/2746/2783 1364/2728/2608
s 4
f 1386/2861/2623 1400/2877/2784 1419/2878/2785 1420/2879/2786 1387/2862/2624
s 2
f 1397/2744/2781 1429/2760/2651 1427/2761/2650 1428/2762/2787 1398/2745/2782
s 4
f 1419/2878/2785 1441/2893/2788 1439/2894/2654 1440/2895/2653 1420/2879/2786
g default
v -0.730381 6.400887 -2.247399
v -0.717786 6.458042 -2.047399
v -0.692596 6.572354 -2.047399
v -0.680002 6.629510 -2.247399
v -0.647693 6.776124 -2.277262
v -0.619587 6.903673 -2.114884
v -0.596314 7.009283 -2.159678
v -0.601149 6.987345 -2.366852
v -0.573759 7.111639 -2.451895
v -0.534420 7.290162 -2.351858
v -0.516608 7.370992 -2.434628
v -0.538135 7.273300 -2.617434
v -0.519834 7.356350 -2.744710
v -0.475251 7.558670 -2.722246
v -0.465611 7.602415 -2.830389
v -0.500555 7.443841 -2.960998
v -0.494128 7.473004 -3.111130
v -0.451089 7.668318 -3.169657
v -0.451089 7.668318 -3.286712
v -0.494128 7.473004 -3.345239
v -0.500555 7.443841 -3.495371
v -0.465611 7.602415 -3.625979
v -0.475251 7.558670 -3.734123
v -0.519834 7.356350 -3.711659
v -0.538135 7.273300 -3.838935
v -0.516608 7.370992 -4.021741
v -0.534420 7.290162 -4.104511
v -0.573759 7.111639 -4.004474
v -0.601149 6.987345 -4.089517
v -0.596314 7.009283 -4.296690
v -0.619587 6.903673 -4.341485
v -0.647693 6.776124 -4.179107
v -0.680002 6.629509 -4.208970
v -0.692596 6.572354 -4.408970
v -0.717786 6.458042 -4.408970
v -0.730381 6.400887 -4.208970
v -0.762689 6.254272 -4.179107
v -0.790796 6.126723 -4.341485
v -0.814068 6.021113 -4.296690
v -0.809234 6.043051 -4.089517
v -0.836624 5.918757 -4.004474
v -0.875963 5.740234 -4.104510
v -0.893775 5.659404 -4.021740
v -0.872247 5.757096 -3.838934
v -0.890548 5.674046 -3.711658
v -0.935132 5.471726 -3.734123
v -0.944771 5.427981 -3.625979
v -0.909828 5.586555 -3.495371
v -0.916254 5.557392 -3.345239
v -0.959294 5.362078 -3.286711
v -0.959294 5.362078 -3.169657
v -0.916254 5.557392 -3.111130
v -0.909828 5.586555 -2.960998
v -0.944771 5.427982 -2.830389
v -0.935132 5.471727 -2.722245
v -0.890548 5.674046 -2.744710
v -0.872247 5.757097 -2.617434
v -0.893775 5.659404 -2.434628
v -0.875963 5.740234 -2.351858
v -0.836624 5.918758 -2.451895
v -0.809234 6.043052 -2.366852
v -0.814068 6.021113 -2.159678
v -0.790796 6.126723 -2.114884
v -0.762689 6.254272 -2.277262
v -0.453677 6.339911 -2.247399
v -0.441082 6.397068 -2.047399
v -0.415892 6.511379 -2.047399
v -0.342883 6.842698 -2.114884
v -0.319610 6.948308 -2.159678
v -0.257716 7.229187 -2.351858
v -0.239904 7.310018 -2.434628
v -0.198547 7.497694 -2.722246
v -0.188907 7.541440 -2.830389
v -0.174385 7.607343 -3.169657
v -0.174385 7.607343 -3.286712
v -0.188907 7.541440 -3.625979
v -0.198547 7.497694 -3.734123
v -0.239904 7.310018 -4.021741
v -0.257716 7.229187 -4.104511
v -0.319610 6.948308 -4.296690
v -0.342883 6.842698 -4.341485
v -0.415892 6.511379 -4.408970
v -0.441082 6.397068 -4.408970
v -0.514092 6.065748 -4.341485
v -0.537364 5.960138 -4.296690
v -0.599259 5.679260 -4.104510
v -0.617071 5.598429 -4.021740
v -0.658428 5.410752 -3.734123
v -0.668067 5.367007 -3.625979
v -0.682590 5.301103 -3.286711
v -0.682590 5.301103 -3.169657
v -0.668067 5.367007 -2.830389
v -0.658428 5.410752 -2.722245
v -0.617071 5.598429 -2.434628
v -0.599259 5.679260 -2.351858
v -0.537364 5.960138 -2.159678
v -0.514092 6.065749 -2.114884
v -0.711519 6.486482 -2.929629
v -0.698864 6.543914 -2.929629
v -0.686451 6.600243 -2.941102
v -0.674758 6.653304 -2.963608
v -0.664235 6.701057 -2.996281
v -0.655286 6.741668 -3.037867
v -0.648255 6.773576 -3.086766
v -0.643412 6.795554 -3.141099
v -0.640943 6.806758 -3.198779
v -0.640943 6.806758 -3.257590
v -0.643412 6.795554 -3.315270
v -0.648255 6.773576 -3.369604
v -0.655286 6.741668 -3.418503
v -0.664235 6.701057 -3.460088
v -0.674758 6.653304 -3.492761
v -0.686451 6.600243 -3.515267
v -0.698864 6.543914 -3.526740
v -0.711519 6.486482 -3.526740
v -0.723932 6.430153 -3.515267
v -0.735624 6.377092 -3.492761
v -0.746147 6.329339 -3.460088
v -0.755096 6.288728 -3.418502
v -0.762128 6.256821 -3.369603
v -0.766971 6.234842 -3.315270
v -0.769440 6.223638 -3.257590
v -0.769440 6.223638 -3.198779
v -0.766971 6.234842 -3.141099
v -0.762128 6.256821 -3.086765
v -0.755096 6.288728 -3.037866
v -0.746147 6.329339 -2.996281
v -0.735624 6.377092 -2.963608
v -0.723932 6.430153 -2.941102
v -0.403298 6.568535 -2.247399
v -0.370989 6.715149 -2.277262
v -0.324445 6.926370 -2.366852
v -0.297055 7.050664 -2.451895
v -0.261431 7.212325 -2.617434
v -0.243130 7.295375 -2.744710
v -0.223851 7.382866 -2.960998
v -0.217424 7.412029 -3.111130
v -0.217424 7.412029 -3.345239
v -0.223851 7.382866 -3.495371
v -0.243130 7.295375 -3.711659
v -0.261431 7.212325 -3.838935
v -0.297055 7.050664 -4.004474
v -0.324445 6.926370 -4.089517
v -0.370989 6.715149 -4.179107
v -0.403298 6.568535 -4.208970
v -0.453677 6.339911 -4.208970
v -0.485985 6.193297 -4.179107
v -0.532530 5.982077 -4.089517
v -0.559920 5.857783 -4.004474
v -0.595543 5.696122 -3.838934
v -0.613844 5.613071 -3.711658
v -0.633124 5.525581 -3.495371
v -0.639550 5.496418 -3.345239
v -0.639550 5.496418 -3.111130
v -0.633124 5.525581 -2.960998
v -0.613844 5.613071 -2.744710
v -0.595543 5.696122 -2.617434
v -0.559919 5.857783 -2.451895
v -0.532530 5.982077 -2.366852
v -0.485985 6.193297 -2.277262
v -0.000000 7.596509 -6.479722
v 0.122501 7.531388 -6.479722
v -0.000000 7.591937 -5.963960
v 0.122501 7.531388 -5.963960
v -0.122501 7.577106 -6.479722
v -0.122501 7.572535 -5.963960
v 0.122501 7.065845 -6.479722
v -0.000000 7.130966 -6.479722
v -0.000000 7.126394 -5.963960
v 0.122501 7.065845 -5.963960
v -0.122501 7.111563 -6.479722
v -0.122501 7.106991 -5.963960
v 0.377021 5.847578 -1.322101
v 0.320713 5.737067 -1.322101
v 0.233012 5.649366 -1.322101
v 0.122501 5.593058 -1.322101
v 0.000000 5.573656 -1.322101
v -0.122501 5.593058 -1.322101
v -0.233012 5.649366 -1.322101
v -0.320713 5.737067 -1.322101
v -0.377021 5.847578 -1.322101
v -0.396423 5.970079 -1.322101
v -0.377021 6.092580 -1.322101
v -0.320713 6.203090 -1.322101
v -0.233011 6.290792 -1.322101
v -0.122501 6.310445 -1.322101
v -0.000000 6.292389 -1.322101
v 0.122501 6.310445 -1.322101
v 0.233011 6.290792 -1.322101
v 0.320713 6.203090 -1.322101
v 0.377020 6.092580 -1.322101
v 0.396423 5.970079 -1.322101
v 0.377021 5.847578 -7.052791
v 0.320713 5.737067 -7.052791
v 0.233012 5.649366 -7.052791
v 0.122501 5.593058 -7.052791
v 0.000000 5.573656 -7.052791
v -0.122501 5.593058 -7.052791
v -0.233012 5.649366 -7.052791
v -0.320713 5.737067 -7.052791
v -0.377021 5.847578 -7.052791
v -0.396423 5.970079 -7.052791
v -0.377021 6.092580 -7.052791
v -0.320713 6.203090 -7.052791
v -0.233011 6.290792 -7.052791
v -0.122501 6.310445 -7.052791
v -0.000000 6.292389 -7.052791
v 0.122501 6.310445 -7.052791
v 0.233011 6.290792 -7.052791
v 0.320713 6.203090 -7.052791
v 0.377020 6.092580 -7.052791
v 0.396423 5.970079 -7.052791
v 0.320713 6.455812 -7.052791
v 0.407502 6.497934 -7.052791
v 0.377021 6.566323 -1.322101
v 0.320713 6.455812 -1.322101
v 0.396423 6.688824 -7.052791
v 0.396423 6.688824 -1.322101
v 0.233012 6.368111 -7.052791
v 0.233012 6.368111 -1.322101
v 0.422533 6.811326 -7.052791
v 0.377020 6.811326 -1.322101
v 0.346170 6.958066 -7.052791
v 0.320713 6.921835 -1.322101
v 0.233011 7.009537 -7.052791
v 0.233011 7.009537 -1.322101
v 0.122501 7.065845 -7.052791
v 0.122501 7.065845 -1.322101
v -0.304270 6.263106 -7.052791
v -0.233012 6.368111 -1.322101
v -0.000000 7.136046 -7.052791
v -0.000000 7.085247 -1.322101
v -0.320713 6.455812 -7.052791
v -0.320713 6.455812 -1.322101
v -0.122501 7.116643 -7.052791
v -0.122501 7.065845 -1.322101
v -0.437375 6.566323 -7.052791
v -0.377021 6.566323 -1.322101
v -0.233011 7.009537 -7.052791
v -0.233011 7.009537 -1.322101
v -0.396423 6.688824 -7.052791
v -0.396423 6.688824 -1.322101
v -0.359354 6.976976 -7.052791
v -0.320713 6.921835 -1.322101
v -0.377021 6.811326 -1.322101
v -0.377021 6.811326 -7.052791
v 0.404454 6.504773 -6.479722
v 0.320713 6.455812 -6.479722
v 0.233012 6.368111 -6.479722
v 0.122501 6.311804 -6.479722
v 0.000000 6.292401 -6.479722
v -0.122501 6.311804 -6.479722
v -0.297144 6.273606 -6.479722
v -0.320713 6.455812 -6.479722
v -0.431339 6.566323 -6.479722
v -0.396423 6.688824 -6.479722
v -0.377021 6.811326 -6.479722
v -0.355490 6.971462 -6.479722
v -0.233011 7.009536 -6.479722
v 0.233011 7.009536 -6.479722
v 0.343624 6.954443 -6.479722
v 0.417981 6.811325 -6.479722
v 0.396423 6.688824 -6.479722
v 0.320713 6.455812 -5.963960
v 0.401710 6.510928 -5.963960
v 0.396423 6.688824 -5.963960
v 0.413885 6.811325 -5.963960
v 0.341333 6.951181 -5.963960
v 0.233011 7.009536 -5.963960
v -0.233011 7.009536 -5.963960
v -0.352012 6.966499 -5.963960
v -0.377021 6.811326 -5.963960
v -0.396423 6.688824 -5.963960
v -0.425907 6.566323 -5.963960
v -0.320713 6.455812 -5.963960
v -0.290731 6.283057 -5.963960
v -0.122501 6.311804 -5.963960
v 0.000000 6.292401 -5.963960
v 0.122501 6.311804 -5.963960
v 0.233012 6.368111 -5.963960
v -0.000000 5.961871 -7.052790
v 0.278980 6.512102 -7.053022
v 0.355440 6.527374 -7.053105
v 0.342276 6.538719 -6.480090
v 0.277489 6.511939 -6.479954
v 0.326280 6.693786 -7.053013
v 0.325734 6.693468 -6.479947
v 0.191372 6.425423 -6.479722
v 0.191885 6.424717 -7.052791
v 0.356339 6.801750 -7.053175
v 0.347959 6.800593 -6.480128
v 0.100610 6.379178 -6.479722
v 0.100880 6.378348 -7.052791
v 0.299515 6.909746 -7.053172
v 0.293983 6.903905 -6.480124
v 0.000000 6.363243 -6.479722
v 0.000000 6.362370 -7.052791
v 0.201701 6.945998 -7.052926
v 0.201165 6.946257 -6.479857
v -0.124585 6.382614 -6.479997
v -0.125350 6.381200 -7.053054
v 0.089295 7.003279 -7.052928
v 0.089772 7.003017 -6.479861
v -0.256366 6.331529 -6.480506
v -0.277440 6.301276 -7.053308
v -0.011584 7.070057 -7.053238
v -0.011713 7.061101 -6.480195
v -0.257151 6.487088 -6.480136
v -0.260800 6.484965 -7.053174
v -0.092616 7.055932 -7.053215
v -0.091589 7.047824 -6.480166
v -0.362771 6.584119 -6.480083
v -0.378846 6.581239 -7.053100
v -0.198994 6.949735 -7.053102
v -0.197616 6.948172 -6.480043
v -0.327257 6.673512 -6.479902
v -0.327603 6.672806 -7.052969
v -0.314514 6.938671 -7.053126
v -0.301387 6.925732 -6.480124
v -0.306924 6.801082 -6.479863
v -0.306869 6.801554 -7.052930
v 0.272248 6.507481 -5.964180
v 0.337158 6.540107 -5.964305
v 0.314371 6.590590 -1.322412
v 0.268398 6.503464 -1.322308
v 0.191372 6.425423 -5.963960
v 0.191885 6.424717 -1.322101
v 0.100610 6.379178 -5.963960
v 0.100880 6.378348 -1.322101
v 0.000000 6.363243 -5.963960
v 0.000000 6.362370 -1.322101
v -0.118570 6.382535 -5.964273
v -0.113475 6.382035 -1.322445
v -0.249644 6.340760 -5.964744
v -0.197249 6.417942 -1.322780
v -0.258389 6.489488 -5.964415
v -0.259837 6.491294 -1.322585
v -0.357776 6.585724 -5.964318
v -0.313032 6.585764 -1.322438
v -0.326410 6.678021 -5.964144
v -0.326048 6.681827 -1.322287
v -0.307446 6.797990 -5.964114
v -0.308167 6.795419 -1.322265
v -0.296624 6.922335 -5.964359
v -0.267910 6.881535 -1.322473
v -0.195513 6.949434 -5.964290
v -0.193850 6.950526 -1.322437
v -0.094010 7.042134 -5.964407
v -0.096732 7.001785 -1.322540
v -0.008372 7.056051 -5.964433
v -0.005448 7.016591 -1.322560
v 0.092775 7.001542 -5.964105
v 0.095432 7.000612 -1.322250
v 0.198110 6.947889 -5.964096
v 0.195768 6.949574 -1.322237
v 0.289207 6.903211 -5.964357
v 0.268057 6.877223 -1.322484
v 0.344479 6.797147 -5.964362
v 0.310108 6.794836 -1.322488
v 0.325639 6.691658 -5.964195
v 0.325622 6.690206 -1.322345
vt 0.926342 0.424431
vt 0.934332 0.426714
vt 0.934332 0.431281
vt 0.926342 0.433564
vt 0.899090 0.427850
vt 0.899090 0.430145
vt 0.898632 0.425600
vt 0.925149 0.418574
vt 0.925149 0.439420
vt 0.898632 0.432395
vt 0.897733 0.423481
vt 0.921571 0.410137
vt 0.921571 0.447858
vt 0.897733 0.434514
vt 0.896428 0.421573
vt 0.918174 0.405172
vt 0.929846 0.409261
vt 0.931636 0.413479
vt 0.931636 0.444515
vt 0.929846 0.448734
vt 0.918173 0.452823
vt 0.896428 0.436422
vt 0.894766 0.419951
vt 0.911561 0.398714
vt 0.911561 0.459280
vt 0.894766 0.438044
vt 0.892813 0.418676
vt 0.906477 0.395397
vt 0.918863 0.394812
vt 0.922170 0.398041
vt 0.922170 0.459954
vt 0.918863 0.463183
vt 0.906477 0.462598
vt 0.892813 0.439319
vt 0.890643 0.417798
vt 0.897837 0.391902
vt 0.897837 0.466093
vt 0.890643 0.440196
vt 0.888339 0.417351
vt 0.891840 0.390737
vt 0.903054 0.385568
vt 0.907374 0.387315
vt 0.907374 0.470680
vt 0.903054 0.472427
vt 0.891840 0.467258
vt 0.888339 0.440644
vt 0.885989 0.417351
vt 0.882488 0.390737
vt 0.882488 0.467258
vt 0.885989 0.440644
vt 0.883685 0.417798
vt 0.876491 0.391902
vt 0.884826 0.382935
vt 0.889502 0.382935
vt 0.889502 0.475060
vt 0.884826 0.475060
vt 0.876491 0.466093
vt 0.883685 0.440196
vt 0.881515 0.418676
vt 0.867851 0.395397
vt 0.867851 0.462598
vt 0.881515 0.439319
vt 0.879562 0.419951
vt 0.862767 0.398714
vt 0.866954 0.387315
vt 0.871274 0.385568
vt 0.871274 0.472427
vt 0.866954 0.470680
vt 0.862767 0.459280
vt 0.879562 0.438044
vt 0.877900 0.421573
vt 0.856154 0.405172
vt 0.856154 0.452823
vt 0.877900 0.436422
vt 0.876595 0.423481
vt 0.852757 0.410137
vt 0.852158 0.398041
vt 0.855465 0.394812
vt 0.855465 0.463183
vt 0.852158 0.459954
vt 0.852757 0.447858
vt 0.876595 0.434514
vt 0.875696 0.425600
vt 0.849178 0.418574
vt 0.849178 0.439420
vt 0.875696 0.432395
vt 0.875238 0.427850
vt 0.847986 0.424431
vt 0.842692 0.413479
vt 0.844481 0.409261
vt 0.844481 0.448734
vt 0.842692 0.444515
vt 0.847986 0.433564
vt 0.875238 0.430145
vt 0.839996 0.431281
vt 0.839996 0.426714
vt 0.847986 0.339059
vt 0.839996 0.336776
vt 0.839996 0.332209
vt 0.847986 0.329926
vt 0.875238 0.335781
vt 0.875238 0.338075
vt 0.875696 0.340325
vt 0.849178 0.344915
vt 0.875696 0.333531
vt 0.849178 0.324070
vt 0.876595 0.342445
vt 0.852757 0.353353
vt 0.876595 0.331411
vt 0.852757 0.315632
vt 0.877900 0.344353
vt 0.856154 0.358318
vt 0.844482 0.354229
vt 0.842692 0.350010
vt 0.842692 0.318974
vt 0.844482 0.314756
vt 0.877900 0.329504
vt 0.856154 0.310667
vt 0.879562 0.345975
vt 0.862767 0.364776
vt 0.879562 0.327882
vt 0.862767 0.304209
vt 0.881515 0.347249
vt 0.867851 0.368093
vt 0.855465 0.368678
vt 0.852158 0.365449
vt 0.852158 0.303536
vt 0.855465 0.300307
vt 0.881515 0.326607
vt 0.867851 0.300892
vt 0.883685 0.348127
vt 0.876491 0.371588
vt 0.883685 0.325729
vt 0.876491 0.297397
vt 0.885989 0.348575
vt 0.882488 0.372753
vt 0.871274 0.377922
vt 0.866954 0.376175
vt 0.866954 0.292810
vt 0.871274 0.291063
vt 0.885989 0.325281
vt 0.882488 0.296232
vt 0.888339 0.348575
vt 0.891840 0.372753
vt 0.888339 0.325281
vt 0.891840 0.296232
vt 0.890643 0.348127
vt 0.897837 0.371588
vt 0.889502 0.380555
vt 0.884826 0.380555
vt 0.884826 0.288430
vt 0.889502 0.288430
vt 0.890643 0.325729
vt 0.897837 0.297397
vt 0.892813 0.347249
vt 0.906477 0.368093
vt 0.892813 0.326607
vt 0.906477 0.300892
vt 0.894766 0.345975
vt 0.911561 0.364776
vt 0.907374 0.376175
vt 0.903054 0.377922
vt 0.903054 0.291063
vt 0.907374 0.292810
vt 0.894766 0.327882
vt 0.911561 0.304209
vt 0.896428 0.344353
vt 0.918173 0.358318
vt 0.896428 0.329504
vt 0.918174 0.310667
vt 0.897733 0.342445
vt 0.921571 0.353353
vt 0.922170 0.365449
vt 0.918863 0.368678
vt 0.918863 0.300307
vt 0.922170 0.303536
vt 0.897733 0.331411
vt 0.921571 0.315632
vt 0.898632 0.340325
vt 0.925149 0.344915
vt 0.898632 0.333531
vt 0.925149 0.324070
vt 0.899090 0.338075
vt 0.926342 0.339059
vt 0.931636 0.350010
vt 0.929846 0.354229
vt 0.929846 0.314756
vt 0.931636 0.318974
vt 0.899090 0.335781
vt 0.926342 0.329926
vt 0.934332 0.332209
vt 0.934332 0.336776
vt 0.445485 0.511799
vt 0.445485 0.491196
vt 0.464082 0.491196
vt 0.464082 0.511799
vt 0.429903 0.533950
vt 0.429720 0.513347
vt 0.448317 0.513347
vt 0.448500 0.533950
vt 0.455067 0.489640
vt 0.455520 0.466750
vt 0.461701 0.466744
vt 0.461714 0.489636
vt 0.455575 0.446146
vt 0.461629 0.446142
vt 0.465981 0.466751
vt 0.466027 0.489642
vt 0.457592 0.260722
vt 0.461571 0.260719
vt 0.465843 0.446149
vt 0.470108 0.466751
vt 0.470341 0.489642
vt 0.454272 0.446141
vt 0.454112 0.260718
vt 0.465751 0.260725
vt 0.470080 0.446149
vt 0.450994 0.446133
vt 0.450966 0.260709
vt 0.469042 0.260725
vt 0.450994 0.466735
vt 0.454450 0.466744
vt 0.471932 0.260715
vt 0.471864 0.446138
vt 0.454457 0.489636
vt 0.450966 0.489627
vt 0.474404 0.260709
vt 0.481742 0.260715
vt 0.481827 0.283605
vt 0.475613 0.283590
vt 0.485587 0.260718
vt 0.485703 0.283607
vt 0.481922 0.304206
vt 0.475981 0.304193
vt 0.489245 0.260723
vt 0.489273 0.283614
vt 0.485767 0.304210
vt 0.481995 0.489628
vt 0.479064 0.489620
vt 0.494388 0.260724
vt 0.494369 0.283616
vt 0.489454 0.304217
vt 0.485768 0.489634
vt 0.499865 0.260716
vt 0.499349 0.283606
vt 0.494246 0.304218
vt 0.489606 0.489640
vt 0.499213 0.304208
vt 0.494143 0.489641
vt 0.497583 0.489633
vt 0.545832 0.489627
vt 0.541417 0.489627
vt 0.541417 0.260709
vt 0.545832 0.260709
vt 0.537914 0.489627
vt 0.537914 0.260709
vt 0.550725 0.489627
vt 0.550725 0.260709
vt 0.555619 0.489627
vt 0.555619 0.260709
vt 0.560033 0.489627
vt 0.560033 0.260709
vt 0.563536 0.489627
vt 0.563536 0.260709
vt 0.591318 0.260709
vt 0.595732 0.260709
vt 0.595732 0.489627
vt 0.591318 0.489627
vt 0.600626 0.260709
vt 0.600626 0.489627
vt 0.587815 0.260709
vt 0.587815 0.489627
vt 0.605519 0.260709
vt 0.605519 0.489627
vt 0.609934 0.260709
vt 0.609934 0.489627
vt 0.613437 0.260709
vt 0.613437 0.489627
vt 0.642901 0.260709
vt 0.650526 0.260709
vt 0.650526 0.283601
vt 0.643174 0.283601
vt 0.655420 0.260709
vt 0.655420 0.283601
vt 0.650526 0.304204
vt 0.643420 0.304204
vt 0.661281 0.260709
vt 0.661137 0.283601
vt 0.655420 0.304204
vt 0.650526 0.489627
vt 0.645633 0.489627
vt 0.641219 0.283601
vt 0.641219 0.304204
vt 0.661006 0.304204
vt 0.655420 0.489627
vt 0.641219 0.489627
vt 0.637715 0.283601
vt 0.637715 0.304204
vt 0.659834 0.489627
vt 0.637715 0.489627
vt 0.641219 0.260709
vt 0.637715 0.260709
vt 0.663337 0.304204
vt 0.663337 0.489627
vt 0.711810 0.489627
vt 0.712229 0.466735
vt 0.719508 0.466735
vt 0.719508 0.489627
vt 0.712607 0.446133
vt 0.719508 0.446133
vt 0.723922 0.466735
vt 0.723922 0.489627
vt 0.716005 0.260709
vt 0.719508 0.260709
vt 0.723922 0.446133
vt 0.728816 0.466735
vt 0.728816 0.489627
vt 0.723922 0.260709
vt 0.728816 0.446133
vt 0.733709 0.466735
vt 0.733709 0.489627
vt 0.728816 0.260709
vt 0.733709 0.446133
vt 0.740326 0.489627
vt 0.740106 0.466735
vt 0.733709 0.260709
vt 0.739908 0.446133
vt 0.738124 0.260709
vt 0.741627 0.446133
vt 0.741627 0.260709
vt 0.745520 0.446133
vt 0.743876 0.260709
vt 0.745702 0.466735
vt 0.741627 0.466735
vt 0.745905 0.489627
vt 0.741627 0.489627
vt 0.481197 0.491189
vt 0.481197 0.511792
vt 0.478688 0.511798
vt 0.478629 0.491195
vt 0.527807 0.283618
vt 0.527625 0.304221
vt 0.525034 0.304203
vt 0.525261 0.283600
vt 0.521331 0.304207
vt 0.521281 0.283605
vt 0.523422 0.489626
vt 0.521375 0.489630
vt 0.525585 0.260709
vt 0.521343 0.260714
vt 0.812719 0.406148
vt 0.823772 0.406148
vt 0.824275 0.414137
vt 0.813222 0.414137
vt 0.812571 0.395778
vt 0.823624 0.395778
vt 0.824127 0.403768
vt 0.813074 0.403768
vt 0.826494 0.451658
vt 0.837547 0.451658
vt 0.837354 0.459934
vt 0.826301 0.459934
vt 0.838448 0.463331
vt 0.827395 0.463331
vt 0.521384 0.527713
vt 0.532438 0.527713
vt 0.531578 0.535016
vt 0.520524 0.535016
vt 0.520673 0.524407
vt 0.531726 0.524407
vt 0.532309 0.540100
vt 0.521255 0.540100
vt 0.578997 0.527594
vt 0.590050 0.527594
vt 0.590435 0.531914
vt 0.579382 0.531914
vt 0.589039 0.537131
vt 0.577986 0.537131
vt 0.589296 0.543129
vt 0.578242 0.543129
vt 0.813074 0.367984
vt 0.824127 0.367984
vt 0.824127 0.372660
vt 0.813074 0.372660
vt 0.593364 0.527594
vt 0.604417 0.527594
vt 0.604160 0.533591
vt 0.593107 0.533591
vt 0.605556 0.538809
vt 0.594503 0.538809
vt 0.605171 0.543129
vt 0.594118 0.543129
vt 0.534890 0.529491
vt 0.545943 0.529491
vt 0.546803 0.536794
vt 0.535750 0.536794
vt 0.535621 0.524407
vt 0.546674 0.524407
vt 0.546091 0.540100
vt 0.535038 0.540100
vt 0.812605 0.466784
vt 0.823658 0.466784
vt 0.823851 0.475060
vt 0.812798 0.475060
vt 0.813699 0.463387
vt 0.824752 0.463387
vt 0.813074 0.385409
vt 0.824127 0.385409
vt 0.823624 0.393398
vt 0.812571 0.393398
vt 0.813074 0.375040
vt 0.824127 0.375040
vt 0.823624 0.383029
vt 0.812571 0.383029
vt 0.813029 0.449334
vt 0.824082 0.449334
vt 0.824275 0.457610
vt 0.813222 0.457610
vt 0.823181 0.461007
vt 0.812128 0.461007
vt 0.549255 0.527702
vt 0.560308 0.527702
vt 0.561168 0.535004
vt 0.550115 0.535004
vt 0.549967 0.524395
vt 0.561020 0.524395
vt 0.560437 0.540088
vt 0.549384 0.540088
vt 0.608614 0.536218
vt 0.619667 0.536218
vt 0.619282 0.540538
vt 0.608229 0.540538
vt 0.620678 0.545755
vt 0.609624 0.545755
vt 0.620421 0.551752
vt 0.609368 0.551752
vt 0.813074 0.360928
vt 0.824127 0.360928
vt 0.824127 0.365604
vt 0.813074 0.365604
vt 0.838448 0.283438
vt 0.838448 0.294491
vt 0.832451 0.294748
vt 0.832451 0.283694
vt 0.827234 0.293352
vt 0.827234 0.282298
vt 0.822914 0.293737
vt 0.822914 0.282684
vt 0.564480 0.529480
vt 0.575534 0.529480
vt 0.574674 0.536782
vt 0.563620 0.536782
vt 0.563749 0.524395
vt 0.574803 0.524395
vt 0.575385 0.540088
vt 0.564332 0.540088
vt 0.813222 0.438678
vt 0.824275 0.438678
vt 0.824082 0.446954
vt 0.813029 0.446954
vt 0.812128 0.435281
vt 0.823181 0.435281
vt 0.476249 0.511793
vt 0.471355 0.511793
vt 0.471355 0.491191
vt 0.476249 0.491191
vt 0.466462 0.511793
vt 0.466462 0.491191
vt 0.624047 0.534670
vt 0.623988 0.511778
vt 0.626576 0.511784
vt 0.627101 0.534673
vt 0.623778 0.491175
vt 0.626371 0.491180
vt 0.448468 0.489627
vt 0.444833 0.489627
vt 0.444822 0.466735
vt 0.448448 0.466735
vt 0.440803 0.489627
vt 0.440803 0.466735
vt 0.444822 0.446133
vt 0.448448 0.446133
vt 0.435796 0.489637
vt 0.435826 0.466746
vt 0.440803 0.446133
vt 0.444833 0.260709
vt 0.448468 0.260709
vt 0.429720 0.489648
vt 0.430562 0.466767
vt 0.436067 0.446145
vt 0.440803 0.260709
vt 0.430831 0.446164
vt 0.436270 0.260723
vt 0.432924 0.260736
vt 0.518207 0.260712
vt 0.517986 0.283603
vt 0.514279 0.283614
vt 0.514300 0.260722
vt 0.517796 0.304206
vt 0.514157 0.304216
vt 0.509829 0.283613
vt 0.509810 0.260722
vt 0.509949 0.304216
vt 0.505775 0.283600
vt 0.505780 0.260709
vt 0.514063 0.489639
vt 0.510055 0.489639
vt 0.502584 0.283601
vt 0.502543 0.260710
vt 0.506025 0.489627
vt 0.505908 0.304203
vt 0.502379 0.489627
vt 0.502487 0.304204
vt 0.534968 0.260710
vt 0.535023 0.283602
vt 0.530878 0.283598
vt 0.530353 0.260709
vt 0.535107 0.304204
vt 0.531068 0.304201
vt 0.535173 0.489627
vt 0.532215 0.489626
vt 0.585260 0.489627
vt 0.580846 0.489627
vt 0.580846 0.260709
vt 0.585260 0.260709
vt 0.575953 0.489627
vt 0.575953 0.260709
vt 0.571059 0.489627
vt 0.571059 0.260709
vt 0.566645 0.489627
vt 0.566645 0.260709
vt 0.616545 0.260709
vt 0.620960 0.260709
vt 0.620960 0.489627
vt 0.616545 0.489627
vt 0.625853 0.260709
vt 0.625853 0.489627
vt 0.630747 0.260709
vt 0.630747 0.489627
vt 0.635161 0.260709
vt 0.635161 0.489627
vt 0.507911 0.491188
vt 0.511378 0.491188
vt 0.511257 0.514080
vt 0.507911 0.514080
vt 0.687908 0.260709
vt 0.687908 0.283601
vt 0.683494 0.283601
vt 0.683494 0.260709
vt 0.687908 0.304204
vt 0.683494 0.304204
vt 0.678600 0.283601
vt 0.678600 0.260709
vt 0.687908 0.489627
vt 0.683494 0.489627
vt 0.678600 0.304204
vt 0.673707 0.283601
vt 0.673707 0.260709
vt 0.678600 0.489627
vt 0.673707 0.304204
vt 0.666730 0.283601
vt 0.666446 0.260709
vt 0.673707 0.489627
vt 0.666987 0.304204
vt 0.669292 0.489627
vt 0.709362 0.489627
vt 0.704841 0.489627
vt 0.704841 0.466735
vt 0.709260 0.466735
vt 0.700427 0.489627
vt 0.700427 0.466735
vt 0.704841 0.446133
vt 0.709168 0.446133
vt 0.695534 0.489627
vt 0.695534 0.466735
vt 0.700427 0.446133
vt 0.690640 0.489627
vt 0.690640 0.466735
vt 0.700427 0.260709
vt 0.704841 0.260709
vt 0.695534 0.446133
vt 0.695534 0.260709
vt 0.690640 0.446133
vt 0.690640 0.260709
vt 0.621398 0.534670
vt 0.616351 0.534670
vt 0.616506 0.511778
vt 0.621398 0.511778
vt 0.616645 0.491175
vt 0.621398 0.491175
vt 0.812215 0.428335
vt 0.823269 0.425899
vt 0.824275 0.430465
vt 0.813222 0.432901
vt 0.450966 0.515783
vt 0.462019 0.513347
vt 0.463310 0.519204
vt 0.452257 0.521639
vt 0.464433 0.524299
vt 0.453379 0.526734
vt 0.465362 0.528518
vt 0.454309 0.530953
vt 0.825823 0.405705
vt 0.836877 0.403270
vt 0.838448 0.410401
vt 0.827395 0.412837
vt 0.825614 0.299856
vt 0.836667 0.297420
vt 0.838448 0.305502
vt 0.827395 0.307937
vt 0.825675 0.354292
vt 0.836729 0.351857
vt 0.838448 0.359659
vt 0.827395 0.362095
vt 0.827395 0.364710
vt 0.838448 0.367146
vt 0.836729 0.374948
vt 0.825676 0.372512
vt 0.827395 0.311029
vt 0.838448 0.313465
vt 0.836667 0.321547
vt 0.825614 0.319111
vt 0.827395 0.415367
vt 0.838448 0.417802
vt 0.836877 0.424934
vt 0.825823 0.422498
vt 0.471699 0.513753
vt 0.482752 0.516189
vt 0.481822 0.520408
vt 0.470769 0.517972
vt 0.480699 0.525503
vt 0.469646 0.523067
vt 0.479409 0.531359
vt 0.468356 0.528924
vt 0.813222 0.416517
vt 0.824275 0.418953
vt 0.823269 0.423519
vt 0.812216 0.421083
vt 0.489088 0.513936
vt 0.500141 0.516371
vt 0.498851 0.522228
vt 0.487798 0.519792
vt 0.497728 0.527323
vt 0.486675 0.524887
vt 0.496798 0.531542
vt 0.485745 0.529106
vt 0.827395 0.427464
vt 0.838448 0.429900
vt 0.836877 0.437031
vt 0.825823 0.434595
vt 0.827395 0.324638
vt 0.838448 0.327074
vt 0.836667 0.335156
vt 0.825614 0.332720
vt 0.827395 0.377563
vt 0.838448 0.379999
vt 0.836729 0.387801
vt 0.825676 0.385365
vt 0.825676 0.392852
vt 0.836729 0.390416
vt 0.838448 0.398218
vt 0.827395 0.400654
vt 0.825614 0.340683
vt 0.836667 0.338248
vt 0.838448 0.346330
vt 0.827395 0.348765
vt 0.825823 0.441997
vt 0.836876 0.439561
vt 0.838448 0.446692
vt 0.827395 0.449128
vt 0.503135 0.526843
vt 0.514188 0.524407
vt 0.515118 0.528626
vt 0.504064 0.531062
vt 0.516240 0.533721
vt 0.505187 0.536157
vt 0.517531 0.539578
vt 0.506478 0.542013
vt 0.505531 0.512387
vt 0.500638 0.509786
vt 0.500638 0.491189
vt 0.505531 0.493791
vt 0.495744 0.510561
vt 0.495744 0.491965
vt 0.488471 0.493608
vt 0.493364 0.491189
vt 0.493364 0.509786
vt 0.488471 0.512205
vt 0.483577 0.492833
vt 0.483577 0.511430
vt 0.536663 0.494212
vt 0.527683 0.507023
vt 0.532248 0.491963
vt 0.540166 0.497715
vt 0.527355 0.491188
vt 0.542415 0.502130
vt 0.522461 0.491963
vt 0.543190 0.507023
vt 0.518047 0.494212
vt 0.542415 0.511917
vt 0.514544 0.497715
vt 0.540166 0.516331
vt 0.513758 0.502130
vt 0.536663 0.519834
vt 0.514480 0.507023
vt 0.532248 0.522084
vt 0.513758 0.511917
vt 0.527355 0.522859
vt 0.514544 0.516331
vt 0.522461 0.522084
vt 0.518047 0.519834
vt 0.609904 0.518348
vt 0.608237 0.516099
vt 0.611291 0.515489
vt 0.613371 0.516665
vt 0.606400 0.521851
vt 0.604758 0.519590
vt 0.610126 0.508842
vt 0.612928 0.509040
vt 0.601986 0.524155
vt 0.601122 0.521442
vt 0.611327 0.504529
vt 0.613971 0.504147
vt 0.597093 0.524876
vt 0.597093 0.522081
vt 0.609057 0.500215
vt 0.610921 0.498285
vt 0.592199 0.524155
vt 0.592085 0.521328
vt 0.605150 0.498767
vt 0.606400 0.496229
vt 0.584938 0.526046
vt 0.586010 0.524521
vt 0.600660 0.496479
vt 0.601986 0.493980
vt 0.584281 0.518348
vt 0.586675 0.517183
vt 0.596630 0.493811
vt 0.597093 0.491175
vt 0.579621 0.513933
vt 0.581959 0.513338
vt 0.593393 0.494376
vt 0.592199 0.491950
vt 0.581257 0.509040
vt 0.584006 0.509680
vt 0.589144 0.498618
vt 0.587785 0.496229
vt 0.582032 0.504147
vt 0.584834 0.504537
vt 0.584529 0.499060
vt 0.582738 0.497530
vt 0.576466 0.502118
vt 0.573964 0.503087
vt 0.572127 0.499607
vt 0.574217 0.497703
vt 0.577241 0.507011
vt 0.574413 0.507067
vt 0.569071 0.496461
vt 0.570714 0.494200
vt 0.576466 0.511905
vt 0.573793 0.511246
vt 0.565435 0.494609
vt 0.566299 0.491897
vt 0.574217 0.516319
vt 0.572113 0.514537
vt 0.561406 0.493971
vt 0.561406 0.491175
vt 0.570714 0.519823
vt 0.569226 0.517427
vt 0.556873 0.494756
vt 0.556512 0.491897
vt 0.566299 0.522072
vt 0.565218 0.519466
vt 0.553526 0.496191
vt 0.552098 0.494200
vt 0.561406 0.522847
vt 0.561188 0.520104
vt 0.551026 0.499121
vt 0.548595 0.497703
vt 0.556512 0.522072
vt 0.557542 0.519513
vt 0.548901 0.502894
vt 0.546345 0.502118
vt 0.552098 0.519823
vt 0.553662 0.517465
vt 0.548381 0.506732
vt 0.545570 0.507011
vt 0.548595 0.516319
vt 0.550704 0.514709
vt 0.549096 0.511269
vt 0.546345 0.511905
vt 0.814340 0.354336
vt 0.819234 0.353560
vt 0.818899 0.356370
vt 0.815478 0.356926
vt 0.824127 0.355979
vt 0.822940 0.358548
vt 0.819172 0.351180
vt 0.814279 0.350405
vt 0.815513 0.347859
vt 0.818704 0.348390
vt 0.824066 0.348579
vt 0.822758 0.346069
vn -0.976570 0.215198 0.000000
vn -0.976571 0.215198 0.000001
vn -0.976570 0.215198 0.000001
vn -0.976571 0.215198 0.000000
vn -0.976570 0.215198 -0.000000
vn -0.976570 0.215198 0.000000
vn -0.976570 0.215198 0.000000
vn -0.976570 0.215198 -0.000000
vn -0.976571 0.215198 0.000000
vn -0.976570 0.215198 0.000001
vn -0.976570 0.215198 0.000001
vn -0.976570 0.215198 0.000000
vn -0.976570 0.215198 0.000000
vn -0.976570 0.215198 -0.000000
vn -0.976570 0.215198 -0.000000
vn -0.976571 0.215198 -0.000000
vn -0.976570 0.215198 -0.000001
vn -0.976571 0.215198 0.000000
vn -0.976571 0.215198 0.000000
vn -0.976570 0.215198 0.000001
vn -0.976570 0.215198 0.000000
vn -0.976571 0.215198 0.000000
vn -0.976571 0.215198 0.000000
vn -0.976570 0.215198 -0.000000
vn -0.976570 0.215198 0.000000
vn -0.976570 0.215198 -0.000001
vn -0.976570 0.215198 -0.000001
vn -0.976571 0.215198 0.000000
vn -0.976571 0.215198 -0.000000
vn -0.976571 0.215197 0.000000
vn -0.976571 0.215197 0.000000
vn -0.976570 0.215198 -0.000000
vn -0.976570 0.215198 0.000000
vn -0.976570 0.215198 0.000001
vn -0.976570 0.215198 0.000001
vn -0.976570 0.215198 0.000000
vn -0.976571 0.215198 0.000000
vn -0.976571 0.215197 0.000000
vn -0.976571 0.215197 0.000000
vn -0.976571 0.215198 -0.000000
vn -0.976571 0.215198 0.000000
vn -0.976570 0.215198 0.000001
vn -0.976570 0.215198 0.000001
vn -0.976570 0.215198 0.000000
vn -0.976570 0.215198 -0.000000
vn -0.976570 0.215198 -0.000000
vn -0.976570 0.215198 -0.000000
vn -0.976570 0.215198 -0.000000
vn -0.976570 0.215198 -0.000000
vn -0.976570 0.215198 0.000000
vn -0.976570 0.215198 0.000000
vn -0.976571 0.215198 0.000000
vn -0.976571 0.215198 0.000000
vn -0.976570 0.215198 0.000000
vn -0.976570 0.215198 0.000000
vn -0.976571 0.215198 0.000000
vn -0.976570 0.215198 -0.000000
vn -0.976571 0.215198 -0.000000
vn -0.976570 0.215198 -0.000000
vn -0.976570 0.215198 0.000000
vn -0.976570 0.215198 -0.000000
vn -0.976570 0.215198 0.000000
vn -0.976570 0.215198 0.000000
vn -0.976570 0.215198 -0.000000
vn -0.206536 -0.937263 0.280857
vn -0.206536 -0.937263 0.280857
vn -0.206536 -0.937263 0.280857
vn -0.206536 -0.937263 0.280857
vn 0.000000 0.000000 1.000000
vn 0.000000 0.000000 1.000000
vn 0.000000 0.000000 1.000000
vn 0.000000 0.000000 1.000000
vn 0.206536 0.937263 0.280858
vn 0.206537 0.937263 0.280858
vn 0.206536 0.937263 0.280858
vn 0.206537 0.937263 0.280858
vn 0.041983 0.190517 0.980786
vn 0.041983 0.190517 0.980786
vn 0.041983 0.190517 0.980786
vn 0.041983 0.190517 0.980786
vn -0.167686 -0.760958 0.626757
vn -0.167686 -0.760958 0.626757
vn -0.167686 -0.760958 0.626757
vn -0.167686 -0.760958 0.626757
vn 0.082352 0.373716 0.923880
vn 0.082352 0.373716 0.923880
vn 0.082352 0.373716 0.923880
vn 0.082352 0.373716 0.923880
vn 0.213943 0.970879 -0.107804
vn 0.213943 0.970879 -0.107804
vn 0.213943 0.970879 -0.107804
vn 0.213943 0.970879 -0.107804
vn 0.119557 0.542555 0.831469
vn 0.119557 0.542555 0.831469
vn 0.119557 0.542555 0.831469
vn 0.119557 0.542555 0.831469
vn -0.103306 -0.468804 0.877240
vn -0.103306 -0.468804 0.877240
vn -0.103306 -0.468804 0.877240
vn -0.103306 -0.468804 0.877240
vn 0.152168 0.690541 0.707105
vn 0.152168 0.690541 0.707105
vn 0.152168 0.690541 0.707105
vn 0.152168 0.690541 0.707105
vn 0.188780 0.856688 -0.480049
vn 0.188780 0.856688 -0.480049
vn 0.188780 0.856688 -0.480049
vn 0.188780 0.856688 -0.480049
vn 0.178930 0.811988 0.555572
vn 0.178930 0.811988 0.555572
vn 0.178930 0.811988 0.555572
vn 0.178930 0.811988 0.555572
vn -0.023199 -0.105276 0.994172
vn -0.023199 -0.105276 0.994172
vn -0.023199 -0.105276 0.994173
vn -0.023199 -0.105276 0.994172
vn 0.198817 0.902232 0.382686
vn 0.198817 0.902232 0.382686
vn 0.198817 0.902232 0.382686
vn 0.198817 0.902232 0.382686
vn 0.134877 0.612073 -0.779214
vn 0.134877 0.612074 -0.779214
vn 0.134877 0.612073 -0.779214
vn 0.134877 0.612074 -0.779214
vn 0.211062 0.957806 0.195089
vn 0.211062 0.957806 0.195089
vn 0.211062 0.957806 0.195089
vn 0.211062 0.957806 0.195089
vn 0.060440 0.274277 0.959750
vn 0.060440 0.274277 0.959750
vn 0.060440 0.274277 0.959750
vn 0.060440 0.274277 0.959750
vn 0.215199 0.976570 0.000000
vn 0.215199 0.976570 0.000000
vn 0.215199 0.976570 0.000000
vn 0.215199 0.976570 0.000000
vn 0.060440 0.274276 -0.959750
vn 0.060440 0.274276 -0.959750
vn 0.060440 0.274276 -0.959750
vn 0.060440 0.274276 -0.959750
vn 0.211062 0.957806 -0.195089
vn 0.211062 0.957806 -0.195089
vn 0.211062 0.957806 -0.195089
vn 0.211062 0.957806 -0.195089
vn 0.134876 0.612074 0.779214
vn 0.134876 0.612074 0.779214
vn 0.134876 0.612074 0.779214
vn 0.134876 0.612074 0.779214
vn 0.198817 0.902233 -0.382685
vn 0.198817 0.902233 -0.382685
vn 0.198817 0.902233 -0.382685
vn 0.198817 0.902233 -0.382685
vn -0.023199 -0.105277 -0.994172
vn -0.023199 -0.105277 -0.994172
vn -0.023199 -0.105277 -0.994172
vn -0.023199 -0.105277 -0.994172
vn 0.178931 0.811987 -0.555572
vn 0.178931 0.811987 -0.555572
vn 0.178931 0.811987 -0.555572
vn 0.178931 0.811987 -0.555572
vn 0.188780 0.856689 0.480049
vn 0.188780 0.856689 0.480048
vn 0.188780 0.856689 0.480049
vn 0.188780 0.856689 0.480049
vn 0.152168 0.690541 -0.707105
vn 0.152168 0.690541 -0.707105
vn 0.152168 0.690541 -0.707105
vn 0.152168 0.690541 -0.707105
vn -0.103306 -0.468803 -0.877241
vn -0.103306 -0.468803 -0.877241
vn -0.103306 -0.468803 -0.877241
vn -0.103306 -0.468803 -0.877241
vn 0.119556 0.542553 -0.831470
vn 0.119556 0.542553 -0.831470
vn 0.119556 0.542553 -0.831470
vn 0.119556 0.542553 -0.831470
vn 0.213945 0.970879 0.107803
vn 0.213945 0.970879 0.107803
vn 0.213945 0.970879 0.107803
vn 0.213945 0.970879 0.107803
vn 0.082352 0.373716 -0.923880
vn 0.082352 0.373716 -0.923880
vn 0.082352 0.373716 -0.923880
vn 0.082352 0.373716 -0.923880
vn -0.167684 -0.760957 -0.626758
vn -0.167684 -0.760957 -0.626758
vn -0.167684 -0.760957 -0.626758
vn -0.167684 -0.760957 -0.626758
vn 0.041982 0.190517 -0.980786
vn 0.041982 0.190517 -0.980786
vn 0.041982 0.190517 -0.980786
vn 0.041982 0.190517 -0.980786
vn 0.206536 0.937264 -0.280855
vn 0.206536 0.937264 -0.280855
vn 0.206536 0.937264 -0.280855
vn 0.206536 0.937264 -0.280855
vn 0.000000 0.000000 -1.000000
vn 0.000000 0.000000 -1.000000
vn 0.000000 0.000000 -1.000000
vn 0.000000 0.000000 -1.000000
vn -0.206536 -0.937263 -0.280857
vn -0.206536 -0.937263 -0.280857
vn -0.206536 -0.937263 -0.280857
vn -0.206536 -0.937263 -0.280857
vn -0.041982 -0.190518 -0.980786
vn -0.041982 -0.190518 -0.980786
vn -0.041982 -0.190518 -0.980786
vn -0.041982 -0.190518 -0.980786
vn 0.167686 0.760956 -0.626759
vn 0.167686 0.760956 -0.626759
vn 0.167686 0.760956 -0.626759
vn 0.167686 0.760956 -0.626759
vn -0.082354 -0.373716 -0.923880
vn -0.082354 -0.373716 -0.923880
vn -0.082354 -0.373716 -0.923880
vn -0.082354 -0.373716 -0.923880
vn -0.213943 -0.970879 0.107802
vn -0.213943 -0.970880 0.107802
vn -0.213943 -0.970879 0.107802
vn -0.213943 -0.970880 0.107802
vn -0.119557 -0.542556 -0.831468
vn -0.119557 -0.542556 -0.831468
vn -0.119557 -0.542556 -0.831468
vn -0.119557 -0.542556 -0.831468
vn 0.103306 0.468801 -0.877242
vn 0.103306 0.468801 -0.877242
vn 0.103306 0.468801 -0.877242
vn 0.103306 0.468801 -0.877242
vn -0.152168 -0.690537 -0.707109
vn -0.152167 -0.690537 -0.707109
vn -0.152168 -0.690537 -0.707109
vn -0.152167 -0.690537 -0.707109
vn -0.188781 -0.856687 0.480052
vn -0.188781 -0.856687 0.480052
vn -0.188781 -0.856687 0.480052
vn -0.188781 -0.856687 0.480052
vn -0.178931 -0.811988 -0.555571
vn -0.178931 -0.811988 -0.555571
vn -0.178931 -0.811988 -0.555571
vn -0.178931 -0.811988 -0.555571
vn 0.023199 0.105277 -0.994172
vn 0.023199 0.105277 -0.994172
vn 0.023199 0.105277 -0.994172
vn 0.023199 0.105277 -0.994172
vn -0.198817 -0.902235 -0.382681
vn -0.198817 -0.902235 -0.382681
vn -0.198817 -0.902235 -0.382681
vn -0.198817 -0.902235 -0.382681
vn -0.134877 -0.612074 0.779214
vn -0.134877 -0.612074 0.779214
vn -0.134877 -0.612074 0.779214
vn -0.134877 -0.612074 0.779214
vn -0.211062 -0.957806 -0.195091
vn -0.211062 -0.957806 -0.195091
vn -0.211062 -0.957806 -0.195091
vn -0.211062 -0.957806 -0.195091
vn -0.060440 -0.274277 -0.959750
vn -0.060440 -0.274277 -0.959750
vn -0.060440 -0.274277 -0.959750
vn -0.060440 -0.274277 -0.959750
vn -0.215199 -0.976570 0.000000
vn -0.215199 -0.976570 0.000000
vn -0.215199 -0.976570 0.000000
vn -0.215199 -0.976570 0.000000
vn -0.060439 -0.274276 0.959750
vn -0.060439 -0.274276 0.959750
vn -0.060439 -0.274276 0.959750
vn -0.060439 -0.274276 0.959750
vn -0.211062 -0.957806 0.195091
vn -0.211062 -0.957806 0.195091
vn -0.211062 -0.957806 0.195091
vn -0.211062 -0.957806 0.195091
vn -0.134878 -0.612073 -0.779214
vn -0.134878 -0.612073 -0.779214
vn -0.134878 -0.612073 -0.779214
vn -0.134878 -0.612073 -0.779214
vn -0.198817 -0.902234 0.382682
vn -0.198817 -0.902234 0.382683
vn -0.198817 -0.902234 0.382682
vn -0.198817 -0.902234 0.382683
vn 0.023199 0.105277 0.994172
vn 0.023199 0.105277 0.994172
vn 0.023199 0.105277 0.994172
vn 0.023199 0.105277 0.994172
vn -0.178930 -0.811989 0.555570
vn -0.178930 -0.811989 0.555570
vn -0.178930 -0.811989 0.555570
vn -0.178930 -0.811989 0.555570
vn -0.188780 -0.856688 -0.480049
vn -0.188780 -0.856688 -0.480049
vn -0.188780 -0.856688 -0.480049
vn -0.188780 -0.856688 -0.480049
vn -0.152168 -0.690541 0.707106
vn -0.152168 -0.690541 0.707106
vn -0.152168 -0.690541 0.707106
vn -0.152168 -0.690541 0.707106
vn 0.103305 0.468802 0.877241
vn 0.103305 0.468802 0.877241
vn 0.103305 0.468802 0.877241
vn 0.103305 0.468802 0.877241
vn -0.119557 -0.542553 0.831470
vn -0.119557 -0.542553 0.831470
vn -0.119557 -0.542553 0.831470
vn -0.119557 -0.542553 0.831470
vn -0.213945 -0.970879 -0.107802
vn -0.213945 -0.970879 -0.107802
vn -0.213945 -0.970879 -0.107802
vn -0.213945 -0.970879 -0.107802
vn -0.082352 -0.373716 0.923880
vn -0.082352 -0.373716 0.923880
vn -0.082352 -0.373716 0.923880
vn -0.082352 -0.373716 0.923880
vn 0.167685 0.760958 0.626758
vn 0.167685 0.760958 0.626758
vn 0.167685 0.760958 0.626758
vn 0.167685 0.760958 0.626758
vn -0.041983 -0.190518 0.980786
vn -0.041983 -0.190518 0.980785
vn -0.041983 -0.190518 0.980786
vn -0.041983 -0.190518 0.980785
vn 0.976571 -0.215198 0.000000
vn 0.976571 -0.215198 0.000000
vn 0.976570 -0.215198 0.000000
vn 0.976570 -0.215198 0.000000
vn 0.976570 -0.215198 0.000000
vn 0.976571 -0.215198 0.000000
vn 0.976571 -0.215198 0.000000
vn 0.976570 -0.215198 0.000000
vn 0.976570 -0.215198 0.000000
vn 0.976570 -0.215198 0.000000
vn 0.976570 -0.215198 0.000000
vn 0.976570 -0.215198 0.000000
vn 0.976570 -0.215198 0.000000
vn 0.976570 -0.215198 0.000000
vn 0.976570 -0.215198 0.000000
vn 0.976570 -0.215198 0.000000
vn 0.976570 -0.215198 0.000000
vn 0.976570 -0.215198 0.000000
vn 0.976570 -0.215198 0.000000
vn 0.976570 -0.215198 0.000000
vn 0.976571 -0.215198 0.000000
vn 0.976570 -0.215198 0.000000
vn 0.976570 -0.215198 0.000000
vn 0.976571 -0.215198 0.000000
vn 0.976570 -0.215199 0.000001
vn 0.976570 -0.215199 0.000001
vn 0.976570 -0.215199 0.000001
vn 0.976570 -0.215199 0.000001
vn 0.976570 -0.215198 0.000000
vn 0.976570 -0.215198 0.000000
vn 0.976570 -0.215198 0.000000
vn 0.976570 -0.215198 0.000000
vn 0.976570 -0.215198 0.000000
vn 0.976570 -0.215198 0.000000
vn 0.976571 -0.215198 0.000000
vn 0.976571 -0.215198 0.000000
vn 0.976570 -0.215198 -0.000001
vn 0.976570 -0.215198 -0.000001
vn 0.976570 -0.215198 -0.000001
vn 0.976570 -0.215198 -0.000001
vn 0.976570 -0.215198 -0.000001
vn 0.976570 -0.215198 -0.000001
vn 0.976570 -0.215198 -0.000001
vn 0.976570 -0.215198 -0.000001
vn 0.976570 -0.215198 0.000000
vn 0.976570 -0.215198 0.000000
vn 0.976570 -0.215198 0.000000
vn 0.976570 -0.215198 0.000000
vn 0.976571 -0.215197 0.000000
vn 0.976571 -0.215197 0.000000
vn 0.976571 -0.215197 0.000000
vn 0.976571 -0.215197 0.000000
vn 0.976570 -0.215198 0.000001
vn 0.976570 -0.215198 0.000001
vn 0.976571 -0.215198 0.000001
vn 0.976570 -0.215198 0.000001
vn 0.976570 -0.215198 -0.000000
vn 0.976570 -0.215198 -0.000000
vn 0.976570 -0.215198 -0.000000
vn 0.976570 -0.215198 -0.000000
vn 0.976570 -0.215198 0.000001
vn 0.976570 -0.215198 0.000001
vn 0.976571 -0.215198 0.000001
vn 0.976571 -0.215198 0.000001
vn 0.909436 -0.168899 -0.379999
vn 0.896194 -0.228991 -0.379998
vn 0.895941 -0.230235 -0.379844
vn 0.909729 -0.167663 -0.379844
vn 0.877638 -0.313198 -0.362847
vn 0.877923 -0.311999 -0.363190
vn 0.865404 -0.368717 -0.339298
vn 0.865185 -0.369809 -0.338669
vn 0.849674 -0.440103 -0.290455
vn 0.849910 -0.439124 -0.291243
vn 0.840309 -0.482595 -0.246946
vn 0.840160 -0.483370 -0.245938
vn 0.829798 -0.530295 -0.173845
vn 0.829954 -0.529685 -0.174959
vn 0.824731 -0.553291 -0.116995
vn 0.824677 -0.553630 -0.115763
vn 0.821040 -0.570041 -0.030769
vn 0.821093 -0.569894 -0.032039
vn 0.821040 -0.570041 0.030769
vn 0.821093 -0.569894 0.032039
vn 0.824732 -0.553290 0.116995
vn 0.824678 -0.553630 0.115763
vn 0.829799 -0.530294 0.173845
vn 0.829954 -0.529685 0.174959
vn 0.840309 -0.482596 0.246945
vn 0.840160 -0.483370 0.245937
vn 0.849674 -0.440103 0.290455
vn 0.849910 -0.439124 0.291243
vn 0.865404 -0.368716 0.339300
vn 0.865184 -0.369809 0.338671
vn 0.877638 -0.313198 0.362848
vn 0.877923 -0.311999 0.363191
vn 0.896194 -0.228991 0.379998
vn 0.895941 -0.230235 0.379844
vn 0.909436 -0.168899 0.379999
vn 0.909729 -0.167663 0.379845
vn 0.927992 -0.084692 0.362847
vn 0.927747 -0.085900 0.363190
vn 0.940227 -0.029174 0.339298
vn 0.940486 -0.028090 0.338669
vn 0.955957 0.042213 0.290455
vn 0.955760 0.041225 0.291243
vn 0.965320 0.084705 0.246944
vn 0.965510 0.085471 0.245937
vn 0.975832 0.132404 0.173844
vn 0.975716 0.131785 0.174958
vn 0.980899 0.155400 0.116994
vn 0.980993 0.155731 0.115762
vn 0.984590 0.172150 0.030768
vn 0.984577 0.171995 0.032037
vn 0.984590 0.172150 -0.030768
vn 0.984577 0.171995 -0.032037
vn 0.980899 0.155401 -0.116994
vn 0.980993 0.155731 -0.115762
vn 0.975832 0.132404 -0.173844
vn 0.975716 0.131786 -0.174958
vn 0.965321 0.084705 -0.246944
vn 0.965510 0.085470 -0.245937
vn 0.955957 0.042213 -0.290456
vn 0.955760 0.041225 -0.291244
vn 0.940226 -0.029174 -0.339298
vn 0.940486 -0.028090 -0.338669
vn 0.927992 -0.084693 -0.362847
vn 0.927747 -0.085900 -0.363190
vn -0.976570 0.215198 -0.000000
vn -0.976570 0.215198 0.000000
vn -0.976570 0.215198 -0.000000
vn -0.976570 0.215198 -0.000000
vn -0.976571 0.215198 -0.000000
vn -0.976570 0.215198 0.000000
vn -0.976570 0.215198 0.000001
vn -0.976571 0.215198 -0.000000
vn -0.976570 0.215198 -0.000001
vn -0.976570 0.215198 0.000001
vn -0.976571 0.215198 0.000000
vn -0.976570 0.215198 -0.000001
vn -0.976570 0.215198 0.000000
vn -0.976570 0.215198 0.000000
vn -0.976571 0.215198 -0.000000
vn -0.976570 0.215198 -0.000000
vn -0.976570 0.215198 -0.000000
vn -0.976571 0.215198 -0.000000
vn -0.976571 0.215198 0.000000
vn -0.976571 0.215198 -0.000000
vn -0.976571 0.215198 -0.000000
vn -0.976571 0.215198 0.000000
vn -0.976571 0.215198 -0.000000
vn -0.976570 0.215198 -0.000000
vn -0.976570 0.215198 -0.000000
vn -0.976570 0.215198 0.000000
vn -0.976571 0.215198 0.000000
vn -0.976571 0.215198 -0.000000
vn -0.976571 0.215198 -0.000000
vn -0.976570 0.215198 0.000000
vn -0.976570 0.215198 -0.000000
vn -0.976571 0.215198 -0.000000
vn 0.456394 0.889769 0.003943
vn 0.174266 0.984677 0.006548
vn 0.174808 0.984581 0.006544
vn 0.456394 0.889769 0.003943
vn -0.156430 0.987650 0.008755
vn -0.156430 0.987650 0.008755
vn 0.000000 0.000000 -1.000000
vn 0.000000 0.000000 -1.000000
vn 0.000000 0.000000 -1.000000
vn 0.000000 0.000000 -1.000000
vn 0.000000 0.000000 1.000000
vn 0.000000 0.000000 1.000000
vn 0.000000 0.000000 1.000000
vn 0.000000 0.000000 1.000000
vn 1.000000 0.000000 0.000000
vn 1.000000 0.000000 0.000000
vn 1.000000 0.000000 0.000000
vn 1.000000 0.000000 0.000000
vn 0.000000 0.000000 -1.000000
vn 0.000000 0.000000 -1.000000
vn 0.000000 0.000000 -1.000000
vn 0.000000 0.000000 -1.000000
vn -1.000000 0.000000 0.000000
vn -1.000000 0.000000 0.000000
vn -1.000000 0.000000 0.000000
vn -1.000000 0.000000 0.000000
vn 0.000000 0.000000 1.000000
vn 0.000000 0.000000 1.000000
vn 0.000000 0.000000 1.000000
vn 0.000000 0.000000 1.000000
vn -0.565635 0.824634 -0.006046
vn -0.586194 0.810163 -0.003636
vn -0.965707 0.259452 -0.009672
vn -0.966765 0.255274 -0.014164
vn -0.999809 0.018323 -0.006862
vn -0.999880 0.012398 -0.009340
vn -0.600479 0.799639 -0.001560
vn -0.599987 0.800009 -0.000973
vn -0.989009 -0.147588 -0.008880
vn -0.990614 -0.136224 -0.011269
vn -0.309016 0.951056 -0.001522
vn -0.309016 0.951056 -0.000802
vn -0.701991 -0.712132 -0.008751
vn -0.693443 -0.720428 -0.010970
vn 0.014030 0.999900 -0.001840
vn 0.014559 0.999893 -0.001194
vn -0.431167 -0.902270 -0.002062
vn -0.421483 -0.906832 -0.002961
vn -0.171848 0.985064 -0.010853
vn -0.142182 0.989815 -0.007121
vn -0.478209 -0.878243 -0.002221
vn -0.489035 -0.872258 -0.003272
vn 0.613992 0.788492 -0.035979
vn 0.613117 0.789653 -0.023165
vn -0.259904 -0.965576 -0.010643
vn -0.258221 -0.966027 -0.010664
vn 0.931542 0.363109 -0.019547
vn 0.925638 0.378178 -0.013276
vn 0.587303 -0.809330 -0.007801
vn 0.529056 -0.848521 -0.010556
vn 0.938904 0.343778 -0.016621
vn 0.938589 0.344852 -0.011310
vn 0.494499 -0.869147 -0.007412
vn 0.484760 -0.874578 -0.010988
vn 0.959768 -0.280745 -0.005228
vn 0.965082 -0.261926 -0.003479
vn 0.804945 -0.593243 -0.011255
vn 0.804718 -0.593419 -0.016808
vn 0.997172 -0.074922 -0.005814
vn 0.995763 -0.091868 -0.004183
vn -0.712600 0.701567 -0.002135
vn -0.722738 0.691118 -0.002253
vn -0.958867 0.283830 -0.003903
vn -0.958463 0.285190 -0.003991
vn -0.598727 0.800953 0.000096
vn -0.598486 0.801133 0.000142
vn -0.309016 0.951057 0.000169
vn -0.309016 0.951057 0.000188
vn 0.016255 0.999868 0.000058
vn 0.016091 0.999871 0.000117
vn 0.053784 0.998546 -0.003739
vn 0.074126 0.997241 -0.003839
vn 0.603935 0.796974 -0.009788
vn 0.602757 0.797863 -0.009936
vn 0.883806 0.467817 -0.005862
vn 0.878862 0.477040 -0.005843
vn 0.942285 0.334781 -0.004623
vn 0.942500 0.334174 -0.004543
vn 0.989989 -0.141128 -0.002039
vn 0.991546 -0.129740 -0.002098
vn 0.982675 -0.185327 -0.001944
vn 0.980958 -0.194211 -0.001896
vn 0.804021 -0.594579 -0.005083
vn 0.805296 -0.592852 -0.005082
vn 0.536784 -0.843710 -0.004149
vn 0.540367 -0.841419 -0.004248
vn 0.437307 -0.899296 -0.005504
vn 0.418276 -0.908302 -0.005667
vn -0.109030 -0.994019 -0.006190
vn -0.109861 -0.993928 -0.006182
vn -0.398150 -0.917319 -0.001730
vn -0.394859 -0.918740 -0.001837
vn -0.507694 -0.861536 -0.001575
vn -0.514915 -0.857240 -0.001632
vn -0.755638 -0.654967 -0.005442
vn -0.760698 -0.649084 -0.005348
vn -0.974992 -0.222175 -0.005458
vn -0.973244 -0.229711 -0.005375
vn -0.999958 0.008637 -0.003131
vn -0.999974 0.006622 -0.003018
vn 0.951057 -0.309016 0.000000
vn 0.809017 -0.587785 0.000000
vn 0.809017 -0.587785 0.000000
vn 0.951057 -0.309016 0.000000
vn 0.587785 -0.809017 0.000000
vn 0.587785 -0.809017 0.000000
vn 0.309016 -0.951057 0.000000
vn 0.309016 -0.951057 0.000000
vn 0.000000 -1.000000 0.000000
vn 0.000000 -1.000000 0.000000
vn -0.309016 -0.951057 0.000000
vn -0.309016 -0.951057 0.000000
vn -0.587786 -0.809017 0.000000
vn -0.587786 -0.809017 0.000000
vn -0.809017 -0.587785 0.000000
vn -0.809017 -0.587785 0.000000
vn -0.951057 -0.309017 0.000000
vn -0.951057 -0.309017 0.000000
vn -1.000000 0.000000 0.000000
vn -1.000000 0.000000 0.000000
vn -0.951056 0.309017 0.000000
vn -0.951056 0.309017 0.000000
vn -0.809017 0.587786 0.000000
vn -0.809017 0.587786 0.000000
vn -0.476251 0.879309 0.000000
vn -0.476251 0.879309 0.000000
vn -0.006857 0.999977 0.000000
vn -0.006857 0.999977 0.000000
vn -0.000000 1.000000 0.000000
vn -0.000000 1.000000 0.000000
vn 0.006857 0.999977 0.000000
vn 0.006857 0.999977 0.000000
vn 0.476251 0.879309 0.000000
vn 0.476251 0.879309 0.000000
vn 0.809017 0.587786 0.000000
vn 0.809017 0.587786 0.000000
vn 0.951056 0.309017 0.000000
vn 0.951056 0.309017 0.000000
vn 1.000000 0.000001 0.000000
vn 1.000000 0.000001 0.000000
vn 0.610260 -0.792196 0.002886
vn 0.950361 -0.311118 0.004384
vn 0.951111 -0.308819 0.004372
vn 0.622031 -0.782988 0.002875
vn 0.998936 -0.046018 0.002990
vn 0.999015 -0.044281 0.003021
vn 0.588738 -0.808324 0.000281
vn 0.589594 -0.807700 0.000534
vn 0.981964 0.188972 0.005955
vn 0.980906 0.194390 0.005938
vn 0.309065 -0.951041 0.000596
vn 0.308967 -0.951072 0.001132
vn 0.726763 0.686863 0.005895
vn 0.730681 0.682693 0.005879
vn 0.000000 -1.000000 0.000629
vn 0.000000 -0.999999 0.001196
vn 0.442019 0.897004 0.001904
vn 0.449137 0.893461 0.001907
vn 0.064787 -0.997886 0.005209
vn 0.079702 -0.996802 0.005716
vn 0.469692 0.882828 0.002058
vn 0.465042 0.885287 0.001447
vn -0.588722 -0.808253 0.011523
vn -0.589390 -0.807760 0.011925
vn 0.192932 0.981191 0.006526
vn 0.193551 0.981069 0.006522
vn -0.909356 -0.415976 0.005987
vn -0.912404 -0.409249 0.005912
vn -0.469033 0.883161 0.005977
vn -0.540907 0.841067 0.005101
vn -0.951021 -0.309086 0.005008
vn -0.951301 -0.308223 0.005009
vn -0.511616 0.859203 0.004417
vn -0.514952 0.857207 0.004439
vn -0.976036 0.217596 0.002570
vn -0.973689 0.227866 0.002564
vn -0.808424 0.588574 0.005558
vn -0.809058 0.587703 0.005556
vn -0.989788 0.142530 0.002251
vn -0.990789 0.135397 0.002234
vn 0.727898 -0.685680 0.002738
vn 0.950705 -0.310066 0.004378
vn 0.951656 -0.307135 0.004364
vn 0.737046 -0.675837 0.002723
vn 0.589414 -0.807832 -0.000059
vn 0.589594 -0.807700 -0.000066
vn 0.309044 -0.951048 -0.000126
vn 0.309029 -0.951053 -0.000140
vn -0.000000 -1.000000 -0.000133
vn -0.000000 -1.000000 -0.000148
vn -0.106760 -0.994272 0.004995
vn -0.125730 -0.992052 0.005032
vn -0.589313 -0.807831 0.010990
vn -0.589797 -0.807477 0.010982
vn -0.869993 -0.493017 0.006843
vn -0.865066 -0.501610 0.006938
vn -0.951166 -0.308638 0.005009
vn -0.950825 -0.309689 0.005007
vn -0.993908 0.110178 0.002617
vn -0.995057 0.099275 0.002620
vn -0.975354 0.220631 0.002434
vn -0.973432 0.228965 0.002453
vn -0.808730 0.588154 0.005556
vn -0.809524 0.587061 0.005554
vn -0.550187 0.835029 0.004676
vn -0.553822 0.832622 0.004701
vn -0.400612 0.916227 0.006093
vn -0.382253 0.924037 0.006245
vn 0.083481 0.996487 0.006627
vn 0.083676 0.996471 0.006625
vn 0.385692 0.922625 0.002042
vn 0.381896 0.924203 0.002153
vn 0.520191 0.854048 0.001923
vn 0.527094 0.849805 0.001924
vn 0.769413 0.638726 0.005682
vn 0.773660 0.633576 0.005664
vn 0.968381 0.249409 0.005740
vn 0.966754 0.255645 0.005722
vn 0.999694 -0.024519 0.003364
vn 0.999745 -0.022317 0.003402
vn -0.000001 0.000001 -1.000000
vn -0.000000 0.000000 -1.000000
vn -0.000002 0.000001 -1.000000
vn -0.000004 0.000002 -1.000000
vn -0.000004 0.000002 -1.000000
vn 0.000000 0.000002 -1.000000
vn 0.000004 0.000002 -1.000000
vn 0.000004 0.000002 -1.000000
vn 0.000001 0.000001 -1.000000
vn 0.000002 0.000001 -1.000000
vn 0.000002 -0.000000 -1.000000
vn 0.000001 -0.000001 -1.000000
vn 0.000000 -0.000001 -1.000000
vn 0.000004 -0.000002 -1.000000
vn 0.000006 -0.000003 -1.000000
vn 0.000000 -0.000003 -1.000000
vn -0.000006 -0.000003 -1.000000
vn -0.000004 -0.000002 -1.000000
vn 0.000000 -0.000001 -1.000000
vn -0.000001 -0.000001 -1.000000
vn -0.000002 -0.000000 -1.000000
vn 0.000720 -0.002931 -0.999995
vn 0.000674 -0.002748 -0.999996
vn 0.003500 -0.001129 -0.999993
vn 0.003577 -0.000997 -0.999993
vn 0.004563 -0.000338 -0.999990
vn 0.004564 -0.000322 -0.999990
vn 0.000218 -0.000900 -1.000000
vn 0.000219 -0.000903 -1.000000
vn 0.004949 0.000638 -0.999988
vn 0.004960 0.000698 -0.999987
vn 0.000002 0.000000 -1.000000
vn 0.000002 0.000000 -1.000000
vn 0.003123 0.003460 -0.999989
vn 0.003198 0.003438 -0.999989
vn 0.000412 -0.000972 -1.000000
vn 0.000411 -0.000970 -1.000000
vn 0.000748 0.002826 -0.999996
vn 0.000743 0.002869 -0.999996
vn 0.002274 -0.004883 -0.999986
vn 0.002109 -0.004549 -0.999987
vn 0.002117 0.002500 -0.999995
vn 0.002157 0.002526 -0.999995
vn -0.003314 -0.003878 -0.999987
vn -0.003277 -0.003899 -0.999987
vn 0.001470 0.004766 -0.999988
vn 0.001418 0.004804 -0.999988
vn -0.007321 -0.002097 -0.999971
vn -0.007152 -0.002222 -0.999972
vn -0.003079 0.004955 -0.999983
vn -0.003056 0.004977 -0.999983
vn -0.004026 -0.001495 -0.999991
vn -0.004019 -0.001391 -0.999991
vn -0.003031 0.004573 -0.999985
vn -0.002925 0.004636 -0.999985
vn -0.002890 0.001264 -0.999995
vn -0.002825 0.001194 -0.999995
vn -0.002860 0.002249 -0.999993
vn -0.002871 0.002228 -0.999993
vn -0.003257 0.000003 -0.999995
vn -0.003189 0.000035 -0.999995
vn -0.003622 0.001247 0.999993
vn -0.003660 0.001171 0.999993
vn -0.001810 0.001905 0.999997
vn -0.001613 0.001868 0.999997
vn -0.000201 0.000835 1.000000
vn -0.000200 0.000828 1.000000
vn 0.000000 0.000000 1.000000
vn 0.000000 0.000000 1.000000
vn -0.000551 0.001299 0.999999
vn -0.000549 0.001293 0.999999
vn 0.000462 0.005098 0.999987
vn 0.000115 0.004507 0.999990
vn 0.004631 0.006579 0.999968
vn 0.004594 0.006595 0.999968
vn 0.006382 0.003874 0.999972
vn 0.006286 0.003680 0.999973
vn 0.004784 0.001131 0.999988
vn 0.004758 0.001096 0.999988
vn 0.003164 -0.000297 0.999995
vn 0.003075 -0.000319 0.999995
vn 0.003192 -0.000684 0.999995
vn 0.003113 -0.000663 0.999995
vn 0.003757 -0.002393 0.999990
vn 0.003750 -0.002437 0.999990
vn 0.003236 -0.004313 0.999986
vn 0.003222 -0.004334 0.999985
vn 0.002071 -0.005648 0.999982
vn 0.002145 -0.005573 0.999982
vn -0.000418 -0.005340 0.999986
vn -0.000581 -0.005209 0.999986
vn -0.001505 -0.002932 0.999995
vn -0.001451 -0.002817 0.999995
vn -0.001411 -0.002591 0.999996
vn -0.001370 -0.002517 0.999996
vn -0.003488 -0.002999 0.999989
vn -0.003333 -0.003035 0.999990
vn -0.004839 -0.001342 0.999987
vn -0.004815 -0.001227 0.999988
vn -0.004358 0.000087 0.999991
vn -0.004350 0.000093 0.999991
vn -0.001183 0.006634 -0.999977
vn -0.001183 0.006634 -0.999977
vn -0.001183 0.006634 -0.999977
vn -0.001183 0.006634 -0.999977
vn 0.003342 0.003644 -0.999988
vn 0.003342 0.003644 -0.999988
vn 0.003342 0.003644 -0.999988
vn 0.003342 0.003644 -0.999988
vn -0.897535 0.440931 0.003244
vn -0.897535 0.440931 0.003244
vn -0.897535 0.440931 0.003244
vn -0.897535 0.440931 0.003244
vn 0.907820 0.419312 0.006302
vn 0.907820 0.419312 0.006302
vn 0.907820 0.419312 0.006302
vn 0.907820 0.419312 0.006302
vn 0.001219 -0.006691 0.999977
vn 0.001219 -0.006691 0.999977
vn 0.001219 -0.006691 0.999977
vn 0.001219 -0.006691 0.999977
vn -0.003400 -0.003471 0.999988
vn -0.003400 -0.003471 0.999988
vn -0.003400 -0.003471 0.999988
vn -0.003400 -0.003471 0.999988
s 1
g Revolver Barrel
f 1453/2918/2789 1454/2919/2790 1455/2920/2791 1456/2921/2792
f 1457/2926/2793 1458/2936/2794 1459/2937/2795 1460/2930/2796
f 1461/2938/2797 1462/2948/2798 1463/2949/2799 1464/2942/2800
f 1465/2950/2801 1466/2960/2802 1467/2961/2803 1468/2954/2804
f 1469/2962/2805 1470/2972/2806 1471/2973/2807 1472/2966/2808
f 1473/2974/2809 1474/2984/2810 1475/2985/2811 1476/2978/2812
f 1477/2986/2813 1478/2996/2814 1479/2997/2815 1480/2990/2816
f 1481/2998/2817 1482/3008/2818 1483/3009/2819 1484/3002/2820
f 1485/3010/2821 1486/3012/2822 1487/3013/2823 1488/3005/2824
f 1489/3001/2825 1490/3006/2826 1491/3007/2827 1492/2993/2828
f 1493/2989/2829 1494/2994/2830 1495/2995/2831 1496/2981/2832
f 1497/2977/2833 1498/2982/2834 1499/2983/2835 1500/2969/2836
f 1501/2965/2837 1502/2970/2838 1503/2971/2839 1504/2957/2840
f 1505/2953/2841 1506/2958/2842 1507/2959/2843 1508/2945/2844
f 1509/2941/2845 1510/2946/2846 1511/2947/2847 1512/2933/2848
f 1513/2929/2849 1514/2934/2850 1515/2935/2851 1516/2925/2852
s off
f 1453/3268/2853 1517/3269/2854 1518/3270/2855 1454/3271/2856
f 1454/3508/2857 1518/3509/2858 1519/3510/2859 1455/3511/2860
f 1455/3272/2861 1519/3273/2862 1582/3274/2863 1456/3275/2864
f 1456/3512/2865 1582/3513/2866 1583/3514/2867 1457/3515/2868
f 1457/3515/2869 1583/3514/2870 1520/3516/2871 1458/3517/2872
f 1458/3517/2873 1520/3516/2874 1521/3518/2875 1459/3519/2876
f 1459/3276/2877 1521/3277/2878 1584/3278/2879 1460/3279/2880
f 1460/3279/2881 1584/3278/2882 1585/3280/2883 1461/3281/2884
f 1461/3520/2885 1585/3521/2886 1522/3522/2887 1462/3523/2888
f 1462/3286/2889 1522/3287/2890 1523/3283/2891 1463/3282/2892
f 1463/3282/2893 1523/3283/2894 1586/3284/2895 1464/3285/2896
f 1464/3285/2897 1586/3284/2898 1587/3288/2899 1465/3289/2900
f 1465/3524/2901 1587/3525/2902 1524/3526/2903 1466/3527/2904
f 1466/3290/2905 1524/3291/2906 1525/3292/2907 1467/3293/2908
f 1467/3293/2909 1525/3292/2910 1588/3294/2911 1468/3295/2912
f 1468/3295/2913 1588/3294/2914 1589/3296/2915 1469/3297/2916
f 1469/3528/2917 1589/3529/2918 1526/3530/2919 1470/3531/2920
f 1470/3298/2921 1526/3299/2922 1527/3300/2923 1471/3301/2924
f 1471/3532/2925 1527/3533/2926 1590/3534/2927 1472/3535/2928
f 1472/3302/2929 1590/3303/2930 1591/3304/2931 1473/3305/2932
f 1473/3305/2933 1591/3304/2934 1528/3306/2935 1474/3307/2936
f 1474/3307/2937 1528/3306/2938 1529/3308/2939 1475/3309/2940
f 1475/3536/2941 1529/3537/2942 1592/3538/2943 1476/3539/2944
f 1476/3314/2945 1592/3315/2946 1593/3311/2947 1477/3310/2948
f 1477/3310/2949 1593/3311/2950 1530/3312/2951 1478/3313/2952
f 1478/3313/2953 1530/3312/2954 1531/3316/2955 1479/3317/2956
f 1479/3540/2957 1531/3541/2958 1594/3542/2959 1480/3543/2960
f 1480/3322/2961 1594/3323/2962 1595/3319/2963 1481/3318/2964
f 1481/3318/2965 1595/3319/2966 1532/3320/2967 1482/3321/2968
f 1482/3544/2969 1532/3545/2970 1533/3546/2971 1483/3547/2972
f 1483/3547/2973 1533/3546/2974 1596/3548/2975 1484/3549/2976
f 1484/3549/2977 1596/3548/2978 1597/3550/2979 1485/3551/2980
f 1485/3324/2981 1597/3325/2982 1534/3326/2983 1486/3327/2984
f 1486/3552/2985 1534/3553/2986 1535/3554/2987 1487/3555/2988
f 1487/3328/2989 1535/3329/2990 1598/3330/2991 1488/3331/2992
f 1488/3556/2993 1598/3557/2994 1599/3558/2995 1489/3559/2996
f 1489/3559/2997 1599/3558/2998 1536/3560/2999 1490/3561/3000
f 1490/3561/3001 1536/3560/3002 1537/3562/3003 1491/3563/3004
f 1491/3332/3005 1537/3333/3006 1600/3334/3007 1492/3335/3008
f 1492/3335/3009 1600/3334/3010 1601/3336/3011 1493/3337/3012
f 1493/3564/3013 1601/3565/3014 1538/3566/3015 1494/3567/3016
f 1494/3342/3017 1538/3343/3018 1539/3339/3019 1495/3338/3020
f 1495/3338/3021 1539/3339/3022 1602/3340/3023 1496/3341/3024
f 1496/3341/3025 1602/3340/3026 1603/3344/3027 1497/3345/3028
f 1497/3568/3029 1603/3569/3030 1540/3570/3031 1498/3571/3032
f 1498/3346/3033 1540/3347/3034 1541/3348/3035 1499/3349/3036
f 1499/3349/3037 1541/3348/3038 1604/3350/3039 1500/3351/3040
f 1500/3351/3041 1604/3350/3042 1605/3352/3043 1501/3353/3044
f 1501/3572/3045 1605/3573/3046 1542/3574/3047 1502/3575/3048
f 1502/3354/3049 1542/3355/3050 1543/3356/3051 1503/3357/3052
f 1503/3576/3053 1543/3577/3054 1606/3578/3055 1504/3579/3056
f 1504/3358/3057 1606/3359/3058 1607/3360/3059 1505/3361/3060
f 1505/3361/3061 1607/3360/3062 1544/3362/3063 1506/3363/3064
f 1506/3363/3065 1544/3362/3066 1545/3364/3067 1507/3365/3068
f 1507/3580/3069 1545/3581/3070 1608/3582/3071 1508/3583/3072
f 1508/3370/3073 1608/3371/3074 1609/3367/3075 1509/3366/3076
f 1509/3366/3077 1609/3367/3078 1546/3368/3079 1510/3369/3080
f 1510/3369/3081 1546/3368/3082 1547/3372/3083 1511/3373/3084
f 1511/3584/3085 1547/3585/3086 1610/3586/3087 1512/3587/3088
f 1512/3378/3089 1610/3379/3090 1611/3375/3091 1513/3374/3092
f 1513/3374/3093 1611/3375/3094 1548/3376/3095 1514/3377/3096
f 1514/3588/3097 1548/3589/3098 1549/3590/3099 1515/3591/3100
f 1515/3591/3101 1549/3590/3102 1612/3592/3103 1516/3593/3104
f 1516/3593/3105 1612/3592/3106 1517/3594/3107 1453/3595/3108
f 1582/3014/3109 1519/3015/3110 1518/3016/3111 1517/3017/3112
f 1584/3025/3113 1521/3030/3114 1520/3031/3115 1583/3021/3116
f 1586/3037/3117 1523/3042/3118 1522/3043/3119 1585/3029/3120
f 1588/3049/3121 1525/3054/3122 1524/3055/3123 1587/3041/3124
f 1590/3061/3125 1527/3066/3126 1526/3067/3127 1589/3053/3128
f 1592/3073/3129 1529/3078/3130 1528/3079/3131 1591/3065/3132
f 1594/3085/3133 1531/3090/3134 1530/3091/3135 1593/3077/3136
f 1596/3097/3137 1533/3102/3138 1532/3103/3139 1595/3089/3140
f 1598/3107/3141 1535/3108/3142 1534/3109/3143 1597/3101/3144
f 1600/3095/3145 1537/3104/3146 1536/3105/3147 1599/3099/3148
f 1602/3083/3149 1539/3092/3150 1538/3093/3151 1601/3087/3152
f 1604/3071/3153 1541/3080/3154 1540/3081/3155 1603/3075/3156
f 1606/3059/3157 1543/3068/3158 1542/3069/3159 1605/3063/3160
f 1608/3047/3161 1545/3056/3162 1544/3057/3163 1607/3051/3164
f 1610/3035/3165 1547/3044/3166 1546/3045/3167 1609/3039/3168
f 1612/3023/3169 1549/3032/3170 1548/3033/3171 1611/3027/3172
s 17
f 1550/3018/3173 1551/3019/3174 1582/3014/3175 1517/3017/3176
f 1551/3019/3174 1552/3020/3177 1583/3021/3178 1582/3014/3175
f 1552/3020/3177 1553/3024/3179 1584/3025/3180 1583/3021/3178
f 1553/3024/3179 1554/3028/3181 1585/3029/3182 1584/3025/3180
f 1554/3028/3181 1555/3036/3183 1586/3037/3184 1585/3029/3182
f 1555/3036/3183 1556/3040/3185 1587/3041/3186 1586/3037/3184
f 1556/3040/3185 1557/3048/3187 1588/3049/3188 1587/3041/3186
f 1557/3048/3187 1558/3052/3189 1589/3053/3190 1588/3049/3188
f 1558/3052/3189 1559/3060/3191 1590/3061/3192 1589/3053/3190
f 1559/3060/3191 1560/3064/3193 1591/3065/3194 1590/3061/3192
f 1560/3064/3193 1561/3072/3195 1592/3073/3196 1591/3065/3194
f 1561/3072/3195 1562/3076/3197 1593/3077/3198 1592/3073/3196
f 1562/3076/3197 1563/3084/3199 1594/3085/3200 1593/3077/3198
f 1563/3084/3199 1564/3088/3201 1595/3089/3202 1594/3085/3200
f 1564/3088/3201 1565/3096/3203 1596/3097/3204 1595/3089/3202
f 1565/3096/3203 1566/3100/3205 1597/3101/3206 1596/3097/3204
f 1566/3100/3205 1567/3106/3207 1598/3107/3208 1597/3101/3206
f 1567/3106/3207 1568/3098/3209 1599/3099/3210 1598/3107/3208
f 1568/3098/3209 1569/3094/3211 1600/3095/3212 1599/3099/3210
f 1569/3094/3211 1570/3086/3213 1601/3087/3214 1600/3095/3212
f 1570/3086/3213 1571/3082/3215 1602/3083/3216 1601/3087/3214
f 1571/3082/3215 1572/3074/3217 1603/3075/3218 1602/3083/3216
f 1572/3074/3217 1573/3070/3219 1604/3071/3220 1603/3075/3218
f 1573/3070/3219 1574/3062/3221 1605/3063/3222 1604/3071/3220
f 1574/3062/3221 1575/3058/3223 1606/3059/3224 1605/3063/3222
f 1575/3058/3223 1576/3050/3225 1607/3051/3226 1606/3059/3224
f 1576/3050/3225 1577/3046/3227 1608/3047/3228 1607/3051/3226
f 1577/3046/3227 1578/3038/3229 1609/3039/3230 1608/3047/3228
f 1578/3038/3229 1579/3034/3231 1610/3035/3232 1609/3039/3230
f 1579/3034/3231 1580/3026/3233 1611/3027/3234 1610/3035/3232
f 1580/3026/3233 1581/3022/3235 1612/3023/3236 1611/3027/3234
f 1581/3022/3235 1550/3018/3173 1517/3017/3176 1612/3023/3236
s 1
f 1550/2922/3237 1453/2918/2789 1456/2921/2792 1551/2923/3238
f 1551/2923/3238 1456/2921/2792 1457/2926/2793 1552/2927/3239
f 1552/2927/3239 1457/2926/2793 1460/2930/2796 1553/2931/3240
f 1553/2931/3240 1460/2930/2796 1461/2938/2797 1554/2939/3241
f 1554/2939/3241 1461/2938/2797 1464/2942/2800 1555/2943/3242
f 1555/2943/3242 1464/2942/2800 1465/2950/2801 1556/2951/3243
f 1556/2951/3243 1465/2950/2801 1468/2954/2804 1557/2955/3244
f 1557/2955/3244 1468/2954/2804 1469/2962/2805 1558/2963/3245
f 1558/2963/3245 1469/2962/2805 1472/2966/2808 1559/2967/3246
f 1559/2967/3246 1472/2966/2808 1473/2974/2809 1560/2975/3247
f 1560/2975/3247 1473/2974/2809 1476/2978/2812 1561/2979/3248
f 1561/2979/3248 1476/2978/2812 1477/2986/2813 1562/2987/3249
f 1562/2987/3249 1477/2986/2813 1480/2990/2816 1563/2991/3250
f 1563/2991/3250 1480/2990/2816 1481/2998/2817 1564/2999/3251
f 1564/2999/3251 1481/2998/2817 1484/3002/2820 1565/3003/3252
f 1565/3003/3252 1484/3002/2820 1485/3010/2821 1566/3011/3253
f 1566/3011/3253 1485/3010/2821 1488/3005/2824 1567/3004/3254
f 1567/3004/3254 1488/3005/2824 1489/3001/2825 1568/3000/3255
f 1568/3000/3255 1489/3001/2825 1492/2993/2828 1569/2992/3256
f 1569/2992/3256 1492/2993/2828 1493/2989/2829 1570/2988/3257
f 1570/2988/3257 1493/2989/2829 1496/2981/2832 1571/2980/3258
f 1571/2980/3258 1496/2981/2832 1497/2977/2833 1572/2976/3259
f 1572/2976/3259 1497/2977/2833 1500/2969/2836 1573/2968/3260
f 1573/2968/3260 1500/2969/2836 1501/2965/2837 1574/2964/3261
f 1574/2964/3261 1501/2965/2837 1504/2957/2840 1575/2956/3262
f 1575/2956/3262 1504/2957/2840 1505/2953/2841 1576/2952/3263
f 1576/2952/3263 1505/2953/2841 1508/2945/2844 1577/2944/3264
f 1577/2944/3264 1508/2945/2844 1509/2941/2845 1578/2940/3265
f 1578/2940/3265 1509/2941/2845 1512/2933/2848 1579/2932/3266
f 1579/2932/3266 1512/2933/2848 1513/2929/2849 1580/2928/3267
f 1580/2928/3267 1513/2929/2849 1516/2925/2852 1581/2924/3268
f 1581/2924/3268 1516/2925/2852 1453/2918/2789 1550/2922/3237
s 18
f 1614/3380/3269 1613/3381/3270 1615/3382/3271 1616/3383/3272
f 1613/3381/3270 1617/3384/3273 1618/3385/3274 1615/3382/3271
s off
f 1619/3596/3275 1620/3597/3276 1613/3598/3277 1614/3599/3278
f 1621/3602/3279 1622/3603/3280 1616/3604/3281 1615/3605/3282
f 1622/3110/3283 1619/3111/3284 1614/3112/3285 1616/3113/3286
f 1620/3597/3287 1623/3600/3288 1617/3601/3289 1613/3598/3290
f 1623/3114/3291 1624/3115/3292 1618/3116/3293 1617/3117/3294
f 1624/3606/3295 1621/3602/3296 1615/3605/3297 1618/3607/3298
s 19
f 1734/3386/3299 1737/3387/3300 1736/3388/3301 1735/3389/3302
f 1735/3118/3302 1736/3119/3301 1739/3120/3303 1738/3121/3304
f 1734/3142/3299 1741/3143/3305 1740/3138/3306 1737/3139/3300
f 1738/3121/3304 1739/3120/3303 1743/3124/3307 1742/3125/3308
f 1741/3392/3305 1745/3393/3309 1744/3394/3310 1740/3395/3306
f 1742/3125/3308 1743/3124/3307 1747/3129/3311 1746/3130/3312
f 1745/3393/3309 1749/3396/3313 1748/3397/3314 1744/3394/3310
f 1746/3412/3312 1747/3413/3311 1751/3414/3315 1750/3415/3316
f 1749/3396/3313 1753/3400/3317 1752/3401/3318 1748/3397/3314
f 1750/3415/3316 1751/3414/3315 1755/3418/3319 1754/3419/3320
f 1753/3400/3317 1757/3405/3321 1756/3406/3322 1752/3401/3318
f 1754/3419/3320 1755/3418/3319 1759/3421/3323 1758/3422/3324
f 1757/3144/3321 1761/3145/3325 1760/3146/3326 1756/3147/3322
f 1758/3422/3324 1759/3421/3323 1763/3425/3327 1762/3426/3328
f 1761/3145/3325 1765/3148/3329 1764/3149/3330 1760/3146/3326
f 1762/3266/3328 1763/3261/3327 1767/3263/3331 1766/3267/3332
f 1765/3148/3329 1769/3152/3333 1768/3153/3334 1764/3149/3330
f 1766/3431/3332 1767/3432/3331 1771/3433/3335 1770/3434/3336
f 1769/3152/3333 1773/3157/3337 1772/3158/3338 1768/3153/3334
f 1770/3161/3336 1771/3162/3335 1772/3158/3338 1773/3157/3337
f 1774/3131/3339 1777/3132/3340 1776/3126/3341 1775/3122/3342
f 1778/3135/3343 1779/3136/3344 1777/3132/3340 1774/3131/3339
f 1780/3398/3345 1781/3403/3346 1779/3404/3344 1778/3399/3343
f 1782/3402/3347 1783/3408/3348 1781/3403/3346 1780/3398/3345
f 1784/3407/3349 1785/3410/3350 1783/3408/3348 1782/3402/3347
f 1786/3409/3351 1787/3411/3352 1785/3410/3350 1784/3407/3349
f 1788/3150/3353 1789/3155/3354 1787/3156/3352 1786/3151/3351
f 1790/3154/3355 1791/3160/3356 1789/3155/3354 1788/3150/3353
f 1792/3159/3357 1793/3164/3358 1791/3160/3356 1790/3154/3355
f 1794/3163/3359 1795/3166/3360 1793/3164/3358 1792/3159/3357
f 1796/3165/3361 1797/3167/3362 1795/3166/3360 1794/3163/3359
f 1798/3435/3363 1799/3437/3364 1797/3438/3362 1796/3436/3361
f 1800/3260/3365 1801/3264/3366 1799/3265/3364 1798/3262/3363
f 1802/3428/3367 1803/3427/3368 1801/3429/3366 1800/3430/3365
f 1804/3420/3369 1805/3424/3370 1803/3427/3368 1802/3428/3367
f 1806/3417/3371 1807/3423/3372 1805/3424/3370 1804/3420/3369
f 1808/3134/3373 1809/3137/3374 1807/3140/3372 1806/3141/3371
f 1810/3128/3375 1811/3133/3376 1809/3137/3374 1808/3134/3373
f 1812/3123/3377 1813/3127/3378 1811/3133/3376 1810/3128/3375
f 1775/3122/3342 1776/3126/3341 1813/3127/3378 1812/3123/3377
f 1737/3387/3300 1774/3390/3339 1775/3391/3342 1736/3388/3301
f 1736/3119/3301 1775/3122/3342 1812/3123/3377 1739/3120/3303
f 1739/3120/3303 1812/3123/3377 1810/3128/3375 1743/3124/3307
f 1743/3124/3307 1810/3128/3375 1808/3134/3373 1747/3129/3311
f 1747/3413/3311 1808/3416/3373 1806/3417/3371 1751/3414/3315
f 1751/3414/3315 1806/3417/3371 1804/3420/3369 1755/3418/3319
f 1763/3261/3327 1800/3260/3365 1798/3262/3363 1767/3263/3331
f 1767/3432/3331 1798/3435/3363 1796/3436/3361 1771/3433/3335
f 1771/3162/3335 1796/3165/3361 1794/3163/3359 1772/3158/3338
f 1772/3158/3338 1794/3163/3359 1792/3159/3357 1768/3153/3334
f 1768/3153/3334 1792/3159/3357 1790/3154/3355 1764/3149/3330
f 1764/3149/3330 1790/3154/3355 1788/3150/3353 1760/3146/3326
f 1760/3146/3326 1788/3150/3353 1786/3151/3351 1756/3147/3322
f 1756/3406/3322 1786/3409/3351 1784/3407/3349 1752/3401/3318
f 1752/3401/3318 1784/3407/3349 1782/3402/3347 1748/3397/3314
f 1748/3397/3314 1782/3402/3347 1780/3398/3345 1744/3394/3310
f 1744/3394/3310 1780/3398/3345 1778/3399/3343 1740/3395/3306
f 1740/3138/3306 1778/3135/3343 1774/3131/3339 1737/3139/3300
s 21
f 1625/3168/3379 1626/3169/3380 1646/3170/3381 1645/3171/3382
f 1626/3169/3380 1627/3172/3383 1647/3173/3384 1646/3170/3381
f 1627/3439/3383 1628/3440/3385 1648/3441/3386 1647/3442/3384
f 1628/3440/3385 1629/3443/3387 1649/3444/3388 1648/3441/3386
f 1629/3443/3387 1630/3445/3389 1650/3446/3390 1649/3444/3388
f 1630/3445/3389 1631/3447/3391 1651/3448/3392 1650/3446/3390
f 1631/3188/3391 1632/3182/3393 1652/3185/3394 1651/3189/3392
f 1632/3182/3393 1633/3183/3395 1653/3184/3396 1652/3185/3394
f 1633/3183/3395 1634/3186/3397 1654/3187/3398 1653/3184/3396
f 1634/3186/3397 1635/3190/3399 1655/3191/3400 1654/3187/3398
f 1635/3190/3399 1636/3192/3401 1656/3193/3402 1655/3191/3400
f 1636/3192/3401 1637/3194/3403 1657/3195/3404 1656/3193/3402
f 1637/3449/3403 1638/3450/3405 1658/3451/3406 1657/3452/3404
f 1638/3450/3405 1639/3453/3407 1659/3454/3408 1658/3451/3406
f 1639/3453/3407 1640/3455/3409 1660/3456/3410 1659/3454/3408
f 1640/3455/3409 1641/3457/3411 1661/3458/3412 1660/3456/3410
f 1641/3180/3411 1642/3178/3413 1662/3179/3414 1661/3181/3412
f 1642/3178/3413 1643/3176/3415 1663/3177/3416 1662/3179/3414
f 1643/3176/3415 1644/3174/3417 1664/3175/3418 1663/3177/3416
f 1644/3174/3417 1625/3168/3379 1645/3171/3382 1664/3175/3418
s 22
f 1665/3459/3419 1666/3460/3420 1699/3461/3421 1700/3462/3422
f 1666/3196/3420 1669/3197/3423 1715/3198/3424 1699/3199/3421
f 1665/3218/3419 1700/3209/3422 1701/3214/3425 1671/3219/3426
f 1669/3197/3423 1673/3200/3427 1714/3201/3428 1715/3198/3424
f 1671/3463/3426 1701/3464/3425 1702/3465/3429 1660/3466/3430
f 1673/3200/3427 1675/3204/3431 1713/3205/3432 1714/3201/3428
f 1660/3466/3430 1702/3465/3429 1703/3469/3433 1659/3470/3434
f 1675/3483/3431 1677/3484/3435 1712/3485/3436 1713/3486/3432
f 1659/3470/3434 1703/3469/3433 1704/3474/3437 1658/3475/3438
f 1677/3484/3435 1679/3487/3439 1619/3488/3440 1712/3485/3436
f 1658/3475/3438 1704/3474/3437 1705/3478/3441 1681/3479/3442
f 1679/3487/3439 1683/3491/3443 1620/3492/3444 1619/3488/3440
f 1681/3222/3442 1705/3223/3441 1706/3224/3445 1685/3225/3446
f 1683/3491/3443 1687/3494/3447 1623/3495/3448 1620/3492/3444
f 1685/3225/3446 1706/3224/3445 1707/3228/3449 1689/3229/3450
f 1687/3252/3447 1691/3253/3451 1711/3251/3452 1623/3250/3448
f 1689/3229/3450 1707/3228/3449 1708/3233/3453 1693/3234/3454
f 1691/3502/3451 1695/3503/3455 1710/3504/3456 1711/3505/3452
f 1693/3234/3454 1708/3233/3453 1709/3237/3457 1698/3238/3458
f 1695/3241/3455 1698/3238/3458 1709/3237/3457 1710/3242/3456
f 1716/3210/3459 1717/3203/3460 1667/3208/3461 1668/3213/3462
f 1732/3215/3463 1716/3210/3459 1668/3213/3462 1672/3217/3464
f 1731/3468/3465 1732/3467/3463 1672/3471/3464 1640/3472/3466
f 1730/3473/3467 1731/3468/3465 1640/3472/3466 1639/3476/3468
f 1729/3477/3469 1730/3473/3467 1639/3476/3468 1638/3480/3470
f 1728/3481/3471 1729/3477/3469 1638/3480/3470 1682/3482/3472
f 1727/3227/3473 1728/3226/3471 1682/3230/3472 1686/3231/3474
f 1726/3232/3475 1727/3227/3473 1686/3231/3474 1690/3235/3476
f 1725/3236/3477 1726/3232/3475 1690/3235/3476 1694/3239/3478
f 1724/3240/3479 1725/3236/3477 1694/3239/3478 1697/3243/3480
f 1723/3244/3481 1724/3240/3479 1697/3243/3480 1696/3245/3482
f 1722/3246/3483 1723/3244/3481 1696/3245/3482 1692/3247/3484
f 1624/3248/3485 1722/3246/3483 1692/3247/3484 1688/3249/3486
f 1621/3498/3487 1624/3500/3485 1688/3501/3486 1684/3499/3488
f 1622/3493/3489 1621/3498/3487 1684/3499/3488 1680/3496/3490
f 1721/3489/3491 1622/3493/3489 1680/3496/3490 1678/3497/3492
f 1720/3211/3493 1721/3220/3491 1678/3221/3492 1676/3216/3494
f 1719/3206/3495 1720/3211/3493 1676/3216/3494 1674/3212/3496
f 1718/3202/3497 1719/3206/3495 1674/3212/3496 1670/3207/3498
f 1717/3203/3460 1718/3202/3497 1670/3207/3498 1667/3208/3461
f 1700/3209/3422 1699/3199/3421 1717/3203/3460 1716/3210/3459
f 1699/3199/3421 1715/3198/3424 1718/3202/3497 1717/3203/3460
f 1715/3198/3424 1714/3201/3428 1719/3206/3495 1718/3202/3497
f 1714/3201/3428 1713/3205/3432 1720/3211/3493 1719/3206/3495
f 1713/3486/3432 1712/3485/3436 1721/3489/3491 1720/3490/3493
f 1712/3485/3436 1619/3488/3440 1622/3493/3489 1721/3489/3491
f 1623/3250/3448 1711/3251/3452 1722/3246/3483 1624/3248/3485
f 1711/3505/3452 1710/3504/3456 1723/3506/3481 1722/3507/3483
f 1710/3242/3456 1709/3237/3457 1724/3240/3479 1723/3244/3481
f 1709/3237/3457 1708/3233/3453 1725/3236/3477 1724/3240/3479
f 1708/3233/3453 1707/3228/3449 1726/3232/3475 1725/3236/3477
f 1707/3228/3449 1706/3224/3445 1727/3227/3473 1726/3232/3475
f 1706/3224/3445 1705/3223/3441 1728/3226/3471 1727/3227/3473
f 1705/3478/3441 1704/3474/3437 1729/3477/3469 1728/3481/3471
f 1704/3474/3437 1703/3469/3433 1730/3473/3467 1729/3477/3469
f 1703/3469/3433 1702/3465/3429 1731/3468/3465 1730/3473/3467
f 1702/3465/3429 1701/3464/3425 1732/3467/3463 1731/3468/3465
f 1701/3214/3425 1700/3209/3422 1716/3210/3459 1732/3215/3463
s 23
f 1646/3608/3499 1733/3609/3500 1645/3610/3501
f 1647/3611/3502 1733/3609/3500 1646/3608/3499
f 1648/3613/3503 1733/3609/3500 1647/3611/3502
f 1649/3615/3504 1733/3609/3500 1648/3613/3503
f 1650/3617/3505 1733/3609/3500 1649/3615/3504
f 1651/3619/3506 1733/3609/3500 1650/3617/3505
f 1652/3621/3507 1733/3609/3500 1651/3619/3506
f 1653/3623/3508 1733/3609/3500 1652/3621/3507
f 1654/3625/3509 1733/3609/3500 1653/3623/3508
f 1655/3627/3510 1733/3609/3500 1654/3625/3509
f 1656/3628/3511 1733/3609/3500 1655/3627/3510
f 1657/3626/3512 1733/3609/3500 1656/3628/3511
f 1658/3624/3513 1733/3609/3500 1657/3626/3512
f 1659/3622/3514 1733/3609/3500 1658/3624/3513
f 1660/3620/3515 1733/3609/3500 1659/3622/3514
f 1661/3618/3516 1733/3609/3500 1660/3620/3515
f 1662/3616/3517 1733/3609/3500 1661/3618/3516
f 1663/3614/3518 1733/3609/3500 1662/3616/3517
f 1664/3612/3519 1733/3609/3500 1663/3614/3518
f 1645/3610/3501 1733/3609/3500 1664/3612/3519
s 24
f 1665/3629/3520 1734/3630/3521 1735/3631/3522 1666/3632/3523
f 1666/3632/3523 1735/3631/3522 1738/3635/3524 1669/3636/3525
f 1671/3633/3526 1741/3634/3527 1734/3630/3521 1665/3629/3520
f 1669/3636/3525 1738/3635/3524 1742/3639/3528 1673/3640/3529
f 1660/3637/3530 1745/3638/3531 1741/3634/3527 1671/3633/3526
f 1673/3640/3529 1742/3639/3528 1746/3643/3532 1675/3644/3533
f 1659/3641/3534 1749/3642/3535 1745/3638/3531 1660/3637/3530
f 1675/3644/3533 1746/3643/3532 1750/3647/3536 1677/3648/3537
f 1658/3645/3538 1753/3646/3539 1749/3642/3535 1659/3641/3534
f 1677/3648/3537 1750/3647/3536 1754/3651/3540 1679/3652/3541
f 1681/3649/3542 1757/3650/3543 1753/3646/3539 1658/3645/3538
f 1679/3652/3541 1754/3651/3540 1758/3655/3544 1683/3656/3545
f 1685/3653/3546 1761/3654/3547 1757/3650/3543 1681/3649/3542
f 1683/3656/3545 1758/3655/3544 1762/3659/3548 1687/3660/3549
f 1689/3657/3550 1765/3658/3551 1761/3654/3547 1685/3653/3546
f 1687/3660/3549 1762/3659/3548 1766/3663/3552 1691/3664/3553
f 1693/3661/3554 1769/3662/3555 1765/3658/3551 1689/3657/3550
f 1691/3664/3553 1766/3663/3552 1770/3667/3556 1695/3668/3557
f 1698/3665/3558 1773/3666/3559 1769/3662/3555 1693/3661/3554
f 1695/3668/3557 1770/3667/3556 1773/3666/3559 1698/3665/3558
s 25
f 1667/3669/3560 1776/3670/3561 1777/3671/3562 1668/3672/3563
f 1668/3672/3563 1777/3671/3562 1779/3675/3564 1672/3676/3565
f 1672/3676/3565 1779/3675/3564 1781/3679/3566 1640/3680/3567
f 1640/3680/3567 1781/3679/3566 1783/3683/3568 1639/3684/3569
f 1639/3684/3569 1783/3683/3568 1785/3687/3570 1638/3688/3571
f 1638/3688/3571 1785/3687/3570 1787/3691/3572 1682/3692/3573
f 1682/3692/3573 1787/3691/3572 1789/3695/3574 1686/3696/3575
f 1686/3696/3575 1789/3695/3574 1791/3699/3576 1690/3700/3577
f 1690/3700/3577 1791/3699/3576 1793/3703/3578 1694/3704/3579
f 1694/3704/3579 1793/3703/3578 1795/3707/3580 1697/3708/3581
f 1697/3708/3581 1795/3707/3580 1797/3706/3582 1696/3705/3583
f 1696/3705/3583 1797/3706/3582 1799/3702/3584 1692/3701/3585
f 1692/3701/3585 1799/3702/3584 1801/3698/3586 1688/3697/3587
f 1688/3697/3587 1801/3698/3586 1803/3694/3588 1684/3693/3589
f 1684/3693/3589 1803/3694/3588 1805/3690/3590 1680/3689/3591
f 1680/3689/3591 1805/3690/3590 1807/3686/3592 1678/3685/3593
f 1678/3685/3593 1807/3686/3592 1809/3682/3594 1676/3681/3595
f 1676/3681/3595 1809/3682/3594 1811/3678/3596 1674/3677/3597
f 1674/3677/3597 1811/3678/3596 1813/3674/3598 1670/3673/3599
f 1670/3673/3599 1813/3674/3598 1776/3670/3561 1667/3669/3560
s off
f 1624/3709/3600 1621/3710/3601 1802/3711/3602 1800/3712/3603
f 1621/3710/3604 1622/3713/3605 1804/3714/3606 1802/3711/3607
f 1622/3254/3608 1619/3255/3609 1755/3256/3610 1804/3257/3611
f 1623/3258/3612 1624/3259/3613 1800/3260/3614 1763/3261/3615
f 1620/3715/3616 1623/3716/3617 1763/3717/3618 1759/3718/3619
f 1619/3719/3620 1620/3715/3621 1759/3718/3622 1755/3720/3623
g default
v -0.774982 7.406383 1.502352
v -0.881437 7.287857 1.233083
v -0.994004 7.088984 1.019389
v -1.101664 6.829229 0.882190
v -1.193880 6.534020 0.834914
v -1.261623 6.232254 0.882190
v -1.298264 5.953469 1.019389
v -1.300215 5.724957 1.233083
v -1.267285 5.569082 1.502352
v -1.202699 5.501107 1.800840
v -1.112777 5.527682 2.099327
v -1.047476 5.646208 2.368597
v -1.160068 5.845082 2.582290
v -0.786095 6.104836 2.719490
v -0.693880 6.400046 2.766766
v -0.626136 6.701811 2.719490
v -0.589495 6.980595 2.582290
v -0.587544 7.209108 2.368597
v -0.620473 7.364983 2.099327
v -0.685060 7.432958 1.800840
v -1.282297 7.542317 1.643082
v -1.388752 7.423792 1.373812
v -1.501318 7.224918 1.160119
v -1.608979 6.965164 1.022920
v -1.701194 6.669954 0.975644
v -1.768938 6.368189 1.022920
v -1.805579 6.089404 1.160120
v -1.807530 5.860891 1.373813
v -1.774600 5.705018 1.643082
v -1.710013 5.637041 1.941570
v -1.620092 5.663617 2.240058
v -1.513637 5.782142 2.509327
v -1.401070 5.981016 2.723021
v -1.293410 6.240770 2.860220
v -1.201194 6.535979 2.907496
v -1.133451 6.837746 2.860220
v -1.096810 7.116531 2.723021
v -1.094859 7.345043 2.509327
v -1.127788 7.500917 2.240057
v -1.192375 7.568892 1.941570
v -0.943879 6.467032 1.800840
v -1.451194 6.602968 1.941570
v -1.103740 7.362893 1.622179
v -1.201493 7.254055 1.374918
v -1.258832 6.500320 1.896269
v -1.304859 7.071436 1.178691
v -1.403720 6.832913 1.052706
v -1.488398 6.561833 1.009294
v -1.029266 6.438808 2.783245
v -0.967060 6.715909 2.739833
v -0.933414 6.971907 2.613847
v -0.931622 7.181742 2.417620
v -0.961860 7.324876 2.170360
v -1.021168 7.387295 1.896269
vt 0.419290 -0.003056
vt 0.431904 -0.003056
vt 0.431904 0.087444
vt 0.419290 0.087444
vt 0.441915 -0.003056
vt 0.441915 0.087444
vt 0.405306 -0.003056
vt 0.405306 0.087444
vt 0.391323 -0.003056
vt 0.391323 0.087444
vt 0.378709 -0.003056
vt 0.378709 0.087444
vt 0.368698 -0.003056
vt 0.368698 0.087444
vt 0.508888 -0.003056
vt 0.521503 -0.003056
vt 0.521503 0.087444
vt 0.508888 0.087444
vt 0.535486 -0.003056
vt 0.535486 0.087444
vt 0.498878 -0.003056
vt 0.498878 0.087444
vt 0.549469 -0.003056
vt 0.549469 0.087444
vt 0.561618 0.003335
vt 0.562083 0.087444
vt 0.569081 0.038300
vt 0.572094 0.087444
vt 0.449534 0.179926
vt 0.490891 0.189366
vt 0.449534 0.222962
vt 0.447896 0.230518
vt 0.447896 0.243132
vt 0.411801 0.240451
vt 0.411801 0.228867
vt 0.447896 0.253143
vt 0.411801 0.249643
vt 0.447896 0.216534
vt 0.411801 0.216027
vt 0.447896 0.202551
vt 0.411801 0.203187
vt 0.447896 0.189937
vt 0.411801 0.191604
vt 0.447896 0.179926
vt 0.411801 0.182411
vt 0.419291 0.088435
vt 0.419291 0.133685
vt 0.383196 0.134192
vt 0.383196 0.092641
vt 0.419291 0.178935
vt 0.383196 0.175744
vt 0.549445 0.107088
vt 0.555873 0.119702
vt 0.512837 0.133685
vt 0.558087 0.133685
vt 0.539435 0.097077
vt 0.555873 0.147668
vt 0.526820 0.090650
vt 0.549445 0.160283
vt 0.512837 0.088435
vt 0.539434 0.170293
vt 0.498854 0.090650
vt 0.526820 0.176721
vt 0.486240 0.097077
vt 0.512837 0.178935
vt 0.476229 0.107088
vt 0.498854 0.176721
vt 0.469801 0.119702
vt 0.467587 0.133685
vt 0.469801 0.147668
vt 0.475747 0.159817
vt 0.408216 0.234318
vt 0.402314 0.245901
vt 0.368698 0.221478
vt 0.393122 0.255094
vt 0.410250 0.221478
vt 0.381539 0.260996
vt 0.408216 0.208638
vt 0.368698 0.263029
vt 0.402314 0.197054
vt 0.393122 0.187862
vt 0.381538 0.181960
vt 0.368698 0.179926
vt 0.466064 0.178935
vt 0.452081 0.176721
vt 0.466064 0.133685
vt 0.439467 0.170293
vt 0.429456 0.160283
vt 0.423028 0.147668
vt 0.420814 0.133685
vt 0.423028 0.119702
vt 0.429456 0.107088
vt 0.439467 0.097077
vt 0.452081 0.090650
vt 0.466064 0.088435
vt 0.496924 0.087444
vt 0.484310 0.087444
vt 0.484310 -0.003056
vt 0.496924 -0.003056
vt 0.470327 0.087444
vt 0.470327 -0.003056
vt 0.456344 0.087444
vt 0.456344 -0.003056
vt 0.443729 0.087444
vt 0.443729 -0.003056
vt 0.559610 0.129791
vt 0.575343 0.088435
vt 0.575343 0.178935
vt 0.562729 0.178935
vt 0.589326 0.088435
vt 0.589326 0.178935
vt 0.603310 0.088435
vt 0.603310 0.178935
vt 0.615924 0.088435
vt 0.615924 0.178936
vt 0.556734 0.216021
vt 0.544120 0.216021
vt 0.540743 0.179926
vt 0.552327 0.179926
vt 0.530137 0.216021
vt 0.527903 0.179926
vt 0.560614 0.179926
vt 0.574597 0.179926
vt 0.571220 0.216021
vt 0.558380 0.216021
vt 0.587211 0.179926
vt 0.582803 0.216021
vt 0.492589 0.221282
vt 0.500052 0.186317
vt 0.526184 0.179926
vn 0.168898 0.939351 -0.298486
vn 0.062443 0.820825 -0.567756
vn 0.062443 0.820825 -0.567756
vn 0.168898 0.939351 -0.298486
vn -0.050124 0.621952 -0.781450
vn -0.050124 0.621951 -0.781450
vn -0.157785 0.362196 -0.918650
vn -0.157785 0.362196 -0.918650
vn -0.250000 0.066987 -0.965926
vn -0.250000 0.066987 -0.965926
vn -0.317744 -0.234779 -0.918650
vn -0.317744 -0.234779 -0.918650
vn -0.354384 -0.513563 -0.781451
vn -0.354384 -0.513563 -0.781451
vn -0.356336 -0.742076 -0.567757
vn -0.356336 -0.742076 -0.567757
vn -0.323406 -0.897949 -0.298488
vn -0.323406 -0.897949 -0.298488
vn -0.258818 -0.965926 -0.000000
vn -0.258818 -0.965926 0.000000
vn -0.175762 -0.942253 0.285073
vn -0.173797 -0.940770 0.291114
vn -0.098827 -0.863516 0.494544
vn -0.079603 -0.838703 0.538740
vn 0.054079 -0.642087 0.764722
vn 0.076746 -0.607097 0.790913
vn 0.174736 -0.345151 0.922138
vn 0.165106 -0.380467 0.909937
vn 0.250000 -0.066987 0.965926
vn 0.250000 -0.066987 0.965926
vn 0.317744 0.234779 0.918650
vn 0.317744 0.234779 0.918650
vn 0.354385 0.513563 0.781450
vn 0.354385 0.513563 0.781450
vn 0.356336 0.742075 0.567758
vn 0.356336 0.742075 0.567758
vn 0.323406 0.897950 0.298488
vn 0.323406 0.897950 0.298488
vn 0.258819 0.965926 -0.000001
vn 0.258819 0.965926 -0.000002
vn 0.933012 -0.250000 -0.258820
vn 0.933013 -0.250000 -0.258819
vn 0.926586 -0.286023 -0.244192
vn 0.933013 -0.250000 -0.258820
vn 0.933013 -0.250000 -0.258819
vn 0.933013 -0.249999 -0.258819
vn 0.933013 -0.250000 -0.258819
vn 0.933013 -0.250000 -0.258819
vn 0.933012 -0.250000 -0.258820
vn 0.933013 -0.250000 -0.258818
vn 0.933013 -0.250001 -0.258818
vn 0.951367 -0.234528 -0.199743
vn 0.990969 -0.035663 0.129261
vn 0.901768 -0.423289 -0.087417
vn 0.774378 -0.531875 -0.342707
vn 0.933013 -0.250000 -0.258818
vn 0.933012 -0.250001 -0.258819
vn 0.933013 -0.250000 -0.258820
vn 0.933013 -0.250000 -0.258819
vn 0.933013 -0.250000 -0.258819
vn 0.933013 -0.250000 -0.258819
vn -0.933013 0.250000 0.258820
vn -0.933013 0.250000 0.258818
vn -0.933013 0.250000 0.258819
vn -0.933013 0.250000 0.258819
vn -0.933013 0.250000 0.258819
vn -0.933013 0.249999 0.258820
vn -0.933012 0.250002 0.258819
vn -0.933012 0.250001 0.258819
vn -0.933013 0.250000 0.258819
vn -0.933013 0.250000 0.258819
vn -0.933013 0.250000 0.258819
vn -0.933012 0.250000 0.258820
vn -0.933013 0.249999 0.258819
vn -0.933013 0.250000 0.258819
vn -0.933013 0.250000 0.258820
vn -0.933013 0.249999 0.258819
vn -0.933013 0.250000 0.258819
vn -0.933012 0.250001 0.258819
vn -0.933013 0.249999 0.258819
vn -0.933013 0.250000 0.258818
vn -0.933013 0.250000 0.258818
vn -0.933012 0.250000 0.258820
vn -0.933013 0.250000 0.258819
vn -0.933013 0.250000 0.258819
vn -0.579657 -0.636177 0.509192
vn -0.579657 -0.636177 0.509192
vn -0.579657 -0.636177 0.509192
vn -0.579657 -0.636177 0.509192
vn -0.467303 -0.510840 0.721575
vn -0.467303 -0.510840 0.721575
vn -0.467303 -0.510840 0.721575
vn -0.467303 -0.510840 0.721575
vn -0.338208 -0.326091 0.882768
vn -0.338208 -0.326091 0.882768
vn -0.338208 -0.326092 0.882768
vn -0.338208 -0.326091 0.882768
vn -0.201536 -0.093191 0.975038
vn -0.201536 -0.093191 0.975038
vn -0.201536 -0.093191 0.975038
vn -0.201536 -0.093191 0.975038
vn 0.459439 0.886350 -0.057444
vn 0.459439 0.886350 -0.057444
vn 0.459439 0.886350 -0.057444
vn 0.459439 0.886350 -0.057444
vn -0.584244 0.004013 -0.811568
vn -0.584244 0.004013 -0.811568
vn -0.584244 0.004013 -0.811568
vn -0.584244 0.004013 -0.811568
vn 0.459439 0.886350 -0.057442
vn 0.459439 0.886350 -0.057442
vn 0.459439 0.886350 -0.057442
vn 0.459439 0.886350 -0.057442
vn -0.680866 -0.249412 -0.688633
vn -0.680866 -0.249412 -0.688633
vn -0.680866 -0.249412 -0.688632
vn -0.680866 -0.249412 -0.688632
vn -0.737259 -0.458093 -0.496589
vn -0.737259 -0.458093 -0.496589
vn -0.737259 -0.458093 -0.496589
vn -0.737259 -0.458093 -0.496589
vn -0.751951 -0.606221 -0.258972
vn -0.751951 -0.606221 -0.258972
vn -0.751950 -0.606221 -0.258972
vn -0.751950 -0.606221 -0.258972
vn -0.727471 -0.686137 0.001155
vn -0.727471 -0.686137 0.001155
vn -0.727471 -0.686137 0.001155
vn -0.727471 -0.686137 0.001155
vn -0.668302 -0.695744 0.263274
vn -0.668302 -0.695744 0.263274
vn -0.668302 -0.695744 0.263274
vn -0.668302 -0.695744 0.263274
s 1
g Revolver meter
f 1814/3721/3624 1815/3722/3625 1835/3723/3626 1834/3724/3627
f 1815/3722/3625 1816/3725/3628 1836/3726/3629 1835/3723/3626
f 1816/3816/3628 1817/3817/3630 1837/3818/3631 1836/3819/3629
f 1817/3817/3630 1818/3820/3632 1838/3821/3633 1837/3818/3631
f 1818/3820/3632 1819/3822/3634 1839/3823/3635 1838/3821/3633
f 1819/3822/3634 1820/3824/3636 1840/3825/3637 1839/3823/3635
f 1820/3741/3636 1821/3735/3638 1841/3738/3639 1840/3742/3637
f 1821/3735/3638 1822/3736/3640 1842/3737/3641 1841/3738/3639
f 1822/3736/3640 1823/3739/3642 1843/3740/3643 1842/3737/3641
f 1823/3739/3642 1824/3743/3644 1844/3744/3645 1843/3740/3643
f 1824/3743/3644 1825/3745/3646 1845/3746/3647 1844/3744/3645
f 1825/3745/3646 1826/3747/3648 1846/3748/3649 1845/3746/3647
f 1826/3826/3648 1827/3827/3650 1847/3828/3651 1846/3829/3649
f 1827/3827/3650 1828/3830/3652 1848/3831/3653 1847/3828/3651
f 1828/3830/3652 1829/3832/3654 1849/3833/3655 1848/3831/3653
f 1829/3832/3654 1830/3834/3656 1850/3835/3657 1849/3833/3655
f 1830/3733/3656 1831/3731/3658 1851/3732/3659 1850/3734/3657
f 1831/3731/3658 1832/3729/3660 1852/3730/3661 1851/3732/3659
f 1832/3729/3660 1833/3727/3662 1853/3728/3663 1852/3730/3661
f 1833/3727/3662 1814/3721/3624 1834/3724/3627 1853/3728/3663
s 2
f 1815/3772/3664 1814/3773/3665 1854/3774/3666
f 1816/3776/3667 1815/3772/3664 1854/3774/3666
f 1817/3778/3668 1816/3776/3667 1854/3774/3666
f 1818/3780/3669 1817/3778/3668 1854/3774/3666
f 1819/3782/3670 1818/3780/3669 1854/3774/3666
f 1820/3784/3671 1819/3782/3670 1854/3774/3666
f 1821/3786/3672 1820/3784/3671 1854/3774/3666
f 1822/3788/3673 1821/3786/3672 1854/3774/3666
f 1823/3789/3674 1822/3788/3673 1854/3774/3666
f 1824/3790/3675 1823/3789/3674 1854/3774/3666
f 1825/3791/3676 1824/3790/3675 1854/3774/3666
f 1826/3848/3677 1825/3849/3676 1854/3850/3666
f 1827/3749/3678 1826/3750/3677 1854/3751/3666
f 1828/3785/3679 1827/3787/3678 1854/3774/3666
f 1829/3783/3680 1828/3785/3679 1854/3774/3666
f 1830/3781/3681 1829/3783/3680 1854/3774/3666
f 1831/3779/3682 1830/3781/3681 1854/3774/3666
f 1832/3777/3683 1831/3779/3682 1854/3774/3666
f 1833/3775/3684 1832/3777/3683 1854/3774/3666
f 1814/3773/3665 1833/3775/3684 1854/3774/3666
s 3
f 1856/3792/3685 1857/3793/3686 1858/3794/3687
f 1857/3793/3686 1859/3795/3688 1858/3794/3687
f 1859/3795/3688 1860/3797/3689 1858/3794/3687
f 1860/3797/3689 1861/3799/3690 1858/3794/3687
s 4
f 1838/3804/3691 1839/3805/3692 1855/3806/3693
f 1839/3805/3692 1840/3807/3694 1855/3806/3693
f 1840/3807/3694 1841/3808/3695 1855/3806/3693
f 1841/3808/3695 1842/3809/3696 1855/3806/3693
f 1842/3809/3696 1843/3810/3697 1855/3806/3693
f 1843/3810/3697 1844/3811/3698 1855/3806/3693
f 1844/3811/3698 1845/3812/3699 1855/3806/3693
f 1845/3812/3699 1846/3813/3700 1855/3806/3693
f 1846/3813/3700 1847/3814/3701 1855/3806/3693
f 1847/3814/3701 1848/3815/3702 1855/3806/3693
s 3
f 1862/3803/3703 1863/3802/3704 1858/3794/3687
f 1863/3802/3704 1864/3801/3705 1858/3794/3687
f 1864/3801/3705 1865/3800/3706 1858/3794/3687
f 1865/3800/3706 1866/3798/3707 1858/3794/3687
f 1866/3798/3707 1867/3796/3708 1858/3794/3687
f 1867/3796/3708 1856/3792/3685 1858/3794/3687
s off
f 1834/3752/3709 1835/3753/3710 1857/3754/3711 1856/3755/3712
f 1835/3753/3713 1836/3756/3714 1859/3757/3715 1857/3754/3716
f 1836/3836/3717 1837/3837/3718 1860/3838/3719 1859/3839/3720
f 1837/3837/3721 1838/3840/3722 1861/3841/3723 1860/3838/3724
f 1838/3766/3725 1855/3767/3726 1858/3768/3727 1861/3769/3728
f 1848/3842/3729 1849/3843/3730 1863/3844/3731 1862/3845/3732
f 1855/3767/3733 1848/3770/3734 1862/3771/3735 1858/3768/3736
f 1849/3843/3737 1850/3846/3738 1864/3847/3739 1863/3844/3740
f 1850/3764/3741 1851/3762/3742 1865/3763/3743 1864/3765/3744
f 1851/3762/3745 1852/3760/3746 1866/3761/3747 1865/3763/3748
f 1852/3760/3749 1853/3758/3750 1867/3759/3751 1866/3761/3752
f 1853/3758/3753 1834/3752/3754 1856/3755/3755 1867/3759/3756
g default
v -0.363814 6.042595 3.835667
v -0.181907 6.042595 3.835667
v 0.000000 6.042595 3.835667
v 0.181907 6.042595 3.835667
v 0.363814 6.042594 3.835667
v -0.363814 6.486420 3.954590
v -0.181907 6.486420 3.954590
v 0.000000 6.486420 3.954590
v 0.181907 6.486420 3.954590
v 0.363814 6.486420 3.954589
v -0.363814 6.930244 4.073512
v -0.181907 6.930244 4.073512
v 0.000000 6.930244 4.073512
v 0.181907 6.930244 4.073512
v 0.363814 6.930244 4.073512
v -0.363814 7.374069 4.192434
v -0.181907 7.374069 4.192434
v 0.000000 7.374069 4.192434
v 0.181907 7.374069 4.192434
v 0.363814 7.374069 4.192434
v -0.363814 7.817894 4.311357
v -0.181907 7.817894 4.311357
v 0.000000 7.817894 4.311357
v 0.181907 7.817894 4.311357
v 0.363814 7.817894 4.311357
v -0.308303 7.782640 4.056284
v -0.181907 8.037048 4.056284
v 0.000000 8.037048 4.056284
v 0.181907 8.037048 4.056284
v 0.308303 7.782640 4.056284
v -0.363814 7.375428 3.416226
v -0.181907 7.375428 3.416226
v 0.000000 7.375428 3.416226
v 0.181907 7.375428 3.416226
v 0.363814 7.375428 3.416226
v -0.396966 7.246719 2.988784
v -0.198483 7.461460 2.988784
v 0.000000 7.461460 2.988784
v 0.198483 7.461460 2.988784
v 0.396966 7.246719 2.988784
v -0.536855 6.854369 2.504504
v -0.268428 6.854369 2.504504
v 0.000000 6.854369 2.504504
v 0.268428 6.854369 2.504504
v 0.536855 6.854369 2.504504
v -0.536855 6.446461 2.504504
v 0.536855 6.446461 2.504504
v -0.536855 6.038554 2.504504
v 0.536855 6.038554 2.504504
v -0.536855 5.630646 2.504504
v 0.536855 5.630646 2.504504
v -0.163807 5.222738 2.504504
v -0.081904 5.222738 2.504504
v 0.000000 5.222738 2.504504
v 0.081904 5.222738 2.504504
v 0.163807 5.222738 2.504504
v -0.121124 5.442555 2.988784
v -0.060562 5.442555 2.988784
v 0.000000 5.442555 2.988784
v 0.060562 5.442555 2.988784
v 0.121124 5.442555 2.988784
v -0.363814 6.162955 3.400665
v -0.181907 6.162955 3.400665
v 0.000000 6.162955 3.400665
v 0.181907 6.162955 3.400665
v 0.363814 6.162955 3.400665
v -0.363814 6.261749 3.580594
v -0.181907 6.261749 3.580594
v 0.000000 6.261749 3.580594
v 0.181907 6.261749 3.580594
v 0.363814 6.261749 3.580594
v 0.396966 5.947282 2.988784
v 0.459974 6.542595 3.193069
v 0.363814 6.705574 3.699517
v 0.396966 6.452008 2.988784
v 0.363814 6.820206 3.267455
v 0.363814 7.149399 3.818439
v 0.396966 6.956734 2.988784
v 0.459974 7.097817 3.341840
v 0.363814 7.593224 3.937362
v -0.396966 5.947282 2.988784
v -0.481826 6.542595 3.193069
v -0.363814 6.705574 3.699517
v -0.396966 6.452008 2.988784
v -0.363814 6.820206 3.267455
v -0.363814 7.149399 3.818439
v -0.396966 6.956734 2.988784
v -0.457715 7.097817 3.341840
v -0.363814 7.593224 3.937362
vt 0.174897 0.064902
vt 0.195715 0.028491
vt 0.195715 0.054002
vt 0.185390 0.084091
vt 0.220192 0.017381
vt 0.220192 0.037998
vt 0.195715 0.079512
vt 0.181630 0.098122
vt 0.165803 0.069896
vt 0.159792 0.092328
vt 0.220192 0.058615
vt 0.195715 0.105022
vt 0.177870 0.112153
vt 0.153782 0.114760
vt 0.152911 0.058819
vt 0.146900 0.081251
vt 0.220192 0.079232
vt 0.195715 0.119679
vt 0.174111 0.126184
vt 0.147771 0.137192
vt 0.140890 0.103683
vt 0.220192 0.099849
vt 0.141760 0.146766
vt 0.134879 0.126116
vt 0.141760 0.159625
vt 0.174111 0.126184
vt 0.128868 0.148548
vt 0.128868 0.148548
vt 0.060315 0.028491
vt 0.081133 0.064902
vt 0.070640 0.084091
vt 0.060315 0.054002
vt 0.090227 0.069896
vt 0.096238 0.092328
vt 0.074400 0.098122
vt 0.060315 0.079512
vt 0.035838 0.017381
vt 0.035838 0.037998
vt 0.103119 0.058819
vt 0.109130 0.081251
vt 0.102248 0.114760
vt 0.078160 0.112153
vt 0.060315 0.105022
vt 0.035838 0.058615
vt 0.115140 0.103683
vt 0.108259 0.137192
vt 0.081919 0.126184
vt 0.060315 0.119679
vt 0.035838 0.079232
vt 0.121151 0.126116
vt 0.114270 0.146766
vt 0.035838 0.099849
vt 0.127162 0.148548
vt 0.114270 0.159625
vt 0.081919 0.126184
vt 0.127162 0.148548
vt 0.213418 0.205761
vt 0.222612 0.205761
vt 0.221774 0.227366
vt 0.211742 0.227366
vt 0.231806 0.205761
vt 0.231806 0.227366
vt 0.218239 0.251843
vt 0.204672 0.251843
vt 0.222612 0.173411
vt 0.231806 0.173411
vt 0.241000 0.205761
vt 0.241838 0.227366
vt 0.231806 0.251843
vt 0.222612 0.160519
vt 0.231806 0.160519
vt 0.241000 0.173411
vt 0.250195 0.205761
vt 0.251870 0.227366
vt 0.245373 0.251843
vt 0.241000 0.160519
vt 0.258941 0.251843
vt 0.087442 0.160519
vt 0.091582 0.160519
vt 0.092661 0.184996
vt 0.089600 0.184996
vt 0.095722 0.160519
vt 0.095722 0.184996
vt 0.099861 0.160519
vt 0.098783 0.184996
vt 0.104001 0.160519
vt 0.101844 0.184996
vt 0.105375 0.197295
vt 0.105375 0.188101
vt 0.114469 0.188101
vt 0.114469 0.197295
vt 0.105375 0.178907
vt 0.114469 0.178907
vt 0.127362 0.188101
vt 0.127362 0.197295
vt 0.105375 0.169713
vt 0.114469 0.169713
vt 0.127362 0.178907
vt 0.105375 0.160519
vt 0.114469 0.160519
vt 0.127362 0.169713
vt 0.127362 0.160519
vt 0.166521 0.160519
vt 0.175715 0.160519
vt 0.175715 0.182951
vt 0.166521 0.182951
vt 0.184909 0.160519
vt 0.184909 0.182951
vt 0.175715 0.205383
vt 0.166521 0.205383
vt 0.194104 0.160519
vt 0.194104 0.182951
vt 0.184909 0.205383
vt 0.175715 0.227816
vt 0.166521 0.227816
vt 0.203298 0.160519
vt 0.203298 0.182951
vt 0.194104 0.205383
vt 0.184909 0.227816
vt 0.175715 0.250248
vt 0.166521 0.250248
vt 0.203298 0.205383
vt 0.194104 0.227816
vt 0.184909 0.250248
vt 0.203298 0.227816
vt 0.194104 0.250248
vt 0.203298 0.250248
vt 0.128736 0.185029
vt 0.128736 0.181968
vt 0.165147 0.188101
vt 0.165147 0.197295
vt 0.128736 0.178907
vt 0.165147 0.178907
vt 0.128736 0.175846
vt 0.165147 0.169713
vt 0.128736 0.172785
vt 0.165147 0.160519
vn 0.000000 -0.258819 0.965926
vn 0.000000 -0.258819 0.965926
vn 0.000000 -0.258819 0.965926
vn 0.000000 -0.258819 0.965926
vn 0.000000 -0.258819 0.965926
vn 0.000000 -0.258819 0.965926
vn 0.000000 -0.258819 0.965926
vn 0.000000 -0.258819 0.965926
vn 0.000000 -0.258820 0.965926
vn 0.000000 -0.258819 0.965926
vn 0.000000 -0.258819 0.965926
vn 0.000000 -0.258819 0.965926
vn 0.000000 -0.258819 0.965926
vn 0.000000 -0.258819 0.965926
vn 0.000000 -0.258819 0.965926
vn 0.000000 -0.258819 0.965926
vn 0.000000 -0.258819 0.965926
vn 0.000000 -0.258819 0.965926
vn 0.000000 -0.258819 0.965926
vn 0.000000 -0.258819 0.965926
vn 0.000000 -0.258819 0.965926
vn 0.000000 -0.258819 0.965926
vn 0.000000 -0.258819 0.965926
vn 0.000000 -0.258819 0.965926
vn 0.000000 -0.258819 0.965926
vn -0.623036 0.755021 0.204377
vn -0.310045 0.819100 0.482646
vn -0.234408 0.873569 -0.426533
vn -0.584727 0.708595 -0.394953
vn 0.000000 0.758491 0.651683
vn 0.000000 0.896461 -0.443123
vn 0.310045 0.819100 0.482646
vn 0.234408 0.873569 -0.426533
vn 0.623036 0.755021 0.204378
vn 0.584727 0.708595 -0.394952
vn -0.287747 0.861151 -0.419071
vn -0.541956 0.772717 -0.330444
vn 0.000000 0.885061 -0.465476
vn 0.287747 0.861151 -0.419071
vn 0.541956 0.772717 -0.330444
vn -0.180993 0.852163 -0.490978
vn -0.379298 0.772375 -0.509479
vn 0.000000 0.840345 -0.542052
vn 0.180993 0.852163 -0.490978
vn 0.379298 0.772376 -0.509479
vn -0.162667 0.669113 -0.725140
vn -0.318849 0.693274 -0.646302
vn 0.000000 0.623600 -0.781743
vn 0.162667 0.669113 -0.725139
vn 0.318849 0.693274 -0.646302
vn 0.000000 -0.910586 0.413320
vn 0.000000 -0.910586 0.413320
vn 0.000000 -0.633965 0.773361
vn 0.000000 -0.622873 0.782323
vn 0.000000 -0.910586 0.413320
vn 0.000000 -0.633965 0.773362
vn 0.000000 -0.910586 0.413320
vn 0.000000 -0.633965 0.773362
vn 0.000000 -0.910586 0.413320
vn 0.000000 -0.622873 0.782323
vn 0.000000 -0.617462 0.786601
vn 0.000000 -0.635312 0.772256
vn 0.000000 -0.617461 0.786601
vn 0.000000 -0.617462 0.786601
vn 0.000000 -0.635311 0.772256
vn 0.000000 -0.963788 -0.266668
vn 0.000000 -0.963788 -0.266668
vn 0.000000 -0.963788 -0.266668
vn -0.000001 -0.963788 -0.266668
vn -0.000002 -0.963789 -0.266668
vn 0.000000 -0.758491 -0.651683
vn 0.000000 -0.758491 -0.651683
vn 0.000000 -0.758491 -0.651683
vn -0.000001 -0.758491 -0.651683
vn -0.000003 -0.758491 -0.651683
vn 0.772156 -0.493537 0.400245
vn 0.736288 -0.523507 0.428743
vn 0.834599 -0.380650 0.398182
vn 0.916264 -0.266079 0.299437
vn 0.941528 -0.252678 0.222888
vn 0.999297 -0.036202 0.009790
vn 0.993860 -0.053380 0.096920
vn 0.998685 0.031638 0.040346
vn 1.000000 -0.000000 0.000000
vn 1.000000 -0.000000 0.000000
vn 0.960722 0.000000 0.277514
vn 0.990367 0.021443 0.136796
vn 0.998426 -0.012541 0.054658
vn 0.993485 -0.062346 0.095401
vn 1.000000 -0.000000 0.000000
vn 0.960722 0.000000 0.277514
vn 0.984330 -0.005738 0.176241
vn 0.996474 -0.031218 0.077875
vn 0.987073 0.153028 -0.047644
vn 0.999374 0.030324 -0.018216
vn 0.960722 0.000000 0.277514
vn 0.992396 0.101842 0.069126
vn 0.941546 0.308155 -0.136131
vn 0.982781 0.164065 -0.084994
vn 0.991392 0.112230 -0.067420
vn -0.736288 -0.523507 0.428743
vn -0.770281 -0.495786 0.401078
vn -0.914012 -0.273026 0.300064
vn -0.834600 -0.380650 0.398182
vn -0.932035 -0.270920 0.240653
vn -0.999470 -0.031983 -0.006130
vn -0.990795 -0.065308 0.118579
vn -0.998023 0.038579 0.049621
vn -1.000000 0.000000 0.000000
vn -1.000000 0.000000 0.000000
vn -0.993190 0.029568 0.112695
vn -0.960722 0.000000 0.277514
vn -0.998704 0.003532 0.050768
vn -0.993924 -0.056762 0.094302
vn -1.000000 0.000000 0.000000
vn -0.984168 -0.005713 0.177145
vn -0.960722 0.000000 0.277514
vn -0.996573 -0.030409 0.076930
vn -0.987331 0.151409 -0.047465
vn -0.999374 0.030324 -0.018216
vn -0.992476 0.099305 0.071625
vn -0.960722 0.000000 0.277514
vn -0.943375 0.303674 -0.133512
vn -0.982997 0.162995 -0.084551
vn -0.991392 0.112230 -0.067420
s 1
g Revolver hammer
f 1868/3953/3757 1869/3954/3758 1874/3955/3759 1873/3956/3760
f 1869/3954/3758 1870/3957/3761 1875/3958/3762 1874/3955/3759
f 1870/3957/3761 1871/3961/3763 1876/3962/3764 1875/3958/3762
f 1871/3961/3763 1872/3966/3765 1877/3967/3766 1876/3962/3764
f 1873/3956/3760 1874/3955/3759 1879/3959/3767 1878/3960/3768
f 1874/3955/3759 1875/3958/3762 1880/3963/3769 1879/3959/3767
f 1875/3958/3762 1876/3962/3764 1881/3968/3770 1880/3963/3769
f 1876/3962/3764 1877/3967/3766 1882/3972/3771 1881/3968/3770
f 1878/3960/3768 1879/3959/3767 1884/3964/3772 1883/3965/3773
f 1879/3959/3767 1880/3963/3769 1885/3969/3774 1884/3964/3772
f 1880/3963/3769 1881/3968/3770 1886/3973/3775 1885/3969/3774
f 1881/3968/3770 1882/3972/3771 1887/3975/3776 1886/3973/3775
f 1883/3965/3773 1884/3964/3772 1889/3970/3777 1888/3971/3778
f 1884/3964/3772 1885/3969/3774 1890/3974/3779 1889/3970/3777
f 1885/3969/3774 1886/3973/3775 1891/3976/3780 1890/3974/3779
f 1886/3973/3775 1887/3975/3776 1892/3977/3781 1891/3976/3780
s 2
f 1888/3903/3782 1889/3906/3783 1894/3904/3784 1893/3901/3785
f 1889/3920/3783 1890/3921/3786 1895/3916/3787 1894/3915/3784
f 1890/3921/3786 1891/3926/3788 1896/3922/3789 1895/3916/3787
f 1891/3878/3788 1892/3877/3790 1897/3873/3791 1896/3875/3789
f 1893/3901/3785 1894/3904/3784 1899/3905/3792 1898/3897/3793
f 1894/3915/3784 1895/3916/3787 1900/3911/3794 1899/3908/3792
f 1895/3916/3787 1896/3922/3789 1901/3917/3795 1900/3911/3794
f 1896/3875/3789 1897/3873/3791 1902/3869/3796 1901/3876/3795
f 1898/3907/3793 1899/3908/3792 1904/3909/3797 1903/3910/3798
f 1899/3908/3792 1900/3911/3794 1905/3912/3799 1904/3909/3797
f 1900/3911/3794 1901/3917/3795 1906/3918/3800 1905/3912/3799
f 1901/3917/3795 1902/3923/3796 1907/3924/3801 1906/3918/3800
f 1903/3910/3798 1904/3909/3797 1909/3913/3802 1908/3914/3803
f 1904/3909/3797 1905/3912/3799 1910/3919/3804 1909/3913/3802
f 1905/3912/3799 1906/3918/3800 1911/3925/3805 1910/3919/3804
f 1906/3918/3800 1907/3924/3801 1912/3927/3806 1911/3925/3805
s 3
f 1919/3928/3807 1920/3929/3808 1925/3930/3809 1924/3931/3810
f 1920/3929/3808 1921/3932/3811 1926/3933/3812 1925/3930/3809
f 1921/3932/3811 1922/3934/3813 1927/3935/3814 1926/3933/3812
f 1922/3934/3813 1923/3936/3815 1928/3937/3816 1927/3935/3814
f 1924/3978/3810 1925/3979/3809 1930/3980/3817 1929/3981/3818
f 1925/3979/3809 1926/3982/3812 1931/3983/3819 1930/3980/3817
f 1926/3982/3812 1927/3984/3814 1932/3985/3820 1931/3983/3819
f 1927/3984/3814 1928/3986/3816 1933/3987/3821 1932/3985/3820
f 1929/3938/3818 1930/3939/3817 1935/3940/3822 1934/3941/3823
f 1930/3939/3817 1931/3942/3819 1936/3943/3824 1935/3940/3822
f 1931/3942/3819 1932/3946/3820 1937/3947/3825 1936/3943/3824
f 1932/3946/3820 1933/3949/3821 1938/3950/3826 1937/3947/3825
f 1934/3941/3823 1935/3940/3822 1869/3944/3827 1868/3945/3828
f 1935/3940/3822 1936/3943/3824 1870/3948/3829 1869/3944/3827
f 1936/3943/3824 1937/3947/3825 1871/3951/3830 1870/3948/3829
f 1937/3947/3825 1938/3950/3826 1872/3952/3831 1871/3951/3830
s 4
f 1928/3852/3832 1923/3855/3833 1918/3856/3834 1939/3853/3835
f 1933/3851/3836 1928/3852/3832 1939/3853/3835 1940/3854/3837
f 1938/3859/3838 1933/3851/3836 1940/3854/3837 1941/3860/3839
f 1872/3865/3840 1938/3859/3838 1941/3860/3839 1877/3866/3841
f 1939/3853/3835 1918/3856/3834 1916/3861/3842 1942/3857/3843
f 1940/3854/3837 1939/3853/3835 1942/3857/3843 1943/3858/3844
f 1941/3860/3839 1940/3854/3837 1943/3858/3844 1944/3864/3845
f 1877/3866/3841 1941/3860/3839 1944/3864/3845 1882/3871/3846
f 1942/3857/3843 1916/3861/3842 1914/3867/3847 1945/3862/3848
f 1943/3858/3844 1942/3857/3843 1945/3862/3848 1946/3863/3849
f 1944/3864/3845 1943/3858/3844 1946/3863/3849 1947/3870/3850
f 1882/3871/3846 1944/3864/3845 1947/3870/3850 1887/3874/3851
f 1945/3862/3848 1914/3867/3847 1912/3872/3852 1907/3868/3853
f 1946/3863/3849 1945/3862/3848 1907/3868/3853 1902/3869/3854
f 1947/3870/3850 1946/3863/3849 1902/3869/3854 1897/3873/3855
f 1887/3874/3851 1947/3870/3850 1897/3873/3855 1892/3877/3856
s 5
f 1919/3887/3857 1924/3879/3858 1948/3882/3859 1917/3888/3860
f 1924/3879/3858 1929/3880/3861 1949/3881/3862 1948/3882/3859
f 1929/3880/3861 1934/3883/3863 1950/3884/3864 1949/3881/3862
f 1934/3883/3863 1868/3889/3865 1873/3890/3866 1950/3884/3864
f 1917/3888/3860 1948/3882/3859 1951/3886/3867 1915/3894/3868
f 1948/3882/3859 1949/3881/3862 1952/3885/3869 1951/3886/3867
f 1949/3881/3862 1950/3884/3864 1953/3891/3870 1952/3885/3869
f 1950/3884/3864 1873/3890/3866 1878/3895/3871 1953/3891/3870
f 1915/3894/3868 1951/3886/3867 1954/3893/3872 1913/3899/3873
f 1951/3886/3867 1952/3885/3869 1955/3892/3874 1954/3893/3872
f 1952/3885/3869 1953/3891/3870 1956/3896/3875 1955/3892/3874
f 1953/3891/3870 1878/3895/3871 1883/3900/3876 1956/3896/3875
f 1913/3899/3873 1954/3893/3872 1903/3898/3877 1908/3902/3878
f 1954/3893/3872 1955/3892/3874 1898/3897/3879 1903/3898/3877
f 1955/3892/3874 1956/3896/3875 1893/3901/3880 1898/3897/3879
f 1956/3896/3875 1883/3900/3876 1888/3903/3881 1893/3901/3880
g default
v 0.896424 5.429851 2.543784
v 0.933192 5.738737 0.991955
v 1.053809 5.738737 2.543784
v -0.000000 6.081141 2.543785
v 0.896424 5.225471 0.991955
v 1.298720 6.081141 0.991955
v 0.651290 5.184717 2.543784
v 1.108040 6.081141 2.543784
v 0.342403 5.027331 2.543785
v 1.053809 6.423544 2.543784
v 0.651290 5.184717 0.991955
v 1.053809 6.423544 0.991955
v 0.000000 4.973100 2.543785
v 0.651290 3.696260 2.704397
v 0.896423 6.732430 2.543784
v 0.651290 3.782200 1.163882
v -0.342403 5.027331 2.543785
v 0.342403 3.696258 2.704397
v 0.651290 6.977564 2.543784
v 0.342403 5.027331 0.991955
v 0.342403 3.782199 1.163882
v -0.651290 5.184717 2.543784
v -0.342403 3.696258 2.704397
v 0.000000 3.696258 2.704397
v 0.970170 6.867825 0.991955
v 0.651290 6.977564 0.991955
v 0.342403 7.134949 2.543784
v 0.000000 3.782198 1.163882
v -0.896423 5.429851 2.543784
v -0.651290 3.696260 2.704397
v 0.342403 7.134949 0.991955
v -0.000000 7.268136 2.543784
v 0.342403 4.300372 -0.769966
v 0.342403 5.027331 -1.010111
v -0.342403 3.782199 1.163882
v 0.000000 4.300371 -0.769966
v -1.053809 5.738737 2.543784
v -0.896423 5.429851 0.991955
v -0.651290 5.184717 0.991955
v -0.651290 3.782200 1.163882
v 0.000114 7.269030 0.991955
v -0.342403 7.134949 2.543784
v 0.651290 4.300373 -0.769966
v -0.342403 4.300372 -0.769966
v 0.000000 4.381613 -1.073163
v 0.342403 4.381613 -1.073163
v -1.408433 6.081141 2.543784
v -1.053809 5.738737 0.991955
v -0.342403 5.027331 0.991955
v -0.342403 7.134949 0.991955
v 0.000837 7.269999 -1.010099
v 0.342403 7.134949 -1.010099
v -0.651290 6.977564 2.543784
v 0.651290 4.381615 -1.073162
v 0.651290 5.127852 -1.010111
v -0.342403 5.027331 -1.010111
v -0.342403 4.381613 -1.073163
v 0.000000 4.973100 -1.324004
v -1.053809 6.423544 2.543784
v -1.408433 6.081141 0.991955
v -0.651290 6.977564 0.991955
v -0.342403 7.134949 -1.010099
v -0.000000 7.268136 -1.324004
v 0.342403 7.134949 -1.324004
v -0.984065 6.864057 2.468425
v 0.651290 5.127852 -1.324004
v 0.342403 5.027331 -1.324004
v -0.651290 4.300373 -0.769966
v -0.651290 4.381615 -1.073162
v -1.053809 6.423544 0.991955
v -1.059431 6.864057 0.991955
v -0.342403 7.134949 -1.324004
v 0.706698 7.060146 -1.010111
v 0.651290 7.105996 -1.324004
v 0.284821 6.957728 -1.324004
v 0.000000 7.090983 -1.324004
v 0.896424 5.429851 -1.324004
v 0.896424 5.429851 -1.010111
v -0.651290 5.184717 -1.010111
v -0.651290 5.184717 -1.324004
v -0.342403 5.027331 -1.324004
v 0.000000 5.573656 -1.324004
v 0.153462 5.608833 -1.324004
v -0.651290 7.180316 -1.324004
v -0.651290 7.180316 -1.010111
v -0.284820 6.957728 -1.324004
v 0.896423 6.732430 -1.010111
v 0.896423 6.732430 -1.324004
v 0.383854 6.609471 -1.324004
v 0.279747 5.696102 -1.324004
v 1.129603 5.536967 -1.324004
v 1.129603 5.536967 -1.010111
v 0.362013 5.818123 -1.324004
v -1.060750 5.429851 -1.324004
v -1.060750 5.429851 -1.010111
v -0.153462 5.608833 -1.324004
v -0.896423 6.732430 -1.324004
v -0.896423 6.732430 -1.010111
v -0.388755 6.737238 -1.324004
v 1.053809 6.423544 -1.010111
v 1.053809 6.423544 -1.324004
v 0.160984 6.302716 -1.324004
v 0.256387 6.267416 -1.324004
v 1.108040 6.081141 -1.324004
v 1.108040 6.081141 -1.010111
v 0.393750 5.953203 -1.324004
v -1.053809 5.738737 -1.010111
v -1.053809 5.738737 -1.324004
v -0.377170 5.848524 -1.324004
v -0.279747 5.696102 -1.324004
v -1.053809 6.423544 -1.324004
v -1.053809 6.423544 -1.010111
v -0.134337 6.307860 -1.324004
v -0.256387 6.267416 -1.324004
v 0.328470 6.187867 -1.324004
v 0.378832 6.081141 -1.324004
v -1.242118 6.081141 -1.324004
v -1.242118 6.081141 -1.010111
v -0.393750 5.953203 -1.324004
v -0.328470 6.187867 -1.324004
v -0.378832 6.081141 -1.324004
v -0.083002 6.112201 1.023419
v -0.085815 6.113726 1.023419
v -0.097651 6.098286 1.023419
v -0.095447 6.095965 1.023419
v -0.099030 6.101173 1.023419
v -0.099449 6.104346 1.023419
v -0.092134 6.113889 1.023419
v -0.095022 6.112509 1.023419
v -0.098868 6.107492 1.023419
v -0.097342 6.110305 1.023419
v -0.086216 6.110147 -1.041744
v -0.084129 6.109068 -1.041742
v -0.082528 6.098574 -1.041658
v -0.084199 6.096922 -1.041638
v -0.092954 6.109119 -1.041714
v -0.090855 6.110174 -1.041730
v -0.082478 6.107398 -1.041733
v -0.081450 6.100660 -1.041679
v -0.093024 6.096973 -1.041610
v -0.094675 6.098644 -1.041620
v -0.094624 6.107468 -1.041695
v -0.081424 6.105299 -1.041718
v -0.081069 6.102978 -1.041700
v -0.095729 6.100742 -1.041634
v -0.095703 6.105382 -1.041673
v -0.096083 6.103064 -1.041653
v -0.081107 6.097861 1.023419
v -0.079581 6.100674 1.023419
v -0.079000 6.103820 1.023419
v -0.083427 6.095657 1.023419
v -0.079419 6.106993 1.023419
v -0.080798 6.109880 1.023419
v -0.086315 6.094277 1.023419
v -0.086297 6.095869 -1.041623
v -0.092634 6.094440 1.023419
v -0.090937 6.095895 -1.041608
v -0.088962 6.114308 1.023419
v 0.010307 5.027331 0.991955
v -0.089487 6.093858 1.023419
v 0.019640 5.027331 -1.010111
v -0.088619 6.095514 -1.041612
v -0.088525 6.110516 -1.041742
v 0.581359 6.895592 1.012752
v 0.301498 7.038249 1.012752
v -0.008544 7.160111 1.012751
v -0.319012 7.038356 1.012751
v -0.598923 6.895796 1.012751
v -0.967786 6.792181 1.012751
v -0.963737 6.393856 1.012751
v -1.283284 6.083609 1.012751
v -0.963844 5.773345 1.012751
v -0.821284 5.493434 1.012751
v -0.599204 5.271277 1.012751
v -0.319343 5.128620 1.012751
v 0.000180 5.128235 1.012751
v 0.301168 5.128512 1.012751
v 0.581078 5.271073 1.012751
v 0.803235 5.309211 1.012751
v 0.825275 5.773014 1.012751
v 1.174483 6.083261 1.012751
v 0.945999 6.393525 1.012751
v 0.869811 6.795290 1.012751
v -0.007856 7.159947 -1.030506
v 0.301424 7.038091 -1.031934
v 0.636564 6.977935 -1.030974
v 0.803206 6.673286 -1.030965
v 0.945767 6.393470 -1.030950
v 0.994882 6.083295 -1.030932
v 1.021538 5.571355 -1.030910
v 0.803163 5.493320 -1.030889
v 0.581096 5.214404 -1.030869
v 0.301280 5.128708 -1.030853
v 0.008781 5.128402 -1.030843
v -0.319066 5.128732 -1.030838
v -0.598871 5.271313 -1.030841
v -0.968816 5.493380 -1.030850
v -0.963482 5.773196 -1.030865
v -1.133267 6.083370 -1.030884
v -0.963459 6.393541 -1.030905
v -0.820878 6.673347 -1.030926
v -0.598811 7.077874 -1.030946
v -0.319004 7.038157 -1.031353
vt 0.881346 0.798933
vt 0.874105 0.731832
vt 0.943552 0.735707
vt 0.951303 0.798933
vt 0.881346 0.809983
vt 0.951303 0.800770
vt 0.951303 0.823908
vt 0.881346 0.823908
vt 0.951303 0.839344
vt 0.881346 0.839344
vt 0.951303 0.854780
vt 0.881346 0.854780
vt 0.951303 0.874808
vt 0.881346 0.868704
vt 0.951303 0.879755
vt 0.881346 0.879755
vt 0.576595 0.975726
vt 0.520464 0.983477
vt 0.543824 0.896298
vt 0.576595 0.885472
vt 0.864211 0.798933
vt 0.794254 0.798933
vt 0.802004 0.735707
vt 0.871451 0.731832
vt 0.864211 0.809983
vt 0.794254 0.809983
vt 0.864211 0.823908
vt 0.794254 0.823908
vt 0.864211 0.839344
vt 0.794254 0.839344
vt 0.864211 0.854780
vt 0.794254 0.854780
vt 0.860814 0.874638
vt 0.794254 0.874638
vt 0.579561 0.885472
vt 0.635693 0.893223
vt 0.635693 0.983477
vt 0.602921 0.972651
vt 0.735524 0.872429
vt 0.749193 0.876091
vt 0.760501 0.909732
vt 0.746350 0.909732
vt 0.760501 0.923346
vt 0.746350 0.923346
vt 0.682027 0.749849
vt 0.671202 0.789716
vt 0.657051 0.789716
vt 0.668359 0.753511
vt 0.671202 0.800766
vt 0.657051 0.800766
vt 0.671202 0.814691
vt 0.657051 0.814691
vt 0.671202 0.830127
vt 0.657051 0.830127
vt 0.657051 0.845563
vt 0.671202 0.845563
vt 0.657051 0.859487
vt 0.671202 0.859487
vt 0.657051 0.879678
vt 0.671202 0.879678
vt 0.718664 0.926321
vt 0.718664 0.912396
vt 0.732814 0.912396
vt 0.732814 0.926321
vt 0.718664 0.896961
vt 0.732814 0.896961
vt 0.718664 0.941095
vt 0.732814 0.943162
vt 0.732814 0.872429
vt 0.718664 0.872429
vt 0.677363 0.881405
vt 0.681718 0.882342
vt 0.681718 0.972596
vt 0.677354 0.973554
vt 0.674133 0.972643
vt 0.669774 0.973580
vt 0.669767 0.881405
vt 0.674133 0.882389
vt 0.661888 0.748122
vt 0.647963 0.748122
vt 0.647963 0.678675
vt 0.661888 0.678675
vt 0.632527 0.748122
vt 0.632527 0.678675
vt 0.617091 0.748122
vt 0.617091 0.678675
vt 0.632527 0.591496
vt 0.647963 0.591496
vt 0.603167 0.748122
vt 0.603167 0.678675
vt 0.617091 0.591496
vt 0.632527 0.577828
vt 0.647963 0.577828
vt 0.617091 0.577828
vt 0.661888 0.577828
vt 0.661888 0.591496
vt 0.603167 0.591496
vt 0.603167 0.577828
vt 0.597584 0.577828
vt 0.597584 0.647785
vt 0.583659 0.647785
vt 0.583659 0.577828
vt 0.568229 0.647785
vt 0.568224 0.577828
vt 0.583659 0.738039
vt 0.568261 0.738039
vt 0.552788 0.647785
vt 0.552788 0.577828
vt 0.583659 0.752190
vt 0.568224 0.752190
vt 0.552788 0.738039
vt 0.538863 0.647785
vt 0.538863 0.577828
vt 0.600082 0.738039
vt 0.597584 0.752190
vt 0.552788 0.752190
vt 0.520464 0.647785
vt 0.523862 0.581225
vt 0.538863 0.752190
vt 0.538863 0.738039
vt 0.763345 0.872429
vt 0.773857 0.872429
vt 0.773857 0.886579
vt 0.763345 0.886579
vt 0.700842 0.872429
vt 0.715813 0.872429
vt 0.715813 0.962683
vt 0.701263 0.962683
vt 0.684942 0.872429
vt 0.684942 0.962683
vt 0.652570 0.977648
vt 0.638574 0.977648
vt 0.638575 0.885499
vt 0.652601 0.885537
vt 0.666547 0.977648
vt 0.666544 0.885472
vt 0.768613 0.655979
vt 0.775708 0.669904
vt 0.728202 0.685340
vt 0.778153 0.685340
vt 0.757562 0.644929
vt 0.775708 0.700775
vt 0.743637 0.637834
vt 0.768613 0.714700
vt 0.728202 0.635389
vt 0.743637 0.577828
vt 0.757562 0.577828
vt 0.757562 0.725751
vt 0.712766 0.637834
vt 0.728202 0.577828
vt 0.743637 0.732846
vt 0.698841 0.644929
vt 0.712766 0.577828
vt 0.728202 0.738850
vt 0.687790 0.655979
vt 0.698841 0.577828
vt 0.712766 0.732846
vt 0.680695 0.669904
vt 0.698841 0.725751
vt 0.664709 0.685340
vt 0.683839 0.720634
vt 0.680695 0.700775
vt 0.692858 0.823447
vt 0.693170 0.809523
vt 0.722926 0.799854
vt 0.723674 0.804574
vt 0.684681 0.794087
vt 0.723599 0.794087
vt 0.711316 0.834498
vt 0.728065 0.811445
vt 0.693170 0.778651
vt 0.725869 0.789276
vt 0.733759 0.815379
vt 0.725241 0.841593
vt 0.700265 0.764726
vt 0.729119 0.785690
vt 0.740677 0.844038
vt 0.740677 0.816965
vt 0.711316 0.870702
vt 0.725241 0.870703
vt 0.711316 0.744536
vt 0.723151 0.764510
vt 0.734621 0.783866
vt 0.740677 0.870703
vt 0.747595 0.815379
vt 0.756112 0.841593
vt 0.725241 0.746581
vt 0.727837 0.754570
vt 0.756112 0.870703
vt 0.770037 0.837062
vt 0.753288 0.811445
vt 0.740677 0.740577
vt 0.740677 0.748563
vt 0.770037 0.870702
vt 0.756996 0.805944
vt 0.781088 0.823447
vt 0.756112 0.746581
vt 0.753516 0.754570
vt 0.758427 0.799854
vt 0.791600 0.818619
vt 0.770037 0.747886
vt 0.757981 0.770270
vt 0.757755 0.794087
vt 0.790628 0.794087
vt 0.781088 0.764727
vt 0.752235 0.785690
vt 0.747934 0.784098
vt 0.788183 0.778651
vt 0.755484 0.789276
vt 0.873902 0.730106
vt 0.859977 0.730106
vt 0.859977 0.673975
vt 0.873902 0.666880
vt 0.858118 0.669414
vt 0.870737 0.662987
vt 0.844550 0.669426
vt 0.845006 0.673975
vt 0.840650 0.625876
vt 0.840781 0.625814
vt 0.884953 0.665043
vt 0.880752 0.661267
vt 0.840508 0.625895
vt 0.829106 0.673975
vt 0.830145 0.669409
vt 0.840885 0.625715
vt 0.886610 0.641904
vt 0.881745 0.640359
vt 0.840366 0.625869
vt 0.815181 0.666880
vt 0.817529 0.662978
vt 0.840954 0.625588
vt 0.903089 0.626469
vt 0.897488 0.626373
vt 0.840239 0.625800
vt 0.815181 0.730106
vt 0.829106 0.730106
vt 0.804130 0.655829
vt 0.807518 0.652963
vt 0.840980 0.625446
vt 0.892048 0.611033
vt 0.887188 0.612386
vt 0.840139 0.625696
vt 0.797035 0.641904
vt 0.801091 0.640344
vt 0.840961 0.625303
vt 0.888277 0.591004
vt 0.883753 0.594274
vt 0.840077 0.625565
vt 0.781049 0.626469
vt 0.786691 0.626357
vt 0.840899 0.625173
vt 0.873902 0.586057
vt 0.870750 0.589753
vt 0.840058 0.625422
vt 0.797035 0.611033
vt 0.801096 0.612371
vt 0.840800 0.625068
vt 0.859977 0.578962
vt 0.858133 0.583322
vt 0.840085 0.625280
vt 0.796782 0.591174
vt 0.800913 0.594415
vt 0.840673 0.625000
vt 0.840153 0.625154
vt 0.815181 0.586057
vt 0.817542 0.589743
vt 0.844156 0.577828
vt 0.840531 0.624973
vt 0.840258 0.625054
vt 0.829106 0.578962
vt 0.830160 0.583317
vt 0.840388 0.624992
vt 0.618910 0.753916
vt 0.632835 0.753917
vt 0.632835 0.791220
vt 0.618910 0.786688
vt 0.629670 0.795121
vt 0.617056 0.791258
vt 0.643885 0.804834
vt 0.639681 0.807695
vt 0.599678 0.834906
vt 0.599584 0.834858
vt 0.603870 0.791244
vt 0.604360 0.786688
vt 0.654397 0.809663
vt 0.649526 0.811213
vt 0.599754 0.834980
vt 0.599479 0.834842
vt 0.589090 0.791259
vt 0.588038 0.786688
vt 0.653425 0.834194
vt 0.648324 0.834292
vt 0.599802 0.835074
vt 0.599375 0.834859
vt 0.574114 0.793783
vt 0.576477 0.797687
vt 0.650980 0.849630
vt 0.646110 0.848274
vt 0.599819 0.835179
vt 0.599281 0.834908
vt 0.574114 0.753917
vt 0.588038 0.753916
vt 0.555655 0.804834
vt 0.559799 0.807698
vt 0.643885 0.863555
vt 0.639683 0.860889
vt 0.599804 0.835284
vt 0.599206 0.834983
vt 0.555968 0.818759
vt 0.560040 0.820312
vt 0.635332 0.878328
vt 0.632171 0.874622
vt 0.599756 0.835378
vt 0.599159 0.835078
vt 0.547479 0.834194
vt 0.552386 0.834295
vt 0.618910 0.881701
vt 0.617063 0.877334
vt 0.599681 0.835453
vt 0.599143 0.835183
vt 0.555968 0.849630
vt 0.560041 0.848278
vt 0.599588 0.835502
vt 0.599160 0.835287
vt 0.563063 0.863555
vt 0.566469 0.860891
vt 0.603120 0.882827
vt 0.599483 0.835519
vt 0.599208 0.835381
vt 0.574114 0.883746
vt 0.576479 0.879128
vt 0.589093 0.877337
vt 0.599378 0.835503
vt 0.599284 0.835456
vt 0.588038 0.881701
vn 0.000001 -0.000000 1.000000
vn 0.000001 -0.000000 1.000000
vn -0.003726 0.006068 0.999975
vn 0.000001 0.000000 1.000000
vn 0.000001 0.000000 1.000000
vn 0.000001 0.000000 1.000000
vn 0.000001 0.000000 1.000000
vn 0.000000 0.000000 1.000000
vn 0.000001 0.000000 1.000000
vn -0.000001 0.000000 1.000000
vn 0.000001 0.000001 1.000000
vn -0.000001 0.000000 1.000000
vn 0.000000 0.000001 1.000000
vn -0.000001 -0.000000 1.000000
vn 0.000000 0.000001 1.000000
vn -0.000001 -0.000000 1.000000
vn 0.000000 0.000001 1.000000
vn -0.000001 -0.000000 1.000000
vn -0.101538 -0.073771 0.992093
vn 0.024184 0.074434 0.996933
vn -0.045546 0.038836 0.998207
vn 1.000000 0.000000 0.000000
vn 1.000000 0.000000 0.000000
vn 1.000000 0.000000 0.000000
vn 1.000000 0.000000 0.000000
vn 0.000005 -0.998448 -0.055700
vn 0.000003 -0.998448 -0.055700
vn 0.000002 -0.990323 -0.138782
vn 0.000005 -0.998448 -0.055700
vn -0.000000 -0.998448 -0.055700
vn -0.000000 -0.985218 -0.171307
vn 0.492847 0.869776 0.024315
vn 0.492847 0.869776 0.024315
vn 0.391405 0.920219 0.000203
vn 0.407990 0.912987 0.000145
vn 1.000000 -0.000000 0.000000
vn 1.000000 -0.000000 0.000000
vn 1.000000 -0.000000 0.000000
vn 1.000000 -0.000000 0.000000
vn -0.000003 -0.998448 -0.055700
vn -0.000002 -0.990323 -0.138782
vn 0.000000 -0.965926 -0.258819
vn 0.000002 -0.965926 -0.258819
vn -0.707106 -0.707107 0.000000
vn -0.809017 -0.587785 0.000000
vn -0.809017 -0.587785 0.000000
vn -0.707106 -0.707107 0.000000
vn -1.000000 0.000000 0.000000
vn -1.000000 0.000000 0.000000
vn -1.000000 0.000000 0.000000
vn -1.000000 0.000000 0.000000
vn -0.000005 -0.998448 -0.055700
vn -0.000005 -0.998448 -0.055700
vn -0.000040 1.000000 0.000262
vn -0.000017 1.000000 0.000288
vn -0.000002 -0.965926 -0.258819
vn 0.000000 -0.965925 -0.258821
vn 0.000003 -0.965926 -0.258820
vn -0.786153 -0.618032 0.000000
vn -0.786153 -0.618032 0.000000
vn -0.390998 0.920391 0.000143
vn -0.407930 0.913013 0.000131
vn 0.000006 -0.965926 -0.258819
vn 0.000006 -0.965926 -0.258819
vn -1.000000 -0.000000 0.000000
vn -1.000000 -0.000000 0.000000
vn -1.000000 -0.000000 0.000000
vn -1.000000 -0.000000 0.000000
vn -0.000003 -0.965925 -0.258821
vn -1.000000 0.000000 0.000000
vn -1.000000 0.000000 0.000000
vn -0.371821 0.928297 0.003822
vn -0.377628 0.925950 0.003558
vn 0.000618 0.999995 -0.002967
vn 0.264256 0.964082 0.026725
vn 0.264255 0.964083 0.026725
vn -0.000619 0.999995 -0.002966
vn 1.000000 -0.000000 0.000000
vn 1.000000 -0.000000 0.000000
vn 1.000000 -0.000000 0.000000
vn 1.000000 -0.000000 0.000000
vn -0.000006 -0.965925 -0.258821
vn -0.000006 -0.965925 -0.258821
vn -0.884323 0.466730 0.011635
vn -0.894029 0.447838 0.012384
vn -0.815045 0.579042 0.020284
vn -0.797466 0.603038 0.019847
vn -0.134939 0.990853 -0.001275
vn -0.134942 0.990853 -0.001275
vn 0.633810 0.773489 0.000552
vn 0.538634 0.842424 0.013987
vn 0.776415 -0.630221 0.000000
vn 0.776415 -0.630221 0.000000
vn 0.649996 -0.759938 0.000000
vn 0.649996 -0.759938 0.000000
vn -1.000000 0.000000 0.000000
vn -1.000000 0.000000 0.000000
vn -1.000000 0.000000 0.000000
vn -1.000000 0.000000 0.000000
vn -0.587780 0.809021 0.000000
vn -0.587774 0.809025 0.000000
vn 0.869238 0.493995 -0.019858
vn 0.869238 0.493995 -0.019858
vn 0.951057 -0.309016 0.000000
vn 0.951057 -0.309016 0.000000
vn -0.513659 -0.857994 0.000000
vn -0.809017 -0.587785 0.000000
vn -0.809017 -0.587785 0.000000
vn -0.513659 -0.857994 0.000000
vn -0.882882 0.469596 0.000000
vn -0.882882 0.469596 0.000000
vn 0.951056 0.309017 -0.000000
vn 0.951056 0.309017 -0.000000
vn 0.996366 0.085181 0.000000
vn 0.996366 0.085181 0.000000
vn -0.963345 -0.268267 0.000000
vn -0.963345 -0.268267 0.000000
vn -0.883286 0.468834 0.000001
vn -0.883286 0.468834 0.000001
vn -1.000000 0.000000 0.000000
vn -1.000000 0.000000 0.000000
vn -0.000000 0.000000 -1.000000
vn -0.000000 0.000000 -1.000000
vn -0.000000 0.000000 -1.000000
vn -0.000000 0.000000 -1.000000
vn 0.839616 -0.543044 0.012191
vn 0.927306 -0.374294 -0.002704
vn 0.925178 -0.379529 -0.001956
vn 0.864462 -0.502644 0.007349
vn 0.995541 -0.084498 0.041936
vn 0.995274 -0.087650 0.041807
vn 0.502925 -0.862462 0.056794
vn 0.502925 -0.862462 0.056794
vn 0.935147 0.351282 0.045837
vn 0.935147 0.351282 0.045837
vn -0.028825 0.113149 0.993160
vn -0.028825 0.113149 0.993160
vn -0.028825 0.113149 0.993160
vn -0.028825 0.113149 0.993160
vn 0.803977 0.592958 0.044971
vn 0.813781 0.579457 0.044615
vn -0.009682 0.122243 0.992453
vn -0.009682 0.122243 0.992453
vn -0.009682 0.122243 0.992453
vn -0.009682 0.122243 0.992453
vn 0.009682 0.122243 0.992453
vn 0.009682 0.122243 0.992453
vn 0.009682 0.122243 0.992453
vn 0.009682 0.122243 0.992453
vn 0.032794 -0.128721 -0.991139
vn 0.032794 -0.128721 -0.991139
vn 0.032794 -0.128721 -0.991139
vn 0.032794 -0.128721 -0.991139
vn 0.028825 0.113149 0.993160
vn 0.028825 0.113149 0.993160
vn 0.028825 0.113149 0.993160
vn 0.028825 0.113149 0.993160
vn -0.047981 0.294870 0.954332
vn -0.047981 0.294870 0.954332
vn -0.047981 0.294870 0.954332
vn -0.047981 0.294870 0.954332
vn -0.032794 -0.128721 -0.991139
vn -0.032794 -0.128720 -0.991139
vn -0.032794 -0.128721 -0.991139
vn -0.032794 -0.128721 -0.991139
vn 0.029745 -0.375611 -0.926300
vn 0.029745 -0.375611 -0.926300
vn 0.029745 -0.375611 -0.926300
vn 0.029745 -0.375611 -0.926300
vn 0.055089 -0.338551 -0.939334
vn 0.055089 -0.338551 -0.939334
vn 0.055089 -0.338551 -0.939334
vn 0.055089 -0.338551 -0.939334
vn 0.072584 0.284903 0.955805
vn 0.072584 0.284903 0.955805
vn 0.072584 0.284903 0.955805
vn 0.072584 0.284903 0.955805
vn -0.029745 -0.375611 -0.926300
vn -0.029745 -0.375611 -0.926300
vn -0.029745 -0.375611 -0.926300
vn -0.029745 -0.375611 -0.926300
vn -0.083074 -0.326077 -0.941686
vn -0.083074 -0.326077 -0.941686
vn -0.083074 -0.326077 -0.941686
vn -0.083074 -0.326077 -0.941686
vn 0.000000 0.000000 -1.000000
vn -0.000000 0.000000 -1.000000
vn -0.000000 0.000000 -1.000000
vn 0.000000 0.000000 -1.000000
vn -0.000000 0.000000 -1.000000
vn -0.000000 0.000000 -1.000000
vn -0.000000 0.000000 -1.000000
vn -0.000000 0.000000 -1.000000
vn -0.000000 0.000000 -1.000000
vn -0.000000 0.000000 -1.000000
vn 0.000000 0.000000 -1.000000
vn 0.000000 0.000000 -1.000000
vn 0.000000 0.000000 -1.000000
vn 0.000000 0.000000 -1.000000
vn 0.000000 0.000000 -1.000000
vn 0.000000 0.000000 -1.000000
vn -0.000000 0.000000 -1.000000
vn -0.000000 0.000000 -1.000000
vn -0.000000 0.000000 -1.000000
vn -0.000000 0.000000 -1.000000
vn -0.000000 0.000000 -1.000000
vn -0.000000 0.000000 -1.000000
vn -0.000000 0.000000 -1.000000
vn -0.000000 0.000000 -1.000000
vn -0.000000 0.000000 -1.000000
vn -0.000000 0.000000 -1.000000
vn 0.000000 0.000000 -1.000000
vn 0.000000 0.000000 -1.000000
vn 0.000000 0.000000 -1.000000
vn 0.000000 0.000000 -1.000000
vn 0.000000 0.000000 -1.000000
vn 0.000000 0.000000 -1.000000
vn -0.000000 0.000000 -1.000000
vn -0.000000 0.000000 -1.000000
vn -0.000000 0.000000 -1.000000
vn -0.000000 0.000000 -1.000000
vn -0.000000 0.000000 -1.000000
vn 0.000000 0.000000 -1.000000
vn -0.088415 -0.173490 -0.980859
vn -0.075531 -0.183522 -0.980110
vn -0.017195 -0.039339 -0.999078
vn -0.013108 -0.026804 -0.999555
vn 0.117313 0.164700 -0.979342
vn 0.166605 0.123094 -0.978310
vn 0.043218 0.031110 -0.998581
vn 0.030780 0.041912 -0.998647
vn 0.170354 0.140362 -0.975335
vn 0.034062 0.025716 -0.999089
vn 0.165078 0.004169 -0.986272
vn 0.072364 -0.000448 -0.997378
vn 0.073362 -0.200617 -0.976919
vn 0.095477 -0.187422 -0.977628
vn 0.014745 -0.030223 -0.999434
vn 0.016050 -0.041355 -0.999016
vn 0.194202 -0.090323 -0.976794
vn 0.032585 -0.013942 -0.999372
vn 0.141175 -0.106422 -0.984248
vn 0.055377 -0.039818 -0.997671
vn -0.112455 -0.145326 0.982972
vn -0.041342 -0.207395 0.977383
vn -0.009576 -0.036353 0.999293
vn -0.034095 -0.046492 0.998337
vn -0.108260 0.143500 0.983711
vn -0.122352 0.160627 0.979402
vn -0.024867 0.028219 0.999292
vn -0.029460 0.041524 0.998703
vn -0.953722 -0.262413 0.146812
vn 0.107691 -0.146515 0.983329
vn 0.039706 -0.054162 0.997742
vn 0.101775 -0.884662 0.454989
vn -0.167325 -0.090112 0.981775
vn -0.037851 -0.020190 0.999079
vn -0.170038 0.033375 0.984872
vn -0.054085 0.021217 0.998311
vn 0.143006 0.115084 0.983008
vn 0.098181 0.174761 0.979704
vn 0.022889 0.040896 0.998901
vn 0.050849 0.035694 0.998068
vn 0.189427 -0.101201 0.976666
vn 0.042787 -0.022640 0.998828
vn -0.174123 -0.055657 0.983150
vn -0.044877 -0.014611 0.998886
vn -0.184574 -0.015618 0.982695
vn -0.041958 -0.003770 0.999112
vn 0.203435 0.052879 0.977659
vn 0.038041 0.011266 0.999213
vn 0.190541 -0.101363 0.976432
vn 0.042788 -0.022489 0.998831
vn 0.188103 0.001891 0.982148
vn 0.063940 -0.000158 0.997954
vn -0.172946 0.088144 -0.980979
vn -0.146967 0.072368 -0.986490
vn -0.059609 0.029519 -0.997785
vn -0.030735 0.013619 -0.999435
vn -0.157212 0.015882 -0.987437
vn -0.064766 0.013512 -0.997809
vn -0.060199 0.186428 -0.980623
vn -0.014827 0.038622 -0.999144
vn -0.170816 -0.075474 -0.982408
vn -0.032755 -0.013381 -0.999374
vn -0.138831 -0.091610 -0.986070
vn -0.045421 -0.034061 -0.998387
vn -0.049789 0.181712 -0.982091
vn -0.011652 0.050133 -0.998675
vn -0.034187 0.190038 0.981181
vn -0.006773 0.048578 0.998797
vn 0.045140 0.191214 -0.980510
vn 0.012530 0.052259 -0.998555
vn 0.044395 0.190433 0.980696
vn 0.012336 0.052243 0.998558
vn 0.000007 0.045967 -0.998943
vn 0.000010 0.201526 -0.979483
vn 0.000043 0.046068 0.998938
vn 0.000009 0.200633 0.979667
vn 0.000000 1.000000 -0.000000
vn 0.000000 1.000000 -0.000000
vn 0.000000 1.000000 -0.000000
vn 0.000000 1.000000 -0.000000
vn 0.000000 1.000000 0.000000
vn 0.000000 1.000000 0.000000
vn 0.000000 1.000000 0.000000
vn 0.000000 1.000000 0.000000
vn -0.004308 -0.009953 -0.999941
vn -0.004329 -0.009720 -0.999943
vn -0.000257 -0.010188 -0.999948
vn 0.000115 -0.010216 -0.999948
vn 0.004654 -0.010393 -0.999935
vn 0.004154 -0.010933 -0.999932
vn 0.007849 -0.005652 -0.999953
vn 0.010748 -0.004714 -0.999931
vn 0.009036 -0.000235 -0.999959
vn 0.009483 0.007480 -0.999927
vn 0.009237 0.006585 -0.999936
vn 0.006605 0.008900 -0.999939
vn 0.002666 0.010422 -0.999942
vn 0.000007 0.011042 -0.999939
vn -0.002353 0.010105 -0.999946
vn -0.003687 0.009956 -0.999944
vn -0.008590 0.003915 -0.999955
vn -0.010022 0.004819 -0.999938
vn -0.008499 0.001681 -0.999963
vn -0.009290 -0.003942 -0.999949
vn -0.007413 -0.005299 -0.999959
vn 0.000379 -0.010733 0.999942
vn -0.354775 -0.904309 0.237402
vn -0.358335 -0.912867 0.195624
vn 0.000379 -0.010733 0.999942
vn -0.004436 -0.008716 0.999952
vn -0.006752 -0.006792 0.999954
vn -0.009111 -0.004758 0.999947
vn -0.009625 -0.003051 0.999949
vn -0.010015 -0.000826 0.999950
vn -0.008571 0.002520 0.999960
vn -0.006546 0.008189 0.999945
vn -0.005612 0.007979 0.999952
vn -0.001445 0.010558 0.999943
vn 0.000048 0.011138 0.999938
vn 0.002622 0.010521 0.999941
vn 0.005443 0.009709 0.999938
vn 0.008133 0.006060 0.999949
vn 0.011149 0.003322 0.999932
vn 0.010391 0.000035 0.999946
vn 0.010592 -0.005450 0.999929
vn 0.010536 -0.005503 0.999929
vn 0.006905 -0.007512 0.999948
vn 0.000821 -0.010973 0.999940
vn 0.359463 -0.918604 0.164173
vn 0.001551 -0.010813 0.999940
vn 0.364794 -0.931088 0.000145
vn 0.364794 -0.931088 0.000145
vn -0.971955 -0.235168 0.000010
vn -0.971955 -0.235168 0.000010
vn -0.365329 0.930878 0.000160
vn -0.365329 0.930878 0.000160
vn 0.920979 -0.389613 -0.000002
vn 0.920979 -0.389613 -0.000002
vn 0.920979 -0.389613 -0.000002
vn 0.920979 -0.389613 -0.000002
vn -0.366190 -0.930540 0.000018
vn -0.366190 -0.930540 0.000018
vn 0.366209 0.930533 0.000291
vn 0.366209 0.930533 0.000291
s 1
g Revolver body
f 1957/4124/3882 1959/4125/3883 1960/4126/3884
f 1957/4124/3882 1960/4126/3884 1963/4128/3885
f 1959/4125/3883 1964/4127/3886 1960/4126/3884
f 1960/4126/3884 1965/4130/3887 1963/4128/3885
f 1960/4126/3884 1964/4127/3886 1966/4129/3888
f 1960/4126/3884 1969/4132/3889 1965/4130/3887
f 1960/4126/3884 1966/4129/3888 1971/4131/3890
f 1960/4126/3884 1973/4136/3891 1969/4132/3889
f 1960/4126/3884 1971/4131/3890 1975/4135/3892
f 1960/4126/3884 1978/4139/3893 1973/4136/3891
f 1960/4126/3884 1975/4135/3892 1983/4138/3894
f 1960/4126/3884 1985/4142/3895 1978/4139/3893
f 1960/4126/3884 1983/4138/3894 1988/4141/3896
f 1960/4126/3884 1993/4145/3897 1985/4142/3895
f 1960/4126/3884 1988/4141/3896 1998/4144/3898
f 1960/4126/3884 2003/4147/3899 1993/4145/3897
f 1960/4126/3884 1998/4144/3898 2009/4146/3900
f 1960/4126/3884 2015/4149/3901 2003/4147/3899
f 1960/4126/3884 2009/4146/3900 2021/4148/3902
f 1960/4126/3884 2021/4148/3902 2015/4149/3901
s off
f 1963/3988/3903 1970/3989/3904 1972/3990/3905 1967/3991/3906
s 2
f 1970/4066/3907 1974/4067/3908 1977/4068/3909 1972/4069/3910
f 1974/4067/3908 1980/4070/3911 1984/4071/3912 1977/4068/3909
s 3
f 1975/4086/3913 1982/4087/3914 1987/4088/3915 1983/4089/3916
s off
f 1976/4004/3917 1977/4005/3918 1989/4006/3919 1990/4007/3920
s 2
f 1979/4072/3921 1991/4073/3922 1984/4071/3912 1980/4070/3911
f 1977/4068/3909 1984/4071/3912 1992/4074/3923 1989/4075/3924
s 3
f 1978/4008/3925 1985/4012/3926 1994/4013/3927 1995/4009/3928
s off
f 1978/4008/3929 1995/4009/3930 1996/4010/3931 1986/4011/3932
s 2
f 1979/4072/3921 1986/4076/3933 1996/4077/3934 1991/4073/3922
s 3
f 1983/4089/3916 1987/4088/3915 1997/4090/3935 1988/4091/3936
s 2
f 1984/4071/3912 1991/4073/3922 2000/4078/3937 1992/4074/3923
f 1989/4075/3924 1992/4074/3923 2001/4079/3938 2002/4080/3939
s 3
f 1985/4012/3926 1993/4014/3940 2004/4015/3941 1994/4013/3927
f 1988/4091/3936 1997/4090/3935 2006/4094/3942 1998/4095/3943
s 2
f 1989/4075/3924 2002/4080/3939 2010/4082/3944 1999/4083/3945
s off
f 1991/4022/3946 2005/4023/3947 2012/4024/3948 2000/4025/3949
s 2
f 1992/4074/3923 2000/4078/3937 2013/4081/3950 2001/4079/3938
s 3
f 1993/4014/3940 2003/4016/3951 2016/4017/3952 2004/4015/3941
f 1998/4095/3943 2006/4094/3942 2017/4099/3953 2009/4100/3954
s 5
f 2007/4093/3955 2008/4092/3956 2020/4096/3957 2019/4097/3958
s off
f 1999/4026/3959 2010/4027/3960 2022/4028/3961 2011/4029/3962
s 2
f 2000/4078/3937 2024/4084/3963 2025/4085/3964 2013/4081/3950
s 3
f 2003/4016/3951 2015/4018/3965 2026/4019/3966 2016/4017/3952
f 2009/4100/3954 2017/4099/3953 2027/4104/3967 2021/4105/3968
s 5
f 2007/4093/3955 2019/4097/3958 2028/4103/3969 2018/4098/3970
f 2008/4092/3956 2029/4101/3971 2030/4102/3972 2020/4096/3957
f 2011/4029/3973 2022/4028/3974 2033/4030/3975 2034/4031/3976
s off
f 2024/4032/3977 2035/4033/3978 2036/4034/3979 2025/4035/3980
s 3
f 2015/4018/3965 2021/4020/3968 2027/4021/3967 2026/4019/3966
s 5
f 2018/4098/3970 2028/4103/3969 2040/4106/3981 2041/4107/3982
f 2029/4054/3971 2043/4048/3983 2044/4051/3984 2030/4055/3972
f 2033/4108/3975 2047/4109/3985 2048/4110/3986 2034/4111/3976
f 2035/4033/3987 2051/4036/3988 2050/4037/3989 2036/4034/3990
f 2040/4046/3981 2053/4044/3991 2054/4045/3992 2041/4047/3982
f 2043/4048/3983 2056/4049/3993 2057/4050/3994 2044/4051/3984
f 2047/4056/3985 2060/4053/3995 2061/4052/3996 2048/4057/3986
f 2050/4037/3989 2051/4036/3988 2063/4038/3997 2064/4039/3998
f 2053/4044/3991 2067/4042/3999 2068/4043/4000 2054/4045/3992
f 2056/4049/3993 2061/4052/3996 2060/4053/3995 2057/4050/3994
f 2063/4038/3997 2074/4040/4001 2073/4041/4002 2064/4039/3998
s 8
f 2050/4150/4003 2064/4151/4004 2075/4152/4005 2065/4153/4006
s 5
f 2067/4042/3999 2073/4041/4002 2074/4040/4001 2068/4043/4000
s 3
f 1961/3993/4007 1958/3994/4008 1959/3995/4009 1957/3992/4010
f 1958/3994/4008 1962/3996/4011 1964/3997/4012 1959/3995/4009
f 1957/3992/4010 1963/3988/4013 1967/3991/4014 1961/3993/4007
f 1962/3996/4011 1968/3998/4015 1966/3999/4016 1964/3997/4012
s off
f 1965/4130/4017 1974/4133/4018 1970/4134/4019 1963/4128/4020
s 3
f 1968/3998/4015 1981/4000/4021 1971/4001/4022 1966/3999/4016
s off
f 1969/4132/4023 1980/4137/4024 1974/4133/4025 1965/4130/4026
f 1973/4136/4027 1979/4140/4028 1980/4137/4029 1969/4132/4030
s 3
f 1981/4000/4021 1982/4002/3914 1975/4003/3913 1971/4001/4022
s off
f 1972/4197/4031 1977/4198/4032 1976/4199/4033 1967/4200/4034
f 1978/4139/4035 1986/4143/4036 1979/4140/4037 1973/4136/4038
f 1989/4260/4039 1999/4261/4040 2011/4262/4041 1990/4263/4042
f 1996/4222/4043 1995/4216/4044 2005/4210/4045 1991/4223/4046
f 2001/4171/4047 2014/4164/4048 2023/4173/4049 2002/4176/4050
f 2002/4176/4051 2023/4173/4052 2022/4177/4053 2010/4181/4054
f 2012/4277/4055 2035/4282/4056 2024/4288/4057 2000/4289/4058
f 2013/4167/4059 2037/4161/4060 2014/4164/4061 2001/4171/4062
f 2025/4166/4063 2036/4156/4064 2037/4161/4065 2013/4167/4066
s 8
f 2019/4179/4067 2020/4184/4068 2031/4185/4069 2032/4180/4070
f 2019/4179/4067 2032/4180/4070 2042/4175/4071 2028/4174/4072
f 2014/4164/4073 2038/4165/4074 2039/4172/4075 2023/4173/4076
f 2022/4177/4077 2023/4173/4076 2039/4172/4075 2046/4178/4078
f 2022/4177/4077 2046/4178/4078 2049/4182/4079 2033/4183/4080
f 2014/4164/4073 2037/4161/4081 2052/4160/4082 2038/4165/4074
f 2033/4183/4080 2049/4182/4079 2062/4186/4083 2047/4187/4084
f 2036/4156/4085 2066/4157/4086 2052/4160/4082 2037/4161/4081
f 2044/4192/4087 2057/4195/4088 2071/4196/4089 2059/4193/4090
f 2047/4187/4084 2062/4186/4083 2072/4190/4091 2060/4191/4092
f 2053/4162/4093 2070/4163/4094 2076/4159/4095 2067/4158/4096
f 2057/4195/4088 2060/4191/4092 2072/4190/4091 2071/4196/4089
f 2064/4151/4004 2073/4154/4097 2077/4155/4098 2075/4152/4005
f 2067/4158/4096 2076/4159/4095 2077/4155/4098 2073/4154/4097
f 2020/4184/4068 2030/4188/4099 2045/4189/4100 2031/4185/4069
f 2028/4174/4072 2042/4175/4071 2055/4169/4101 2040/4168/4102
f 2030/4188/4099 2044/4192/4087 2059/4193/4090 2058/4194/4103 2045/4189/4100
f 2036/4156/4085 2050/4150/4003 2065/4153/4006 2066/4157/4086
f 2040/4168/4102 2055/4169/4101 2069/4170/4104 2070/4163/4094 2053/4162/4093
s 14
f 1987/4245/4105 1982/4239/4106 2120/4240/4107 2121/4246/4108
f 1995/4216/4109 1994/4224/4110 2129/4225/4111 2130/4217/4112
f 1994/4224/4110 2004/4230/4113 2128/4231/4114 2129/4225/4111
f 2004/4230/4113 2016/4236/4115 2127/4237/4116 2128/4231/4114
f 2017/4252/4117 2006/4257/4118 2123/4258/4119 2124/4253/4120
f 2016/4236/4115 2026/4242/4121 2126/4243/4122 2127/4237/4116
f 2027/4248/4123 2017/4252/4117 2124/4253/4120 2125/4249/4124
s 17
f 2029/4298/4125 2008/4304/4126 2141/4305/4127 2142/4299/4128
f 2011/4262/4129 2034/4266/4130 2147/4267/4131 2148/4264/4132
s 14
f 2026/4242/4121 2027/4248/4123 2125/4249/4124 2126/4243/4122
s 17
f 2018/4322/4133 2041/4317/4134 2158/4318/4135 2159/4319/4136
f 2043/4292/4137 2029/4298/4125 2142/4299/4128 2143/4293/4138
f 2034/4266/4130 2048/4272/4139 2146/4273/4140 2147/4267/4131
f 2051/4290/4141 2035/4282/4142 2152/4283/4143 2153/4291/4144
f 2041/4317/4134 2054/4312/4145 2157/4313/4146 2158/4318/4135
f 2056/4284/4147 2043/4292/4137 2143/4293/4138 2144/4285/4148
f 2048/4272/4139 2061/4278/4149 2145/4279/4150 2146/4273/4140
f 2063/4296/4151 2051/4290/4141 2153/4291/4144 2154/4297/4152
f 2054/4312/4145 2068/4308/4153 2156/4309/4154 2157/4313/4146
f 2061/4278/4149 2056/4284/4147 2144/4285/4148 2145/4279/4150
f 2074/4302/4155 2063/4296/4151 2154/4297/4152 2155/4303/4156
f 2068/4308/4153 2074/4302/4155 2155/4303/4156 2156/4309/4154
s 14
f 1958/4213/4157 1961/4207/4158 2135/4208/4159 2136/4214/4160
f 1962/4219/4161 1958/4213/4157 2136/4214/4160 2137/4220/4162
f 1961/4207/4158 1967/4200/4163 2134/4202/4164 2135/4208/4159
f 1968/4227/4165 1962/4219/4161 2137/4220/4162 2138/4228/4166
f 1981/4233/4167 1968/4227/4165 2138/4228/4166 2139/4234/4168
f 1982/4239/4106 1981/4233/4167 2139/4234/4168 2120/4240/4107
f 1967/4200/4163 1976/4199/4169 2133/4201/4170 2134/4202/4164
s 17
f 1990/4263/4171 2011/4262/4129 2148/4264/4132 2149/4265/4172
s 14
f 2005/4210/4173 1995/4216/4109 2130/4217/4112 2131/4211/4174
s 17
f 2035/4282/4142 2012/4277/4175 2151/4276/4176 2152/4283/4143
s 14
f 2132/4203/4177 2133/4201/4170 1976/4199/4169 2115/4204/4178
f 2005/4210/4173 2131/4211/4174 2132/4203/4177 2115/4204/4178
s 17
f 2150/4270/4179 2151/4276/4176 2012/4277/4175 2117/4271/4180
f 1990/4263/4171 2149/4265/4172 2150/4270/4179 2117/4271/4180
s off
f 2115/4112/4181 1976/4113/4182 1990/4114/4183 2117/4115/4184
f 2005/4116/4185 2115/4112/4186 2117/4115/4187 2012/4117/4188
s 14
f 2121/4246/4108 2120/4240/4107 2078/4244/4189 2079/4250/4190
f 2122/4254/4191 2121/4246/4108 2079/4250/4190 2114/4255/4192
f 2084/4259/4193 2123/4258/4119 2122/4254/4191 2114/4255/4192
f 2124/4253/4120 2123/4258/4119 2084/4259/4193 2085/4256/4194
f 2125/4249/4124 2124/4253/4120 2085/4256/4194 2087/4251/4195
f 2126/4243/4122 2125/4249/4124 2087/4251/4195 2086/4247/4196
f 2127/4237/4116 2126/4243/4122 2086/4247/4196 2083/4241/4197
f 2128/4231/4114 2127/4237/4116 2083/4241/4197 2082/4235/4198
f 2129/4225/4111 2128/4231/4114 2082/4235/4198 2080/4229/4199
f 2130/4217/4112 2129/4225/4111 2080/4229/4199 2081/4221/4200
f 2131/4211/4174 2130/4217/4112 2081/4221/4200 2112/4215/4201
f 2132/4203/4177 2131/4211/4174 2112/4215/4201 2116/4209/4202
f 2110/4205/4203 2133/4201/4170 2132/4203/4177 2116/4209/4202
f 2134/4202/4164 2133/4201/4170 2110/4205/4203 2107/4206/4204
f 2135/4208/4159 2134/4202/4164 2107/4206/4204 2104/4212/4205
f 2136/4214/4160 2135/4208/4159 2104/4212/4205 2105/4218/4206
f 2137/4220/4162 2136/4214/4160 2105/4218/4206 2106/4226/4207
f 2138/4228/4166 2137/4220/4162 2106/4226/4207 2108/4232/4208
f 2139/4234/4168 2138/4228/4166 2108/4232/4208 2109/4238/4209
f 2120/4240/4107 2139/4234/4168 2109/4238/4209 2078/4244/4189
s 22
f 2088/4310/4210 2141/4305/4211 2140/4314/4212 2119/4315/4213
s 17
f 2142/4299/4128 2141/4305/4127 2088/4310/4214 2089/4306/4215
f 2143/4293/4138 2142/4299/4128 2089/4306/4215 2094/4300/4216
f 2144/4285/4148 2143/4293/4138 2094/4300/4216 2099/4294/4217
f 2145/4279/4150 2144/4285/4148 2099/4294/4217 2100/4286/4218
f 2146/4273/4140 2145/4279/4150 2100/4286/4218 2095/4280/4219
f 2147/4267/4131 2146/4273/4140 2095/4280/4219 2090/4274/4220
f 2148/4264/4132 2147/4267/4131 2090/4274/4220 2091/4268/4221
f 2149/4265/4172 2148/4264/4132 2091/4268/4221 2111/4269/4222
f 2150/4270/4179 2149/4265/4172 2111/4269/4222 2118/4275/4223
f 2113/4281/4224 2151/4276/4176 2150/4270/4179 2118/4275/4223
f 2152/4283/4143 2151/4276/4176 2113/4281/4224 2096/4287/4225
f 2153/4291/4144 2152/4283/4143 2096/4287/4225 2097/4295/4226
f 2154/4297/4152 2153/4291/4144 2097/4295/4226 2101/4301/4227
f 2155/4303/4156 2154/4297/4152 2101/4301/4227 2103/4307/4228
f 2156/4309/4154 2155/4303/4156 2103/4307/4228 2102/4311/4229
f 2157/4313/4146 2156/4309/4154 2102/4311/4229 2098/4316/4230
f 2158/4318/4135 2157/4313/4146 2098/4316/4230 2092/4321/4231
f 2159/4319/4136 2158/4318/4135 2092/4321/4231 2093/4320/4232
f 2140/4314/4233 2159/4319/4136 2093/4320/4232 2119/4315/4234
f 2122/4118/4235 2123/4119/4236 2159/4120/4136 2140/4121/4233
f 2123/4058/4237 2006/4059/4238 2018/4060/4133 2159/4061/4136
s 3
f 2006/4094/3942 1997/4090/3935 2007/4093/4239 2018/4098/4240
s off
f 1987/4062/4241 2121/4063/4242 2141/4064/4243 2008/4065/4244
s 22
f 2121/4122/4245 2122/4118/4246 2140/4121/4212 2141/4123/4211
s 3
f 1997/4090/3935 1987/4088/3915 2008/4092/4247 2007/4093/4248
g default
v -1.377247 6.490829 1.930233
v -1.173667 7.250598 1.930233
v -1.199895 6.850466 2.222185
v -1.275457 6.870714 1.930233
v -1.351020 6.890960 1.638281
v -1.392267 6.494853 1.872198
v -1.289875 6.874577 1.874526
v -1.183561 7.253250 1.892006
v -1.362226 6.486804 1.988268
v -1.261039 6.866850 1.985940
v -1.163774 7.247947 1.968460
v -1.176737 7.047841 2.115016
v -1.198445 7.053658 2.031143
v -1.224562 7.060656 1.930233
v -1.250679 7.067655 1.829324
v -1.272387 7.073470 1.745451
v -1.311331 6.676747 1.988268
v -1.326352 6.680771 1.930233
v -1.341372 6.684795 1.872198
vt 0.308745 0.224535
vt 0.308745 0.193706
vt 0.318164 0.193706
vt 0.318164 0.224535
vt 0.309123 0.162877
vt 0.318164 0.162877
vt 0.327584 0.193706
vt 0.327584 0.224535
vt 0.301786 0.132048
vt 0.318164 0.132048
vt 0.327206 0.162877
vt 0.288173 0.132048
vt 0.270778 0.162877
vt 0.311960 0.101219
vt 0.318164 0.101219
vt 0.334543 0.132047
vt 0.324369 0.101218
vt 0.365550 0.162877
vt 0.348156 0.132048
vn -0.933014 0.250000 0.258813
vn -0.933014 0.250000 0.258815
vn -0.933013 0.250000 0.258817
vn -0.933013 0.250000 0.258817
vn -0.933013 0.250000 0.258818
vn -0.933013 0.250001 0.258817
vn -0.933013 0.250000 0.258819
vn -0.933013 0.250000 0.258819
vn -0.933014 0.250000 0.258814
vn -0.933013 0.250000 0.258817
vn -0.933013 0.250000 0.258818
vn -0.933014 0.250000 0.258814
vn -0.933013 0.250000 0.258819
vn -0.933012 0.250000 0.258821
vn -0.933013 0.250001 0.258818
vn -0.933013 0.250001 0.258818
vn -0.933014 0.250000 0.258813
vn -0.933013 0.250000 0.258818
vn -0.933011 0.250000 0.258824
s 1
g Revolver meter_arrow
f 2168/4323/4249 2176/4324/4250 2177/4325/4251 2160/4326/4252
f 2169/4327/4253 2172/4331/4254 2173/4332/4255 2163/4328/4256
f 2164/4340/4257 2166/4333/4258 2174/4338/4259 2175/4341/4260
f 2160/4326/4252 2177/4325/4251 2178/4329/4261 2165/4330/4262
f 2173/4332/4255 2174/4338/4259 2166/4333/4258 2163/4328/4256
f 2171/4334/4263 2172/4331/4254 2169/4327/4253 2162/4335/4264
f 2173/4332/4255 2172/4331/4254 2170/4336/4265 2161/4337/4266
f 2167/4339/4267 2174/4338/4259 2173/4332/4255 2161/4337/4266
f 2177/4325/4251 2176/4324/4250 2169/4327/4253 2163/4328/4256
f 2178/4329/4261 2177/4325/4251 2163/4328/4256 2166/4333/4258
g default
v 0.484464 -0.113768 7.007653
v 0.412110 -0.113768 6.884674
v 0.299415 -0.113768 6.787077
v 0.157412 -0.113768 6.724417
v 0.000000 -0.113768 6.702826
v -0.157412 -0.113768 6.724417
v -0.299415 -0.113768 6.787077
v -0.412110 -0.113768 6.884674
v -0.484464 -0.113768 7.007653
v -0.509396 -0.113768 7.143975
v -0.484464 -0.113768 7.280298
v -0.412110 -0.113768 7.403276
v -0.299415 -0.113768 7.500873
v -0.157412 -0.113768 7.563533
v -0.000000 -0.113768 7.585125
v 0.157412 -0.113768 7.563533
v 0.299415 -0.113768 7.500873
v 0.412110 -0.113768 7.403276
v 0.484464 -0.113768 7.280298
v 0.509396 -0.113768 7.143975
v 0.749410 0.388512 6.664845
v 0.749410 0.253459 6.430925
v 0.569522 0.146280 6.245286
v 0.299415 0.077467 6.126099
v 0.000000 0.053755 6.085030
v -0.299415 0.077467 6.126099
v -0.569522 0.146280 6.245287
v -0.753097 0.253459 6.430925
v -0.753097 0.388512 6.664845
v -0.753097 0.538220 6.924146
v -0.753097 0.687927 7.183447
v -0.753097 0.822980 7.417366
v -0.569522 0.930159 7.603005
v -0.299415 0.998972 7.722194
v -0.000000 1.022683 7.763262
v 0.299415 0.998972 7.722194
v 0.569522 0.930159 7.603005
v 0.749410 0.822980 7.417366
v 0.749410 0.687927 7.183447
v 0.749410 0.538220 6.924146
v 0.749410 0.925205 6.224856
v 0.749410 0.739320 5.902894
v 0.749410 0.591801 5.647384
v 0.412110 0.497088 5.483336
v 0.000000 0.464452 5.426808
v -0.412110 0.497088 5.483336
v -0.753097 0.591801 5.647384
v -0.753097 0.739320 5.902894
v -0.753097 0.925205 6.224857
v -0.753097 1.131260 6.581754
v -0.753097 1.337315 6.938652
v -0.753097 1.523200 7.260614
v -0.753097 1.670718 7.516124
v -0.412110 1.765432 7.680172
v -0.000000 1.798067 7.736699
v 0.412110 1.765432 7.680172
v 0.749410 1.670719 7.516123
v 0.749410 1.523199 7.260614
v 0.749410 1.337315 6.938652
v 0.749410 1.131260 6.581754
v 0.749410 2.150846 5.554197
v 0.749409 1.919119 5.322470
v 0.749409 1.735220 5.138572
v 0.363271 1.617149 5.020501
v -0.000000 1.576464 4.979816
v -0.363271 1.617149 5.020501
v -0.690982 1.735220 5.138571
v -0.753095 1.919119 5.322471
v -0.753097 2.150846 5.554197
v -0.753097 2.407717 5.811069
v -0.753097 2.664588 6.067940
v -0.676236 2.896315 6.299666
v -0.753097 3.080214 6.483566
v -0.363271 3.198285 6.601637
v -0.000000 3.238970 6.642322
v 0.363270 3.198285 6.601637
v 0.749410 3.080214 6.483566
v 0.749410 2.896315 6.299666
v 0.749410 2.664588 6.067940
v 0.749410 2.407717 5.811069
v 0.886484 3.307474 4.799418
v 0.754089 3.123739 4.615683
v 0.547878 2.977926 4.469869
v 0.288036 2.884307 4.376251
v -0.000000 2.852048 4.343993
v -0.288037 2.884307 4.376251
v -0.547878 2.977926 4.469869
v -0.754089 3.123739 4.615683
v -0.886485 3.307474 4.799418
v -0.932105 3.511147 5.003091
v -0.886485 3.714819 5.206764
v -0.754089 3.898556 5.390500
v -0.547878 4.044368 5.536313
v -0.288037 4.137987 5.629931
v -0.000000 4.170246 5.662190
v 0.288036 4.137987 5.629931
v 0.547878 4.044368 5.536313
v 0.754089 3.898555 5.390500
v 0.886484 3.714819 5.206764
v 0.932105 3.511147 5.003091
v 0.975280 3.755569 3.364070
v 0.710360 3.663506 3.076891
v 0.602756 3.803874 2.555838
v 0.316888 3.731045 2.680530
v -0.000000 3.705950 2.694818
v -0.316888 3.731045 2.692175
v -0.602756 3.803874 2.555838
v -0.710360 3.663506 3.076891
v -0.975280 3.755569 3.364070
v -1.025470 3.979642 3.588143
v -0.975280 4.203715 3.812216
v -0.829623 4.405855 4.014357
v -0.602756 4.566274 4.174775
v -0.316888 4.669270 4.277771
v -0.000000 4.704759 4.313260
v 0.316887 4.669270 4.277771
v 0.602756 4.566274 4.174775
v 0.829622 4.405855 4.014357
v 0.975279 4.203715 3.812217
v 1.025470 3.979642 3.588143
v 1.008398 4.618186 2.600899
v 0.727394 4.523598 2.555837
v 0.527766 4.476402 2.555838
v -0.527766 4.476402 2.555838
v -0.828703 4.523598 2.555837
v -1.109707 4.618186 2.600899
v -1.109707 4.774221 2.928578
v -1.109707 4.930315 3.256240
v -1.007865 5.071116 3.551832
v -0.783879 5.182827 3.786422
v -0.412110 5.254586 3.937031
v 0.412110 5.254586 3.937031
v 0.783879 5.182827 3.786422
v 1.008396 5.071116 3.551832
v 1.008398 4.930315 3.256240
v 1.008399 4.774221 2.928578
v 0.921506 4.734915 2.559355
v 0.783880 4.693165 2.570539
v 0.569522 4.660035 2.579414
v -0.569522 4.660035 2.579414
v -0.783879 4.693165 2.570539
v -0.921506 4.734931 2.559350
v -0.781680 4.868990 2.548714
v -0.921506 4.982341 2.786790
v -0.783879 5.084643 3.001549
v -0.569522 5.165818 3.171986
v -0.299415 5.217968 3.281405
v 0.299415 5.217968 3.281405
v 0.569522 5.165818 3.171986
v 0.783879 5.084643 3.001549
v 0.921505 4.982341 2.786790
v 0.781680 4.868990 2.548714
v 0.484464 5.131660 2.517441
v 0.412110 5.109689 2.570254
v 0.299415 5.092270 2.574921
v -0.299415 5.092270 2.574921
v -0.412110 5.109689 2.570254
v -0.484464 5.131660 2.564369
v -0.509396 5.156012 2.510916
v -0.484464 5.180339 2.504399
v -0.412110 5.202239 2.498532
v -0.299415 5.219672 2.493862
v -0.157412 5.230829 2.490873
v -0.000000 5.234723 2.489830
v 0.157412 5.230829 2.490873
v 0.299415 5.219672 2.493862
v 0.412110 5.202239 2.498532
v 0.484464 5.180339 2.504399
v 0.509396 5.156012 2.510916
v 0.000000 -0.241192 7.125958
v -0.316888 4.075202 4.277770
v -0.000000 4.110691 4.313260
v -0.000000 4.685258 3.988922
v -0.412110 4.660518 3.937030
v 0.316887 4.075202 4.277770
v 0.412110 4.660518 3.937030
v -0.000000 4.641799 3.319127
v -0.299415 4.623900 3.281405
v 0.299415 4.623900 3.281405
v -0.000000 4.640656 2.489830
v -0.157412 4.636761 2.490873
v 0.157412 4.636761 2.490873
vt 0.389061 0.575157
vt 0.398767 0.584863
vt 0.376569 0.607061
vt 0.363211 0.593702
vt 0.407916 0.565508
vt 0.413019 0.570611
vt 0.408473 0.594569
vt 0.389928 0.620419
vt 0.348599 0.635031
vt 0.336823 0.623256
vt 0.380306 0.566401
vt 0.351160 0.581651
vt 0.418122 0.575714
vt 0.403313 0.560905
vt 0.417229 0.603324
vt 0.401979 0.632470
vt 0.360374 0.646807
vt 0.317593 0.666037
vt 0.301081 0.649525
vt 0.326200 0.612633
vt 0.373357 0.559453
vt 0.341596 0.572087
vt 0.422725 0.580317
vt 0.424177 0.610273
vt 0.411543 0.642034
vt 0.370997 0.657430
vt 0.334105 0.682549
vt 0.286587 0.697043
vt 0.276315 0.686771
vt 0.286185 0.634629
vt 0.317770 0.604202
vt 0.379428 0.665860
vt 0.349001 0.697445
vt 0.296859 0.707315
vt 0.256351 0.733468
vt 0.241329 0.726315
vt 0.239264 0.674767
vt 0.274363 0.622807
vt 0.360823 0.709267
vt 0.306126 0.716581
vt 0.271372 0.740624
vt 0.238937 0.737813
vt 0.239425 0.731667
vt 0.239264 0.721979
vt 0.313480 0.723935
vt 0.284923 0.747079
vt 0.249851 0.743009
vt 0.295677 0.752200
vt 0.236906 0.752086
vt 0.237204 0.750970
vt 0.062320 0.594569
vt 0.072026 0.584863
vt 0.094224 0.607061
vt 0.080865 0.620419
vt 0.052672 0.575714
vt 0.057774 0.570611
vt 0.081732 0.575157
vt 0.107583 0.593702
vt 0.122195 0.635031
vt 0.110419 0.646807
vt 0.053565 0.603324
vt 0.068814 0.632470
vt 0.062877 0.565508
vt 0.048069 0.580317
vt 0.090488 0.566401
vt 0.119634 0.581651
vt 0.133970 0.623256
vt 0.153200 0.666037
vt 0.136688 0.682549
vt 0.099796 0.657430
vt 0.046616 0.610273
vt 0.059250 0.642034
vt 0.067480 0.560905
vt 0.097436 0.559453
vt 0.129198 0.572087
vt 0.144593 0.612633
vt 0.169713 0.649525
vt 0.184206 0.697043
vt 0.173934 0.707315
vt 0.121792 0.697445
vt 0.091366 0.665860
vt 0.153023 0.604202
vt 0.184609 0.634629
vt 0.194478 0.686771
vt 0.214442 0.733468
vt 0.199421 0.740624
vt 0.164667 0.716581
vt 0.109970 0.709267
vt 0.196430 0.622807
vt 0.231529 0.674767
vt 0.229464 0.726315
vt 0.231856 0.737813
vt 0.220942 0.743009
vt 0.185871 0.747079
vt 0.157313 0.723935
vt 0.231530 0.721979
vt 0.231368 0.731666
vt 0.233589 0.750970
vt 0.233888 0.752086
vt 0.175116 0.752200
vt 0.100682 0.906458
vt 0.073850 0.922079
vt 0.046616 0.922079
vt 0.073449 0.906458
vt 0.099004 0.876403
vt 0.071770 0.876403
vt 0.099593 0.840163
vt 0.072360 0.840163
vt 0.130747 0.844409
vt 0.157580 0.860029
vt 0.130346 0.860029
vt 0.103514 0.844409
vt 0.155901 0.890085
vt 0.128667 0.890085
vt 0.156491 0.926325
vt 0.129257 0.926325
vt 0.441894 0.893041
vt 0.436728 0.889388
vt 0.449110 0.863086
vt 0.458937 0.870034
vt 0.423002 0.907658
vt 0.430218 0.887043
vt 0.436728 0.858624
vt 0.445211 0.897645
vt 0.423002 0.886235
vt 0.423002 0.857087
vt 0.441894 0.825184
vt 0.458937 0.831324
vt 0.446354 0.902747
vt 0.415786 0.887043
vt 0.409276 0.858624
vt 0.423002 0.823068
vt 0.445211 0.907850
vt 0.409276 0.889388
vt 0.396894 0.863086
vt 0.404110 0.825184
vt 0.423002 0.800220
vt 0.439655 0.802085
vt 0.441894 0.912453
vt 0.404110 0.893041
vt 0.387067 0.870034
vt 0.387067 0.831324
vt 0.406349 0.802085
vt 0.423002 0.753886
vt 0.446354 0.756501
vt 0.436728 0.916106
vt 0.399650 0.756501
vt 0.454678 0.807498
vt 0.467420 0.764091
vt 0.400793 0.897645
vt 0.391326 0.807498
vt 0.378584 0.764091
vt 0.399650 0.902747
vt 0.400793 0.907850
vt 0.404110 0.912453
vt 0.409276 0.916106
vt 0.168585 0.916279
vt 0.162445 0.899236
vt 0.195288 0.896997
vt 0.200700 0.912020
vt 0.160329 0.880344
vt 0.193423 0.880344
vt 0.162445 0.861452
vt 0.195288 0.863691
vt 0.168585 0.844409
vt 0.200700 0.848668
vt 0.147580 0.842723
vt 0.139990 0.821656
vt 0.190201 0.812831
vt 0.194923 0.825936
vt 0.137375 0.798304
vt 0.188574 0.798304
vt 0.139990 0.774952
vt 0.190201 0.783777
vt 0.147580 0.753886
vt 0.194923 0.770672
vt 0.245140 0.925151
vt 0.253823 0.911600
vt 0.267349 0.936826
vt 0.261040 0.946671
vt 0.267349 0.900846
vt 0.277175 0.929013
vt 0.284392 0.959886
vt 0.281075 0.959617
vt 0.284392 0.893941
vt 0.289558 0.923997
vt 0.289558 0.960100
vt 0.296068 0.960237
vt 0.203969 0.846788
vt 0.222862 0.844409
vt 0.222862 0.875114
vt 0.209136 0.876843
vt 0.241754 0.846788
vt 0.236587 0.876843
vt 0.222862 0.913131
vt 0.215645 0.913083
vt 0.230078 0.913083
vt 0.310337 0.893941
vt 0.327380 0.900846
vt 0.317553 0.929013
vt 0.305171 0.923997
vt 0.340905 0.911600
vt 0.327380 0.936826
vt 0.305171 0.960100
vt 0.298661 0.960237
vt 0.349589 0.925151
vt 0.333689 0.946671
vt 0.310337 0.959886
vt 0.313654 0.959617
vt 0.079955 0.768503
vt 0.085122 0.772156
vt 0.072739 0.798459
vt 0.062912 0.791510
vt 0.091631 0.774501
vt 0.085122 0.802920
vt 0.098848 0.753886
vt 0.098848 0.775309
vt 0.098848 0.804457
vt 0.079955 0.836361
vt 0.062912 0.830220
vt 0.106064 0.774501
vt 0.112573 0.802920
vt 0.098848 0.838476
vt 0.112573 0.772156
vt 0.124956 0.798459
vt 0.117740 0.836361
vt 0.117740 0.768503
vt 0.134783 0.791510
vt 0.134783 0.830220
vt 0.371464 0.926057
vt 0.354422 0.932197
vt 0.352183 0.899354
vt 0.367206 0.893941
vt 0.391458 0.956048
vt 0.374415 0.949908
vt 0.378673 0.917792
vt 0.393696 0.923205
vt 0.197515 0.829981
vt 0.202928 0.814958
vt 0.248512 0.821656
vt 0.240922 0.842723
vt 0.204793 0.798304
vt 0.251127 0.798304
vt 0.202928 0.781651
vt 0.248511 0.774952
vt 0.197515 0.766628
vt 0.240922 0.753886
vt 0.359273 0.882050
vt 0.338207 0.889640
vt 0.329382 0.819210
vt 0.342487 0.815872
vt 0.314855 0.892255
vt 0.314855 0.820361
vt 0.375992 0.870228
vt 0.352887 0.830090
vt 0.291503 0.889640
vt 0.300328 0.819210
vt 0.339049 0.785041
vt 0.364316 0.782878
vt 0.270437 0.882050
vt 0.287223 0.815872
vt 0.340964 0.776623
vt 0.350790 0.775104
vt 0.253719 0.870228
vt 0.276823 0.830090
vt 0.328581 0.756808
vt 0.333747 0.756010
vt 0.372999 0.778542
vt 0.357100 0.773190
vt 0.265395 0.782878
vt 0.290661 0.785041
vt 0.337064 0.755003
vt 0.278920 0.775104
vt 0.288747 0.776623
vt 0.359273 0.767044
vt 0.338207 0.753886
vt 0.256711 0.778542
vt 0.272611 0.773190
vt 0.295963 0.756010
vt 0.301129 0.756808
vt 0.292646 0.755003
vt 0.270437 0.767044
vt 0.291503 0.753886
vt 0.436239 0.917792
vt 0.449344 0.922514
vt 0.444979 0.949346
vt 0.427936 0.946057
vt 0.396647 0.951211
vt 0.398274 0.936685
vt 0.424613 0.936685
vt 0.423479 0.955577
vt 0.396647 0.922158
vt 0.423479 0.917792
vt 0.446012 0.955754
vt 0.459117 0.951033
vt 0.467420 0.979297
vt 0.450377 0.982587
vt 0.416186 0.986317
vt 0.414560 0.971790
vt 0.441793 0.971790
vt 0.443420 0.986317
vt 0.416186 0.957263
vt 0.443420 0.957263
vt 0.404751 0.984675
vt 0.397535 0.984497
vt 0.397535 0.957263
vt 0.404751 0.957442
vt 0.411967 0.984497
vt 0.411967 0.957263
vn 0.827484 -0.560008 0.040758
vn 0.628524 -0.771271 -0.100487
vn 0.925565 -0.369404 -0.082883
vn 0.985020 -0.170983 0.022378
vn 0.357509 -0.902385 -0.240601
vn 0.583975 -0.748731 -0.313648
vn 0.165692 -0.948031 -0.271632
vn 0.249551 -0.870469 -0.424275
vn -0.000000 -0.961152 -0.276020
vn -0.000001 -0.892426 -0.451193
vn -0.165693 -0.948031 -0.271632
vn -0.249080 -0.870596 -0.424289
vn -0.356208 -0.902738 -0.241206
vn -0.580196 -0.751191 -0.314778
vn -0.625320 -0.773835 -0.100766
vn -0.924140 -0.372742 -0.083841
vn -0.825293 -0.563118 0.042310
vn -0.984676 -0.172856 0.023103
vn -0.880152 -0.458453 0.123102
vn -0.990114 -0.129678 0.053469
vn -0.870395 -0.432491 0.235297
vn -0.985578 -0.129667 0.108729
vn -0.722238 -0.395332 0.567525
vn -0.913652 -0.137185 0.382650
vn -0.469224 -0.320048 0.823042
vn -0.586378 -0.115035 0.801828
vn -0.236868 -0.278051 0.930903
vn -0.263388 -0.069406 0.962190
vn 0.000000 -0.265168 0.964202
vn 0.000000 -0.053185 0.998585
vn 0.236868 -0.278051 0.930904
vn 0.263784 -0.069367 0.962084
vn 0.470659 -0.320365 0.822099
vn 0.589565 -0.114735 0.799530
vn 0.725388 -0.394706 0.563933
vn 0.915245 -0.136288 0.379145
vn 0.872040 -0.429702 0.234314
vn 0.985867 -0.127975 0.108116
vn 0.881969 -0.455299 0.121796
vn 0.990386 -0.127860 0.052787
vn 0.997049 -0.070483 -0.030436
vn 1.000000 -0.000000 -0.000001
vn 0.737661 -0.412816 -0.534265
vn 0.301863 -0.548241 -0.779943
vn -0.000000 -0.572678 -0.819780
vn -0.308456 -0.548383 -0.777259
vn -0.738320 -0.405577 -0.538879
vn -0.994504 -0.080537 -0.066903
vn -1.000000 -0.000000 -0.000001
vn -1.000000 -0.000000 0.000000
vn -0.999172 0.029395 0.028131
vn -0.998741 0.000683 0.050166
vn -0.759872 0.277669 0.587787
vn -0.303706 0.440667 0.844734
vn 0.000000 0.464617 0.885512
vn 0.304848 0.440451 0.844435
vn 0.739879 0.288053 0.607951
vn 0.997915 -0.007469 0.064111
vn 1.000000 0.000000 0.000000
vn 1.000000 -0.000000 -0.000000
vn 0.987190 -0.074989 -0.140829
vn 0.997415 -0.063676 -0.033308
vn 0.736043 -0.271364 -0.620163
vn 0.290014 -0.390288 -0.873823
vn 0.000000 -0.409283 -0.912408
vn -0.301480 -0.386815 -0.871484
vn -0.726909 -0.273104 -0.630094
vn -0.977826 -0.097914 -0.185122
vn -0.997440 -0.062819 -0.034169
vn -0.998802 -0.036616 0.032456
vn -0.991766 0.050219 0.117804
vn -0.992327 0.084944 0.089840
vn -0.751125 0.448658 0.484270
vn -0.297013 0.628029 0.719279
vn -0.000000 0.653604 0.756836
vn 0.298073 0.627822 0.719022
vn 0.722335 0.466794 0.510231
vn 0.991562 0.087580 0.095577
vn 0.997380 0.011142 0.071482
vn 0.998744 -0.037450 0.033291
vn 0.849589 -0.459507 -0.258942
vn 0.959730 -0.272230 -0.069346
vn 0.565518 -0.618055 -0.546075
vn 0.238837 -0.707956 -0.664647
vn -0.002441 -0.727087 -0.686541
vn -0.243381 -0.712752 -0.657837
vn -0.564293 -0.623448 -0.541189
vn -0.839662 -0.468120 -0.275376
vn -0.959920 -0.271300 -0.070353
vn -0.996328 -0.039683 0.075868
vn -0.960608 0.192387 0.200548
vn -0.875348 0.408697 0.258326
vn -0.609269 0.681359 0.405637
vn -0.287034 0.805440 0.518534
vn -0.000000 0.840266 0.542175
vn 0.287420 0.805418 0.518354
vn 0.595605 0.688478 0.413827
vn 0.873542 0.418436 0.248669
vn 0.968913 0.176603 0.173262
vn 0.996213 -0.040666 0.076851
vn 0.661303 -0.633373 -0.401893
vn 0.862378 -0.447223 -0.237266
vn 0.560307 -0.668097 -0.489594
vn 0.183532 -0.886746 -0.424261
vn -0.003201 -0.891438 -0.453131
vn -0.181886 -0.886400 -0.425691
vn -0.523271 -0.665860 -0.531806
vn -0.651471 -0.644240 -0.400674
vn -0.852648 -0.473085 -0.221771
vn -0.994456 -0.096049 0.042794
vn -0.972131 0.139068 0.188737
vn -0.843960 0.394600 0.363349
vn -0.603478 0.621876 0.499084
vn -0.339184 0.811555 0.475745
vn -0.000000 0.929674 0.368383
vn 0.339184 0.811555 0.475745
vn 0.603415 0.621856 0.499185
vn 0.857449 0.390545 0.335047
vn 0.977775 0.152176 0.144214
vn 0.998108 -0.059054 0.017130
vn 0.627935 -0.364188 -0.687797
vn 0.870400 -0.233482 -0.433463
vn 0.794835 -0.126623 -0.593468
vn -0.587280 -0.409295 -0.698270
vn -0.683438 -0.202521 -0.701354
vn -0.878016 -0.257216 -0.403644
vn -0.998349 0.030996 -0.048366
vn -0.960977 0.247232 0.124096
vn -0.797395 0.504538 0.331064
vn -0.528672 0.709669 0.465699
vn -0.371935 0.759653 0.533471
vn -0.143451 0.483395 0.863569
vn -0.000000 0.488447 0.872594
vn 0.000000 0.861112 0.508416
vn -0.114012 0.880555 0.460026
vn 0.143451 0.483395 0.863569
vn 0.114012 0.880555 0.460025
vn 0.528473 0.709775 0.465764
vn 0.371935 0.759653 0.533471
vn 0.833245 0.474051 0.284566
vn 0.977747 0.200668 0.061176
vn 0.997434 0.036307 -0.061705
vn -0.074024 -0.114082 -0.990710
vn 0.571415 0.411060 -0.710292
vn -0.038878 0.013796 -0.999149
vn 0.022006 -0.006273 -0.999738
vn 0.035453 0.018556 -0.999199
vn -0.450604 0.498726 -0.740425
vn -0.589558 0.457412 -0.665730
vn -0.664055 0.680858 -0.308971
vn -0.395417 0.912644 -0.103566
vn -0.221858 0.972985 -0.063868
vn -0.155361 0.986479 -0.052181
vn -0.000000 0.999289 -0.037692
vn -0.050051 0.998098 -0.035987
vn 0.050051 0.998098 -0.035987
vn 0.221781 0.973001 -0.063890
vn 0.155360 0.986479 -0.052181
vn 0.434323 0.895029 -0.101425
vn 0.781469 0.556693 -0.281779
vn 0.713902 0.442797 -0.542471
vn -0.089237 -0.101508 -0.990824
vn -0.186417 -0.241221 -0.952397
vn -0.036249 -0.033037 -0.998797
vn 0.043802 -0.039779 -0.998248
vn 0.036250 -0.033038 -0.998797
vn 0.166180 -0.169542 -0.971411
vn -0.565147 0.440166 -0.697756
vn -0.467360 0.871231 -0.150103
vn -0.315941 0.948287 -0.030532
vn -0.193205 0.981154 -0.002919
vn -0.152375 0.988320 0.002138
vn -0.000000 0.999995 0.003030
vn -0.047894 0.998848 0.003026
vn 0.047894 0.998848 0.003026
vn 0.193205 0.981154 -0.002918
vn 0.152375 0.988320 0.002139
vn 0.315941 0.948287 -0.030532
vn 0.467360 0.871231 -0.150103
vn 0.594843 0.477626 -0.646557
vn 0.000000 -0.999987 -0.005108
vn 0.111299 0.000000 -0.993787
vn 0.111299 0.000000 -0.993787
vn 0.111299 0.000000 -0.993787
vn 0.111299 0.000000 -0.993787
vn 0.963100 0.000000 -0.269144
vn 0.963100 0.000000 -0.269144
vn 0.963100 0.000000 -0.269144
vn 0.963100 0.000000 -0.269144
vn -0.111299 0.000000 -0.993787
vn -0.111299 0.000000 -0.993787
vn -0.111299 0.000000 -0.993787
vn -0.111299 0.000000 -0.993787
vn -0.963100 0.000000 -0.269145
vn -0.963100 0.000000 -0.269145
vn -0.963100 0.000000 -0.269145
vn -0.963100 0.000000 -0.269145
vn 0.985547 -0.000000 0.169404
vn 0.985547 -0.000000 0.169404
vn 0.985547 -0.000000 0.169404
vn 0.985547 -0.000000 0.169404
vn -0.985547 -0.000000 0.169404
vn -0.985547 -0.000000 0.169404
vn -0.985547 -0.000000 0.169404
vn -0.985547 -0.000000 0.169404
vn 0.006625 -0.000000 0.999978
vn 0.006625 -0.000000 0.999978
vn 0.006625 -0.000000 0.999978
vn 0.006625 -0.000000 0.999978
vn 0.984247 -0.000000 0.176800
vn 0.984247 -0.000000 0.176800
vn 0.984247 -0.000000 0.176800
vn 0.984247 -0.000000 0.176800
vn -0.984247 0.000000 0.176800
vn -0.984247 0.000000 0.176800
vn -0.984247 0.000000 0.176800
vn -0.984247 0.000000 0.176800
vn -0.006625 -0.000000 0.999978
vn -0.006625 -0.000000 0.999978
vn -0.006625 -0.000000 0.999978
vn -0.006625 -0.000000 0.999978
s 1
g Revolver Handle
f 2179/4404/4268 2180/4414/4269 2200/4406/4270 2199/4398/4271
f 2180/4458/4269 2181/4459/4272 2201/4460/4273 2200/4461/4270
f 2181/4459/4272 2182/4463/4274 2202/4464/4275 2201/4460/4273
f 2182/4463/4274 2183/4466/4276 2203/4467/4277 2202/4464/4275
f 2183/4466/4276 2184/4471/4278 2204/4472/4279 2203/4467/4277
f 2184/4471/4278 2185/4475/4280 2205/4476/4281 2204/4472/4279
f 2185/4475/4280 2186/4481/4282 2206/4482/4283 2205/4476/4281
f 2186/4355/4282 2187/4346/4284 2207/4342/4285 2206/4352/4283
f 2187/4346/4284 2188/4347/4286 2208/4343/4287 2207/4342/4285
f 2188/4347/4286 2189/4354/4288 2209/4348/4289 2208/4343/4287
f 2189/4354/4288 2190/4364/4290 2210/4356/4291 2209/4348/4289
f 2190/4551/4290 2191/4552/4292 2211/4553/4293 2210/4554/4291
f 2191/4552/4292 2192/4555/4294 2212/4556/4295 2211/4553/4293
f 2192/4555/4294 2193/4558/4296 2213/4559/4297 2212/4556/4295
f 2193/4558/4296 2194/4562/4298 2214/4563/4299 2213/4559/4297
f 2194/4562/4298 2195/4565/4300 2215/4566/4301 2214/4563/4299
f 2195/4565/4300 2196/4568/4302 2216/4569/4303 2215/4566/4301
f 2196/4405/4302 2197/4396/4304 2217/4392/4305 2216/4402/4303
f 2197/4396/4304 2198/4397/4306 2218/4393/4307 2217/4392/4305
f 2198/4397/4306 2179/4404/4268 2199/4398/4271 2218/4393/4307
f 2199/4398/4271 2200/4406/4270 2220/4407/4308 2219/4399/4309
f 2200/4406/4270 2201/4415/4273 2221/4416/4310 2220/4407/4308
f 2201/4460/4273 2202/4464/4275 2222/4468/4311 2221/4469/4310
f 2202/4464/4275 2203/4467/4277 2223/4473/4312 2222/4468/4311
f 2203/4467/4277 2204/4472/4279 2224/4477/4313 2223/4473/4312
f 2204/4472/4279 2205/4476/4281 2225/4483/4314 2224/4477/4313
f 2205/4362/4281 2206/4352/4283 2226/4353/4315 2225/4363/4314
f 2206/4352/4283 2207/4342/4285 2227/4345/4316 2226/4353/4315
f 2207/4342/4285 2208/4343/4287 2228/4344/4317 2227/4345/4316
f 2208/4343/4287 2209/4348/4289 2229/4349/4318 2228/4344/4317
f 2209/4348/4289 2210/4356/4291 2230/4357/4319 2229/4349/4318
f 2210/4356/4291 2211/4365/4293 2231/4366/4320 2230/4357/4319
f 2211/4553/4293 2212/4556/4295 2232/4560/4321 2231/4561/4320
f 2212/4556/4295 2213/4559/4297 2233/4564/4322 2232/4560/4321
f 2213/4559/4297 2214/4563/4299 2234/4567/4323 2233/4564/4322
f 2214/4563/4299 2215/4566/4301 2235/4570/4324 2234/4567/4323
f 2215/4412/4301 2216/4402/4303 2236/4403/4325 2235/4413/4324
f 2216/4402/4303 2217/4392/4305 2237/4395/4326 2236/4403/4325
f 2217/4392/4305 2218/4393/4307 2238/4394/4327 2237/4395/4326
f 2218/4393/4307 2199/4398/4271 2219/4399/4309 2238/4394/4327
f 2219/4399/4309 2220/4407/4308 2240/4417/4328 2239/4408/4329
f 2220/4407/4308 2221/4416/4310 2241/4423/4330 2240/4417/4328
f 2221/4571/4310 2222/4572/4311 2242/4573/4331 2241/4574/4330
f 2222/4468/4311 2223/4473/4312 2243/4478/4332 2242/4479/4331
f 2223/4473/4312 2224/4477/4313 2244/4484/4333 2243/4478/4332
f 2224/4575/4313 2225/4576/4314 2245/4577/4334 2244/4578/4333
f 2225/4363/4314 2226/4353/4315 2246/4361/4335 2245/4372/4334
f 2226/4353/4315 2227/4345/4316 2247/4351/4336 2246/4361/4335
f 2227/4345/4316 2228/4344/4317 2248/4350/4337 2247/4351/4336
f 2228/4344/4317 2229/4349/4318 2249/4358/4338 2248/4350/4337
f 2229/4349/4318 2230/4357/4319 2250/4367/4339 2249/4358/4338
f 2230/4357/4319 2231/4366/4320 2251/4373/4340 2250/4367/4339
f 2231/4498/4320 2232/4499/4321 2252/4500/4341 2251/4501/4340
f 2232/4499/4321 2233/4502/4322 2253/4503/4342 2252/4500/4341
f 2233/4502/4322 2234/4504/4323 2254/4505/4343 2253/4503/4342
f 2234/4504/4323 2235/4506/4324 2255/4507/4344 2254/4505/4343
f 2235/4413/4324 2236/4403/4325 2256/4411/4345 2255/4422/4344
f 2236/4403/4325 2237/4395/4326 2257/4401/4346 2256/4411/4345
f 2237/4395/4326 2238/4394/4327 2258/4400/4347 2257/4401/4346
f 2238/4394/4327 2219/4399/4309 2239/4408/4329 2258/4400/4347
f 2239/4408/4329 2240/4417/4328 2260/4424/4348 2259/4418/4349
f 2240/4417/4328 2241/4423/4330 2261/4430/4350 2260/4424/4348
f 2241/4489/4330 2242/4479/4331 2262/4486/4351 2261/4490/4350
f 2242/4479/4331 2243/4478/4332 2263/4485/4352 2262/4486/4351
f 2243/4478/4332 2244/4484/4333 2264/4488/4353 2263/4485/4352
f 2244/4484/4333 2245/4492/4334 2265/4493/4354 2264/4488/4353
f 2245/4372/4334 2246/4361/4335 2266/4371/4355 2265/4379/4354
f 2246/4361/4335 2247/4351/4336 2267/4360/4356 2266/4371/4355
f 2247/4351/4336 2248/4350/4337 2268/4359/4357 2267/4360/4356
f 2248/4350/4337 2249/4358/4338 2269/4368/4358 2268/4359/4357
f 2249/4358/4338 2250/4367/4339 2270/4374/4359 2269/4368/4358
f 2250/4367/4339 2251/4373/4340 2271/4380/4360 2270/4374/4359
f 2251/4579/4340 2252/4580/4341 2272/4581/4361 2271/4582/4360
f 2252/4580/4341 2253/4583/4342 2273/4584/4362 2272/4581/4361
f 2253/4583/4342 2254/4585/4343 2274/4586/4363 2273/4584/4362
f 2254/4585/4343 2255/4587/4344 2275/4588/4364 2274/4586/4363
f 2255/4422/4344 2256/4411/4345 2276/4421/4365 2275/4429/4364
f 2256/4411/4345 2257/4401/4346 2277/4410/4366 2276/4421/4365
f 2257/4401/4346 2258/4400/4347 2278/4409/4367 2277/4410/4366
f 2258/4400/4347 2239/4408/4329 2259/4418/4349 2278/4409/4367
f 2259/4418/4349 2260/4424/4348 2280/4431/4368 2279/4425/4369
f 2260/4595/4348 2261/4589/4350 2281/4592/4370 2280/4596/4368
f 2261/4589/4350 2262/4590/4351 2282/4591/4371 2281/4592/4370
f 2262/4590/4351 2263/4593/4352 2283/4594/4372 2282/4591/4371
f 2263/4593/4352 2264/4597/4353 2284/4598/4373 2283/4594/4372
f 2264/4597/4353 2265/4601/4354 2285/4602/4374 2284/4598/4373
f 2265/4601/4354 2266/4605/4355 2286/4606/4375 2285/4602/4374
f 2266/4371/4355 2267/4360/4356 2287/4370/4376 2286/4378/4375
f 2267/4360/4356 2268/4359/4357 2288/4369/4377 2287/4370/4376
f 2268/4359/4357 2269/4368/4358 2289/4375/4378 2288/4369/4377
f 2269/4368/4358 2270/4374/4359 2290/4381/4379 2289/4375/4378
f 2270/4374/4359 2271/4380/4360 2291/4386/4380 2290/4381/4379
f 2271/4508/4360 2272/4509/4361 2292/4510/4381 2291/4511/4380
f 2272/4509/4361 2273/4512/4362 2293/4513/4382 2292/4510/4381
f 2273/4512/4362 2274/4514/4363 2294/4515/4383 2293/4513/4382
f 2274/4514/4363 2275/4516/4364 2295/4517/4384 2294/4515/4383
f 2275/4429/4364 2276/4421/4365 2296/4428/4385 2295/4436/4384
f 2276/4421/4365 2277/4410/4366 2297/4420/4386 2296/4428/4385
f 2277/4410/4366 2278/4409/4367 2298/4419/4387 2297/4420/4386
f 2278/4409/4367 2259/4418/4349 2279/4425/4369 2298/4419/4387
f 2279/4425/4369 2280/4431/4368 2300/4437/4388 2299/4432/4389
f 2280/4596/4368 2281/4592/4370 2301/4599/4390 2300/4600/4388
f 2285/4602/4374 2286/4606/4375 2303/4611/4391 2302/4612/4392
f 2286/4378/4375 2287/4370/4376 2304/4377/4393 2303/4385/4391
f 2287/4370/4376 2288/4369/4377 2305/4376/4394 2304/4377/4393
f 2288/4369/4377 2289/4375/4378 2306/4382/4395 2305/4376/4394
f 2289/4375/4378 2290/4381/4379 2307/4387/4396 2306/4382/4395
f 2290/4381/4379 2291/4386/4380 2308/4389/4397 2307/4387/4396
f 2291/4625/4380 2292/4626/4381 2309/4627/4398 2308/4628/4397
s 2
f 2349/4629/4399 2350/4630/4400 2351/4631/4401 2352/4632/4402
f 2350/4630/4400 2353/4633/4403 2354/4634/4404 2351/4631/4401
s 1
f 2294/4635/4383 2295/4636/4384 2311/4637/4405 2310/4638/4406
f 2295/4436/4384 2296/4428/4385 2312/4435/4407 2311/4441/4405
f 2296/4428/4385 2297/4420/4386 2313/4427/4408 2312/4435/4407
f 2297/4420/4386 2298/4419/4387 2314/4426/4409 2313/4427/4408
f 2298/4419/4387 2279/4425/4369 2299/4432/4389 2314/4426/4409
f 2299/4609/4389 2300/4600/4388 2316/4604/4410 2315/4610/4411
f 2300/4600/4388 2301/4599/4390 2317/4603/4412 2316/4604/4410
f 2302/4612/4392 2303/4611/4391 2319/4614/4413 2318/4615/4414
f 2303/4611/4391 2304/4618/4393 2320/4619/4415 2319/4614/4413
f 2304/4377/4393 2305/4376/4394 2321/4383/4416 2320/4384/4415
f 2305/4376/4394 2306/4382/4395 2322/4388/4417 2321/4383/4416
f 2306/4518/4395 2307/4519/4396 2323/4520/4418 2322/4521/4417
f 2307/4519/4396 2308/4522/4397 2324/4523/4419 2323/4520/4418
f 2308/4522/4397 2309/4526/4398 2325/4527/4420 2324/4523/4419
s 2
f 2352/4530/4402 2351/4531/4401 2355/4532/4421 2356/4533/4422
f 2351/4531/4401 2354/4534/4404 2357/4535/4423 2355/4532/4421
s 1
f 2310/4539/4406 2311/4540/4405 2327/4541/4424 2326/4542/4425
f 2311/4540/4405 2312/4543/4407 2328/4544/4426 2327/4541/4424
f 2312/4543/4407 2313/4547/4408 2329/4548/4427 2328/4544/4426
f 2313/4427/4408 2314/4426/4409 2330/4433/4428 2329/4434/4427
f 2314/4426/4409 2299/4432/4389 2315/4438/4411 2330/4433/4428
f 2315/4610/4411 2316/4604/4410 2332/4608/4429 2331/4613/4430
f 2316/4604/4410 2317/4603/4412 2333/4607/4431 2332/4608/4429
f 2318/4615/4414 2319/4614/4413 2335/4620/4432 2334/4621/4433
f 2319/4614/4413 2320/4619/4415 2336/4622/4434 2335/4620/4432
f 2320/4619/4415 2321/4623/4416 2337/4624/4435 2336/4622/4434
f 2321/4383/4416 2322/4388/4417 2338/4390/4436 2337/4391/4435
f 2322/4521/4417 2323/4520/4418 2339/4524/4437 2338/4525/4436
f 2323/4520/4418 2324/4523/4419 2340/4528/4438 2339/4524/4437
f 2324/4523/4419 2325/4527/4420 2341/4529/4439 2340/4528/4438
s 2
f 2356/4533/4422 2355/4532/4421 2358/4536/4440 2359/4537/4441
f 2355/4532/4421 2357/4535/4423 2360/4538/4442 2358/4536/4440
s 1
f 2326/4542/4425 2327/4541/4424 2344/4545/4443 2343/4546/4444
f 2327/4541/4424 2328/4544/4426 2345/4549/4445 2344/4545/4443
f 2328/4544/4426 2329/4548/4427 2346/4550/4446 2345/4549/4445
f 2329/4434/4427 2330/4433/4428 2347/4439/4447 2346/4440/4446
f 2330/4616/4428 2315/4610/4411 2331/4613/4430 2347/4617/4447
f 2180/4458/4269 2179/4465/4268 2348/4462/4448
f 2181/4459/4272 2180/4458/4269 2348/4462/4448
f 2182/4463/4274 2181/4459/4272 2348/4462/4448
f 2183/4466/4276 2182/4463/4274 2348/4462/4448
f 2184/4471/4278 2183/4466/4276 2348/4462/4448
f 2185/4475/4280 2184/4471/4278 2348/4462/4448
f 2186/4481/4282 2185/4475/4280 2348/4462/4448
f 2187/4491/4284 2186/4481/4282 2348/4462/4448
f 2188/4494/4286 2187/4491/4284 2348/4462/4448
f 2189/4495/4288 2188/4494/4286 2348/4462/4448
f 2190/4496/4290 2189/4495/4288 2348/4462/4448
f 2191/4497/4292 2190/4496/4290 2348/4462/4448
f 2192/4555/4294 2191/4552/4292 2348/4557/4448
f 2193/4558/4296 2192/4555/4294 2348/4557/4448
f 2194/4562/4298 2193/4558/4296 2348/4557/4448
f 2195/4565/4300 2194/4562/4298 2348/4557/4448
f 2196/4480/4302 2195/4487/4300 2348/4462/4448
f 2197/4474/4304 2196/4480/4302 2348/4462/4448
f 2198/4470/4306 2197/4474/4304 2348/4462/4448
f 2179/4465/4268 2198/4470/4306 2348/4462/4448
s off
f 2292/4639/4449 2293/4640/4450 2350/4641/4451 2349/4642/4452
f 2309/4442/4453 2292/4443/4454 2349/4444/4455 2352/4445/4456
f 2293/4640/4457 2294/4643/4458 2353/4644/4459 2350/4641/4460
f 2294/4450/4461 2310/4451/4462 2354/4452/4463 2353/4453/4464
f 2325/4446/4465 2309/4442/4466 2352/4445/4467 2356/4447/4468
f 2310/4451/4469 2326/4454/4470 2357/4455/4471 2354/4452/4472
f 2342/4645/4473 2341/4646/4474 2359/4647/4475 2358/4648/4476
f 2341/4448/4477 2325/4446/4478 2356/4447/4479 2359/4449/4480
f 2326/4454/4481 2343/4456/4482 2360/4457/4483 2357/4455/4484
f 2343/4649/4485 2342/4645/4486 2358/4648/4487 2360/4650/4488
